序号,实体名,中文名,工业用途分类,软件模块分类,EXPRESS schema,说明链接
1,abs_function,绝对值函数,表达式 / 数学 / 矩阵,其他 / 通用基础,,https://www.steptools.com/stds/smrl/data/resource_docs/logical_model_of_expressions/ISO_13584-20_1998(E)-Character_PDF_document.pdf
2,absorbed_dose_measure_with_unit,带单位的吸收剂量,电力 / 物理量 / 计量单位,检测 / PMI（inspection & tolerance）,measure_schema,https://www.steptools.com/stds/smrl/data/resource_docs/fundamentals_of_product_description_and_support/sys/19_schema.htm#measure_schema.absorbed_dose_measure_with_unit
3,absorbed_dose_unit,吸收剂量单位,电力 / 物理量 / 计量单位,其他 / 通用基础,measure_schema,https://www.steptools.com/stds/smrl/data/resource_docs/fundamentals_of_product_description_and_support/sys/19_schema.htm#measure_schema.absorbed_dose_unit
4,abstracted_expression_function,抽象表达式函数,表达式 / 数学 / 矩阵,其他 / 通用基础,,https://www.steptools.com/stds/smrl/data/resource_docs/mathematical_constructs/ISO_10303-50_2002(E)-Character_PDF_document.pdf
5,acceleration_measure_with_unit,带单位的加速度,电力 / 物理量 / 计量单位,检测 / PMI（inspection & tolerance）,measure_schema,https://www.steptools.com/stds/smrl/data/resource_docs/fundamentals_of_product_description_and_support/sys/19_schema.htm#measure_schema.acceleration_measure_with_unit
6,acceleration_unit,加速度单位,电力 / 物理量 / 计量单位,其他 / 通用基础,measure_schema,https://www.steptools.com/stds/smrl/data/resource_docs/fundamentals_of_product_description_and_support/sys/19_schema.htm#measure_schema.acceleration_unit
7,acos_function,反余弦函数,表达式 / 数学 / 矩阵,其他 / 通用基础,,https://www.steptools.com/stds/smrl/data/resource_docs/logical_model_of_expressions/ISO_13584-20_1998(E)-Character_PDF_document.pdf
8,action,动作,产品 / 配置 / 数据管理（PDM）,数据管理 / 配置（PDM & configuration）,action_schema,https://www.steptools.com/stds/smrl/data/resource_docs/fundamentals_of_product_description_and_support/sys/4_schema.htm#action_schema.action
9,action_assignment,动作赋值,产品 / 配置 / 数据管理（PDM）,数据管理 / 配置（PDM & configuration）,management_resources_schema,https://www.steptools.com/stds/smrl/data/resource_docs/fundamentals_of_product_description_and_support/sys/18_schema.htm#management_resources_schema.action_assignment
10,action_directive,动作指令,产品 / 配置 / 数据管理（PDM）,数据管理 / 配置（PDM & configuration）,action_schema,https://www.steptools.com/stds/smrl/data/resource_docs/fundamentals_of_product_description_and_support/sys/4_schema.htm#action_schema.action_directive
11,action_method,动作方法,产品 / 配置 / 数据管理（PDM）,数据管理 / 配置（PDM & configuration）,action_schema,https://www.steptools.com/stds/smrl/data/resource_docs/fundamentals_of_product_description_and_support/sys/4_schema.htm#action_schema.action_method
12,action_method_assignment,动作方法赋值,产品 / 配置 / 数据管理（PDM）,数据管理 / 配置（PDM & configuration）,management_resources_schema,https://www.steptools.com/stds/smrl/data/resource_docs/fundamentals_of_product_description_and_support/sys/18_schema.htm#management_resources_schema.action_method_assignment
13,action_method_relationship,动作方法关系,产品 / 配置 / 数据管理（PDM）,数据管理 / 配置（PDM & configuration）,action_schema,https://www.steptools.com/stds/smrl/data/resource_docs/fundamentals_of_product_description_and_support/sys/4_schema.htm#action_schema.action_method_relationship
14,action_method_role,动作方法角色,产品 / 配置 / 数据管理（PDM）,数据管理 / 配置（PDM & configuration）,management_resources_schema,https://www.steptools.com/stds/smrl/data/resource_docs/fundamentals_of_product_description_and_support/sys/18_schema.htm#management_resources_schema.action_method_role
15,action_method_with_associated_documents,带关联文档的动作方法,产品 / 配置 / 数据管理（PDM）,数据管理 / 配置（PDM & configuration）,,https://www.steptools.com/stds/smrl/data/resource_docs/process_structure_and_properties/ISO_10303-49_1998.pdf
16,action_property,动作属性,产品 / 配置 / 数据管理（PDM）,数据管理 / 配置（PDM & configuration） / 属性 / 特征化（property & characterization）,,https://www.steptools.com/stds/smrl/data/resource_docs/process_structure_and_properties/ISO_10303-49_1998.pdf
17,action_property_representation,动作属性表示,渲染 / 外观 / 可视化 / 产品 / 配置 / 数据管理（PDM）,渲染 / 可视化（rendering & visualization） / 数据管理 / 配置（PDM & configuration） / 元模型 / 表示框架（representation framework） / 属性 / 特征化（property & characterization）,,https://www.steptools.com/stds/smrl/data/resource_docs/process_structure_and_properties/ISO_10303-49_1998.pdf
18,action_relationship,动作关系,产品 / 配置 / 数据管理（PDM）,数据管理 / 配置（PDM & configuration）,action_schema,https://www.steptools.com/stds/smrl/data/resource_docs/fundamentals_of_product_description_and_support/sys/4_schema.htm#action_schema.action_relationship
19,action_request_assignment,动作请求赋值,产品 / 配置 / 数据管理（PDM）,数据管理 / 配置（PDM & configuration）,management_resources_schema,https://www.steptools.com/stds/smrl/data/resource_docs/fundamentals_of_product_description_and_support/sys/18_schema.htm#management_resources_schema.action_request_assignment
20,action_request_solution,动作请求解,产品 / 配置 / 数据管理（PDM）,数据管理 / 配置（PDM & configuration）,action_schema,https://www.steptools.com/stds/smrl/data/resource_docs/fundamentals_of_product_description_and_support/sys/4_schema.htm#action_schema.action_request_solution
21,action_request_status,动作请求状态,产品 / 配置 / 数据管理（PDM）,数据管理 / 配置（PDM & configuration）,action_schema,https://www.steptools.com/stds/smrl/data/resource_docs/fundamentals_of_product_description_and_support/sys/4_schema.htm#action_schema.action_request_status
22,action_resource,动作资源,NC / 数控加工（CAM） / 产品 / 配置 / 数据管理（PDM）,制造 / 工艺规划（CAM & process planning） / 数据管理 / 配置（PDM & configuration）,action_schema,https://www.steptools.com/stds/smrl/data/resource_docs/fundamentals_of_product_description_and_support/sys/4_schema.htm#action_schema.action_resource
23,action_resource_relationship,动作资源关系,NC / 数控加工（CAM） / 产品 / 配置 / 数据管理（PDM）,制造 / 工艺规划（CAM & process planning） / 数据管理 / 配置（PDM & configuration）,action_schema,https://www.steptools.com/stds/smrl/data/resource_docs/fundamentals_of_product_description_and_support/sys/4_schema.htm#action_schema.action_resource_relationship
24,action_resource_requirement,动作资源要求,NC / 数控加工（CAM） / 产品 / 配置 / 数据管理（PDM）,制造 / 工艺规划（CAM & process planning） / 数据管理 / 配置（PDM & configuration）,,https://www.steptools.com/stds/smrl/data/resource_docs/process_structure_and_properties/ISO_10303-49_1998.pdf
25,action_resource_type,动作资源类型,NC / 数控加工（CAM） / 产品 / 配置 / 数据管理（PDM）,制造 / 工艺规划（CAM & process planning） / 数据管理 / 配置（PDM & configuration）,action_schema,https://www.steptools.com/stds/smrl/data/resource_docs/fundamentals_of_product_description_and_support/sys/4_schema.htm#action_schema.action_resource_type
26,action_status,动作状态,产品 / 配置 / 数据管理（PDM）,数据管理 / 配置（PDM & configuration）,action_schema,https://www.steptools.com/stds/smrl/data/resource_docs/fundamentals_of_product_description_and_support/sys/4_schema.htm#action_schema.action_status
27,actuated_kinematic_pair,受驱动运动学副,机械 / 运动学 / 传动,运动学 / 仿真（kinematics & simulation）,kinematic_structure_schema,https://www.steptools.com/stds/smrl/data/resource_docs/kinematics/sys/6_schema.htm#kinematic_structure_schema.actuated_kinematic_pair
28,additive_manufacturing_atom,增材制造原子,增材制造（AM）,制造 / 工艺规划（CAM & process planning）,aim-additive_manufacturing_atom,https://stepmfg.github.io/ap238/data/clause5.htm#aim-additive_manufacturing_atom
29,additive_manufacturing_build_plate_relationship,增材制造构建板关系,增材制造（AM）,制造 / 工艺规划（CAM & process planning）,additive_manufacturing_part_and_build_information_mim,https://www.steptools.com/stds/smrl/data/modules/additive_manufacturing_part_and_build_information/sys/5_mim.htm#additive_manufacturing_part_and_build_information_mim.additive_manufacturing_build_plate_relationship
30,additive_manufacturing_construction,增材制造构造,增材制造（AM）,制造 / 工艺规划（CAM & process planning）,aim-additive_manufacturing_construction,https://stepmfg.github.io/ap238/data/clause5.htm#aim-additive_manufacturing_construction
31,additive_manufacturing_feature,增材制造特征,增材制造（AM） / 特征 / 加工特征,制造 / 工艺规划（CAM & process planning）,aim-additive_manufacturing_feature,https://stepmfg.github.io/ap238/data/clause5.htm#aim-additive_manufacturing_feature
32,additive_manufacturing_setup,增材制造设置,增材制造（AM）,制造 / 工艺规划（CAM & process planning）,additive_manufacturing_part_and_build_information_mim,https://www.steptools.com/stds/smrl/data/modules/additive_manufacturing_part_and_build_information/sys/5_mim.htm#additive_manufacturing_part_and_build_information_mim.additive_manufacturing_setup
33,additive_manufacturing_setup_relationship,增材制造设置关系,增材制造（AM）,制造 / 工艺规划（CAM & process planning）,additive_manufacturing_part_and_build_information_mim,https://www.steptools.com/stds/smrl/data/modules/additive_manufacturing_part_and_build_information/sys/5_mim.htm#additive_manufacturing_part_and_build_information_mim.additive_manufacturing_setup_relationship
34,additive_manufacturing_setup_workpiece_relationship,增材制造设置工件关系,NC / 数控加工（CAM） / 增材制造（AM）,制造 / 工艺规划（CAM & process planning）,additive_manufacturing_part_and_build_information_mim,https://www.steptools.com/stds/smrl/data/modules/additive_manufacturing_part_and_build_information/sys/5_mim.htm#additive_manufacturing_part_and_build_information_mim.additive_manufacturing_setup_workpiece_relationship
35,additive_manufacturing_support_structure_geometry_relationship,增材制造支持结构几何关系,增材制造（AM）,装配 / 结构（assembly & structure） / 制造 / 工艺规划（CAM & process planning）,additive_manufacturing_part_and_build_information_mim,https://www.steptools.com/stds/smrl/data/modules/additive_manufacturing_part_and_build_information/sys/5_mim.htm#additive_manufacturing_part_and_build_information_mim.additive_manufacturing_support_structure_geometry_relationship
36,additive_type_operation,增材类型操作,NC / 数控加工（CAM） / 增材制造（AM）,制造 / 工艺规划（CAM & process planning）,aim-additive_type_operation,https://stepmfg.github.io/ap238/data/clause5.htm#aim-additive_type_operation
37,address,地址,产品 / 配置 / 数据管理（PDM）,2D 绘图 / 草图（2D drafting & sketch） / 数据管理 / 配置（PDM & configuration）,person_organization_schema,https://www.steptools.com/stds/smrl/data/resource_docs/fundamentals_of_product_description_and_support/sys/20_schema.htm#person_organization_schema.address
38,advanced_brep_shape_representation,高级边界表示形状表示,渲染 / 外观 / 可视化 / 几何 / 拓扑 / 实体造型,3D 建模 / 实体造型（3D modeling & solid） / 渲染 / 可视化（rendering & visualization） / 元模型 / 表示框架（representation framework）,,https://www.steptools.com/stds/smrl/data/resource_docs/advanced_boundary_representation/ISO_10303-514_1999(E)-Character_PDF_document.pdf
39,advanced_face,高级面,几何 / 拓扑 / 实体造型,3D 建模 / 实体造型（3D modeling & solid）,,https://www.steptools.com/stds/smrl/data/resource_docs/topologically_bounded_surface/ISO_10303-511_2001(E)-Character_PDF_document.pdf
40,aggregate_id_attribute,聚合标识属性,产品 / 配置 / 数据管理（PDM）,2D 绘图 / 草图（2D drafting & sketch） / 数据管理 / 配置（PDM & configuration）,basic_attribute_schema,https://www.steptools.com/stds/smrl/data/resource_docs/fundamentals_of_product_description_and_support/sys/7_schema.htm#basic_attribute_schema.aggregate_id_attribute
41,all_around_shape_aspect,全周形状要素,特征 / 加工特征,其他 / 通用基础,shape_aspect_definition_schema,https://www.steptools.com/stds/smrl/data/resource_docs/shape_variation_tolerances/sys/4_schema.htm#shape_aspect_definition_schema.all_around_shape_aspect
42,alternate_product_relationship,交替产品关系,产品 / 配置 / 数据管理（PDM）,装配 / 结构（assembly & structure） / 数据管理 / 配置（PDM & configuration）,product_structure_schema,https://www.steptools.com/stds/smrl/data/resource_docs/product_structure_configuration/sys/4_schema.htm#product_structure_schema.alternate_product_relationship
43,amount_of_substance_measure_with_unit,物质的量（带单位）,电力 / 物理量 / 计量单位,检测 / PMI（inspection & tolerance）,measure_schema,https://www.steptools.com/stds/smrl/data/resource_docs/fundamentals_of_product_description_and_support/sys/19_schema.htm#measure_schema.amount_of_substance_measure_with_unit
44,amount_of_substance_unit,物质的量单位,电力 / 物理量 / 计量单位,其他 / 通用基础,measure_schema,https://www.steptools.com/stds/smrl/data/resource_docs/fundamentals_of_product_description_and_support/sys/19_schema.htm#measure_schema.amount_of_substance_unit
45,and_expression,与表达式,表达式 / 数学 / 矩阵,其他 / 通用基础,,https://www.steptools.com/stds/smrl/data/resource_docs/logical_model_of_expressions/ISO_13584-20_1998(E)-Character_PDF_document.pdf
46,angular_dimension,角度尺寸,公差 / 尺寸 / 基准（PMI） / 制图 / 标注 / 工程图,2D 绘图 / 草图（2D drafting & sketch） / 制图 / 工程图（drawing & annotation） / 检测 / PMI（inspection & tolerance）,aic_draughting_elements,https://www.steptools.com/stds/smrl/data/resource_docs/draughting_elements/sys/4_schema.htm#aic_draughting_elements.angular_dimension
47,angular_location,角度位置,公差 / 尺寸 / 基准（PMI）,检测 / PMI（inspection & tolerance） / 2D 绘图 / 草图（2D drafting & sketch） / 制图 / 工程图（drawing & annotation）,shape_dimension_schema,https://www.steptools.com/stds/smrl/data/resource_docs/shape_variation_tolerances/sys/5_schema.htm#shape_dimension_schema.angular_location
48,angular_size,角度尺寸,公差 / 尺寸 / 基准（PMI）,检测 / PMI（inspection & tolerance） / 2D 绘图 / 草图（2D drafting & sketch） / 制图 / 工程图（drawing & annotation）,shape_dimension_schema,https://www.steptools.com/stds/smrl/data/resource_docs/shape_variation_tolerances/sys/5_schema.htm#shape_dimension_schema.angular_size
49,angularity_tolerance,倾斜度公差,公差 / 尺寸 / 基准（PMI）,检测 / PMI（inspection & tolerance）,shape_tolerance_schema,https://www.steptools.com/stds/smrl/data/resource_docs/shape_variation_tolerances/sys/6_schema.htm#shape_tolerance_schema.angularity_tolerance
50,annotation_curve_occurrence,标注曲线实例,几何 / 拓扑 / 实体造型 / 制图 / 标注 / 工程图 / 产品 / 配置 / 数据管理（PDM）,2D 绘图 / 草图（2D drafting & sketch） / 3D 建模 / 实体造型（3D modeling & solid） / 制图 / 工程图（drawing & annotation） / 装配 / 结构（assembly & structure） / 数据管理 / 配置（PDM & configuration）,presentation_definition_schema,https://www.steptools.com/stds/smrl/data/resource_docs/visual_presentation/sys/5_schema.htm#presentation_definition_schema.annotation_curve_occurrence
51,annotation_fill_area,标注填充区域,渲染 / 外观 / 可视化 / 制图 / 标注 / 工程图,2D 绘图 / 草图（2D drafting & sketch） / 制图 / 工程图（drawing & annotation） / 渲染 / 可视化（rendering & visualization）,presentation_definition_schema,https://www.steptools.com/stds/smrl/data/resource_docs/visual_presentation/sys/5_schema.htm#presentation_definition_schema.annotation_fill_area
52,annotation_fill_area_occurrence,标注填充面积实例,渲染 / 外观 / 可视化 / 制图 / 标注 / 工程图 / 产品 / 配置 / 数据管理（PDM）,2D 绘图 / 草图（2D drafting & sketch） / 制图 / 工程图（drawing & annotation） / 渲染 / 可视化（rendering & visualization） / 装配 / 结构（assembly & structure） / 数据管理 / 配置（PDM & configuration）,presentation_definition_schema,https://www.steptools.com/stds/smrl/data/resource_docs/visual_presentation/sys/5_schema.htm#presentation_definition_schema.annotation_fill_area_occurrence
53,annotation_occurrence,标注实例,制图 / 标注 / 工程图 / 产品 / 配置 / 数据管理（PDM）,2D 绘图 / 草图（2D drafting & sketch） / 制图 / 工程图（drawing & annotation） / 装配 / 结构（assembly & structure） / 数据管理 / 配置（PDM & configuration）,presentation_definition_schema,https://www.steptools.com/stds/smrl/data/resource_docs/visual_presentation/sys/5_schema.htm#presentation_definition_schema.annotation_occurrence
54,annotation_occurrence_associativity,标注实例关联,制图 / 标注 / 工程图 / 产品 / 配置 / 数据管理（PDM）,2D 绘图 / 草图（2D drafting & sketch） / 制图 / 工程图（drawing & annotation） / 装配 / 结构（assembly & structure） / 数据管理 / 配置（PDM & configuration）,aic_associative_draughting_elements,https://www.steptools.com/stds/smrl/data/resource_docs/associative_draughting_elements/sys/4_schema.htm#aic_associative_draughting_elements.annotation_occurrence_associativity
55,annotation_occurrence_relationship,标注实例关系,制图 / 标注 / 工程图 / 产品 / 配置 / 数据管理（PDM）,2D 绘图 / 草图（2D drafting & sketch） / 制图 / 工程图（drawing & annotation） / 装配 / 结构（assembly & structure） / 数据管理 / 配置（PDM & configuration）,presentation_definition_schema,https://www.steptools.com/stds/smrl/data/resource_docs/visual_presentation/sys/5_schema.htm#presentation_definition_schema.annotation_occurrence_relationship
56,annotation_placeholder_leader_line,标注占位符指引线线,制图 / 标注 / 工程图,2D 绘图 / 草图（2D drafting & sketch） / 制图 / 工程图（drawing & annotation） / 外部引用 / 代理机制（external reference & proxy）,draughting_element_schema,https://www.steptools.com/stds/smrl/data/resource_docs/draughting/sys/5_schema.htm#draughting_element_schema.annotation_placeholder_leader_line
57,annotation_placeholder_occurrence,标注占位符实例,制图 / 标注 / 工程图 / 产品 / 配置 / 数据管理（PDM）,2D 绘图 / 草图（2D drafting & sketch） / 制图 / 工程图（drawing & annotation） / 装配 / 结构（assembly & structure） / 数据管理 / 配置（PDM & configuration） / 外部引用 / 代理机制（external reference & proxy）,mechanical_design_schema,https://www.steptools.com/stds/smrl/data/resource_docs/mechanical_features/sys/6_schema.htm#mechanical_design_schema.annotation_placeholder_occurrence
58,annotation_placeholder_occurrence_with_leader_line,带指引线线的标注占位符实例,制图 / 标注 / 工程图 / 产品 / 配置 / 数据管理（PDM）,2D 绘图 / 草图（2D drafting & sketch） / 制图 / 工程图（drawing & annotation） / 装配 / 结构（assembly & structure） / 数据管理 / 配置（PDM & configuration） / 外部引用 / 代理机制（external reference & proxy）,draughting_element_schema,https://www.steptools.com/stds/smrl/data/resource_docs/draughting/sys/5_schema.htm#draughting_element_schema.annotation_placeholder_occurrence_with_leader_line
59,annotation_plane,标注平面,制图 / 标注 / 工程图,2D 绘图 / 草图（2D drafting & sketch） / 制图 / 工程图（drawing & annotation）,draughting_element_schema,https://www.steptools.com/stds/smrl/data/resource_docs/draughting/sys/5_schema.htm#draughting_element_schema.annotation_plane
60,annotation_point_occurrence,标注点实例,制图 / 标注 / 工程图 / 产品 / 配置 / 数据管理（PDM）,2D 绘图 / 草图（2D drafting & sketch） / 制图 / 工程图（drawing & annotation） / 装配 / 结构（assembly & structure） / 数据管理 / 配置（PDM & configuration）,presentation_definition_schema,https://www.steptools.com/stds/smrl/data/resource_docs/visual_presentation/sys/5_schema.htm#presentation_definition_schema.annotation_point_occurrence
61,annotation_subfigure_occurrence,标注子图实例,制图 / 标注 / 工程图 / 产品 / 配置 / 数据管理（PDM）,2D 绘图 / 草图（2D drafting & sketch） / 制图 / 工程图（drawing & annotation） / 装配 / 结构（assembly & structure） / 数据管理 / 配置（PDM & configuration）,aic_draughting_annotation,https://www.steptools.com/stds/smrl/data/resource_docs/draughting_annotation/sys/4_schema.htm#aic_draughting_annotation.annotation_subfigure_occurrence
62,annotation_symbol,标注符号,制图 / 标注 / 工程图,2D 绘图 / 草图（2D drafting & sketch） / 制图 / 工程图（drawing & annotation）,presentation_definition_schema,https://www.steptools.com/stds/smrl/data/resource_docs/visual_presentation/sys/5_schema.htm#presentation_definition_schema.annotation_symbol
63,annotation_symbol_occurrence,标注符号实例,制图 / 标注 / 工程图 / 产品 / 配置 / 数据管理（PDM）,2D 绘图 / 草图（2D drafting & sketch） / 制图 / 工程图（drawing & annotation） / 装配 / 结构（assembly & structure） / 数据管理 / 配置（PDM & configuration）,presentation_definition_schema,https://www.steptools.com/stds/smrl/data/resource_docs/visual_presentation/sys/5_schema.htm#presentation_definition_schema.annotation_symbol_occurrence
64,annotation_text,标注文本,制图 / 标注 / 工程图,2D 绘图 / 草图（2D drafting & sketch） / 制图 / 工程图（drawing & annotation）,presentation_definition_schema,https://www.steptools.com/stds/smrl/data/resource_docs/visual_presentation/sys/5_schema.htm#presentation_definition_schema.annotation_text
65,annotation_text_occurrence,标注文本实例,制图 / 标注 / 工程图 / 产品 / 配置 / 数据管理（PDM）,2D 绘图 / 草图（2D drafting & sketch） / 制图 / 工程图（drawing & annotation） / 装配 / 结构（assembly & structure） / 数据管理 / 配置（PDM & configuration）,presentation_definition_schema,https://www.steptools.com/stds/smrl/data/resource_docs/visual_presentation/sys/5_schema.htm#presentation_definition_schema.annotation_text_occurrence
66,annotation_to_annotation_leader_line,标注到标注的指引线,制图 / 标注 / 工程图,2D 绘图 / 草图（2D drafting & sketch） / 制图 / 工程图（drawing & annotation）,draughting_element_schema,https://www.steptools.com/stds/smrl/data/resource_docs/draughting/sys/5_schema.htm#draughting_element_schema.annotation_to_annotation_leader_line
67,annotation_to_model_leader_line,标注到模型的指引线,制图 / 标注 / 工程图,2D 绘图 / 草图（2D drafting & sketch） / 制图 / 工程图（drawing & annotation）,draughting_element_schema,https://www.steptools.com/stds/smrl/data/resource_docs/draughting/sys/5_schema.htm#draughting_element_schema.annotation_to_model_leader_line
68,apex,顶点,特征 / 加工特征,其他 / 通用基础,shape_aspect_definition_schema,https://www.steptools.com/stds/smrl/data/resource_docs/shape_variation_tolerances/sys/4_schema.htm#shape_aspect_definition_schema.apex
69,apll_point,APLL点,制图 / 标注 / 工程图,2D 绘图 / 草图（2D drafting & sketch） / 制图 / 工程图（drawing & annotation）,draughting_element_schema,https://www.steptools.com/stds/smrl/data/resource_docs/draughting/sys/5_schema.htm#draughting_element_schema.apll_point
70,apll_point_with_surface,带曲面的APLL点,几何 / 拓扑 / 实体造型 / 制图 / 标注 / 工程图,2D 绘图 / 草图（2D drafting & sketch） / 3D 建模 / 实体造型（3D modeling & solid） / 制图 / 工程图（drawing & annotation）,draughting_element_schema,https://www.steptools.com/stds/smrl/data/resource_docs/draughting/sys/5_schema.htm#draughting_element_schema.apll_point_with_surface
71,application_context,应用上下文,几何 / 拓扑 / 实体造型,元模型 / 表示框架（representation framework） / 2D 绘图 / 草图（2D drafting & sketch） / 3D 建模 / 实体造型（3D modeling & solid） / 数据管理 / 配置（PDM & configuration）,aim-application_context,https://stepmfg.github.io/ap238/data/clause5.htm#aim-application_context
72,application_context_element,应用上下文元素,几何 / 拓扑 / 实体造型,2D 绘图 / 草图（2D drafting & sketch） / 3D 建模 / 实体造型（3D modeling & solid） / 数据管理 / 配置（PDM & configuration）,application_context_schema,https://www.steptools.com/stds/smrl/data/resource_docs/fundamentals_of_product_description_and_support/sys/5_schema.htm#application_context_schema.application_context_element
73,application_defined_function,应用定义函数,表达式 / 数学 / 矩阵,其他 / 通用基础,,https://www.steptools.com/stds/smrl/data/resource_docs/mathematical_constructs/ISO_10303-50_2002(E)-Character_PDF_document.pdf
74,application_protocol_definition,应用协议定义,几何 / 拓扑 / 实体造型,2D 绘图 / 草图（2D drafting & sketch） / 3D 建模 / 实体造型（3D modeling & solid） / 数据管理 / 配置（PDM & configuration）,aim-application_protocol_definition,https://stepmfg.github.io/ap238/data/clause5.htm#aim-application_protocol_definition
75,applied_action_assignment,应用动作赋值,产品 / 配置 / 数据管理（PDM）,数据管理 / 配置（PDM & configuration）,activity_mim,https://www.steptools.com/stds/smrl/data/modules/activity/sys/5_mim.htm#activity_mim.applied_action_assignment
76,applied_action_method_assignment,应用动作方法赋值,产品 / 配置 / 数据管理（PDM）,数据管理 / 配置（PDM & configuration）,activity_method_assignment_mim,https://www.steptools.com/stds/smrl/data/modules/activity_method_assignment/sys/5_mim.htm#activity_method_assignment_mim.applied_action_method_assignment
77,applied_action_request_assignment,应用动作请求赋值,产品 / 配置 / 数据管理（PDM）,数据管理 / 配置（PDM & configuration）,work_request_mim,https://www.steptools.com/stds/smrl/data/modules/work_request/sys/5_mim.htm#work_request_mim.applied_action_request_assignment
78,applied_approval_assignment,应用批准赋值,产品 / 配置 / 数据管理（PDM）,数据管理 / 配置（PDM & configuration）,approval_mim,https://www.steptools.com/stds/smrl/data/modules/approval/sys/5_mim.htm#approval_mim.applied_approval_assignment
79,applied_area,应用面积,产品 / 配置 / 数据管理（PDM） / 特征 / 加工特征,数据管理 / 配置（PDM & configuration）,machining_feature_schema,https://www.steptools.com/stds/smrl/data/resource_docs/mechanical_features/sys/5_schema.htm#machining_feature_schema.applied_area
80,applied_attribute_classification_assignment,应用属性分类赋值,产品 / 配置 / 数据管理（PDM）,数据管理 / 配置（PDM & configuration）,attribute_classification_mim,https://www.steptools.com/stds/smrl/data/modules/attribute_classification/sys/5_mim.htm#attribute_classification_mim.applied_attribute_classification_assignment
81,applied_certification_assignment,应用认证赋值,产品 / 配置 / 数据管理（PDM）,数据管理 / 配置（PDM & configuration）,certification_mim,https://www.steptools.com/stds/smrl/data/modules/certification/sys/5_mim.htm#certification_mim.applied_certification_assignment
82,applied_classification_assignment,应用分类赋值,产品 / 配置 / 数据管理（PDM）,数据管理 / 配置（PDM & configuration）,classification_assignment_mim,https://www.steptools.com/stds/smrl/data/modules/classification_assignment/sys/5_mim.htm#classification_assignment_mim.applied_classification_assignment
83,applied_classification_assignment_relationship,应用分类赋值关系,产品 / 配置 / 数据管理（PDM）,数据管理 / 配置（PDM & configuration）,classification_assignment_mim,https://www.steptools.com/stds/smrl/data/modules/classification_assignment/sys/5_mim.htm#classification_assignment_mim.applied_classification_assignment_relationship
84,applied_contract_assignment,应用合同赋值,产品 / 配置 / 数据管理（PDM）,数据管理 / 配置（PDM & configuration）,contract_mim,https://www.steptools.com/stds/smrl/data/modules/contract/sys/5_mim.htm#contract_mim.applied_contract_assignment
85,applied_date_and_time_assignment,应用日期与时间赋值,产品 / 配置 / 数据管理（PDM）,数据管理 / 配置（PDM & configuration）,date_time_assignment_mim,https://www.steptools.com/stds/smrl/data/modules/date_time_assignment/sys/5_mim.htm#date_time_assignment_mim.applied_date_and_time_assignment
86,applied_date_assignment,应用日期赋值,产品 / 配置 / 数据管理（PDM）,数据管理 / 配置（PDM & configuration）,date_time_assignment_mim,https://www.steptools.com/stds/smrl/data/modules/date_time_assignment/sys/5_mim.htm#date_time_assignment_mim.applied_date_assignment
87,applied_directed_action_assignment,应用有向动作赋值,产品 / 配置 / 数据管理（PDM）,数据管理 / 配置（PDM & configuration）,work_order_mim,https://www.steptools.com/stds/smrl/data/modules/work_order/sys/5_mim.htm#work_order_mim.applied_directed_action_assignment
88,applied_document_reference,应用文档引用,产品 / 配置 / 数据管理（PDM）,数据管理 / 配置（PDM & configuration） / 外部引用 / 代理机制（external reference & proxy）,document_assignment_mim,https://www.steptools.com/stds/smrl/data/modules/document_assignment/sys/5_mim.htm#document_assignment_mim.applied_document_reference
89,applied_document_usage_constraint_assignment,应用文档用法约束赋值,产品 / 配置 / 数据管理（PDM）,数据管理 / 配置（PDM & configuration）,document_assignment_mim,https://www.steptools.com/stds/smrl/data/modules/document_assignment/sys/5_mim.htm#document_assignment_mim.applied_document_usage_constraint_assignment
90,applied_effectivity_assignment,应用有效性赋值,产品 / 配置 / 数据管理（PDM）,数据管理 / 配置（PDM & configuration） / 有效性 / 版本（effectivity & versioning）,effectivity_application_mim,https://www.steptools.com/stds/smrl/data/modules/effectivity_application/sys/5_mim.htm#effectivity_application_mim.applied_effectivity_assignment
91,applied_event_occurrence_assignment,应用事件实例赋值,产品 / 配置 / 数据管理（PDM）,装配 / 结构（assembly & structure） / 数据管理 / 配置（PDM & configuration）,event_assignment_mim,https://www.steptools.com/stds/smrl/data/modules/event_assignment/sys/5_mim.htm#event_assignment_mim.applied_event_occurrence_assignment
92,applied_external_identification_assignment,应用外部标识赋值,产品 / 配置 / 数据管理（PDM）,数据管理 / 配置（PDM & configuration） / 外部引用 / 代理机制（external reference & proxy）,external_item_identification_assignment_mim,https://www.steptools.com/stds/smrl/data/modules/external_item_identification_assignment/sys/5_mim.htm#external_item_identification_assignment_mim.applied_external_identification_assignment
93,applied_external_identification_assignment_relationship,应用外部标识赋值关系,产品 / 配置 / 数据管理（PDM）,数据管理 / 配置（PDM & configuration） / 外部引用 / 代理机制（external reference & proxy）,external_item_identification_assignment_mim,https://www.steptools.com/stds/smrl/data/modules/external_item_identification_assignment/sys/5_mim.htm#external_item_identification_assignment_mim.applied_external_identification_assignment_relationship
94,applied_group_assignment,应用组赋值,产品 / 配置 / 数据管理（PDM）,数据管理 / 配置（PDM & configuration）,group_mim,https://www.steptools.com/stds/smrl/data/modules/group/sys/5_mim.htm#group_mim.applied_group_assignment
95,applied_identification_assignment,应用标识赋值,产品 / 配置 / 数据管理（PDM）,数据管理 / 配置（PDM & configuration）,identification_assignment_mim,https://www.steptools.com/stds/smrl/data/modules/identification_assignment/sys/5_mim.htm#identification_assignment_mim.applied_identification_assignment
96,applied_ineffectivity_assignment,应用无效性赋值,产品 / 配置 / 数据管理（PDM）,数据管理 / 配置（PDM & configuration） / 有效性 / 版本（effectivity & versioning）,effectivity_application_mim,https://www.steptools.com/stds/smrl/data/modules/effectivity_application/sys/5_mim.htm#effectivity_application_mim.applied_ineffectivity_assignment
97,applied_name_assignment,应用名称赋值,产品 / 配置 / 数据管理（PDM）,数据管理 / 配置（PDM & configuration）,name_assignment_mim,https://www.steptools.com/stds/smrl/data/modules/name_assignment/sys/5_mim.htm#name_assignment_mim.applied_name_assignment
98,applied_organization_assignment,应用组织赋值,产品 / 配置 / 数据管理（PDM）,数据管理 / 配置（PDM & configuration）,person_organization_assignment_mim,https://www.steptools.com/stds/smrl/data/modules/person_organization_assignment/sys/5_mim.htm#person_organization_assignment_mim.applied_organization_assignment
99,applied_organizational_project_assignment,应用组织项目赋值,产品 / 配置 / 数据管理（PDM）,数据管理 / 配置（PDM & configuration）,project_mim,https://www.steptools.com/stds/smrl/data/modules/project/sys/5_mim.htm#project_mim.applied_organizational_project_assignment
100,applied_person_and_organization_assignment,应用人员与组织赋值,产品 / 配置 / 数据管理（PDM）,数据管理 / 配置（PDM & configuration）,person_organization_assignment_mim,https://www.steptools.com/stds/smrl/data/modules/person_organization_assignment/sys/5_mim.htm#person_organization_assignment_mim.applied_person_and_organization_assignment
101,applied_presented_item,应用被表示项,渲染 / 外观 / 可视化 / 产品 / 配置 / 数据管理（PDM）,渲染 / 可视化（rendering & visualization） / 数据管理 / 配置（PDM & configuration） / 元模型 / 表示框架（representation framework）,presentation_hierarchy_mim,https://www.steptools.com/stds/smrl/data/modules/presentation_hierarchy/sys/5_mim.htm#presentation_hierarchy_mim.applied_presented_item
102,applied_security_classification_assignment,应用安全分类赋值,产品 / 配置 / 数据管理（PDM）,数据管理 / 配置（PDM & configuration）,security_classification_mim,https://www.steptools.com/stds/smrl/data/modules/security_classification/sys/5_mim.htm#security_classification_mim.applied_security_classification_assignment
103,applied_time_interval_assignment,应用时间区间赋值,产品 / 配置 / 数据管理（PDM） / 表达式 / 数学 / 矩阵,数据管理 / 配置（PDM & configuration）,time_interval_assignment_mim,https://www.steptools.com/stds/smrl/data/modules/time_interval_assignment/sys/5_mim.htm#time_interval_assignment_mim.applied_time_interval_assignment
104,applied_usage_right,应用用法右,产品 / 配置 / 数据管理（PDM）,数据管理 / 配置（PDM & configuration）,information_rights_mim,https://www.steptools.com/stds/smrl/data/modules/information_rights/sys/5_mim.htm#information_rights_mim.applied_usage_right
105,approval,批准,产品 / 配置 / 数据管理（PDM）,数据管理 / 配置（PDM & configuration）,approval_schema,https://www.steptools.com/stds/smrl/data/resource_docs/fundamentals_of_product_description_and_support/sys/6_schema.htm#approval_schema.approval
106,approval_assignment,批准赋值,产品 / 配置 / 数据管理（PDM）,数据管理 / 配置（PDM & configuration）,management_resources_schema,https://www.steptools.com/stds/smrl/data/resource_docs/fundamentals_of_product_description_and_support/sys/18_schema.htm#management_resources_schema.approval_assignment
107,approval_date_time,批准日期时间,产品 / 配置 / 数据管理（PDM）,数据管理 / 配置（PDM & configuration）,approval_schema,https://www.steptools.com/stds/smrl/data/resource_docs/fundamentals_of_product_description_and_support/sys/6_schema.htm#approval_schema.approval_date_time
108,approval_person_organization,批准人员组织,产品 / 配置 / 数据管理（PDM）,数据管理 / 配置（PDM & configuration）,approval_schema,https://www.steptools.com/stds/smrl/data/resource_docs/fundamentals_of_product_description_and_support/sys/6_schema.htm#approval_schema.approval_person_organization
109,approval_relationship,批准关系,产品 / 配置 / 数据管理（PDM）,数据管理 / 配置（PDM & configuration）,approval_schema,https://www.steptools.com/stds/smrl/data/resource_docs/fundamentals_of_product_description_and_support/sys/6_schema.htm#approval_schema.approval_relationship
110,approval_role,批准角色,产品 / 配置 / 数据管理（PDM）,数据管理 / 配置（PDM & configuration）,approval_schema,https://www.steptools.com/stds/smrl/data/resource_docs/fundamentals_of_product_description_and_support/sys/6_schema.htm#approval_schema.approval_role
111,approval_status,批准状态,产品 / 配置 / 数据管理（PDM）,数据管理 / 配置（PDM & configuration）,approval_schema,https://www.steptools.com/stds/smrl/data/resource_docs/fundamentals_of_product_description_and_support/sys/6_schema.htm#approval_schema.approval_status
112,area_in_set,集合中的面积,其他 / 通用基础,渲染 / 可视化（rendering & visualization）,presentation_organization_schema,https://www.steptools.com/stds/smrl/data/resource_docs/visual_presentation/sys/4_schema.htm#presentation_organization_schema.area_in_set
113,area_measure_with_unit,带单位的面积量,电力 / 物理量 / 计量单位,检测 / PMI（inspection & tolerance）,measure_schema,https://www.steptools.com/stds/smrl/data/resource_docs/fundamentals_of_product_description_and_support/sys/19_schema.htm#measure_schema.area_measure_with_unit
114,area_unit,面积单位,电力 / 物理量 / 计量单位,其他 / 通用基础,measure_schema,https://www.steptools.com/stds/smrl/data/resource_docs/fundamentals_of_product_description_and_support/sys/19_schema.htm#measure_schema.area_unit
115,asin_function,反正弦函数,表达式 / 数学 / 矩阵,其他 / 通用基础,,https://www.steptools.com/stds/smrl/data/resource_docs/logical_model_of_expressions/ISO_13584-20_1998(E)-Character_PDF_document.pdf
116,assembly_component_usage,装配组件用法,产品 / 配置 / 数据管理（PDM）,装配 / 结构（assembly & structure） / 数据管理 / 配置（PDM & configuration）,product_structure_schema,https://www.steptools.com/stds/smrl/data/resource_docs/product_structure_configuration/sys/4_schema.htm#product_structure_schema.assembly_component_usage
117,assembly_component_usage_substitute,装配组件用法替代,产品 / 配置 / 数据管理（PDM）,装配 / 结构（assembly & structure） / 数据管理 / 配置（PDM & configuration）,product_structure_schema,https://www.steptools.com/stds/smrl/data/resource_docs/product_structure_configuration/sys/4_schema.htm#product_structure_schema.assembly_component_usage_substitute
118,assigned_requirement,赋值要求,产品 / 配置 / 数据管理（PDM）,数据管理 / 配置（PDM & configuration）,requirement_assignment_mim,https://www.steptools.com/stds/smrl/data/modules/requirement_assignment/sys/5_mim.htm#requirement_assignment_mim.assigned_requirement
119,atan_function,反正切函数,表达式 / 数学 / 矩阵,其他 / 通用基础,,https://www.steptools.com/stds/smrl/data/resource_docs/logical_model_of_expressions/ISO_13584-20_1998(E)-Character_PDF_document.pdf
120,atom_based_literal,原子基于字面量,表达式 / 数学 / 矩阵,其他 / 通用基础,,https://www.steptools.com/stds/smrl/data/resource_docs/mathematical_constructs/ISO_10303-50_2002(E)-Character_PDF_document.pdf
121,attribute_classification_assignment,属性分类赋值,产品 / 配置 / 数据管理（PDM）,数据管理 / 配置（PDM & configuration）,management_resources_schema,https://www.steptools.com/stds/smrl/data/resource_docs/fundamentals_of_product_description_and_support/sys/18_schema.htm#management_resources_schema.attribute_classification_assignment
122,attribute_language_assignment,属性语言赋值,产品 / 配置 / 数据管理（PDM）,数据管理 / 配置（PDM & configuration）,multi_linguism_mim,https://www.steptools.com/stds/smrl/data/modules/multi_linguism/sys/5_mim.htm#multi_linguism_mim.attribute_language_assignment
123,attribute_value_assignment,属性值赋值,产品 / 配置 / 数据管理（PDM）,2D 绘图 / 草图（2D drafting & sketch） / 数据管理 / 配置（PDM & configuration）,management_resources_schema,https://www.steptools.com/stds/smrl/data/resource_docs/fundamentals_of_product_description_and_support/sys/18_schema.htm#management_resources_schema.attribute_value_assignment
124,attribute_value_role,属性值角色,产品 / 配置 / 数据管理（PDM）,2D 绘图 / 草图（2D drafting & sketch） / 数据管理 / 配置（PDM & configuration）,management_resources_schema,https://www.steptools.com/stds/smrl/data/resource_docs/fundamentals_of_product_description_and_support/sys/18_schema.htm#management_resources_schema.attribute_value_role
125,auxiliary_leader_line,辅助指引线线,制图 / 标注 / 工程图,2D 绘图 / 草图（2D drafting & sketch） / 制图 / 工程图（drawing & annotation）,draughting_element_schema,https://www.steptools.com/stds/smrl/data/resource_docs/draughting/sys/5_schema.htm#draughting_element_schema.auxiliary_leader_line
126,axis1_placement,轴1放置,几何 / 拓扑 / 实体造型,3D 建模 / 实体造型（3D modeling & solid）,geometry_schema,https://www.steptools.com/stds/smrl/data/resource_docs/geometric_and_topological_representation/sys/4_schema.htm#geometry_schema.axis1_placement
127,axis2_placement_2d,二维轴2放置,几何 / 拓扑 / 实体造型,2D 绘图 / 草图（2D drafting & sketch） / 3D 建模 / 实体造型（3D modeling & solid）,geometry_schema,https://www.steptools.com/stds/smrl/data/resource_docs/geometric_and_topological_representation/sys/4_schema.htm#geometry_schema.axis2_placement_2d
128,axis2_placement_3d,三维轴2放置,几何 / 拓扑 / 实体造型,3D 建模 / 实体造型（3D modeling & solid）,geometry_schema,https://www.steptools.com/stds/smrl/data/resource_docs/geometric_and_topological_representation/sys/4_schema.htm#geometry_schema.axis2_placement_3d
129,b_spline_basis,B样条基,几何 / 拓扑 / 实体造型 / 表达式 / 数学 / 矩阵,3D 建模 / 实体造型（3D modeling & solid）,,https://www.steptools.com/stds/smrl/data/resource_docs/mathematical_constructs/ISO_10303-50_2002(E)-Character_PDF_document.pdf
130,b_spline_curve,B 样条曲线,几何 / 拓扑 / 实体造型,3D 建模 / 实体造型（3D modeling & solid）,geometry_schema,https://www.steptools.com/stds/smrl/data/resource_docs/geometric_and_topological_representation/sys/4_schema.htm#geometry_schema.b_spline_curve
131,b_spline_curve_with_knots,带节点的B 样条曲线,几何 / 拓扑 / 实体造型,3D 建模 / 实体造型（3D modeling & solid）,geometry_schema,https://www.steptools.com/stds/smrl/data/resource_docs/geometric_and_topological_representation/sys/4_schema.htm#geometry_schema.b_spline_curve_with_knots
132,b_spline_function,B样条函数,几何 / 拓扑 / 实体造型 / 表达式 / 数学 / 矩阵,3D 建模 / 实体造型（3D modeling & solid）,,https://www.steptools.com/stds/smrl/data/resource_docs/mathematical_constructs/ISO_10303-50_2002(E)-Character_PDF_document.pdf
133,b_spline_surface,B 样条曲面,几何 / 拓扑 / 实体造型,3D 建模 / 实体造型（3D modeling & solid）,geometry_schema,https://www.steptools.com/stds/smrl/data/resource_docs/geometric_and_topological_representation/sys/4_schema.htm#geometry_schema.b_spline_surface
134,b_spline_surface_with_knots,带节点的B 样条曲面,几何 / 拓扑 / 实体造型,3D 建模 / 实体造型（3D modeling & solid）,geometry_schema,https://www.steptools.com/stds/smrl/data/resource_docs/geometric_and_topological_representation/sys/4_schema.htm#geometry_schema.b_spline_surface_with_knots
135,b_spline_volume,B样条体积,几何 / 拓扑 / 实体造型,3D 建模 / 实体造型（3D modeling & solid）,geometry_schema,https://www.steptools.com/stds/smrl/data/resource_docs/geometric_and_topological_representation/sys/4_schema.htm#geometry_schema.b_spline_volume
136,b_spline_volume_with_knots,带节点的B样条体积,几何 / 拓扑 / 实体造型,3D 建模 / 实体造型（3D modeling & solid）,geometry_schema,https://www.steptools.com/stds/smrl/data/resource_docs/geometric_and_topological_representation/sys/4_schema.htm#geometry_schema.b_spline_volume_with_knots
137,back_boring_operation,后镗孔操作,NC / 数控加工（CAM）,制造 / 工艺规划（CAM & process planning）,aim-back_boring_operation,https://stepmfg.github.io/ap238/data/clause5.htm#aim-back_boring_operation
138,background_colour,背景颜色,渲染 / 外观 / 可视化,渲染 / 可视化（rendering & visualization）,presentation_organization_schema,https://www.steptools.com/stds/smrl/data/resource_docs/visual_presentation/sys/4_schema.htm#presentation_organization_schema.background_colour
139,banded_matrix,带状矩阵,表达式 / 数学 / 矩阵,其他 / 通用基础,,https://www.steptools.com/stds/smrl/data/resource_docs/mathematical_constructs/ISO_10303-50_2002(E)-Character_PDF_document.pdf
140,basic_round_hole,基本圆孔,特征 / 加工特征,其他 / 通用基础,counterbore_countersink_schema,https://www.steptools.com/stds/smrl/data/resource_docs/mechanical_features/sys/4_schema.htm#counterbore_countersink_schema.basic_round_hole
141,basic_round_hole_occurrence,基本圆孔实例,产品 / 配置 / 数据管理（PDM） / 特征 / 加工特征,装配 / 结构（assembly & structure） / 数据管理 / 配置（PDM & configuration）,counterbore_countersink_schema,https://www.steptools.com/stds/smrl/data/resource_docs/mechanical_features/sys/4_schema.htm#counterbore_countersink_schema.basic_round_hole_occurrence
142,basic_round_hole_occurrence_in_assembly,装配中的基本圆孔实例,产品 / 配置 / 数据管理（PDM） / 特征 / 加工特征,装配 / 结构（assembly & structure） / 数据管理 / 配置（PDM & configuration）,counterbore_countersink_schema,https://www.steptools.com/stds/smrl/data/resource_docs/mechanical_features/sys/4_schema.htm#counterbore_countersink_schema.basic_round_hole_occurrence_in_assembly
143,basic_sparse_matrix,基本稀疏矩阵,表达式 / 数学 / 矩阵,其他 / 通用基础,,https://www.steptools.com/stds/smrl/data/resource_docs/mathematical_constructs/ISO_10303-50_2002(E)-Character_PDF_document.pdf
144,between_shape_aspect,形状要素之间,特征 / 加工特征,其他 / 通用基础,shape_aspect_definition_schema,https://www.steptools.com/stds/smrl/data/resource_docs/shape_variation_tolerances/sys/4_schema.htm#shape_aspect_definition_schema.between_shape_aspect
145,bezier_curve,贝塞尔曲线,几何 / 拓扑 / 实体造型,3D 建模 / 实体造型（3D modeling & solid）,geometry_schema,https://www.steptools.com/stds/smrl/data/resource_docs/geometric_and_topological_representation/sys/4_schema.htm#geometry_schema.bezier_curve
146,bezier_surface,贝塞尔曲面,几何 / 拓扑 / 实体造型,3D 建模 / 实体造型（3D modeling & solid）,geometry_schema,https://www.steptools.com/stds/smrl/data/resource_docs/geometric_and_topological_representation/sys/4_schema.htm#geometry_schema.bezier_surface
147,bezier_volume,贝塞尔体积,几何 / 拓扑 / 实体造型,3D 建模 / 实体造型（3D modeling & solid）,geometry_schema,https://www.steptools.com/stds/smrl/data/resource_docs/geometric_and_topological_representation/sys/4_schema.htm#geometry_schema.bezier_volume
148,binary_boolean_expression,二进制布尔表达式,表达式 / 数学 / 矩阵,其他 / 通用基础,,https://www.steptools.com/stds/smrl/data/resource_docs/logical_model_of_expressions/ISO_13584-20_1998(E)-Character_PDF_document.pdf
149,binary_function_call,二元函数调用,表达式 / 数学 / 矩阵,其他 / 通用基础,,https://www.steptools.com/stds/smrl/data/resource_docs/logical_model_of_expressions/ISO_13584-20_1998(E)-Character_PDF_document.pdf
150,binary_generic_expression,二进制通用表达式,表达式 / 数学 / 矩阵,其他 / 通用基础,,https://www.steptools.com/stds/smrl/data/resource_docs/logical_model_of_expressions/ISO_13584-20_1998(E)-Character_PDF_document.pdf
151,binary_literal,二进制字面量,表达式 / 数学 / 矩阵,其他 / 通用基础,,https://www.steptools.com/stds/smrl/data/resource_docs/mathematical_constructs/ISO_10303-50_2002(E)-Character_PDF_document.pdf
152,binary_numeric_expression,二元数值表达式,表达式 / 数学 / 矩阵,其他 / 通用基础,,https://www.steptools.com/stds/smrl/data/resource_docs/logical_model_of_expressions/ISO_13584-20_1998(E)-Character_PDF_document.pdf
153,block,块,几何 / 拓扑 / 实体造型,3D 建模 / 实体造型（3D modeling & solid）,geometric_model_schema,https://www.steptools.com/stds/smrl/data/resource_docs/geometric_and_topological_representation/sys/6_schema.htm#geometric_model_schema.block
154,block_shape_representation,块形状表示,渲染 / 外观 / 可视化 / 几何 / 拓扑 / 实体造型 / 特征 / 加工特征,3D 建模 / 实体造型（3D modeling & solid） / 渲染 / 可视化（rendering & visualization） / 元模型 / 表示框架（representation framework）,aim-block_shape_representation,https://stepmfg.github.io/ap238/data/clause5.htm#aim-block_shape_representation
155,block_volume,块体积,几何 / 拓扑 / 实体造型,3D 建模 / 实体造型（3D modeling & solid）,geometry_schema,https://www.steptools.com/stds/smrl/data/resource_docs/geometric_and_topological_representation/sys/4_schema.htm#geometry_schema.block_volume
156,boolean_defined_function,布尔定义函数,表达式 / 数学 / 矩阵,其他 / 通用基础,,https://www.steptools.com/stds/smrl/data/resource_docs/logical_model_of_expressions/ISO_13584-20_1998(E)-Character_PDF_document.pdf
157,boolean_expression,布尔表达式,表达式 / 数学 / 矩阵,其他 / 通用基础,,https://www.steptools.com/stds/smrl/data/resource_docs/logical_model_of_expressions/ISO_13584-20_1998(E)-Character_PDF_document.pdf
158,boolean_literal,布尔字面量,表达式 / 数学 / 矩阵,其他 / 通用基础,,https://www.steptools.com/stds/smrl/data/resource_docs/logical_model_of_expressions/ISO_13584-20_1998(E)-Character_PDF_document.pdf
159,boolean_representation_item,布尔表示项,渲染 / 外观 / 可视化,渲染 / 可视化（rendering & visualization） / 元模型 / 表示框架（representation framework）,basic_data_representation_mim,https://www.steptools.com/stds/smrl/data/modules/basic_data_representation/sys/5_mim.htm#basic_data_representation_mim.boolean_representation_item
160,boolean_result,布尔结果,几何 / 拓扑 / 实体造型,3D 建模 / 实体造型（3D modeling & solid）,geometric_model_schema,https://www.steptools.com/stds/smrl/data/resource_docs/geometric_and_topological_representation/sys/6_schema.htm#geometric_model_schema.boolean_result
161,boolean_variable,布尔变量,表达式 / 数学 / 矩阵,其他 / 通用基础,,https://www.steptools.com/stds/smrl/data/resource_docs/logical_model_of_expressions/ISO_13584-20_1998(E)-Character_PDF_document.pdf
162,boring_operation,镗孔操作,NC / 数控加工（CAM）,制造 / 工艺规划（CAM & process planning）,aim-boring_operation,https://stepmfg.github.io/ap238/data/clause5.htm#aim-boring_operation
163,boss,凸台,特征 / 加工特征,其他 / 通用基础,machining_feature_schema,https://www.steptools.com/stds/smrl/data/resource_docs/mechanical_features/sys/5_schema.htm#machining_feature_schema.boss
164,boss_top,凸台顶部,特征 / 加工特征,其他 / 通用基础,machining_feature_schema,https://www.steptools.com/stds/smrl/data/resource_docs/mechanical_features/sys/5_schema.htm#machining_feature_schema.boss_top
165,bottom_and_side_milling_operation,底部与侧铣削操作,NC / 数控加工（CAM）,制造 / 工艺规划（CAM & process planning）,aim-bottom_and_side_milling_operation,https://stepmfg.github.io/ap238/data/clause5.htm#aim-bottom_and_side_milling_operation
166,bound_variable_semantics,界变量语义,表达式 / 数学 / 矩阵,其他 / 通用基础,,https://www.steptools.com/stds/smrl/data/resource_docs/mathematical_constructs/ISO_10303-50_2002(E)-Character_PDF_document.pdf
167,boundary_curve,边界曲线,几何 / 拓扑 / 实体造型,3D 建模 / 实体造型（3D modeling & solid）,geometry_schema,https://www.steptools.com/stds/smrl/data/resource_docs/geometric_and_topological_representation/sys/4_schema.htm#geometry_schema.boundary_curve
168,bounded_curve,有界曲线,几何 / 拓扑 / 实体造型,3D 建模 / 实体造型（3D modeling & solid）,geometry_schema,https://www.steptools.com/stds/smrl/data/resource_docs/geometric_and_topological_representation/sys/4_schema.htm#geometry_schema.bounded_curve
169,bounded_pcurve,有界参数曲线,几何 / 拓扑 / 实体造型,3D 建模 / 实体造型（3D modeling & solid）,geometry_schema,https://www.steptools.com/stds/smrl/data/resource_docs/geometric_and_topological_representation/sys/4_schema.htm#geometry_schema.bounded_pcurve
170,bounded_surface,有界曲面,几何 / 拓扑 / 实体造型,3D 建模 / 实体造型（3D modeling & solid）,geometry_schema,https://www.steptools.com/stds/smrl/data/resource_docs/geometric_and_topological_representation/sys/4_schema.htm#geometry_schema.bounded_surface
171,bounded_surface_curve,有界曲面曲线,几何 / 拓扑 / 实体造型,3D 建模 / 实体造型（3D modeling & solid）,geometry_schema,https://www.steptools.com/stds/smrl/data/resource_docs/geometric_and_topological_representation/sys/4_schema.htm#geometry_schema.bounded_surface_curve
172,box_domain,盒域,几何 / 拓扑 / 实体造型,3D 建模 / 实体造型（3D modeling & solid）,geometric_model_schema,https://www.steptools.com/stds/smrl/data/resource_docs/geometric_and_topological_representation/sys/6_schema.htm#geometric_model_schema.box_domain
173,boxed_half_space,盒式半空间,几何 / 拓扑 / 实体造型 / 表达式 / 数学 / 矩阵,3D 建模 / 实体造型（3D modeling & solid）,geometric_model_schema,https://www.steptools.com/stds/smrl/data/resource_docs/geometric_and_topological_representation/sys/6_schema.htm#geometric_model_schema.boxed_half_space
174,breakdown_context,分解上下文,产品 / 配置 / 数据管理（PDM）,装配 / 结构（assembly & structure） / 数据管理 / 配置（PDM & configuration） / 元模型 / 表示框架（representation framework）,product_breakdown_mim,https://www.steptools.com/stds/smrl/data/modules/product_breakdown/sys/5_mim.htm#product_breakdown_mim.breakdown_context
175,breakdown_element_group_assignment,分解元素组赋值,产品 / 配置 / 数据管理（PDM）,装配 / 结构（assembly & structure） / 数据管理 / 配置（PDM & configuration）,product_breakdown_mim,https://www.steptools.com/stds/smrl/data/modules/product_breakdown/sys/5_mim.htm#product_breakdown_mim.breakdown_element_group_assignment
176,breakdown_element_realization,分解元素实现,产品 / 配置 / 数据管理（PDM）,装配 / 结构（assembly & structure） / 数据管理 / 配置（PDM & configuration）,product_breakdown_mim,https://www.steptools.com/stds/smrl/data/modules/product_breakdown/sys/5_mim.htm#product_breakdown_mim.breakdown_element_realization
177,breakdown_element_usage,分解元素用法,产品 / 配置 / 数据管理（PDM）,装配 / 结构（assembly & structure） / 数据管理 / 配置（PDM & configuration）,product_breakdown_mim,https://www.steptools.com/stds/smrl/data/modules/product_breakdown/sys/5_mim.htm#product_breakdown_mim.breakdown_element_usage
178,breakdown_of,分解,产品 / 配置 / 数据管理（PDM）,装配 / 结构（assembly & structure） / 数据管理 / 配置（PDM & configuration）,product_breakdown_mim,https://www.steptools.com/stds/smrl/data/modules/product_breakdown/sys/5_mim.htm#product_breakdown_mim.breakdown_of
179,brep_with_voids,带空腔的边界表示,几何 / 拓扑 / 实体造型,3D 建模 / 实体造型（3D modeling & solid）,geometric_model_schema,https://www.steptools.com/stds/smrl/data/resource_docs/geometric_and_topological_representation/sys/6_schema.htm#geometric_model_schema.brep_with_voids
180,calendar_date,日历日期,产品 / 配置 / 数据管理（PDM）,数据管理 / 配置（PDM & configuration）,date_time_schema,https://www.steptools.com/stds/smrl/data/resource_docs/fundamentals_of_product_description_and_support/sys/10_schema.htm#date_time_schema.calendar_date
181,camera_image,相机图像,渲染 / 外观 / 可视化,渲染 / 可视化（rendering & visualization）,presentation_organization_schema,https://www.steptools.com/stds/smrl/data/resource_docs/visual_presentation/sys/4_schema.htm#presentation_organization_schema.camera_image
182,camera_image_3d_with_scale,带比例的相机图像三维,渲染 / 外观 / 可视化,3D 建模 / 实体造型（3D modeling & solid） / 渲染 / 可视化（rendering & visualization）,presentation_organization_schema,https://www.steptools.com/stds/smrl/data/resource_docs/visual_presentation/sys/4_schema.htm#presentation_organization_schema.camera_image_3d_with_scale
183,camera_model,相机模型,渲染 / 外观 / 可视化,渲染 / 可视化（rendering & visualization）,presentation_organization_schema,https://www.steptools.com/stds/smrl/data/resource_docs/visual_presentation/sys/4_schema.htm#presentation_organization_schema.camera_model
184,camera_model_d3,相机模型D3,渲染 / 外观 / 可视化,渲染 / 可视化（rendering & visualization）,presentation_organization_schema,https://www.steptools.com/stds/smrl/data/resource_docs/visual_presentation/sys/4_schema.htm#presentation_organization_schema.camera_model_d3
185,camera_model_d3_multi_clipping,相机模型D3多裁剪,渲染 / 外观 / 可视化,渲染 / 可视化（rendering & visualization）,presentation_organization_schema,https://www.steptools.com/stds/smrl/data/resource_docs/visual_presentation/sys/4_schema.htm#presentation_organization_schema.camera_model_d3_multi_clipping
186,camera_model_d3_multi_clipping_intersection,相机模型D3多裁剪相交,渲染 / 外观 / 可视化,渲染 / 可视化（rendering & visualization）,presentation_organization_schema,https://www.steptools.com/stds/smrl/data/resource_docs/visual_presentation/sys/4_schema.htm#presentation_organization_schema.camera_model_d3_multi_clipping_intersection
187,camera_model_d3_multi_clipping_union,相机模型D3多裁剪并集,渲染 / 外观 / 可视化,渲染 / 可视化（rendering & visualization）,presentation_organization_schema,https://www.steptools.com/stds/smrl/data/resource_docs/visual_presentation/sys/4_schema.htm#presentation_organization_schema.camera_model_d3_multi_clipping_union
188,camera_model_d3_with_hlhsr,带消隐的相机模型D3,渲染 / 外观 / 可视化,渲染 / 可视化（rendering & visualization）,presentation_organization_schema,https://www.steptools.com/stds/smrl/data/resource_docs/visual_presentation/sys/4_schema.htm#presentation_organization_schema.camera_model_d3_with_hlhsr
189,camera_model_with_light_sources,带光源源的相机模型,渲染 / 外观 / 可视化,渲染 / 可视化（rendering & visualization）,presentation_organization_schema,https://www.steptools.com/stds/smrl/data/resource_docs/visual_presentation/sys/4_schema.htm#presentation_organization_schema.camera_model_with_light_sources
190,camera_usage,相机用法,渲染 / 外观 / 可视化,渲染 / 可视化（rendering & visualization）,presentation_organization_schema,https://www.steptools.com/stds/smrl/data/resource_docs/visual_presentation/sys/4_schema.htm#presentation_organization_schema.camera_usage
191,capacitance_measure_with_unit,带单位的电容值,电力 / 物理量 / 计量单位,检测 / PMI（inspection & tolerance）,measure_schema,https://www.steptools.com/stds/smrl/data/resource_docs/fundamentals_of_product_description_and_support/sys/19_schema.htm#measure_schema.capacitance_measure_with_unit
192,capacitance_unit,电容单位,电力 / 物理量 / 计量单位,其他 / 通用基础,measure_schema,https://www.steptools.com/stds/smrl/data/resource_docs/fundamentals_of_product_description_and_support/sys/19_schema.htm#measure_schema.capacitance_unit
193,cartesian_complex_number_region,笛卡儿复数区域,表达式 / 数学 / 矩阵,其他 / 通用基础,,https://www.steptools.com/stds/smrl/data/resource_docs/mathematical_constructs/ISO_10303-50_2002(E)-Character_PDF_document.pdf
194,cartesian_point,笛卡儿点,几何 / 拓扑 / 实体造型,3D 建模 / 实体造型（3D modeling & solid）,geometry_schema,https://www.steptools.com/stds/smrl/data/resource_docs/geometric_and_topological_representation/sys/4_schema.htm#geometry_schema.cartesian_point
195,cartesian_transformation_operator,笛卡儿变换运算符,几何 / 拓扑 / 实体造型 / 表达式 / 数学 / 矩阵,3D 建模 / 实体造型（3D modeling & solid）,geometry_schema,https://www.steptools.com/stds/smrl/data/resource_docs/geometric_and_topological_representation/sys/4_schema.htm#geometry_schema.cartesian_transformation_operator
196,cartesian_transformation_operator_2d,笛卡儿变换运算符二维,几何 / 拓扑 / 实体造型 / 表达式 / 数学 / 矩阵,2D 绘图 / 草图（2D drafting & sketch） / 3D 建模 / 实体造型（3D modeling & solid）,geometry_schema,https://www.steptools.com/stds/smrl/data/resource_docs/geometric_and_topological_representation/sys/4_schema.htm#geometry_schema.cartesian_transformation_operator_2d
197,cartesian_transformation_operator_3d,笛卡儿变换运算符三维,几何 / 拓扑 / 实体造型 / 表达式 / 数学 / 矩阵,3D 建模 / 实体造型（3D modeling & solid）,geometry_schema,https://www.steptools.com/stds/smrl/data/resource_docs/geometric_and_topological_representation/sys/4_schema.htm#geometry_schema.cartesian_transformation_operator_3d
198,celsius_temperature_measure_with_unit,带单位的摄氏温度,电力 / 物理量 / 计量单位,检测 / PMI（inspection & tolerance）,measure_schema,https://www.steptools.com/stds/smrl/data/resource_docs/fundamentals_of_product_description_and_support/sys/19_schema.htm#measure_schema.celsius_temperature_measure_with_unit
199,centre_of_symmetry,对称中心,特征 / 加工特征,其他 / 通用基础,shape_aspect_definition_schema,https://www.steptools.com/stds/smrl/data/resource_docs/shape_variation_tolerances/sys/4_schema.htm#shape_aspect_definition_schema.centre_of_symmetry
200,certification,认证,产品 / 配置 / 数据管理（PDM）,数据管理 / 配置（PDM & configuration）,certification_schema,https://www.steptools.com/stds/smrl/data/resource_docs/fundamentals_of_product_description_and_support/sys/8_schema.htm#certification_schema.certification
201,certification_assignment,认证赋值,产品 / 配置 / 数据管理（PDM）,数据管理 / 配置（PDM & configuration）,management_resources_schema,https://www.steptools.com/stds/smrl/data/resource_docs/fundamentals_of_product_description_and_support/sys/18_schema.htm#management_resources_schema.certification_assignment
202,certification_type,认证类型,产品 / 配置 / 数据管理（PDM）,数据管理 / 配置（PDM & configuration）,certification_schema,https://www.steptools.com/stds/smrl/data/resource_docs/fundamentals_of_product_description_and_support/sys/8_schema.htm#certification_schema.certification_type
203,chain_based_geometric_item_specific_usage,链基于几何项特定用法,几何 / 拓扑 / 实体造型,3D 建模 / 实体造型（3D modeling & solid）,shape_property_assignment_mim,https://www.steptools.com/stds/smrl/data/modules/shape_property_assignment/sys/5_mim.htm#shape_property_assignment_mim.chain_based_geometric_item_specific_usage
204,chain_based_item_identified_representation_usage,链基于项被标识表示用法,渲染 / 外观 / 可视化,渲染 / 可视化（rendering & visualization） / 元模型 / 表示框架（representation framework）,product_property_representation_schema,https://www.steptools.com/stds/smrl/data/resource_docs/fundamentals_of_product_description_and_support/sys/23_schema.htm#product_property_representation_schema.chain_based_item_identified_representation_usage
205,chamfer,倒角,特征 / 加工特征,其他 / 通用基础,machining_feature_schema,https://www.steptools.com/stds/smrl/data/resource_docs/mechanical_features/sys/5_schema.htm#machining_feature_schema.chamfer
206,chamfer_offset,倒角偏置,特征 / 加工特征,其他 / 通用基础,machining_feature_schema,https://www.steptools.com/stds/smrl/data/resource_docs/mechanical_features/sys/5_schema.htm#machining_feature_schema.chamfer_offset
207,character_glyph_style_outline,字符字形样式轮廓,渲染 / 外观 / 可视化,渲染 / 可视化（rendering & visualization）,presentation_appearance_schema,https://www.steptools.com/stds/smrl/data/resource_docs/visual_presentation/sys/6_schema.htm#presentation_appearance_schema.character_glyph_style_outline
208,character_glyph_style_stroke,字符字形样式笔画,渲染 / 外观 / 可视化,渲染 / 可视化（rendering & visualization）,presentation_appearance_schema,https://www.steptools.com/stds/smrl/data/resource_docs/visual_presentation/sys/6_schema.htm#presentation_appearance_schema.character_glyph_style_stroke
209,characteristic_data_column_header,特征数据列头,产品 / 配置 / 数据管理（PDM）,元模型 / 表示框架（representation framework） / 属性 / 特征化（property & characterization） / 2D 绘图 / 草图（2D drafting & sketch） / 数据管理 / 配置（PDM & configuration）,characteristic_mim,https://www.steptools.com/stds/smrl/data/modules/characteristic/sys/5_mim.htm#characteristic_mim.characteristic_data_column_header
210,characteristic_data_column_header_link,特征数据列头链接,机械 / 运动学 / 传动,运动学 / 仿真（kinematics & simulation） / 元模型 / 表示框架（representation framework） / 属性 / 特征化（property & characterization）,characteristic_mim,https://www.steptools.com/stds/smrl/data/modules/characteristic/sys/5_mim.htm#characteristic_mim.characteristic_data_column_header_link
211,characteristic_data_table_header,特征数据表头,产品 / 配置 / 数据管理（PDM）,元模型 / 表示框架（representation framework） / 属性 / 特征化（property & characterization） / 2D 绘图 / 草图（2D drafting & sketch） / 数据管理 / 配置（PDM & configuration）,characteristic_mim,https://www.steptools.com/stds/smrl/data/modules/characteristic/sys/5_mim.htm#characteristic_mim.characteristic_data_table_header
212,characteristic_data_table_header_decomposition,特征数据表头分解,产品 / 配置 / 数据管理（PDM）,元模型 / 表示框架（representation framework） / 属性 / 特征化（property & characterization） / 2D 绘图 / 草图（2D drafting & sketch） / 数据管理 / 配置（PDM & configuration）,characteristic_mim,https://www.steptools.com/stds/smrl/data/modules/characteristic/sys/5_mim.htm#characteristic_mim.characteristic_data_table_header_decomposition
213,characteristic_type,特征类型,产品 / 配置 / 数据管理（PDM）,元模型 / 表示框架（representation framework） / 属性 / 特征化（property & characterization） / 2D 绘图 / 草图（2D drafting & sketch） / 数据管理 / 配置（PDM & configuration） / 类型系统 / 选择机制（type system & select）,characteristic_mim,https://www.steptools.com/stds/smrl/data/modules/characteristic/sys/5_mim.htm#characteristic_mim.characteristic_type
214,characterized_class,特征化类,产品 / 配置 / 数据管理（PDM）,数据管理 / 配置（PDM & configuration） / 属性 / 特征化（property & characterization）,classification_with_attributes_mim,https://www.steptools.com/stds/smrl/data/modules/classification_with_attributes/sys/5_mim.htm#classification_with_attributes_mim.characterized_class
215,characterized_item_within_representation,表示内的被特征化项,渲染 / 外观 / 可视化,渲染 / 可视化（rendering & visualization） / 元模型 / 表示框架（representation framework） / 属性 / 特征化（property & characterization）,product_property_representation_schema,https://www.steptools.com/stds/smrl/data/resource_docs/fundamentals_of_product_description_and_support/sys/23_schema.htm#product_property_representation_schema.characterized_item_within_representation
216,characterized_object,特征化对象,产品 / 配置 / 数据管理（PDM）,属性 / 特征化（property & characterization） / 2D 绘图 / 草图（2D drafting & sketch） / 数据管理 / 配置（PDM & configuration）,product_property_definition_schema,https://www.steptools.com/stds/smrl/data/resource_docs/fundamentals_of_product_description_and_support/sys/22_schema.htm#product_property_definition_schema.characterized_object
217,characterized_object_relationship,特征化对象关系,产品 / 配置 / 数据管理（PDM）,属性 / 特征化（property & characterization） / 2D 绘图 / 草图（2D drafting & sketch） / 数据管理 / 配置（PDM & configuration）,product_property_definition_schema,https://www.steptools.com/stds/smrl/data/resource_docs/fundamentals_of_product_description_and_support/sys/22_schema.htm#product_property_definition_schema.characterized_object_relationship
218,characterized_product_concept_feature,特征化产品概念特征,产品 / 配置 / 数据管理（PDM） / 特征 / 加工特征,装配 / 结构（assembly & structure） / 数据管理 / 配置（PDM & configuration） / 属性 / 特征化（property & characterization）,product_class_mim,https://www.steptools.com/stds/smrl/data/modules/product_class/sys/5_mim.htm#product_class_mim.characterized_product_concept_feature
219,characterized_product_concept_feature_category,特征化产品概念特征类别,产品 / 配置 / 数据管理（PDM） / 特征 / 加工特征,装配 / 结构（assembly & structure） / 数据管理 / 配置（PDM & configuration） / 属性 / 特征化（property & characterization）,product_class_mim,https://www.steptools.com/stds/smrl/data/modules/product_class/sys/5_mim.htm#product_class_mim.characterized_product_concept_feature_category
220,characterized_representation,特征化表示,渲染 / 外观 / 可视化,渲染 / 可视化（rendering & visualization） / 元模型 / 表示框架（representation framework） / 属性 / 特征化（property & characterization）,characterized_representation_mim,https://www.steptools.com/stds/smrl/data/modules/characterized_representation/sys/5_mim.htm#characterized_representation_mim.characterized_representation
221,circle,圆,几何 / 拓扑 / 实体造型,3D 建模 / 实体造型（3D modeling & solid）,geometry_schema,https://www.steptools.com/stds/smrl/data/resource_docs/geometric_and_topological_representation/sys/4_schema.htm#geometry_schema.circle
222,circular_closed_profile,圆形闭合轮廓,特征 / 加工特征,2D 绘图 / 草图（2D drafting & sketch）,machining_feature_schema,https://www.steptools.com/stds/smrl/data/resource_docs/mechanical_features/sys/5_schema.htm#machining_feature_schema.circular_closed_profile
223,circular_involute,圆形渐开线,几何 / 拓扑 / 实体造型,3D 建模 / 实体造型（3D modeling & solid）,geometry_schema,https://www.steptools.com/stds/smrl/data/resource_docs/geometric_and_topological_representation/sys/4_schema.htm#geometry_schema.circular_involute
224,circular_path,圆形路径,机械 / 运动学 / 传动,运动学 / 仿真（kinematics & simulation） / 2D 绘图 / 草图（2D drafting & sketch）,kinematic_motion_representation_schema,https://www.steptools.com/stds/smrl/data/resource_docs/kinematics/sys/8_schema.htm#kinematic_motion_representation_schema.circular_path
225,circular_pattern,圆形阵列,特征 / 加工特征,其他 / 通用基础,machining_feature_schema,https://www.steptools.com/stds/smrl/data/resource_docs/mechanical_features/sys/5_schema.htm#machining_feature_schema.circular_pattern
226,circular_runout_tolerance,圆跳动公差,公差 / 尺寸 / 基准（PMI）,检测 / PMI（inspection & tolerance）,shape_tolerance_schema,https://www.steptools.com/stds/smrl/data/resource_docs/shape_variation_tolerances/sys/6_schema.htm#shape_tolerance_schema.circular_runout_tolerance
227,class,类,产品 / 配置 / 数据管理（PDM）,2D 绘图 / 草图（2D drafting & sketch） / 数据管理 / 配置（PDM & configuration） / 类型系统 / 选择机制（type system & select）,classification_schema,https://www.steptools.com/stds/smrl/data/resource_docs/classification_and_set_theory/sys/4_schema.htm#classification_schema.class
228,class_by_extension,按外延定义的类,产品 / 配置 / 数据管理（PDM） / 特征 / 加工特征,数据管理 / 配置（PDM & configuration）,classification_schema,https://www.steptools.com/stds/smrl/data/resource_docs/classification_and_set_theory/sys/4_schema.htm#classification_schema.class_by_extension
229,class_by_intension,按内涵定义的类,产品 / 配置 / 数据管理（PDM）,数据管理 / 配置（PDM & configuration）,classification_schema,https://www.steptools.com/stds/smrl/data/resource_docs/classification_and_set_theory/sys/4_schema.htm#classification_schema.class_by_intension
230,class_system,类系统,产品 / 配置 / 数据管理（PDM）,数据管理 / 配置（PDM & configuration）,classification_with_attributes_mim,https://www.steptools.com/stds/smrl/data/modules/classification_with_attributes/sys/5_mim.htm#classification_with_attributes_mim.class_system
231,class_usage_effectivity_context_assignment,类用法有效性上下文赋值,产品 / 配置 / 数据管理（PDM）,数据管理 / 配置（PDM & configuration） / 有效性 / 版本（effectivity & versioning）,specification_control_mim,https://www.steptools.com/stds/smrl/data/modules/specification_control/sys/5_mim.htm#specification_control_mim.class_usage_effectivity_context_assignment
232,classification_assignment,分类赋值,产品 / 配置 / 数据管理（PDM）,数据管理 / 配置（PDM & configuration）,management_resources_schema,https://www.steptools.com/stds/smrl/data/resource_docs/fundamentals_of_product_description_and_support/sys/18_schema.htm#management_resources_schema.classification_assignment
233,classification_assignment_relationship,分类赋值关系,产品 / 配置 / 数据管理（PDM）,数据管理 / 配置（PDM & configuration）,management_resources_schema,https://www.steptools.com/stds/smrl/data/resource_docs/fundamentals_of_product_description_and_support/sys/18_schema.htm#management_resources_schema.classification_assignment_relationship
234,classification_role,分类角色,产品 / 配置 / 数据管理（PDM）,数据管理 / 配置（PDM & configuration）,management_resources_schema,https://www.steptools.com/stds/smrl/data/resource_docs/fundamentals_of_product_description_and_support/sys/18_schema.htm#management_resources_schema.classification_role
235,closed_path_profile,闭合路径轮廓,特征 / 加工特征,2D 绘图 / 草图（2D drafting & sketch）,machining_feature_schema,https://www.steptools.com/stds/smrl/data/resource_docs/mechanical_features/sys/5_schema.htm#machining_feature_schema.closed_path_profile
236,closed_shell,闭合壳,几何 / 拓扑 / 实体造型,3D 建模 / 实体造型（3D modeling & solid）,topology_schema,https://www.steptools.com/stds/smrl/data/resource_docs/geometric_and_topological_representation/sys/5_schema.htm#topology_schema.closed_shell
237,clothoid,回旋曲线,几何 / 拓扑 / 实体造型,3D 建模 / 实体造型（3D modeling & solid）,geometry_schema,https://www.steptools.com/stds/smrl/data/resource_docs/geometric_and_topological_representation/sys/4_schema.htm#geometry_schema.clothoid
238,coaxiality_tolerance,同轴度公差,公差 / 尺寸 / 基准（PMI）,检测 / PMI（inspection & tolerance）,shape_tolerance_schema,https://www.steptools.com/stds/smrl/data/resource_docs/shape_variation_tolerances/sys/6_schema.htm#shape_tolerance_schema.coaxiality_tolerance
239,colour,颜色,渲染 / 外观 / 可视化,渲染 / 可视化（rendering & visualization）,presentation_resource_schema,https://www.steptools.com/stds/smrl/data/resource_docs/visual_presentation/sys/7_schema.htm#presentation_resource_schema.colour
240,colour_rgb,颜色RGB,渲染 / 外观 / 可视化,渲染 / 可视化（rendering & visualization）,presentation_resource_schema,https://www.steptools.com/stds/smrl/data/resource_docs/visual_presentation/sys/7_schema.htm#presentation_resource_schema.colour_rgb
241,colour_specification,颜色规范,渲染 / 外观 / 可视化,渲染 / 可视化（rendering & visualization）,presentation_resource_schema,https://www.steptools.com/stds/smrl/data/resource_docs/visual_presentation/sys/7_schema.htm#presentation_resource_schema.colour_specification
242,common_datum,公共基准,公差 / 尺寸 / 基准（PMI）,检测 / PMI（inspection & tolerance）,shape_aspect_definition_schema,https://www.steptools.com/stds/smrl/data/resource_docs/shape_variation_tolerances/sys/4_schema.htm#shape_aspect_definition_schema.common_datum
243,comparison_equal,比较相等,表达式 / 数学 / 矩阵,2D 绘图 / 草图（2D drafting & sketch） / 表达式 / 数学 / 矩阵,,https://www.steptools.com/stds/smrl/data/resource_docs/logical_model_of_expressions/ISO_13584-20_1998(E)-Character_PDF_document.pdf
244,comparison_expression,比较表达式,表达式 / 数学 / 矩阵,其他 / 通用基础,,https://www.steptools.com/stds/smrl/data/resource_docs/logical_model_of_expressions/ISO_13584-20_1998(E)-Character_PDF_document.pdf
245,comparison_greater,比较大于,表达式 / 数学 / 矩阵,2D 绘图 / 草图（2D drafting & sketch） / 表达式 / 数学 / 矩阵,,https://www.steptools.com/stds/smrl/data/resource_docs/logical_model_of_expressions/ISO_13584-20_1998(E)-Character_PDF_document.pdf
246,comparison_greater_equal,比较大于相等,表达式 / 数学 / 矩阵,2D 绘图 / 草图（2D drafting & sketch） / 表达式 / 数学 / 矩阵,,https://www.steptools.com/stds/smrl/data/resource_docs/logical_model_of_expressions/ISO_13584-20_1998(E)-Character_PDF_document.pdf
247,comparison_less,比较小于,表达式 / 数学 / 矩阵,2D 绘图 / 草图（2D drafting & sketch） / 表达式 / 数学 / 矩阵,,https://www.steptools.com/stds/smrl/data/resource_docs/logical_model_of_expressions/ISO_13584-20_1998(E)-Character_PDF_document.pdf
248,comparison_less_equal,比较小于相等,表达式 / 数学 / 矩阵,2D 绘图 / 草图（2D drafting & sketch） / 表达式 / 数学 / 矩阵,,https://www.steptools.com/stds/smrl/data/resource_docs/logical_model_of_expressions/ISO_13584-20_1998(E)-Character_PDF_document.pdf
249,comparison_not_equal,不等于比较,表达式 / 数学 / 矩阵,2D 绘图 / 草图（2D drafting & sketch） / 表达式 / 数学 / 矩阵,,https://www.steptools.com/stds/smrl/data/resource_docs/logical_model_of_expressions/ISO_13584-20_1998(E)-Character_PDF_document.pdf
250,complex_number_literal,复合编号字面量,表达式 / 数学 / 矩阵,其他 / 通用基础,,https://www.steptools.com/stds/smrl/data/resource_docs/mathematical_constructs/ISO_10303-50_2002(E)-Character_PDF_document.pdf
251,complex_number_literal_polar,复合编号字面量极坐标,表达式 / 数学 / 矩阵,其他 / 通用基础,,https://www.steptools.com/stds/smrl/data/resource_docs/mathematical_constructs/ISO_10303-50_2002(E)-Character_PDF_document.pdf
252,complex_triangulated_face,复合三角剖分面,几何 / 拓扑 / 实体造型,3D 建模 / 实体造型（3D modeling & solid）,geometric_model_schema,https://www.steptools.com/stds/smrl/data/resource_docs/geometric_and_topological_representation/sys/6_schema.htm#geometric_model_schema.complex_triangulated_face
253,complex_triangulated_surface_set,复合三角剖分曲面集合,几何 / 拓扑 / 实体造型,3D 建模 / 实体造型（3D modeling & solid）,geometric_model_schema,https://www.steptools.com/stds/smrl/data/resource_docs/geometric_and_topological_representation/sys/6_schema.htm#geometric_model_schema.complex_triangulated_surface_set
254,composite_curve,组合曲线,几何 / 拓扑 / 实体造型,3D 建模 / 实体造型（3D modeling & solid）,geometry_schema,https://www.steptools.com/stds/smrl/data/resource_docs/geometric_and_topological_representation/sys/4_schema.htm#geometry_schema.composite_curve
255,composite_curve_on_surface,曲面上的组合曲线,几何 / 拓扑 / 实体造型,3D 建模 / 实体造型（3D modeling & solid）,geometry_schema,https://www.steptools.com/stds/smrl/data/resource_docs/geometric_and_topological_representation/sys/4_schema.htm#geometry_schema.composite_curve_on_surface
256,composite_curve_segment,组合曲线段,几何 / 拓扑 / 实体造型,3D 建模 / 实体造型（3D modeling & solid）,geometry_schema,https://www.steptools.com/stds/smrl/data/resource_docs/geometric_and_topological_representation/sys/4_schema.htm#geometry_schema.composite_curve_segment
257,composite_group_shape_aspect,组合组形状要素,产品 / 配置 / 数据管理（PDM） / 特征 / 加工特征,数据管理 / 配置（PDM & configuration）,shape_aspect_definition_schema,https://www.steptools.com/stds/smrl/data/resource_docs/shape_variation_tolerances/sys/4_schema.htm#shape_aspect_definition_schema.composite_group_shape_aspect
258,composite_hole,组合孔,特征 / 加工特征,其他 / 通用基础,machining_feature_schema,https://www.steptools.com/stds/smrl/data/resource_docs/mechanical_features/sys/5_schema.htm#machining_feature_schema.composite_hole
259,composite_shape_aspect,组合形状要素,特征 / 加工特征,其他 / 通用基础,shape_aspect_definition_schema,https://www.steptools.com/stds/smrl/data/resource_docs/shape_variation_tolerances/sys/4_schema.htm#shape_aspect_definition_schema.composite_shape_aspect
260,composite_text,复合文本,制图 / 标注 / 工程图,2D 绘图 / 草图（2D drafting & sketch） / 制图 / 工程图（drawing & annotation）,presentation_definition_schema,https://www.steptools.com/stds/smrl/data/resource_docs/visual_presentation/sys/5_schema.htm#presentation_definition_schema.composite_text
261,composite_text_with_associated_curves,带关联曲线的复合文本,几何 / 拓扑 / 实体造型 / 制图 / 标注 / 工程图,2D 绘图 / 草图（2D drafting & sketch） / 3D 建模 / 实体造型（3D modeling & solid） / 制图 / 工程图（drawing & annotation）,presentation_definition_schema,https://www.steptools.com/stds/smrl/data/resource_docs/visual_presentation/sys/5_schema.htm#presentation_definition_schema.composite_text_with_associated_curves
262,composite_text_with_blanking_box,带冲裁盒的复合文本,制图 / 标注 / 工程图,2D 绘图 / 草图（2D drafting & sketch） / 制图 / 工程图（drawing & annotation）,presentation_definition_schema,https://www.steptools.com/stds/smrl/data/resource_docs/visual_presentation/sys/5_schema.htm#presentation_definition_schema.composite_text_with_blanking_box
263,composite_text_with_delineation,带轮廓线的复合文本,制图 / 标注 / 工程图,2D 绘图 / 草图（2D drafting & sketch） / 制图 / 工程图（drawing & annotation）,presentation_definition_schema,https://www.steptools.com/stds/smrl/data/resource_docs/visual_presentation/sys/5_schema.htm#presentation_definition_schema.composite_text_with_delineation
264,composite_text_with_extent,带范围的复合文本,制图 / 标注 / 工程图,2D 绘图 / 草图（2D drafting & sketch） / 制图 / 工程图（drawing & annotation）,presentation_definition_schema,https://www.steptools.com/stds/smrl/data/resource_docs/visual_presentation/sys/5_schema.htm#presentation_definition_schema.composite_text_with_extent
265,composite_unit_shape_aspect,组合单位形状要素,特征 / 加工特征,其他 / 通用基础,shape_composition_mim,https://www.steptools.com/stds/smrl/data/modules/shape_composition/sys/5_mim.htm#shape_composition_mim.composite_unit_shape_aspect
266,compound_feature,复合特征,特征 / 加工特征,其他 / 通用基础,machining_feature_schema,https://www.steptools.com/stds/smrl/data/resource_docs/mechanical_features/sys/5_schema.htm#machining_feature_schema.compound_feature
267,compound_representation_item,复合表示项,渲染 / 外观 / 可视化 / 几何 / 拓扑 / 实体造型,渲染 / 可视化（rendering & visualization） / 元模型 / 表示框架（representation framework）,representation_schema,https://www.steptools.com/stds/smrl/data/resource_docs/representation_structures/sys/4_schema.htm#representation_schema.compound_representation_item
268,compound_shape_representation,复合形状表示,渲染 / 外观 / 可视化 / 几何 / 拓扑 / 实体造型,3D 建模 / 实体造型（3D modeling & solid） / 渲染 / 可视化（rendering & visualization） / 元模型 / 表示框架（representation framework）,compound_shape_representation_mim,https://www.steptools.com/stds/smrl/data/modules/compound_shape_representation/sys/5_mim.htm#compound_shape_representation_mim.compound_shape_representation
269,concat_expression,连接表达式,表达式 / 数学 / 矩阵,其他 / 通用基础,,https://www.steptools.com/stds/smrl/data/resource_docs/logical_model_of_expressions/ISO_13584-20_1998(E)-Character_PDF_document.pdf
270,concentricity_tolerance,同轴度公差,公差 / 尺寸 / 基准（PMI）,检测 / PMI（inspection & tolerance）,shape_tolerance_schema,https://www.steptools.com/stds/smrl/data/resource_docs/shape_variation_tolerances/sys/6_schema.htm#shape_tolerance_schema.concentricity_tolerance
271,concept_feature_operator,概念特征运算符,产品 / 配置 / 数据管理（PDM） / 表达式 / 数学 / 矩阵 / 特征 / 加工特征,数据管理 / 配置（PDM & configuration）,product_concept_schema,https://www.steptools.com/stds/smrl/data/resource_docs/product_structure_configuration/sys/5_schema.htm#product_concept_schema.concept_feature_operator
272,concept_feature_relationship,概念特征关系,产品 / 配置 / 数据管理（PDM） / 特征 / 加工特征,数据管理 / 配置（PDM & configuration）,product_concept_schema,https://www.steptools.com/stds/smrl/data/resource_docs/product_structure_configuration/sys/5_schema.htm#product_concept_schema.concept_feature_relationship
273,concept_feature_relationship_with_condition,带条件的概念特征关系,产品 / 配置 / 数据管理（PDM） / 特征 / 加工特征,数据管理 / 配置（PDM & configuration）,product_concept_schema,https://www.steptools.com/stds/smrl/data/resource_docs/product_structure_configuration/sys/5_schema.htm#product_concept_schema.concept_feature_relationship_with_condition
274,concurrent_action_method,并发动作方法,NC / 数控加工（CAM） / 电力 / 物理量 / 计量单位 / 产品 / 配置 / 数据管理（PDM）,制造 / 工艺规划（CAM & process planning） / 数据管理 / 配置（PDM & configuration）,,https://www.steptools.com/stds/smrl/data/resource_docs/process_structure_and_properties/ISO_10303-49_1998.pdf
275,conditional_concept_feature,条件概念特征,产品 / 配置 / 数据管理（PDM） / 特征 / 加工特征,数据管理 / 配置（PDM & configuration）,product_concept_schema,https://www.steptools.com/stds/smrl/data/resource_docs/product_structure_configuration/sys/5_schema.htm#product_concept_schema.conditional_concept_feature
276,conductance_measure_with_unit,带单位的电导值,电力 / 物理量 / 计量单位,检测 / PMI（inspection & tolerance）,measure_schema,https://www.steptools.com/stds/smrl/data/resource_docs/fundamentals_of_product_description_and_support/sys/19_schema.htm#measure_schema.conductance_measure_with_unit
277,conductance_unit,电导单位,电力 / 物理量 / 计量单位,其他 / 通用基础,measure_schema,https://www.steptools.com/stds/smrl/data/resource_docs/fundamentals_of_product_description_and_support/sys/19_schema.htm#measure_schema.conductance_unit
278,configurable_item,可配置项,产品 / 配置 / 数据管理（PDM）,元模型 / 表示框架（representation framework） / 2D 绘图 / 草图（2D drafting & sketch） / 数据管理 / 配置（PDM & configuration）,configuration_management_schema,https://www.steptools.com/stds/smrl/data/resource_docs/product_structure_configuration/sys/6_schema.htm#configuration_management_schema.configurable_item
279,configuration_design,配置设计,产品 / 配置 / 数据管理（PDM）,数据管理 / 配置（PDM & configuration）,configuration_management_schema,https://www.steptools.com/stds/smrl/data/resource_docs/product_structure_configuration/sys/6_schema.htm#configuration_management_schema.configuration_design
280,configuration_effectivity,配置有效性,产品 / 配置 / 数据管理（PDM）,数据管理 / 配置（PDM & configuration） / 有效性 / 版本（effectivity & versioning）,configuration_management_schema,https://www.steptools.com/stds/smrl/data/resource_docs/product_structure_configuration/sys/6_schema.htm#configuration_management_schema.configuration_effectivity
281,configuration_item,配置项,产品 / 配置 / 数据管理（PDM）,数据管理 / 配置（PDM & configuration） / 元模型 / 表示框架（representation framework）,configuration_management_schema,https://www.steptools.com/stds/smrl/data/resource_docs/product_structure_configuration/sys/6_schema.htm#configuration_management_schema.configuration_item
282,configuration_item_hierarchical_relationship,配置项层次关系,产品 / 配置 / 数据管理（PDM）,数据管理 / 配置（PDM & configuration）,configuration_item_mim,https://www.steptools.com/stds/smrl/data/modules/configuration_item/sys/5_mim.htm#configuration_item_mim.configuration_item_hierarchical_relationship
283,configuration_item_relationship,配置项关系,产品 / 配置 / 数据管理（PDM）,数据管理 / 配置（PDM & configuration）,configuration_management_schema,https://www.steptools.com/stds/smrl/data/resource_docs/product_structure_configuration/sys/6_schema.htm#configuration_management_schema.configuration_item_relationship
284,configuration_item_revision_sequence,配置项修订序列,产品 / 配置 / 数据管理（PDM）,数据管理 / 配置（PDM & configuration） / 有效性 / 版本（effectivity & versioning）,configuration_item_mim,https://www.steptools.com/stds/smrl/data/modules/configuration_item/sys/5_mim.htm#configuration_item_mim.configuration_item_revision_sequence
285,configured_effectivity_assignment,已配置有效性赋值,产品 / 配置 / 数据管理（PDM）,数据管理 / 配置（PDM & configuration） / 有效性 / 版本（effectivity & versioning）,specification_based_configuration_mim,https://www.steptools.com/stds/smrl/data/modules/specification_based_configuration/sys/5_mim.htm#specification_based_configuration_mim.configured_effectivity_assignment
286,configured_effectivity_context_assignment,已配置有效性上下文赋值,产品 / 配置 / 数据管理（PDM）,数据管理 / 配置（PDM & configuration） / 有效性 / 版本（effectivity & versioning）,specification_based_configuration_mim,https://www.steptools.com/stds/smrl/data/modules/specification_based_configuration/sys/5_mim.htm#specification_based_configuration_mim.configured_effectivity_context_assignment
287,conic,二次曲线,几何 / 拓扑 / 实体造型,3D 建模 / 实体造型（3D modeling & solid）,geometry_schema,https://www.steptools.com/stds/smrl/data/resource_docs/geometric_and_topological_representation/sys/4_schema.htm#geometry_schema.conic
288,conical_surface,圆锥面曲面,几何 / 拓扑 / 实体造型,3D 建模 / 实体造型（3D modeling & solid）,geometry_schema,https://www.steptools.com/stds/smrl/data/resource_docs/geometric_and_topological_representation/sys/4_schema.htm#geometry_schema.conical_surface
289,connected_edge_set,连接边集合,几何 / 拓扑 / 实体造型,3D 建模 / 实体造型（3D modeling & solid）,topology_schema,https://www.steptools.com/stds/smrl/data/resource_docs/geometric_and_topological_representation/sys/5_schema.htm#topology_schema.connected_edge_set
290,connected_edge_sub_set,连接边子集合,几何 / 拓扑 / 实体造型,3D 建模 / 实体造型（3D modeling & solid）,topology_schema,https://www.steptools.com/stds/smrl/data/resource_docs/geometric_and_topological_representation/sys/5_schema.htm#topology_schema.connected_edge_sub_set
291,connected_face_set,连接面集合,几何 / 拓扑 / 实体造型,3D 建模 / 实体造型（3D modeling & solid）,topology_schema,https://www.steptools.com/stds/smrl/data/resource_docs/geometric_and_topological_representation/sys/5_schema.htm#topology_schema.connected_face_set
292,connected_face_sub_set,连接面子集合,几何 / 拓扑 / 实体造型,3D 建模 / 实体造型（3D modeling & solid）,topology_schema,https://www.steptools.com/stds/smrl/data/resource_docs/geometric_and_topological_representation/sys/5_schema.htm#topology_schema.connected_face_sub_set
293,connected_volume_set,连接体积集合,几何 / 拓扑 / 实体造型,3D 建模 / 实体造型（3D modeling & solid）,topology_schema,https://www.steptools.com/stds/smrl/data/resource_docs/geometric_and_topological_representation/sys/5_schema.htm#topology_schema.connected_volume_set
294,connected_volume_sub_set,连接体积子集合,几何 / 拓扑 / 实体造型,3D 建模 / 实体造型（3D modeling & solid）,topology_schema,https://www.steptools.com/stds/smrl/data/resource_docs/geometric_and_topological_representation/sys/5_schema.htm#topology_schema.connected_volume_sub_set
295,connection_zone_interface_plane_relationship,连接区域接口平面关系,公差 / 尺寸 / 基准（PMI）,检测 / PMI（inspection & tolerance）,feature_and_connection_zone_mim,https://www.steptools.com/stds/smrl/data/modules/feature_and_connection_zone/sys/5_mim.htm#feature_and_connection_zone_mim.connection_zone_interface_plane_relationship
296,constant_function,常量函数,表达式 / 数学 / 矩阵,其他 / 通用基础,,https://www.steptools.com/stds/smrl/data/resource_docs/mathematical_constructs/ISO_10303-50_2002(E)-Character_PDF_document.pdf
297,constituent_shape_aspect,组成部分形状要素,特征 / 加工特征,其他 / 通用基础,product_property_definition_schema,https://www.steptools.com/stds/smrl/data/resource_docs/fundamentals_of_product_description_and_support/sys/22_schema.htm#product_property_definition_schema.constituent_shape_aspect
298,constructive_geometry_representation,构造几何表示,渲染 / 外观 / 可视化 / 几何 / 拓扑 / 实体造型,3D 建模 / 实体造型（3D modeling & solid） / 渲染 / 可视化（rendering & visualization） / 元模型 / 表示框架（representation framework）,construction_geometry_mim,https://www.steptools.com/stds/smrl/data/modules/construction_geometry/sys/5_mim.htm#construction_geometry_mim.constructive_geometry_representation
299,constructive_geometry_representation_relationship,构造几何表示关系,渲染 / 外观 / 可视化 / 几何 / 拓扑 / 实体造型,3D 建模 / 实体造型（3D modeling & solid） / 渲染 / 可视化（rendering & visualization） / 元模型 / 表示框架（representation framework）,construction_geometry_mim,https://www.steptools.com/stds/smrl/data/modules/construction_geometry/sys/5_mim.htm#construction_geometry_mim.constructive_geometry_representation_relationship
300,contact_ratio_representation,接触比表示,电力 / 物理量 / 计量单位 / 渲染 / 外观 / 可视化 / 公差 / 尺寸 / 基准（PMI） / 材料 / 表面条件,渲染 / 可视化（rendering & visualization） / 检测 / PMI（inspection & tolerance） / 元模型 / 表示框架（representation framework）,surface_conditions_mim,https://www.steptools.com/stds/smrl/data/modules/surface_conditions/sys/5_mim.htm#surface_conditions_mim.contact_ratio_representation
301,contacting_feature,接触特征,特征 / 加工特征,其他 / 通用基础,shape_aspect_definition_schema,https://www.steptools.com/stds/smrl/data/resource_docs/shape_variation_tolerances/sys/4_schema.htm#shape_aspect_definition_schema.contacting_feature
302,context_dependent_invisibility,上下文相关不可见,渲染 / 外观 / 可视化,渲染 / 可视化（rendering & visualization）,presentation_appearance_schema,https://www.steptools.com/stds/smrl/data/resource_docs/visual_presentation/sys/6_schema.htm#presentation_appearance_schema.context_dependent_invisibility
303,context_dependent_kinematic_link_representation,上下文相关运动学链接表示,机械 / 运动学 / 传动 / 渲染 / 外观 / 可视化,渲染 / 可视化（rendering & visualization） / 运动学 / 仿真（kinematics & simulation） / 元模型 / 表示框架（representation framework）,kinematic_property_schema,https://www.steptools.com/stds/smrl/data/resource_docs/kinematics/sys/4_schema.htm#kinematic_property_schema.context_dependent_kinematic_link_representation
304,context_dependent_over_riding_styled_item,上下文相关的覆盖样式项,渲染 / 外观 / 可视化,渲染 / 可视化（rendering & visualization） / 元模型 / 表示框架（representation framework）,presentation_appearance_schema,https://www.steptools.com/stds/smrl/data/resource_docs/visual_presentation/sys/6_schema.htm#presentation_appearance_schema.context_dependent_over_riding_styled_item
305,context_dependent_shape_representation,上下文相关的形状表示,渲染 / 外观 / 可视化,渲染 / 可视化（rendering & visualization） / 元模型 / 表示框架（representation framework）,product_property_representation_schema,https://www.steptools.com/stds/smrl/data/resource_docs/fundamentals_of_product_description_and_support/sys/23_schema.htm#product_property_representation_schema.context_dependent_shape_representation
306,context_dependent_unit,上下文相关单位,电力 / 物理量 / 计量单位,其他 / 通用基础,measure_schema,https://www.steptools.com/stds/smrl/data/resource_docs/fundamentals_of_product_description_and_support/sys/19_schema.htm#measure_schema.context_dependent_unit
307,continuous_shape_aspect,连续形状要素,特征 / 加工特征,其他 / 通用基础,shape_aspect_definition_schema,https://www.steptools.com/stds/smrl/data/resource_docs/shape_variation_tolerances/sys/4_schema.htm#shape_aspect_definition_schema.continuous_shape_aspect
308,contouring_turning_operation,轮廓加工车削操作,NC / 数控加工（CAM）,制造 / 工艺规划（CAM & process planning）,aim-contouring_turning_operation,https://stepmfg.github.io/ap238/data/clause5.htm#aim-contouring_turning_operation
309,contract,合同,产品 / 配置 / 数据管理（PDM）,数据管理 / 配置（PDM & configuration）,contract_schema,https://www.steptools.com/stds/smrl/data/resource_docs/fundamentals_of_product_description_and_support/sys/9_schema.htm#contract_schema.contract
310,contract_assignment,合同赋值,产品 / 配置 / 数据管理（PDM）,数据管理 / 配置（PDM & configuration）,management_resources_schema,https://www.steptools.com/stds/smrl/data/resource_docs/fundamentals_of_product_description_and_support/sys/18_schema.htm#management_resources_schema.contract_assignment
311,contract_relationship,合同关系,产品 / 配置 / 数据管理（PDM）,数据管理 / 配置（PDM & configuration）,contract_schema,https://www.steptools.com/stds/smrl/data/resource_docs/fundamentals_of_product_description_and_support/sys/9_schema.htm#contract_schema.contract_relationship
312,contract_type,合同类型,产品 / 配置 / 数据管理（PDM）,数据管理 / 配置（PDM & configuration）,contract_schema,https://www.steptools.com/stds/smrl/data/resource_docs/fundamentals_of_product_description_and_support/sys/9_schema.htm#contract_schema.contract_type
313,conversion_based_unit,转换基于单位,电力 / 物理量 / 计量单位 / 产品 / 配置 / 数据管理（PDM）,数据管理 / 配置（PDM & configuration）,measure_schema,https://www.steptools.com/stds/smrl/data/resource_docs/fundamentals_of_product_description_and_support/sys/19_schema.htm#measure_schema.conversion_based_unit
314,convex_hexahedron,凸六面体,几何 / 拓扑 / 实体造型,3D 建模 / 实体造型（3D modeling & solid）,geometric_model_schema,https://www.steptools.com/stds/smrl/data/resource_docs/geometric_and_topological_representation/sys/6_schema.htm#geometric_model_schema.convex_hexahedron
315,coordinates_list,坐标列表,几何 / 拓扑 / 实体造型,3D 建模 / 实体造型（3D modeling & solid）,geometric_model_schema,https://www.steptools.com/stds/smrl/data/resource_docs/geometric_and_topological_representation/sys/6_schema.htm#geometric_model_schema.coordinates_list
316,cos_function,余弦函数,表达式 / 数学 / 矩阵,其他 / 通用基础,,https://www.steptools.com/stds/smrl/data/resource_docs/logical_model_of_expressions/ISO_13584-20_1998(E)-Character_PDF_document.pdf
317,counterbore_hole_definition,沉孔孔定义,特征 / 加工特征,其他 / 通用基础,counterbore_countersink_schema,https://www.steptools.com/stds/smrl/data/resource_docs/mechanical_features/sys/4_schema.htm#counterbore_countersink_schema.counterbore_hole_definition
318,counterbore_hole_occurrence,沉孔孔实例,产品 / 配置 / 数据管理（PDM） / 特征 / 加工特征,装配 / 结构（assembly & structure） / 数据管理 / 配置（PDM & configuration）,counterbore_countersink_schema,https://www.steptools.com/stds/smrl/data/resource_docs/mechanical_features/sys/4_schema.htm#counterbore_countersink_schema.counterbore_hole_occurrence
319,counterbore_hole_occurrence_in_assembly,装配中的沉孔孔实例,产品 / 配置 / 数据管理（PDM） / 特征 / 加工特征,装配 / 结构（assembly & structure） / 数据管理 / 配置（PDM & configuration）,counterbore_countersink_schema,https://www.steptools.com/stds/smrl/data/resource_docs/mechanical_features/sys/4_schema.htm#counterbore_countersink_schema.counterbore_hole_occurrence_in_assembly
320,counterdrill_hole_definition,沉钻孔定义,特征 / 加工特征,其他 / 通用基础,counterbore_countersink_schema,https://www.steptools.com/stds/smrl/data/resource_docs/mechanical_features/sys/4_schema.htm#counterbore_countersink_schema.counterdrill_hole_definition
321,counterdrill_hole_occurrence,沉钻孔实例,产品 / 配置 / 数据管理（PDM） / 特征 / 加工特征,装配 / 结构（assembly & structure） / 数据管理 / 配置（PDM & configuration）,counterbore_countersink_schema,https://www.steptools.com/stds/smrl/data/resource_docs/mechanical_features/sys/4_schema.htm#counterbore_countersink_schema.counterdrill_hole_occurrence
322,counterdrill_hole_occurrence_in_assembly,装配中的沉钻孔实例,产品 / 配置 / 数据管理（PDM） / 特征 / 加工特征,装配 / 结构（assembly & structure） / 数据管理 / 配置（PDM & configuration）,counterbore_countersink_schema,https://www.steptools.com/stds/smrl/data/resource_docs/mechanical_features/sys/4_schema.htm#counterbore_countersink_schema.counterdrill_hole_occurrence_in_assembly
323,countersink_hole_definition,锥形沉孔孔定义,特征 / 加工特征,其他 / 通用基础,counterbore_countersink_schema,https://www.steptools.com/stds/smrl/data/resource_docs/mechanical_features/sys/4_schema.htm#counterbore_countersink_schema.countersink_hole_definition
324,countersink_hole_occurrence,锥形沉孔孔实例,产品 / 配置 / 数据管理（PDM） / 特征 / 加工特征,装配 / 结构（assembly & structure） / 数据管理 / 配置（PDM & configuration）,counterbore_countersink_schema,https://www.steptools.com/stds/smrl/data/resource_docs/mechanical_features/sys/4_schema.htm#counterbore_countersink_schema.countersink_hole_occurrence
325,countersink_hole_occurrence_in_assembly,装配中的锥形沉孔孔实例,产品 / 配置 / 数据管理（PDM） / 特征 / 加工特征,装配 / 结构（assembly & structure） / 数据管理 / 配置（PDM & configuration）,counterbore_countersink_schema,https://www.steptools.com/stds/smrl/data/resource_docs/mechanical_features/sys/4_schema.htm#counterbore_countersink_schema.countersink_hole_occurrence_in_assembly
326,csg_solid,构造实体几何实体,几何 / 拓扑 / 实体造型,3D 建模 / 实体造型（3D modeling & solid）,geometric_model_schema,https://www.steptools.com/stds/smrl/data/resource_docs/geometric_and_topological_representation/sys/6_schema.htm#geometric_model_schema.csg_solid
327,cubic_bezier_tessellated_edge,三次贝塞尔镶嵌边,几何 / 拓扑 / 实体造型,3D 建模 / 实体造型（3D modeling & solid）,geometric_model_schema,https://www.steptools.com/stds/smrl/data/resource_docs/geometric_and_topological_representation/sys/6_schema.htm#geometric_model_schema.cubic_bezier_tessellated_edge
328,cubic_bezier_triangulated_face,三次贝塞尔三角剖分面,几何 / 拓扑 / 实体造型,3D 建模 / 实体造型（3D modeling & solid）,geometric_model_schema,https://www.steptools.com/stds/smrl/data/resource_docs/geometric_and_topological_representation/sys/6_schema.htm#geometric_model_schema.cubic_bezier_triangulated_face
329,cubic_tessellated_connecting_edge,三次镶嵌连接边,几何 / 拓扑 / 实体造型,3D 建模 / 实体造型（3D modeling & solid）,geometric_model_schema,https://www.steptools.com/stds/smrl/data/resource_docs/geometric_and_topological_representation/sys/6_schema.htm#geometric_model_schema.cubic_tessellated_connecting_edge
330,curve,曲线,几何 / 拓扑 / 实体造型,2D 绘图 / 草图（2D drafting & sketch） / 3D 建模 / 实体造型（3D modeling & solid）,geometry_schema,https://www.steptools.com/stds/smrl/data/resource_docs/geometric_and_topological_representation/sys/4_schema.htm#geometry_schema.curve
331,curve_based_path,曲线基于路径,机械 / 运动学 / 传动,运动学 / 仿真（kinematics & simulation） / 2D 绘图 / 草图（2D drafting & sketch）,kinematic_motion_representation_schema,https://www.steptools.com/stds/smrl/data/resource_docs/kinematics/sys/8_schema.htm#kinematic_motion_representation_schema.curve_based_path
332,curve_based_path_with_orientation,带定向的曲线基于路径,机械 / 运动学 / 传动,运动学 / 仿真（kinematics & simulation） / 2D 绘图 / 草图（2D drafting & sketch）,kinematic_motion_representation_schema,https://www.steptools.com/stds/smrl/data/resource_docs/kinematics/sys/8_schema.htm#kinematic_motion_representation_schema.curve_based_path_with_orientation
333,curve_based_path_with_orientation_and_parameters,带定向与参数的曲线基于路径,机械 / 运动学 / 传动,运动学 / 仿真（kinematics & simulation） / 2D 绘图 / 草图（2D drafting & sketch）,kinematic_motion_representation_schema,https://www.steptools.com/stds/smrl/data/resource_docs/kinematics/sys/8_schema.htm#kinematic_motion_representation_schema.curve_based_path_with_orientation_and_parameters
334,curve_bounded_surface,曲线有界曲面,几何 / 拓扑 / 实体造型,3D 建模 / 实体造型（3D modeling & solid）,geometry_schema,https://www.steptools.com/stds/smrl/data/resource_docs/geometric_and_topological_representation/sys/4_schema.htm#geometry_schema.curve_bounded_surface
335,curve_dimension,曲线尺寸,公差 / 尺寸 / 基准（PMI） / 制图 / 标注 / 工程图,2D 绘图 / 草图（2D drafting & sketch） / 制图 / 工程图（drawing & annotation） / 检测 / PMI（inspection & tolerance）,aic_draughting_elements,https://www.steptools.com/stds/smrl/data/resource_docs/draughting_elements/sys/4_schema.htm#aic_draughting_elements.curve_dimension
336,curve_replica,曲线复制,几何 / 拓扑 / 实体造型,3D 建模 / 实体造型（3D modeling & solid）,geometry_schema,https://www.steptools.com/stds/smrl/data/resource_docs/geometric_and_topological_representation/sys/4_schema.htm#geometry_schema.curve_replica
337,curve_style,曲线样式,渲染 / 外观 / 可视化,渲染 / 可视化（rendering & visualization）,presentation_appearance_schema,https://www.steptools.com/stds/smrl/data/resource_docs/visual_presentation/sys/6_schema.htm#presentation_appearance_schema.curve_style
338,curve_style_font,曲线样式字体,渲染 / 外观 / 可视化,渲染 / 可视化（rendering & visualization）,presentation_appearance_schema,https://www.steptools.com/stds/smrl/data/resource_docs/visual_presentation/sys/6_schema.htm#presentation_appearance_schema.curve_style_font
339,curve_style_font_and_scaling,曲线样式字体与缩放,渲染 / 外观 / 可视化,渲染 / 可视化（rendering & visualization）,presentation_appearance_schema,https://www.steptools.com/stds/smrl/data/resource_docs/visual_presentation/sys/6_schema.htm#presentation_appearance_schema.curve_style_font_and_scaling
340,curve_style_font_pattern,曲线样式字体阵列,渲染 / 外观 / 可视化 / 特征 / 加工特征,渲染 / 可视化（rendering & visualization）,presentation_appearance_schema,https://www.steptools.com/stds/smrl/data/resource_docs/visual_presentation/sys/6_schema.htm#presentation_appearance_schema.curve_style_font_pattern
341,curve_style_rendering,曲线样式渲染,渲染 / 外观 / 可视化,渲染 / 可视化（rendering & visualization）,presentation_appearance_schema,https://www.steptools.com/stds/smrl/data/resource_docs/visual_presentation/sys/6_schema.htm#presentation_appearance_schema.curve_style_rendering
342,curve_swept_solid_shape_representation,曲线扫掠实体形状表示,渲染 / 外观 / 可视化 / 几何 / 拓扑 / 实体造型,3D 建模 / 实体造型（3D modeling & solid） / 渲染 / 可视化（rendering & visualization） / 元模型 / 表示框架（representation framework）,aic_curve_swept_solid,https://www.steptools.com/stds/smrl/data/resource_docs/curve_swept_solid/sys/4_schema.htm#aic_curve_swept_solid.curve_swept_solid_shape_representation
343,cyclide_segment_solid,圆环曲面段实体,几何 / 拓扑 / 实体造型,3D 建模 / 实体造型（3D modeling & solid）,geometric_model_schema,https://www.steptools.com/stds/smrl/data/resource_docs/geometric_and_topological_representation/sys/6_schema.htm#geometric_model_schema.cyclide_segment_solid
344,cylindrical_pair,圆柱副,机械 / 运动学 / 传动,运动学 / 仿真（kinematics & simulation）,kinematic_structure_schema,https://www.steptools.com/stds/smrl/data/resource_docs/kinematics/sys/6_schema.htm#kinematic_structure_schema.cylindrical_pair
345,cylindrical_pair_value,圆柱副值,机械 / 运动学 / 传动,运动学 / 仿真（kinematics & simulation）,kinematic_state_schema,https://www.steptools.com/stds/smrl/data/resource_docs/kinematics/sys/7_schema.htm#kinematic_state_schema.cylindrical_pair_value
346,cylindrical_pair_with_range,带范围的圆柱副,机械 / 运动学 / 传动,运动学 / 仿真（kinematics & simulation）,kinematic_structure_schema,https://www.steptools.com/stds/smrl/data/resource_docs/kinematics/sys/6_schema.htm#kinematic_structure_schema.cylindrical_pair_with_range
347,cylindrical_point,圆柱点,几何 / 拓扑 / 实体造型,3D 建模 / 实体造型（3D modeling & solid）,geometry_schema,https://www.steptools.com/stds/smrl/data/resource_docs/geometric_and_topological_representation/sys/4_schema.htm#geometry_schema.cylindrical_point
348,cylindrical_shape_representation,圆柱形状表示,渲染 / 外观 / 可视化 / 特征 / 加工特征,渲染 / 可视化（rendering & visualization） / 元模型 / 表示框架（representation framework）,aim-cylindrical_shape_representation,https://stepmfg.github.io/ap238/data/clause5.htm#aim-cylindrical_shape_representation
349,cylindrical_surface,圆柱曲面,几何 / 拓扑 / 实体造型,3D 建模 / 实体造型（3D modeling & solid）,geometry_schema,https://www.steptools.com/stds/smrl/data/resource_docs/geometric_and_topological_representation/sys/4_schema.htm#geometry_schema.cylindrical_surface
350,cylindrical_volume,圆柱体积,几何 / 拓扑 / 实体造型,3D 建模 / 实体造型（3D modeling & solid）,geometry_schema,https://www.steptools.com/stds/smrl/data/resource_docs/geometric_and_topological_representation/sys/4_schema.htm#geometry_schema.cylindrical_volume
351,cylindricity_tolerance,圆柱度公差,公差 / 尺寸 / 基准（PMI）,检测 / PMI（inspection & tolerance）,shape_tolerance_schema,https://www.steptools.com/stds/smrl/data/resource_docs/shape_variation_tolerances/sys/6_schema.htm#shape_tolerance_schema.cylindricity_tolerance
352,data_environment,数据环境,表达式 / 数学 / 矩阵 / 材料 / 表面条件,属性 / 特征化（property & characterization）,material_property_representation_schema,https://www.steptools.com/stds/smrl/data/resource_docs/material_and_other_engineering_properties/sys/5_schema.htm#material_property_representation_schema.data_environment
353,date,日期,产品 / 配置 / 数据管理（PDM）,数据管理 / 配置（PDM & configuration）,date_time_schema,https://www.steptools.com/stds/smrl/data/resource_docs/fundamentals_of_product_description_and_support/sys/10_schema.htm#date_time_schema.date
354,date_and_time,日期与时间,产品 / 配置 / 数据管理（PDM）,数据管理 / 配置（PDM & configuration）,date_time_schema,https://www.steptools.com/stds/smrl/data/resource_docs/fundamentals_of_product_description_and_support/sys/10_schema.htm#date_time_schema.date_and_time
355,date_and_time_assignment,日期与时间赋值,产品 / 配置 / 数据管理（PDM）,数据管理 / 配置（PDM & configuration）,management_resources_schema,https://www.steptools.com/stds/smrl/data/resource_docs/fundamentals_of_product_description_and_support/sys/18_schema.htm#management_resources_schema.date_and_time_assignment
356,date_assignment,日期赋值,产品 / 配置 / 数据管理（PDM）,数据管理 / 配置（PDM & configuration）,management_resources_schema,https://www.steptools.com/stds/smrl/data/resource_docs/fundamentals_of_product_description_and_support/sys/18_schema.htm#management_resources_schema.date_assignment
357,date_representation_item,日期表示项,渲染 / 外观 / 可视化 / 产品 / 配置 / 数据管理（PDM）,渲染 / 可视化（rendering & visualization） / 数据管理 / 配置（PDM & configuration） / 元模型 / 表示框架（representation framework）,basic_data_representation_mim,https://www.steptools.com/stds/smrl/data/modules/basic_data_representation/sys/5_mim.htm#basic_data_representation_mim.date_representation_item
358,date_role,日期角色,产品 / 配置 / 数据管理（PDM）,数据管理 / 配置（PDM & configuration）,date_time_schema,https://www.steptools.com/stds/smrl/data/resource_docs/fundamentals_of_product_description_and_support/sys/10_schema.htm#date_time_schema.date_role
359,date_time_representation_item,日期时间表示项,渲染 / 外观 / 可视化 / 产品 / 配置 / 数据管理（PDM）,渲染 / 可视化（rendering & visualization） / 数据管理 / 配置（PDM & configuration） / 元模型 / 表示框架（representation framework）,basic_data_representation_mim,https://www.steptools.com/stds/smrl/data/modules/basic_data_representation/sys/5_mim.htm#basic_data_representation_mim.date_time_representation_item
360,date_time_role,日期时间角色,产品 / 配置 / 数据管理（PDM）,数据管理 / 配置（PDM & configuration）,date_time_schema,https://www.steptools.com/stds/smrl/data/resource_docs/fundamentals_of_product_description_and_support/sys/10_schema.htm#date_time_schema.date_time_role
361,dated_effectivity,注明日期有效性,产品 / 配置 / 数据管理（PDM）,数据管理 / 配置（PDM & configuration） / 有效性 / 版本（effectivity & versioning）,effectivity_schema,https://www.steptools.com/stds/smrl/data/resource_docs/fundamentals_of_product_description_and_support/sys/12_schema.htm#effectivity_schema.dated_effectivity
362,datum,基准,公差 / 尺寸 / 基准（PMI）,检测 / PMI（inspection & tolerance）,shape_aspect_definition_schema,https://www.steptools.com/stds/smrl/data/resource_docs/shape_variation_tolerances/sys/4_schema.htm#shape_aspect_definition_schema.datum
363,datum_feature,基准要素,公差 / 尺寸 / 基准（PMI） / 特征 / 加工特征,检测 / PMI（inspection & tolerance）,shape_aspect_definition_schema,https://www.steptools.com/stds/smrl/data/resource_docs/shape_variation_tolerances/sys/4_schema.htm#shape_aspect_definition_schema.datum_feature
364,datum_feature_callout,基准要素注记,公差 / 尺寸 / 基准（PMI） / 制图 / 标注 / 工程图 / 特征 / 加工特征,2D 绘图 / 草图（2D drafting & sketch） / 制图 / 工程图（drawing & annotation） / 检测 / PMI（inspection & tolerance）,aic_draughting_elements,https://www.steptools.com/stds/smrl/data/resource_docs/draughting_elements/sys/4_schema.htm#aic_draughting_elements.datum_feature_callout
365,datum_reference,基准引用,公差 / 尺寸 / 基准（PMI）,检测 / PMI（inspection & tolerance） / 外部引用 / 代理机制（external reference & proxy）,shape_aspect_definition_schema,https://www.steptools.com/stds/smrl/data/resource_docs/shape_variation_tolerances/sys/4_schema.htm#shape_aspect_definition_schema.datum_reference
366,datum_reference_compartment,基准引用格,公差 / 尺寸 / 基准（PMI）,检测 / PMI（inspection & tolerance） / 外部引用 / 代理机制（external reference & proxy）,shape_aspect_definition_schema,https://www.steptools.com/stds/smrl/data/resource_docs/shape_variation_tolerances/sys/4_schema.htm#shape_aspect_definition_schema.datum_reference_compartment
367,datum_reference_element,基准引用元素,公差 / 尺寸 / 基准（PMI）,检测 / PMI（inspection & tolerance） / 外部引用 / 代理机制（external reference & proxy）,shape_aspect_definition_schema,https://www.steptools.com/stds/smrl/data/resource_docs/shape_variation_tolerances/sys/4_schema.htm#shape_aspect_definition_schema.datum_reference_element
368,datum_reference_modifier_with_value,带值的基准引用修饰符,公差 / 尺寸 / 基准（PMI）,检测 / PMI（inspection & tolerance） / 外部引用 / 代理机制（external reference & proxy）,shape_aspect_definition_schema,https://www.steptools.com/stds/smrl/data/resource_docs/shape_variation_tolerances/sys/4_schema.htm#shape_aspect_definition_schema.datum_reference_modifier_with_value
369,datum_system,基准体系,公差 / 尺寸 / 基准（PMI）,检测 / PMI（inspection & tolerance）,shape_aspect_definition_schema,https://www.steptools.com/stds/smrl/data/resource_docs/shape_variation_tolerances/sys/4_schema.htm#shape_aspect_definition_schema.datum_system
370,datum_target,基准目标,公差 / 尺寸 / 基准（PMI）,检测 / PMI（inspection & tolerance）,shape_aspect_definition_schema,https://www.steptools.com/stds/smrl/data/resource_docs/shape_variation_tolerances/sys/4_schema.htm#shape_aspect_definition_schema.datum_target
371,datum_target_callout,基准目标注记,公差 / 尺寸 / 基准（PMI） / 制图 / 标注 / 工程图,2D 绘图 / 草图（2D drafting & sketch） / 制图 / 工程图（drawing & annotation） / 检测 / PMI（inspection & tolerance）,aic_draughting_elements,https://www.steptools.com/stds/smrl/data/resource_docs/draughting_elements/sys/4_schema.htm#aic_draughting_elements.datum_target_callout
372,default_model_geometric_view,默认模型几何视图,制图 / 标注 / 工程图,2D 绘图 / 草图（2D drafting & sketch） / 制图 / 工程图（drawing & annotation）,mechanical_design_presentation_representation_with_draughting_mim,https://www.steptools.com/stds/smrl/data/modules/mechanical_design_presentation_representation_with_draughting/sys/5_mim.htm#mechanical_design_presentation_representation_with_draughting_mim.default_model_geometric_view
373,default_tolerance_table,默认公差表,公差 / 尺寸 / 基准（PMI）,检测 / PMI（inspection & tolerance）,default_tolerance_mim,https://www.steptools.com/stds/smrl/data/modules/default_tolerance/sys/5_mim.htm#default_tolerance_mim.default_tolerance_table
374,default_tolerance_table_cell,默认公差表单元,公差 / 尺寸 / 基准（PMI）,检测 / PMI（inspection & tolerance）,default_tolerance_mim,https://www.steptools.com/stds/smrl/data/modules/default_tolerance/sys/5_mim.htm#default_tolerance_mim.default_tolerance_table_cell
375,defined_character_glyph,定义字符字形,渲染 / 外观 / 可视化 / 制图 / 标注 / 工程图,2D 绘图 / 草图（2D drafting & sketch） / 制图 / 工程图（drawing & annotation） / 渲染 / 可视化（rendering & visualization）,presentation_definition_schema,https://www.steptools.com/stds/smrl/data/resource_docs/visual_presentation/sys/5_schema.htm#presentation_definition_schema.defined_character_glyph
376,defined_function,定义函数,表达式 / 数学 / 矩阵,其他 / 通用基础,,https://www.steptools.com/stds/smrl/data/resource_docs/logical_model_of_expressions/ISO_13584-20_1998(E)-Character_PDF_document.pdf
377,defined_symbol,定义符号,制图 / 标注 / 工程图,2D 绘图 / 草图（2D drafting & sketch） / 制图 / 工程图（drawing & annotation）,presentation_definition_schema,https://www.steptools.com/stds/smrl/data/resource_docs/visual_presentation/sys/5_schema.htm#presentation_definition_schema.defined_symbol
378,definite_integral_expression,确定积分表达式,表达式 / 数学 / 矩阵,其他 / 通用基础,,https://www.steptools.com/stds/smrl/data/resource_docs/mathematical_constructs/ISO_10303-50_2002(E)-Character_PDF_document.pdf
379,definite_integral_function,确定积分函数,表达式 / 数学 / 矩阵,其他 / 通用基础,,https://www.steptools.com/stds/smrl/data/resource_docs/mathematical_constructs/ISO_10303-50_2002(E)-Character_PDF_document.pdf
380,definitional_product_definition_usage,定义性产品定义用法,产品 / 配置 / 数据管理（PDM）,装配 / 结构（assembly & structure） / 数据管理 / 配置（PDM & configuration） / 元模型 / 表示框架（representation framework）,part_definition_relationship_mim,https://www.steptools.com/stds/smrl/data/modules/part_definition_relationship/sys/5_mim.htm#part_definition_relationship_mim.definitional_product_definition_usage
381,definitional_representation,定义性表示,渲染 / 外观 / 可视化,渲染 / 可视化（rendering & visualization） / 元模型 / 表示框架（representation framework）,representation_schema,https://www.steptools.com/stds/smrl/data/resource_docs/representation_structures/sys/4_schema.htm#representation_schema.definitional_representation
382,definitional_representation_relationship,定义性表示关系,渲染 / 外观 / 可视化,渲染 / 可视化（rendering & visualization） / 元模型 / 表示框架（representation framework）,representation_schema,https://www.steptools.com/stds/smrl/data/resource_docs/representation_structures/sys/4_schema.htm#representation_schema.definitional_representation_relationship
383,definitional_representation_relationship_with_same_context,带相同上下文的定义性表示关系,渲染 / 外观 / 可视化,渲染 / 可视化（rendering & visualization） / 元模型 / 表示框架（representation framework）,representation_schema,https://www.steptools.com/stds/smrl/data/resource_docs/representation_structures/sys/4_schema.htm#representation_schema.definitional_representation_relationship_with_same_context
384,degenerate_pcurve,退化参数曲线,几何 / 拓扑 / 实体造型,3D 建模 / 实体造型（3D modeling & solid）,geometry_schema,https://www.steptools.com/stds/smrl/data/resource_docs/geometric_and_topological_representation/sys/4_schema.htm#geometry_schema.degenerate_pcurve
385,degenerate_toroidal_surface,退化环面曲面,几何 / 拓扑 / 实体造型,3D 建模 / 实体造型（3D modeling & solid）,geometry_schema,https://www.steptools.com/stds/smrl/data/resource_docs/geometric_and_topological_representation/sys/4_schema.htm#geometry_schema.degenerate_toroidal_surface
386,dependent_variable_definition,相关变量定义,表达式 / 数学 / 矩阵,其他 / 通用基础,,https://www.steptools.com/stds/smrl/data/resource_docs/mathematical_constructs/ISO_10303-50_2002(E)-Character_PDF_document.pdf
387,derived_shape_aspect,派生形状要素,特征 / 加工特征,其他 / 通用基础,shape_aspect_definition_schema,https://www.steptools.com/stds/smrl/data/resource_docs/shape_variation_tolerances/sys/4_schema.htm#shape_aspect_definition_schema.derived_shape_aspect
388,derived_unit,导出单位,电力 / 物理量 / 计量单位,其他 / 通用基础,aim-derived_unit,https://stepmfg.github.io/ap238/data/clause5.htm#aim-derived_unit
389,derived_unit_element,派生单位元素,电力 / 物理量 / 计量单位,其他 / 通用基础,measure_schema,https://www.steptools.com/stds/smrl/data/resource_docs/fundamentals_of_product_description_and_support/sys/19_schema.htm#measure_schema.derived_unit_element
390,description_attribute,描述属性,产品 / 配置 / 数据管理（PDM）,2D 绘图 / 草图（2D drafting & sketch） / 数据管理 / 配置（PDM & configuration）,basic_attribute_schema,https://www.steptools.com/stds/smrl/data/resource_docs/fundamentals_of_product_description_and_support/sys/7_schema.htm#basic_attribute_schema.description_attribute
391,descriptive_representation_item,描述表示项,渲染 / 外观 / 可视化,渲染 / 可视化（rendering & visualization） / 检测 / PMI（inspection & tolerance） / 元模型 / 表示框架（representation framework） / 属性 / 特征化（property & characterization）,qualified_measure_schema,https://www.steptools.com/stds/smrl/data/resource_docs/material_and_other_engineering_properties/sys/6_schema.htm#qualified_measure_schema.descriptive_representation_item
392,diameter_dimension,直径尺寸,公差 / 尺寸 / 基准（PMI） / 制图 / 标注 / 工程图,2D 绘图 / 草图（2D drafting & sketch） / 制图 / 工程图（drawing & annotation） / 检测 / PMI（inspection & tolerance）,aic_draughting_elements,https://www.steptools.com/stds/smrl/data/resource_docs/draughting_elements/sys/4_schema.htm#aic_draughting_elements.diameter_dimension
393,dielectric_constant_measure_with_unit,带单位的介电常量量,电力 / 物理量 / 计量单位,检测 / PMI（inspection & tolerance）,value_with_unit_extension_mim,https://www.steptools.com/stds/smrl/data/modules/value_with_unit_extension/sys/5_mim.htm#value_with_unit_extension_mim.dielectric_constant_measure_with_unit
394,dimension_callout,尺寸标注注记,公差 / 尺寸 / 基准（PMI） / 制图 / 标注 / 工程图,2D 绘图 / 草图（2D drafting & sketch） / 制图 / 工程图（drawing & annotation） / 检测 / PMI（inspection & tolerance）,draughting_dimension_schema,https://www.steptools.com/stds/smrl/data/resource_docs/draughting/sys/6_schema.htm#draughting_dimension_schema.dimension_callout
395,dimension_callout_component_relationship,尺寸标注注记组成关系,公差 / 尺寸 / 基准（PMI） / 制图 / 标注 / 工程图,2D 绘图 / 草图（2D drafting & sketch） / 制图 / 工程图（drawing & annotation） / 装配 / 结构（assembly & structure） / 检测 / PMI（inspection & tolerance）,aic_draughting_elements,https://www.steptools.com/stds/smrl/data/resource_docs/draughting_elements/sys/4_schema.htm#aic_draughting_elements.dimension_callout_component_relationship
396,dimension_callout_relationship,尺寸标注注记关系,公差 / 尺寸 / 基准（PMI） / 制图 / 标注 / 工程图,2D 绘图 / 草图（2D drafting & sketch） / 制图 / 工程图（drawing & annotation） / 检测 / PMI（inspection & tolerance）,aic_draughting_elements,https://www.steptools.com/stds/smrl/data/resource_docs/draughting_elements/sys/4_schema.htm#aic_draughting_elements.dimension_callout_relationship
397,dimension_curve,尺寸线,几何 / 拓扑 / 实体造型 / 公差 / 尺寸 / 基准（PMI） / 制图 / 标注 / 工程图,2D 绘图 / 草图（2D drafting & sketch） / 3D 建模 / 实体造型（3D modeling & solid） / 制图 / 工程图（drawing & annotation） / 检测 / PMI（inspection & tolerance）,draughting_element_schema,https://www.steptools.com/stds/smrl/data/resource_docs/draughting/sys/5_schema.htm#draughting_element_schema.dimension_curve
398,dimension_curve_directed_callout,尺寸线有向注记,几何 / 拓扑 / 实体造型 / 公差 / 尺寸 / 基准（PMI） / 制图 / 标注 / 工程图,2D 绘图 / 草图（2D drafting & sketch） / 3D 建模 / 实体造型（3D modeling & solid） / 制图 / 工程图（drawing & annotation） / 检测 / PMI（inspection & tolerance）,draughting_element_schema,https://www.steptools.com/stds/smrl/data/resource_docs/draughting/sys/5_schema.htm#draughting_element_schema.dimension_curve_directed_callout
399,dimension_curve_terminator,尺寸线终止符,几何 / 拓扑 / 实体造型 / 公差 / 尺寸 / 基准（PMI） / 制图 / 标注 / 工程图,2D 绘图 / 草图（2D drafting & sketch） / 3D 建模 / 实体造型（3D modeling & solid） / 制图 / 工程图（drawing & annotation） / 检测 / PMI（inspection & tolerance）,draughting_element_schema,https://www.steptools.com/stds/smrl/data/resource_docs/draughting/sys/5_schema.htm#draughting_element_schema.dimension_curve_terminator
400,dimension_curve_terminator_to_projection_curve_associativity,尺寸线终止符到投影曲线的关联,几何 / 拓扑 / 实体造型 / 公差 / 尺寸 / 基准（PMI） / 制图 / 标注 / 工程图 / 产品 / 配置 / 数据管理（PDM）,2D 绘图 / 草图（2D drafting & sketch） / 3D 建模 / 实体造型（3D modeling & solid） / 制图 / 工程图（drawing & annotation） / 检测 / PMI（inspection & tolerance） / 数据管理 / 配置（PDM & configuration）,dimension_and_tolerance_callouts_mim,https://www.steptools.com/stds/smrl/data/modules/dimension_and_tolerance_callouts/sys/5_mim.htm#dimension_and_tolerance_callouts_mim.dimension_curve_terminator_to_projection_curve_associativity
401,dimension_pair,尺寸对,机械 / 运动学 / 传动 / 公差 / 尺寸 / 基准（PMI） / 制图 / 标注 / 工程图,2D 绘图 / 草图（2D drafting & sketch） / 制图 / 工程图（drawing & annotation） / 运动学 / 仿真（kinematics & simulation） / 检测 / PMI（inspection & tolerance）,aic_draughting_elements,https://www.steptools.com/stds/smrl/data/resource_docs/draughting_elements/sys/4_schema.htm#aic_draughting_elements.dimension_pair
402,dimension_related_tolerance_zone_element,与尺寸相关的公差带元素,公差 / 尺寸 / 基准（PMI）,检测 / PMI（inspection & tolerance）,shape_tolerance_schema,https://www.steptools.com/stds/smrl/data/resource_docs/shape_variation_tolerances/sys/6_schema.htm#shape_tolerance_schema.dimension_related_tolerance_zone_element
403,dimension_text_associativity,尺寸文本关联,公差 / 尺寸 / 基准（PMI） / 制图 / 标注 / 工程图,2D 绘图 / 草图（2D drafting & sketch） / 制图 / 工程图（drawing & annotation） / 检测 / PMI（inspection & tolerance）,aic_associative_draughting_elements,https://www.steptools.com/stds/smrl/data/resource_docs/associative_draughting_elements/sys/4_schema.htm#aic_associative_draughting_elements.dimension_text_associativity
404,dimensional_characteristic_representation,尺寸特征表示,渲染 / 外观 / 可视化 / 公差 / 尺寸 / 基准（PMI）,渲染 / 可视化（rendering & visualization） / 检测 / PMI（inspection & tolerance） / 元模型 / 表示框架（representation framework） / 属性 / 特征化（property & characterization）,shape_dimension_schema,https://www.steptools.com/stds/smrl/data/resource_docs/shape_variation_tolerances/sys/5_schema.htm#shape_dimension_schema.dimensional_characteristic_representation
405,dimensional_exponents,尺寸指数,电力 / 物理量 / 计量单位 / 公差 / 尺寸 / 基准（PMI）,检测 / PMI（inspection & tolerance）,measure_schema,https://www.steptools.com/stds/smrl/data/resource_docs/fundamentals_of_product_description_and_support/sys/19_schema.htm#measure_schema.dimensional_exponents
406,dimensional_location,位置尺寸（dimensional location）,公差 / 尺寸 / 基准（PMI）,检测 / PMI（inspection & tolerance）,shape_dimension_schema,https://www.steptools.com/stds/smrl/data/resource_docs/shape_variation_tolerances/sys/5_schema.htm#shape_dimension_schema.dimensional_location
407,dimensional_location_with_datum_feature,以基准要素定义的位置尺寸,公差 / 尺寸 / 基准（PMI） / 特征 / 加工特征,检测 / PMI（inspection & tolerance）,shape_aspect_definition_schema,https://www.steptools.com/stds/smrl/data/resource_docs/shape_variation_tolerances/sys/4_schema.htm#shape_aspect_definition_schema.dimensional_location_with_datum_feature
408,dimensional_location_with_path,带路径的位置尺寸,公差 / 尺寸 / 基准（PMI）,检测 / PMI（inspection & tolerance）,shape_dimension_schema,https://www.steptools.com/stds/smrl/data/resource_docs/shape_variation_tolerances/sys/5_schema.htm#shape_dimension_schema.dimensional_location_with_path
409,dimensional_size,尺寸（dimensional size）,公差 / 尺寸 / 基准（PMI）,检测 / PMI（inspection & tolerance）,shape_dimension_schema,https://www.steptools.com/stds/smrl/data/resource_docs/shape_variation_tolerances/sys/5_schema.htm#shape_dimension_schema.dimensional_size
410,dimensional_size_with_datum_feature,以基准要素定义的尺寸,公差 / 尺寸 / 基准（PMI） / 特征 / 加工特征,检测 / PMI（inspection & tolerance）,shape_aspect_definition_schema,https://www.steptools.com/stds/smrl/data/resource_docs/shape_variation_tolerances/sys/4_schema.htm#shape_aspect_definition_schema.dimensional_size_with_datum_feature
411,dimensional_size_with_path,带路径的尺寸,公差 / 尺寸 / 基准（PMI）,检测 / PMI（inspection & tolerance）,shape_dimension_schema,https://www.steptools.com/stds/smrl/data/resource_docs/shape_variation_tolerances/sys/5_schema.htm#shape_dimension_schema.dimensional_size_with_path
412,directed_action,有向动作,产品 / 配置 / 数据管理（PDM）,数据管理 / 配置（PDM & configuration）,action_schema,https://www.steptools.com/stds/smrl/data/resource_docs/fundamentals_of_product_description_and_support/sys/4_schema.htm#action_schema.directed_action
413,directed_action_assignment,有向动作赋值,产品 / 配置 / 数据管理（PDM）,数据管理 / 配置（PDM & configuration）,action_schema,https://www.steptools.com/stds/smrl/data/resource_docs/fundamentals_of_product_description_and_support/sys/4_schema.htm#action_schema.directed_action_assignment
414,directed_dimensional_location,有向位置尺寸,公差 / 尺寸 / 基准（PMI）,检测 / PMI（inspection & tolerance）,shape_dimension_schema,https://www.steptools.com/stds/smrl/data/resource_docs/shape_variation_tolerances/sys/5_schema.htm#shape_dimension_schema.directed_dimensional_location
415,directed_tolerance_zone,有向公差带,公差 / 尺寸 / 基准（PMI）,检测 / PMI（inspection & tolerance）,shape_tolerance_schema,https://www.steptools.com/stds/smrl/data/resource_docs/shape_variation_tolerances/sys/6_schema.htm#shape_tolerance_schema.directed_tolerance_zone
416,direction,方向,几何 / 拓扑 / 实体造型,3D 建模 / 实体造型（3D modeling & solid）,geometry_schema,https://www.steptools.com/stds/smrl/data/resource_docs/geometric_and_topological_representation/sys/4_schema.htm#geometry_schema.direction
417,direction_shape_representation,方向形状表示,渲染 / 外观 / 可视化 / 几何 / 拓扑 / 实体造型 / 特征 / 加工特征,3D 建模 / 实体造型（3D modeling & solid） / 渲染 / 可视化（rendering & visualization） / 元模型 / 表示框架（representation framework）,machining_feature_schema,https://www.steptools.com/stds/smrl/data/resource_docs/mechanical_features/sys/5_schema.htm#machining_feature_schema.direction_shape_representation
418,div_expression,除法表达式,表达式 / 数学 / 矩阵,其他 / 通用基础,,https://www.steptools.com/stds/smrl/data/resource_docs/logical_model_of_expressions/ISO_13584-20_1998(E)-Character_PDF_document.pdf
419,document,文档,产品 / 配置 / 数据管理（PDM）,数据管理 / 配置（PDM & configuration）,document_schema,https://www.steptools.com/stds/smrl/data/resource_docs/fundamentals_of_product_description_and_support/sys/11_schema.htm#document_schema.document
420,document_file,文档文件,产品 / 配置 / 数据管理（PDM）,数据管理 / 配置（PDM & configuration）,file_identification_mim,https://www.steptools.com/stds/smrl/data/modules/file_identification/sys/5_mim.htm#file_identification_mim.document_file
421,document_identifier,文档标识符,产品 / 配置 / 数据管理（PDM）,数据管理 / 配置（PDM & configuration）,specification_document_mim,https://www.steptools.com/stds/smrl/data/modules/specification_document/sys/5_mim.htm#specification_document_mim.document_identifier
422,document_identifier_assignment,文档标识符赋值,产品 / 配置 / 数据管理（PDM）,数据管理 / 配置（PDM & configuration）,specification_document_mim,https://www.steptools.com/stds/smrl/data/modules/specification_document/sys/5_mim.htm#specification_document_mim.document_identifier_assignment
423,document_product_association,文档产品关联,产品 / 配置 / 数据管理（PDM）,数据管理 / 配置（PDM & configuration）,document_schema,https://www.steptools.com/stds/smrl/data/resource_docs/fundamentals_of_product_description_and_support/sys/11_schema.htm#document_schema.document_product_association
424,document_product_equivalence,文档产品等价,产品 / 配置 / 数据管理（PDM）,数据管理 / 配置（PDM & configuration）,document_assignment_mim,https://www.steptools.com/stds/smrl/data/modules/document_assignment/sys/5_mim.htm#document_assignment_mim.document_product_equivalence
425,document_reference,文档引用,产品 / 配置 / 数据管理（PDM）,数据管理 / 配置（PDM & configuration） / 外部引用 / 代理机制（external reference & proxy）,management_resources_schema,https://www.steptools.com/stds/smrl/data/resource_docs/fundamentals_of_product_description_and_support/sys/18_schema.htm#management_resources_schema.document_reference
426,document_relationship,文档关系,产品 / 配置 / 数据管理（PDM）,数据管理 / 配置（PDM & configuration）,document_schema,https://www.steptools.com/stds/smrl/data/resource_docs/fundamentals_of_product_description_and_support/sys/11_schema.htm#document_schema.document_relationship
427,document_representation_type,文档表示类型,渲染 / 外观 / 可视化 / 产品 / 配置 / 数据管理（PDM）,渲染 / 可视化（rendering & visualization） / 数据管理 / 配置（PDM & configuration） / 元模型 / 表示框架（representation framework）,document_schema,https://www.steptools.com/stds/smrl/data/resource_docs/fundamentals_of_product_description_and_support/sys/11_schema.htm#document_schema.document_representation_type
428,document_type,文档类型,产品 / 配置 / 数据管理（PDM）,数据管理 / 配置（PDM & configuration）,document_schema,https://www.steptools.com/stds/smrl/data/resource_docs/fundamentals_of_product_description_and_support/sys/11_schema.htm#document_schema.document_type
429,document_usage_constraint,文档用法约束,产品 / 配置 / 数据管理（PDM）,数据管理 / 配置（PDM & configuration）,document_schema,https://www.steptools.com/stds/smrl/data/resource_docs/fundamentals_of_product_description_and_support/sys/11_schema.htm#document_schema.document_usage_constraint
430,document_usage_constraint_assignment,文档用法约束赋值,产品 / 配置 / 数据管理（PDM）,数据管理 / 配置（PDM & configuration）,management_resources_schema,https://www.steptools.com/stds/smrl/data/resource_docs/fundamentals_of_product_description_and_support/sys/18_schema.htm#management_resources_schema.document_usage_constraint_assignment
431,document_usage_role,文档用法角色,产品 / 配置 / 数据管理（PDM）,数据管理 / 配置（PDM & configuration）,management_resources_schema,https://www.steptools.com/stds/smrl/data/resource_docs/fundamentals_of_product_description_and_support/sys/18_schema.htm#management_resources_schema.document_usage_role
432,dose_equivalent_measure_with_unit,带单位的剂量当量,电力 / 物理量 / 计量单位,检测 / PMI（inspection & tolerance）,measure_schema,https://www.steptools.com/stds/smrl/data/resource_docs/fundamentals_of_product_description_and_support/sys/19_schema.htm#measure_schema.dose_equivalent_measure_with_unit
433,dose_equivalent_unit,剂量等效单位,电力 / 物理量 / 计量单位,其他 / 通用基础,measure_schema,https://www.steptools.com/stds/smrl/data/resource_docs/fundamentals_of_product_description_and_support/sys/19_schema.htm#measure_schema.dose_equivalent_unit
434,draughting_annotation_occurrence,制图标注实例,制图 / 标注 / 工程图 / 产品 / 配置 / 数据管理（PDM）,2D 绘图 / 草图（2D drafting & sketch） / 制图 / 工程图（drawing & annotation） / 装配 / 结构（assembly & structure） / 数据管理 / 配置（PDM & configuration）,aic_draughting_annotation,https://www.steptools.com/stds/smrl/data/resource_docs/draughting_annotation/sys/4_schema.htm#aic_draughting_annotation.draughting_annotation_occurrence
435,draughting_callout,制图注记,制图 / 标注 / 工程图,2D 绘图 / 草图（2D drafting & sketch） / 制图 / 工程图（drawing & annotation）,draughting_element_schema,https://www.steptools.com/stds/smrl/data/resource_docs/draughting/sys/5_schema.htm#draughting_element_schema.draughting_callout
436,draughting_callout_relationship,制图注记关系,制图 / 标注 / 工程图,2D 绘图 / 草图（2D drafting & sketch） / 制图 / 工程图（drawing & annotation）,draughting_element_schema,https://www.steptools.com/stds/smrl/data/resource_docs/draughting/sys/5_schema.htm#draughting_element_schema.draughting_callout_relationship
437,draughting_elements,制图元素,制图 / 标注 / 工程图,2D 绘图 / 草图（2D drafting & sketch） / 制图 / 工程图（drawing & annotation）,aic_draughting_elements,https://www.steptools.com/stds/smrl/data/resource_docs/draughting_elements/sys/4_schema.htm#aic_draughting_elements.draughting_elements
438,draughting_model,制图模型,制图 / 标注 / 工程图,2D 绘图 / 草图（2D drafting & sketch） / 制图 / 工程图（drawing & annotation）,schematic_element_mim,https://www.steptools.com/stds/smrl/data/modules/schematic_element/sys/5_mim.htm#schematic_element_mim.draughting_model
439,draughting_model_item_association,制图模型项关联,制图 / 标注 / 工程图,2D 绘图 / 草图（2D drafting & sketch） / 制图 / 工程图（drawing & annotation）,draughting_element_schema,https://www.steptools.com/stds/smrl/data/resource_docs/draughting/sys/5_schema.htm#draughting_element_schema.draughting_model_item_association
440,draughting_model_item_association_with_placeholder,带占位符的制图模型项关联,制图 / 标注 / 工程图,2D 绘图 / 草图（2D drafting & sketch） / 制图 / 工程图（drawing & annotation） / 外部引用 / 代理机制（external reference & proxy）,mechanical_design_schema,https://www.steptools.com/stds/smrl/data/resource_docs/mechanical_features/sys/6_schema.htm#mechanical_design_schema.draughting_model_item_association_with_placeholder
441,draughting_pre_defined_colour,制图预定义颜色,渲染 / 外观 / 可视化 / 制图 / 标注 / 工程图,2D 绘图 / 草图（2D drafting & sketch） / 制图 / 工程图（drawing & annotation） / 渲染 / 可视化（rendering & visualization） / 外部引用 / 代理机制（external reference & proxy）,presentation_resource_schema,https://www.steptools.com/stds/smrl/data/resource_docs/visual_presentation/sys/7_schema.htm#presentation_resource_schema.draughting_pre_defined_colour
442,draughting_pre_defined_curve_font,制图预定义曲线字体,渲染 / 外观 / 可视化 / 几何 / 拓扑 / 实体造型 / 制图 / 标注 / 工程图,2D 绘图 / 草图（2D drafting & sketch） / 3D 建模 / 实体造型（3D modeling & solid） / 制图 / 工程图（drawing & annotation） / 渲染 / 可视化（rendering & visualization） / 外部引用 / 代理机制（external reference & proxy）,presentation_appearance_schema,https://www.steptools.com/stds/smrl/data/resource_docs/visual_presentation/sys/6_schema.htm#presentation_appearance_schema.draughting_pre_defined_curve_font
443,draughting_pre_defined_text_font,制图预定义文本字体,渲染 / 外观 / 可视化 / 制图 / 标注 / 工程图,2D 绘图 / 草图（2D drafting & sketch） / 制图 / 工程图（drawing & annotation） / 渲染 / 可视化（rendering & visualization） / 外部引用 / 代理机制（external reference & proxy）,presentation_resource_schema,https://www.steptools.com/stds/smrl/data/resource_docs/visual_presentation/sys/7_schema.htm#presentation_resource_schema.draughting_pre_defined_text_font
444,draughting_subfigure_representation,制图子图表示,渲染 / 外观 / 可视化 / 制图 / 标注 / 工程图,2D 绘图 / 草图（2D drafting & sketch） / 制图 / 工程图（drawing & annotation） / 渲染 / 可视化（rendering & visualization） / 元模型 / 表示框架（representation framework）,aic_draughting_annotation,https://www.steptools.com/stds/smrl/data/resource_docs/draughting_annotation/sys/4_schema.htm#aic_draughting_annotation.draughting_subfigure_representation
445,draughting_symbol_representation,制图符号表示,渲染 / 外观 / 可视化 / 制图 / 标注 / 工程图,2D 绘图 / 草图（2D drafting & sketch） / 制图 / 工程图（drawing & annotation） / 渲染 / 可视化（rendering & visualization） / 元模型 / 表示框架（representation framework）,aic_draughting_annotation,https://www.steptools.com/stds/smrl/data/resource_docs/draughting_annotation/sys/4_schema.htm#aic_draughting_annotation.draughting_symbol_representation
446,draughting_text_literal_with_delineation,带轮廓线的制图文本字面量,制图 / 标注 / 工程图 / 表达式 / 数学 / 矩阵,2D 绘图 / 草图（2D drafting & sketch） / 制图 / 工程图（drawing & annotation）,aic_draughting_annotation,https://www.steptools.com/stds/smrl/data/resource_docs/draughting_annotation/sys/4_schema.htm#aic_draughting_annotation.draughting_text_literal_with_delineation
447,drilling_operation,钻孔操作,NC / 数控加工（CAM）,制造 / 工艺规划（CAM & process planning）,aim-drilling_operation,https://stepmfg.github.io/ap238/data/clause5.htm#aim-drilling_operation
448,drilling_type_operation,钻孔类型操作,NC / 数控加工（CAM）,制造 / 工艺规划（CAM & process planning）,aim-drilling_type_operation,https://stepmfg.github.io/ap238/data/clause5.htm#aim-drilling_type_operation
449,drilling_type_strategy,钻孔类型策略,NC / 数控加工（CAM）,制造 / 工艺规划（CAM & process planning）,aim-drilling_type_strategy,https://stepmfg.github.io/ap238/data/clause5.htm#aim-drilling_type_strategy
450,dupin_cyclide_surface,Dupin圆环曲面曲面,几何 / 拓扑 / 实体造型,3D 建模 / 实体造型（3D modeling & solid）,geometry_schema,https://www.steptools.com/stds/smrl/data/resource_docs/geometric_and_topological_representation/sys/4_schema.htm#geometry_schema.dupin_cyclide_surface
451,eccentric_cone,偏心圆锥,几何 / 拓扑 / 实体造型,3D 建模 / 实体造型（3D modeling & solid）,geometric_model_schema,https://www.steptools.com/stds/smrl/data/resource_docs/geometric_and_topological_representation/sys/6_schema.htm#geometric_model_schema.eccentric_cone
452,eccentric_conical_volume,偏心圆锥面体积,几何 / 拓扑 / 实体造型,3D 建模 / 实体造型（3D modeling & solid）,geometry_schema,https://www.steptools.com/stds/smrl/data/resource_docs/geometric_and_topological_representation/sys/4_schema.htm#geometry_schema.eccentric_conical_volume
453,edge,边,几何 / 拓扑 / 实体造型,2D 绘图 / 草图（2D drafting & sketch） / 3D 建模 / 实体造型（3D modeling & solid）,topology_schema,https://www.steptools.com/stds/smrl/data/resource_docs/geometric_and_topological_representation/sys/5_schema.htm#topology_schema.edge
454,edge_based_wireframe_model,边基于线框模型,几何 / 拓扑 / 实体造型,3D 建模 / 实体造型（3D modeling & solid）,geometric_model_schema,https://www.steptools.com/stds/smrl/data/resource_docs/geometric_and_topological_representation/sys/6_schema.htm#geometric_model_schema.edge_based_wireframe_model
455,edge_based_wireframe_shape_representation,边基于线框形状表示,渲染 / 外观 / 可视化 / 几何 / 拓扑 / 实体造型,3D 建模 / 实体造型（3D modeling & solid） / 渲染 / 可视化（rendering & visualization） / 元模型 / 表示框架（representation framework）,,https://www.steptools.com/stds/smrl/data/resource_docs/edge_based_wireframe/ISO_10303-501_2000(E)-Character_PDF_document.pdf
456,edge_curve,边曲线,几何 / 拓扑 / 实体造型,3D 建模 / 实体造型（3D modeling & solid）,topology_schema,https://www.steptools.com/stds/smrl/data/resource_docs/geometric_and_topological_representation/sys/5_schema.htm#topology_schema.edge_curve
457,edge_loop,边环,几何 / 拓扑 / 实体造型,3D 建模 / 实体造型（3D modeling & solid）,topology_schema,https://www.steptools.com/stds/smrl/data/resource_docs/geometric_and_topological_representation/sys/5_schema.htm#topology_schema.edge_loop
458,edge_round,边圆角,特征 / 加工特征,其他 / 通用基础,machining_feature_schema,https://www.steptools.com/stds/smrl/data/resource_docs/mechanical_features/sys/5_schema.htm#machining_feature_schema.edge_round
459,effectivity,有效性,产品 / 配置 / 数据管理（PDM）,数据管理 / 配置（PDM & configuration） / 有效性 / 版本（effectivity & versioning）,effectivity_schema,https://www.steptools.com/stds/smrl/data/resource_docs/fundamentals_of_product_description_and_support/sys/12_schema.htm#effectivity_schema.effectivity
460,effectivity_assignment,有效性赋值,产品 / 配置 / 数据管理（PDM）,数据管理 / 配置（PDM & configuration） / 有效性 / 版本（effectivity & versioning）,management_resources_schema,https://www.steptools.com/stds/smrl/data/resource_docs/fundamentals_of_product_description_and_support/sys/18_schema.htm#management_resources_schema.effectivity_assignment
461,effectivity_context_assignment,有效性上下文赋值,产品 / 配置 / 数据管理（PDM）,数据管理 / 配置（PDM & configuration） / 有效性 / 版本（effectivity & versioning）,management_resources_schema,https://www.steptools.com/stds/smrl/data/resource_docs/fundamentals_of_product_description_and_support/sys/18_schema.htm#management_resources_schema.effectivity_context_assignment
462,effectivity_context_role,有效性上下文角色,产品 / 配置 / 数据管理（PDM）,数据管理 / 配置（PDM & configuration） / 有效性 / 版本（effectivity & versioning）,management_resources_schema,https://www.steptools.com/stds/smrl/data/resource_docs/fundamentals_of_product_description_and_support/sys/18_schema.htm#management_resources_schema.effectivity_context_role
463,effectivity_relationship,有效性关系,产品 / 配置 / 数据管理（PDM）,数据管理 / 配置（PDM & configuration） / 有效性 / 版本（effectivity & versioning）,effectivity_schema,https://www.steptools.com/stds/smrl/data/resource_docs/fundamentals_of_product_description_and_support/sys/12_schema.htm#effectivity_schema.effectivity_relationship
464,electric_charge_measure_with_unit,带单位的电荷量,电力 / 物理量 / 计量单位,检测 / PMI（inspection & tolerance）,measure_schema,https://www.steptools.com/stds/smrl/data/resource_docs/fundamentals_of_product_description_and_support/sys/19_schema.htm#measure_schema.electric_charge_measure_with_unit
465,electric_charge_unit,电电荷单位,电力 / 物理量 / 计量单位,其他 / 通用基础,measure_schema,https://www.steptools.com/stds/smrl/data/resource_docs/fundamentals_of_product_description_and_support/sys/19_schema.htm#measure_schema.electric_charge_unit
466,electric_current_measure_with_unit,带单位的电流值,电力 / 物理量 / 计量单位,检测 / PMI（inspection & tolerance）,measure_schema,https://www.steptools.com/stds/smrl/data/resource_docs/fundamentals_of_product_description_and_support/sys/19_schema.htm#measure_schema.electric_current_measure_with_unit
467,electric_current_unit,电电流单位,电力 / 物理量 / 计量单位,其他 / 通用基础,measure_schema,https://www.steptools.com/stds/smrl/data/resource_docs/fundamentals_of_product_description_and_support/sys/19_schema.htm#measure_schema.electric_current_unit
468,electric_potential_measure_with_unit,带单位的电位值,电力 / 物理量 / 计量单位,检测 / PMI（inspection & tolerance）,measure_schema,https://www.steptools.com/stds/smrl/data/resource_docs/fundamentals_of_product_description_and_support/sys/19_schema.htm#measure_schema.electric_potential_measure_with_unit
469,electric_potential_unit,电电位单位,电力 / 物理量 / 计量单位,其他 / 通用基础,measure_schema,https://www.steptools.com/stds/smrl/data/resource_docs/fundamentals_of_product_description_and_support/sys/19_schema.htm#measure_schema.electric_potential_unit
470,elementary_brep_shape_representation,基本边界表示形状表示,渲染 / 外观 / 可视化 / 几何 / 拓扑 / 实体造型,3D 建模 / 实体造型（3D modeling & solid） / 渲染 / 可视化（rendering & visualization） / 元模型 / 表示框架（representation framework）,,https://www.steptools.com/stds/smrl/data/resource_docs/elementary_boundary_representation/ISO_10303-513_2000(E)-Character_PDF_document.pdf
471,elementary_function,基本函数,表达式 / 数学 / 矩阵,其他 / 通用基础,,https://www.steptools.com/stds/smrl/data/resource_docs/mathematical_constructs/ISO_10303-50_2002(E)-Character_PDF_document.pdf
472,elementary_space,基本空间,表达式 / 数学 / 矩阵,其他 / 通用基础,,https://www.steptools.com/stds/smrl/data/resource_docs/mathematical_constructs/ISO_10303-50_2002(E)-Character_PDF_document.pdf
473,elementary_surface,基本曲面,几何 / 拓扑 / 实体造型,3D 建模 / 实体造型（3D modeling & solid）,geometry_schema,https://www.steptools.com/stds/smrl/data/resource_docs/geometric_and_topological_representation/sys/4_schema.htm#geometry_schema.elementary_surface
474,ellipse,椭圆,几何 / 拓扑 / 实体造型,3D 建模 / 实体造型（3D modeling & solid）,geometry_schema,https://www.steptools.com/stds/smrl/data/resource_docs/geometric_and_topological_representation/sys/4_schema.htm#geometry_schema.ellipse
475,ellipsoid,椭球,几何 / 拓扑 / 实体造型,3D 建模 / 实体造型（3D modeling & solid）,geometric_model_schema,https://www.steptools.com/stds/smrl/data/resource_docs/geometric_and_topological_representation/sys/6_schema.htm#geometric_model_schema.ellipsoid
476,ellipsoid_volume,椭球体积,几何 / 拓扑 / 实体造型,3D 建模 / 实体造型（3D modeling & solid）,geometry_schema,https://www.steptools.com/stds/smrl/data/resource_docs/geometric_and_topological_representation/sys/4_schema.htm#geometry_schema.ellipsoid_volume
477,energy_measure_with_unit,带单位的能量值,电力 / 物理量 / 计量单位,检测 / PMI（inspection & tolerance）,measure_schema,https://www.steptools.com/stds/smrl/data/resource_docs/fundamentals_of_product_description_and_support/sys/19_schema.htm#measure_schema.energy_measure_with_unit
478,energy_unit,能量单位,电力 / 物理量 / 计量单位,其他 / 通用基础,measure_schema,https://www.steptools.com/stds/smrl/data/resource_docs/fundamentals_of_product_description_and_support/sys/19_schema.htm#measure_schema.energy_unit
479,environment,环境,表达式 / 数学 / 矩阵,其他 / 通用基础,,https://www.steptools.com/stds/smrl/data/resource_docs/logical_model_of_expressions/ISO_13584-20_1998(E)-Character_PDF_document.pdf
480,equals_expression,等于表达式,表达式 / 数学 / 矩阵,其他 / 通用基础,,https://www.steptools.com/stds/smrl/data/resource_docs/logical_model_of_expressions/ISO_13584-20_1998(E)-Character_PDF_document.pdf
481,evaluated_degenerate_pcurve,求值退化参数曲线,几何 / 拓扑 / 实体造型,3D 建模 / 实体造型（3D modeling & solid）,geometry_schema,https://www.steptools.com/stds/smrl/data/resource_docs/geometric_and_topological_representation/sys/4_schema.htm#geometry_schema.evaluated_degenerate_pcurve
482,event_occurrence,事件实例,产品 / 配置 / 数据管理（PDM）,装配 / 结构（assembly & structure） / 数据管理 / 配置（PDM & configuration）,date_time_schema,https://www.steptools.com/stds/smrl/data/resource_docs/fundamentals_of_product_description_and_support/sys/10_schema.htm#date_time_schema.event_occurrence
483,event_occurrence_assignment,事件实例赋值,产品 / 配置 / 数据管理（PDM）,装配 / 结构（assembly & structure） / 数据管理 / 配置（PDM & configuration）,management_resources_schema,https://www.steptools.com/stds/smrl/data/resource_docs/fundamentals_of_product_description_and_support/sys/18_schema.htm#management_resources_schema.event_occurrence_assignment
484,event_occurrence_relationship,事件实例关系,产品 / 配置 / 数据管理（PDM）,装配 / 结构（assembly & structure） / 数据管理 / 配置（PDM & configuration）,date_time_schema,https://www.steptools.com/stds/smrl/data/resource_docs/fundamentals_of_product_description_and_support/sys/10_schema.htm#date_time_schema.event_occurrence_relationship
485,event_occurrence_role,事件实例角色,产品 / 配置 / 数据管理（PDM）,装配 / 结构（assembly & structure） / 数据管理 / 配置（PDM & configuration）,date_time_schema,https://www.steptools.com/stds/smrl/data/resource_docs/fundamentals_of_product_description_and_support/sys/10_schema.htm#date_time_schema.event_occurrence_role
486,exclusive_product_concept_feature_category,排他产品概念特征类别,产品 / 配置 / 数据管理（PDM） / 特征 / 加工特征,装配 / 结构（assembly & structure） / 数据管理 / 配置（PDM & configuration）,product_class_mim,https://www.steptools.com/stds/smrl/data/modules/product_class/sys/5_mim.htm#product_class_mim.exclusive_product_concept_feature_category
487,executed_action,已执行动作,产品 / 配置 / 数据管理（PDM）,数据管理 / 配置（PDM & configuration）,action_schema,https://www.steptools.com/stds/smrl/data/resource_docs/fundamentals_of_product_description_and_support/sys/4_schema.htm#action_schema.executed_action
488,exp_function,指数函数,表达式 / 数学 / 矩阵,其他 / 通用基础,,https://www.steptools.com/stds/smrl/data/resource_docs/logical_model_of_expressions/ISO_13584-20_1998(E)-Character_PDF_document.pdf
489,expanded_uncertainty,展开不确定度,公差 / 尺寸 / 基准（PMI）,检测 / PMI（inspection & tolerance）,qualified_measure_schema,https://www.steptools.com/stds/smrl/data/resource_docs/material_and_other_engineering_properties/sys/6_schema.htm#qualified_measure_schema.expanded_uncertainty
490,explicit_composite_hole,显式组合孔,特征 / 加工特征,其他 / 通用基础,counterbore_countersink_schema,https://www.steptools.com/stds/smrl/data/resource_docs/mechanical_features/sys/4_schema.htm#counterbore_countersink_schema.explicit_composite_hole
491,explicit_round_hole,显式圆孔,特征 / 加工特征,其他 / 通用基础,counterbore_countersink_schema,https://www.steptools.com/stds/smrl/data/resource_docs/mechanical_features/sys/4_schema.htm#counterbore_countersink_schema.explicit_round_hole
492,explicit_table_function,显式表函数,表达式 / 数学 / 矩阵,其他 / 通用基础,,https://www.steptools.com/stds/smrl/data/resource_docs/mathematical_constructs/ISO_10303-50_2002(E)-Character_PDF_document.pdf
493,expression,表达式,表达式 / 数学 / 矩阵,其他 / 通用基础,,https://www.steptools.com/stds/smrl/data/resource_docs/logical_model_of_expressions/ISO_13584-20_1998(E)-Character_PDF_document.pdf
494,expression_conversion_based_unit,表达式转换基于单位,电力 / 物理量 / 计量单位 / 产品 / 配置 / 数据管理（PDM） / 表达式 / 数学 / 矩阵,数据管理 / 配置（PDM & configuration）,value_with_unit_extension_mim,https://www.steptools.com/stds/smrl/data/modules/value_with_unit_extension/sys/5_mim.htm#value_with_unit_extension_mim.expression_conversion_based_unit
495,expression_denoted_function,表达式被表示函数,表达式 / 数学 / 矩阵,其他 / 通用基础,,https://www.steptools.com/stds/smrl/data/resource_docs/mathematical_constructs/ISO_10303-50_2002(E)-Character_PDF_document.pdf
496,expression_item_representation_item,表达式项表示项,渲染 / 外观 / 可视化 / 表达式 / 数学 / 矩阵,渲染 / 可视化（rendering & visualization） / 元模型 / 表示框架（representation framework）,systems_engineering_representation_schema,https://www.steptools.com/stds/smrl/data/resource_docs/systems_engineering_representation/sys/4_schema.htm#systems_engineering_representation_schema.expression_item_representation_item
497,expression_representation_item,表达式表示项,渲染 / 外观 / 可视化 / 表达式 / 数学 / 矩阵,渲染 / 可视化（rendering & visualization） / 元模型 / 表示框架（representation framework）,aim-expression_representation_item,https://stepmfg.github.io/ap238/data/clause5.htm#aim-expression_representation_item
498,extended_tuple_space,扩展元组空间,表达式 / 数学 / 矩阵,其他 / 通用基础,,https://www.steptools.com/stds/smrl/data/resource_docs/mathematical_constructs/ISO_10303-50_2002(E)-Character_PDF_document.pdf
499,extended_type_operation,扩展类型操作,NC / 数控加工（CAM）,制造 / 工艺规划（CAM & process planning）,aim-extended_type_operation,https://stepmfg.github.io/ap238/data/clause5.htm#aim-extended_type_operation
500,extension,扩展,特征 / 加工特征,其他 / 通用基础,shape_aspect_definition_schema,https://www.steptools.com/stds/smrl/data/resource_docs/shape_variation_tolerances/sys/4_schema.htm#shape_aspect_definition_schema.extension
501,external_class_library,外部类库,产品 / 配置 / 数据管理（PDM）,数据管理 / 配置（PDM & configuration） / 外部引用 / 代理机制（external reference & proxy）,external_class_mim,https://www.steptools.com/stds/smrl/data/modules/external_class/sys/5_mim.htm#external_class_mim.external_class_library
502,external_identification_assignment,外部标识赋值,产品 / 配置 / 数据管理（PDM）,数据管理 / 配置（PDM & configuration） / 外部引用 / 代理机制（external reference & proxy）,management_resources_schema,https://www.steptools.com/stds/smrl/data/resource_docs/fundamentals_of_product_description_and_support/sys/18_schema.htm#management_resources_schema.external_identification_assignment
503,external_identification_assignment_relationship,外部标识赋值关系,产品 / 配置 / 数据管理（PDM）,数据管理 / 配置（PDM & configuration） / 外部引用 / 代理机制（external reference & proxy）,management_resources_schema,https://www.steptools.com/stds/smrl/data/resource_docs/fundamentals_of_product_description_and_support/sys/18_schema.htm#management_resources_schema.external_identification_assignment_relationship
504,external_source,外部源,产品 / 配置 / 数据管理（PDM）,外部引用 / 代理机制（external reference & proxy） / 2D 绘图 / 草图（2D drafting & sketch） / 数据管理 / 配置（PDM & configuration）,external_reference_schema,https://www.steptools.com/stds/smrl/data/resource_docs/fundamentals_of_product_description_and_support/sys/14_schema.htm#external_reference_schema.external_source
505,external_source_relationship,外部源关系,产品 / 配置 / 数据管理（PDM）,外部引用 / 代理机制（external reference & proxy） / 2D 绘图 / 草图（2D drafting & sketch） / 数据管理 / 配置（PDM & configuration）,external_reference_schema,https://www.steptools.com/stds/smrl/data/resource_docs/fundamentals_of_product_description_and_support/sys/14_schema.htm#external_reference_schema.external_source_relationship
506,externally_defined_character_glyph,外部定义字符字形,渲染 / 外观 / 可视化 / 制图 / 标注 / 工程图,2D 绘图 / 草图（2D drafting & sketch） / 制图 / 工程图（drawing & annotation） / 渲染 / 可视化（rendering & visualization） / 外部引用 / 代理机制（external reference & proxy）,presentation_definition_schema,https://www.steptools.com/stds/smrl/data/resource_docs/visual_presentation/sys/5_schema.htm#presentation_definition_schema.externally_defined_character_glyph
507,externally_defined_class,外部定义类,产品 / 配置 / 数据管理（PDM）,数据管理 / 配置（PDM & configuration） / 外部引用 / 代理机制（external reference & proxy）,external_class_mim,https://www.steptools.com/stds/smrl/data/modules/external_class/sys/5_mim.htm#external_class_mim.externally_defined_class
508,externally_defined_colour,外部定义颜色,渲染 / 外观 / 可视化,渲染 / 可视化（rendering & visualization） / 外部引用 / 代理机制（external reference & proxy）,colour_mim,https://www.steptools.com/stds/smrl/data/modules/colour/sys/5_mim.htm#colour_mim.externally_defined_colour
509,externally_defined_curve_font,外部定义曲线字体,渲染 / 外观 / 可视化 / 几何 / 拓扑 / 实体造型,3D 建模 / 实体造型（3D modeling & solid） / 渲染 / 可视化（rendering & visualization） / 外部引用 / 代理机制（external reference & proxy）,presentation_appearance_schema,https://www.steptools.com/stds/smrl/data/resource_docs/visual_presentation/sys/6_schema.htm#presentation_appearance_schema.externally_defined_curve_font
510,externally_defined_dimension_definition,外部定义的尺寸定义,公差 / 尺寸 / 基准（PMI）,2D 绘图 / 草图（2D drafting & sketch） / 制图 / 工程图（drawing & annotation） / 检测 / PMI（inspection & tolerance） / 外部引用 / 代理机制（external reference & proxy）,dimension_tolerance_mim,https://www.steptools.com/stds/smrl/data/modules/dimension_tolerance/sys/5_mim.htm#dimension_tolerance_mim.externally_defined_dimension_definition
511,externally_defined_feature_definition,外部定义特征定义,特征 / 加工特征,外部引用 / 代理机制（external reference & proxy）,machining_feature_schema,https://www.steptools.com/stds/smrl/data/resource_docs/mechanical_features/sys/5_schema.htm#machining_feature_schema.externally_defined_feature_definition
512,externally_defined_general_property,外部定义通用属性,产品 / 配置 / 数据管理（PDM）,外部引用 / 代理机制（external reference & proxy） / 属性 / 特征化（property & characterization） / 2D 绘图 / 草图（2D drafting & sketch） / 数据管理 / 配置（PDM & configuration）,external_properties_mim,https://www.steptools.com/stds/smrl/data/modules/external_properties/sys/5_mim.htm#external_properties_mim.externally_defined_general_property
513,externally_defined_hatch_style,外部定义剖面线样式,渲染 / 外观 / 可视化,渲染 / 可视化（rendering & visualization） / 外部引用 / 代理机制（external reference & proxy）,presentation_appearance_schema,https://www.steptools.com/stds/smrl/data/resource_docs/visual_presentation/sys/6_schema.htm#presentation_appearance_schema.externally_defined_hatch_style
514,externally_defined_item,外部定义项,产品 / 配置 / 数据管理（PDM）,元模型 / 表示框架（representation framework） / 外部引用 / 代理机制（external reference & proxy） / 2D 绘图 / 草图（2D drafting & sketch） / 数据管理 / 配置（PDM & configuration）,external_reference_schema,https://www.steptools.com/stds/smrl/data/resource_docs/fundamentals_of_product_description_and_support/sys/14_schema.htm#external_reference_schema.externally_defined_item
515,externally_defined_item_relationship,外部定义项关系,产品 / 配置 / 数据管理（PDM）,外部引用 / 代理机制（external reference & proxy） / 2D 绘图 / 草图（2D drafting & sketch） / 数据管理 / 配置（PDM & configuration）,external_reference_schema,https://www.steptools.com/stds/smrl/data/resource_docs/fundamentals_of_product_description_and_support/sys/14_schema.htm#external_reference_schema.externally_defined_item_relationship
516,externally_defined_item_with_multiple_references,带多个引用的外部定义项,产品 / 配置 / 数据管理（PDM）,外部引用 / 代理机制（external reference & proxy） / 2D 绘图 / 草图（2D drafting & sketch） / 数据管理 / 配置（PDM & configuration）,external_reference_schema,https://www.steptools.com/stds/smrl/data/resource_docs/fundamentals_of_product_description_and_support/sys/14_schema.htm#external_reference_schema.externally_defined_item_with_multiple_references
517,externally_defined_marker,外部定义标记,渲染 / 外观 / 可视化,渲染 / 可视化（rendering & visualization） / 外部引用 / 代理机制（external reference & proxy）,curve_appearance_mim,https://www.steptools.com/stds/smrl/data/modules/curve_appearance/sys/5_mim.htm#curve_appearance_mim.externally_defined_marker
518,externally_defined_representation,外部定义表示,渲染 / 外观 / 可视化,渲染 / 可视化（rendering & visualization） / 元模型 / 表示框架（representation framework） / 外部引用 / 代理机制（external reference & proxy）,external_representation_item_mim,https://www.steptools.com/stds/smrl/data/modules/external_representation_item/sys/5_mim.htm#external_representation_item_mim.externally_defined_representation
519,externally_defined_representation_item,外部定义表示项,渲染 / 外观 / 可视化,渲染 / 可视化（rendering & visualization） / 元模型 / 表示框架（representation framework） / 外部引用 / 代理机制（external reference & proxy）,external_representation_item_mim,https://www.steptools.com/stds/smrl/data/modules/external_representation_item/sys/5_mim.htm#external_representation_item_mim.externally_defined_representation_item
520,externally_defined_representation_with_parameters,带参数的外部定义表示,渲染 / 外观 / 可视化,渲染 / 可视化（rendering & visualization） / 元模型 / 表示框架（representation framework） / 外部引用 / 代理机制（external reference & proxy）,aim-externally_defined_representation_with_parameters,https://stepmfg.github.io/ap238/data/clause5.htm#aim-externally_defined_representation_with_parameters
521,externally_defined_string,外部定义字符串,产品 / 配置 / 数据管理（PDM）,元模型 / 表示框架（representation framework） / 外部引用 / 代理机制（external reference & proxy） / 2D 绘图 / 草图（2D drafting & sketch） / 数据管理 / 配置（PDM & configuration）,external_representation_item_mim,https://www.steptools.com/stds/smrl/data/modules/external_representation_item/sys/5_mim.htm#external_representation_item_mim.externally_defined_string
522,externally_defined_style,外部定义样式,渲染 / 外观 / 可视化,渲染 / 可视化（rendering & visualization） / 外部引用 / 代理机制（external reference & proxy）,presentation_appearance_schema,https://www.steptools.com/stds/smrl/data/resource_docs/visual_presentation/sys/6_schema.htm#presentation_appearance_schema.externally_defined_style
523,externally_defined_symbol,外部定义符号,制图 / 标注 / 工程图,2D 绘图 / 草图（2D drafting & sketch） / 制图 / 工程图（drawing & annotation） / 外部引用 / 代理机制（external reference & proxy）,presentation_definition_schema,https://www.steptools.com/stds/smrl/data/resource_docs/visual_presentation/sys/5_schema.htm#presentation_definition_schema.externally_defined_symbol
524,externally_defined_terminator_symbol,外部定义终止符符号,渲染 / 外观 / 可视化 / 制图 / 标注 / 工程图,2D 绘图 / 草图（2D drafting & sketch） / 制图 / 工程图（drawing & annotation） / 外部引用 / 代理机制（external reference & proxy）,curve_appearance_mim,https://www.steptools.com/stds/smrl/data/modules/curve_appearance/sys/5_mim.htm#curve_appearance_mim.externally_defined_terminator_symbol
525,externally_defined_text_font,外部定义文本字体,渲染 / 外观 / 可视化,渲染 / 可视化（rendering & visualization） / 外部引用 / 代理机制（external reference & proxy）,presentation_resource_schema,https://www.steptools.com/stds/smrl/data/resource_docs/visual_presentation/sys/7_schema.htm#presentation_resource_schema.externally_defined_text_font
526,externally_defined_tile,外部定义瓦片,渲染 / 外观 / 可视化,渲染 / 可视化（rendering & visualization） / 外部引用 / 代理机制（external reference & proxy）,presentation_appearance_schema,https://www.steptools.com/stds/smrl/data/resource_docs/visual_presentation/sys/6_schema.htm#presentation_appearance_schema.externally_defined_tile
527,externally_defined_tile_style,外部定义瓦片样式,渲染 / 外观 / 可视化,渲染 / 可视化（rendering & visualization） / 外部引用 / 代理机制（external reference & proxy）,presentation_appearance_schema,https://www.steptools.com/stds/smrl/data/resource_docs/visual_presentation/sys/6_schema.htm#presentation_appearance_schema.externally_defined_tile_style
528,externally_listed_data,外部列出数据,表达式 / 数学 / 矩阵,外部引用 / 代理机制（external reference & proxy）,,https://www.steptools.com/stds/smrl/data/resource_docs/mathematical_constructs/ISO_10303-50_2002(E)-Character_PDF_document.pdf
529,extruded_area_solid,拉伸面积实体,几何 / 拓扑 / 实体造型,3D 建模 / 实体造型（3D modeling & solid）,geometric_model_schema,https://www.steptools.com/stds/smrl/data/resource_docs/geometric_and_topological_representation/sys/6_schema.htm#geometric_model_schema.extruded_area_solid
530,extruded_face_solid,拉伸面实体,几何 / 拓扑 / 实体造型,3D 建模 / 实体造型（3D modeling & solid）,geometric_model_schema,https://www.steptools.com/stds/smrl/data/resource_docs/geometric_and_topological_representation/sys/6_schema.htm#geometric_model_schema.extruded_face_solid
531,face,面,几何 / 拓扑 / 实体造型,2D 绘图 / 草图（2D drafting & sketch） / 3D 建模 / 实体造型（3D modeling & solid）,topology_schema,https://www.steptools.com/stds/smrl/data/resource_docs/geometric_and_topological_representation/sys/5_schema.htm#topology_schema.face
532,face_based_surface_model,面基于曲面模型,几何 / 拓扑 / 实体造型,3D 建模 / 实体造型（3D modeling & solid）,geometric_model_schema,https://www.steptools.com/stds/smrl/data/resource_docs/geometric_and_topological_representation/sys/6_schema.htm#geometric_model_schema.face_based_surface_model
533,face_bound,面界,几何 / 拓扑 / 实体造型,3D 建模 / 实体造型（3D modeling & solid） / 2D 绘图 / 草图（2D drafting & sketch）,topology_schema,https://www.steptools.com/stds/smrl/data/resource_docs/geometric_and_topological_representation/sys/5_schema.htm#topology_schema.face_bound
534,face_outer_bound,面外界,几何 / 拓扑 / 实体造型,3D 建模 / 实体造型（3D modeling & solid） / 2D 绘图 / 草图（2D drafting & sketch）,topology_schema,https://www.steptools.com/stds/smrl/data/resource_docs/geometric_and_topological_representation/sys/5_schema.htm#topology_schema.face_outer_bound
535,face_shape_representation,面形状表示,渲染 / 外观 / 可视化 / 特征 / 加工特征,渲染 / 可视化（rendering & visualization） / 元模型 / 表示框架（representation framework）,machining_feature_schema,https://www.steptools.com/stds/smrl/data/resource_docs/mechanical_features/sys/5_schema.htm#machining_feature_schema.face_shape_representation
536,face_shape_representation_relationship,面形状表示关系,渲染 / 外观 / 可视化 / 特征 / 加工特征,渲染 / 可视化（rendering & visualization） / 元模型 / 表示框架（representation framework）,machining_features_mim,https://www.steptools.com/stds/smrl/data/modules/machining_features/sys/5_mim.htm#machining_features_mim.face_shape_representation_relationship
537,face_surface,面曲面,几何 / 拓扑 / 实体造型,3D 建模 / 实体造型（3D modeling & solid）,topology_schema,https://www.steptools.com/stds/smrl/data/resource_docs/geometric_and_topological_representation/sys/5_schema.htm#topology_schema.face_surface
538,faceted_brep,分面边界表示,几何 / 拓扑 / 实体造型,3D 建模 / 实体造型（3D modeling & solid）,geometric_model_schema,https://www.steptools.com/stds/smrl/data/resource_docs/geometric_and_topological_representation/sys/6_schema.htm#geometric_model_schema.faceted_brep
539,faceted_brep_shape_representation,分面边界表示形状表示,渲染 / 外观 / 可视化 / 几何 / 拓扑 / 实体造型,3D 建模 / 实体造型（3D modeling & solid） / 渲染 / 可视化（rendering & visualization） / 元模型 / 表示框架（representation framework）,,https://www.steptools.com/stds/smrl/data/resource_docs/faceted_boundary_representation/ISO_10303-512_1999(E)-Character_PDF_document.pdf
540,faceted_primitive,分面基本体,几何 / 拓扑 / 实体造型,3D 建模 / 实体造型（3D modeling & solid）,geometric_model_schema,https://www.steptools.com/stds/smrl/data/resource_docs/geometric_and_topological_representation/sys/6_schema.htm#geometric_model_schema.faceted_primitive
541,facing_turning_operation,端面加工车削操作,NC / 数控加工（CAM）,制造 / 工艺规划（CAM & process planning）,aim-facing_turning_operation,https://stepmfg.github.io/ap238/data/clause5.htm#aim-facing_turning_operation
542,feature_component_definition,特征组件定义,特征 / 加工特征,装配 / 结构（assembly & structure）,machining_feature_schema,https://www.steptools.com/stds/smrl/data/resource_docs/mechanical_features/sys/5_schema.htm#machining_feature_schema.feature_component_definition
543,feature_component_relationship,特征组件关系,特征 / 加工特征,装配 / 结构（assembly & structure）,machining_feature_schema,https://www.steptools.com/stds/smrl/data/resource_docs/mechanical_features/sys/5_schema.htm#machining_feature_schema.feature_component_relationship
544,feature_definition,特征定义,特征 / 加工特征,其他 / 通用基础,shape_aspect_definition_schema,https://www.steptools.com/stds/smrl/data/resource_docs/shape_variation_tolerances/sys/4_schema.htm#shape_aspect_definition_schema.feature_definition
545,feature_definition_with_connection_area,带连接面积的特征定义,公差 / 尺寸 / 基准（PMI） / 特征 / 加工特征,检测 / PMI（inspection & tolerance）,feature_and_connection_zone_mim,https://www.steptools.com/stds/smrl/data/modules/feature_and_connection_zone/sys/5_mim.htm#feature_and_connection_zone_mim.feature_definition_with_connection_area
546,feature_for_datum_target_relationship,基准目标要素关系,公差 / 尺寸 / 基准（PMI） / 特征 / 加工特征,检测 / PMI（inspection & tolerance）,datum_and_datum_systems_mim,https://www.steptools.com/stds/smrl/data/modules/datum_and_datum_systems/sys/5_mim.htm#datum_and_datum_systems_mim.feature_for_datum_target_relationship
547,feature_pattern,特征阵列,特征 / 加工特征,其他 / 通用基础,machining_feature_schema,https://www.steptools.com/stds/smrl/data/resource_docs/mechanical_features/sys/5_schema.htm#machining_feature_schema.feature_pattern
548,fill_area_style,填充面积样式,渲染 / 外观 / 可视化,渲染 / 可视化（rendering & visualization）,presentation_appearance_schema,https://www.steptools.com/stds/smrl/data/resource_docs/visual_presentation/sys/6_schema.htm#presentation_appearance_schema.fill_area_style
549,fill_area_style_colour,填充面积样式颜色,渲染 / 外观 / 可视化,渲染 / 可视化（rendering & visualization）,presentation_appearance_schema,https://www.steptools.com/stds/smrl/data/resource_docs/visual_presentation/sys/6_schema.htm#presentation_appearance_schema.fill_area_style_colour
550,fill_area_style_hatching,填充面积样式剖面线,渲染 / 外观 / 可视化,渲染 / 可视化（rendering & visualization）,presentation_appearance_schema,https://www.steptools.com/stds/smrl/data/resource_docs/visual_presentation/sys/6_schema.htm#presentation_appearance_schema.fill_area_style_hatching
551,fill_area_style_tile_coloured_region,填充面积样式瓦片着色区域,渲染 / 外观 / 可视化,渲染 / 可视化（rendering & visualization）,presentation_appearance_schema,https://www.steptools.com/stds/smrl/data/resource_docs/visual_presentation/sys/6_schema.htm#presentation_appearance_schema.fill_area_style_tile_coloured_region
552,fill_area_style_tile_curve_with_style,带样式的填充面积样式瓦片曲线,渲染 / 外观 / 可视化 / 几何 / 拓扑 / 实体造型,3D 建模 / 实体造型（3D modeling & solid） / 渲染 / 可视化（rendering & visualization）,presentation_appearance_schema,https://www.steptools.com/stds/smrl/data/resource_docs/visual_presentation/sys/6_schema.htm#presentation_appearance_schema.fill_area_style_tile_curve_with_style
553,fill_area_style_tile_symbol_with_style,带样式的填充面积样式瓦片符号,渲染 / 外观 / 可视化,渲染 / 可视化（rendering & visualization）,presentation_appearance_schema,https://www.steptools.com/stds/smrl/data/resource_docs/visual_presentation/sys/6_schema.htm#presentation_appearance_schema.fill_area_style_tile_symbol_with_style
554,fill_area_style_tiles,填充面积样式瓦片,渲染 / 外观 / 可视化,渲染 / 可视化（rendering & visualization）,presentation_appearance_schema,https://www.steptools.com/stds/smrl/data/resource_docs/visual_presentation/sys/6_schema.htm#presentation_appearance_schema.fill_area_style_tiles
555,fillet,圆角,特征 / 加工特征,其他 / 通用基础,machining_feature_schema,https://www.steptools.com/stds/smrl/data/resource_docs/mechanical_features/sys/5_schema.htm#machining_feature_schema.fillet
556,final_solution,最终解,几何 / 拓扑 / 实体造型,2D 绘图 / 草图（2D drafting & sketch） / 3D 建模 / 实体造型（3D modeling & solid） / 数据管理 / 配置（PDM & configuration）,product_definition_schema,https://www.steptools.com/stds/smrl/data/resource_docs/fundamentals_of_product_description_and_support/sys/21_schema.htm#product_definition_schema.final_solution
557,finite_function,有限函数,表达式 / 数学 / 矩阵,其他 / 通用基础,,https://www.steptools.com/stds/smrl/data/resource_docs/mathematical_constructs/ISO_10303-50_2002(E)-Character_PDF_document.pdf
558,finite_integer_interval,有限整数区间,表达式 / 数学 / 矩阵,其他 / 通用基础,,https://www.steptools.com/stds/smrl/data/resource_docs/mathematical_constructs/ISO_10303-50_2002(E)-Character_PDF_document.pdf
559,finite_real_interval,有限实数区间,表达式 / 数学 / 矩阵,其他 / 通用基础,,https://www.steptools.com/stds/smrl/data/resource_docs/mathematical_constructs/ISO_10303-50_2002(E)-Character_PDF_document.pdf
560,finite_space,有限空间,表达式 / 数学 / 矩阵,其他 / 通用基础,,https://www.steptools.com/stds/smrl/data/resource_docs/mathematical_constructs/ISO_10303-50_2002(E)-Character_PDF_document.pdf
561,fixed_reference_swept_surface,固定引用扫掠曲面,几何 / 拓扑 / 实体造型,3D 建模 / 实体造型（3D modeling & solid） / 外部引用 / 代理机制（external reference & proxy）,geometry_schema,https://www.steptools.com/stds/smrl/data/resource_docs/geometric_and_topological_representation/sys/4_schema.htm#geometry_schema.fixed_reference_swept_surface
562,flat_face,平面面,几何 / 拓扑 / 实体造型 / 特征 / 加工特征,3D 建模 / 实体造型（3D modeling & solid）,machining_feature_schema,https://www.steptools.com/stds/smrl/data/resource_docs/mechanical_features/sys/5_schema.htm#machining_feature_schema.flat_face
563,flatness_tolerance,平面度公差,公差 / 尺寸 / 基准（PMI）,检测 / PMI（inspection & tolerance）,shape_tolerance_schema,https://www.steptools.com/stds/smrl/data/resource_docs/shape_variation_tolerances/sys/6_schema.htm#shape_tolerance_schema.flatness_tolerance
564,force_measure_with_unit,带单位的力值,电力 / 物理量 / 计量单位,检测 / PMI（inspection & tolerance）,measure_schema,https://www.steptools.com/stds/smrl/data/resource_docs/fundamentals_of_product_description_and_support/sys/19_schema.htm#measure_schema.force_measure_with_unit
565,force_unit,力单位,电力 / 物理量 / 计量单位,其他 / 通用基础,measure_schema,https://www.steptools.com/stds/smrl/data/resource_docs/fundamentals_of_product_description_and_support/sys/19_schema.htm#measure_schema.force_unit
566,format_function,格式函数,表达式 / 数学 / 矩阵,其他 / 通用基础,,https://www.steptools.com/stds/smrl/data/resource_docs/logical_model_of_expressions/ISO_13584-20_1998(E)-Character_PDF_document.pdf
567,founded_item,基于项,几何 / 拓扑 / 实体造型,元模型 / 表示框架（representation framework） / 2D 绘图 / 草图（2D drafting & sketch） / 3D 建模 / 实体造型（3D modeling & solid）,representation_schema,https://www.steptools.com/stds/smrl/data/resource_docs/representation_structures/sys/4_schema.htm#representation_schema.founded_item
568,free_variable_semantics,自由变量语义,表达式 / 数学 / 矩阵,其他 / 通用基础,,https://www.steptools.com/stds/smrl/data/resource_docs/mathematical_constructs/ISO_10303-50_2002(E)-Character_PDF_document.pdf
569,freeform_milling_operation,自由曲面铣削操作,NC / 数控加工（CAM）,制造 / 工艺规划（CAM & process planning）,aim-freeform_milling_operation,https://stepmfg.github.io/ap238/data/clause5.htm#aim-freeform_milling_operation
570,freeform_milling_strategy,自由曲面铣削策略,NC / 数控加工（CAM）,制造 / 工艺规划（CAM & process planning）,aim-freeform_milling_strategy,https://stepmfg.github.io/ap238/data/clause5.htm#aim-freeform_milling_strategy
571,freeform_milling_tolerance_representation,自由曲面铣削公差表示,NC / 数控加工（CAM） / 渲染 / 外观 / 可视化 / 公差 / 尺寸 / 基准（PMI）,渲染 / 可视化（rendering & visualization） / 制造 / 工艺规划（CAM & process planning） / 检测 / PMI（inspection & tolerance） / 元模型 / 表示框架（representation framework）,aim-freeform_milling_tolerance_representation,https://stepmfg.github.io/ap238/data/clause5.htm#aim-freeform_milling_tolerance_representation
572,frequency_measure_with_unit,带单位的频率值,电力 / 物理量 / 计量单位,检测 / PMI（inspection & tolerance）,measure_schema,https://www.steptools.com/stds/smrl/data/resource_docs/fundamentals_of_product_description_and_support/sys/19_schema.htm#measure_schema.frequency_measure_with_unit
573,frequency_unit,频率单位,电力 / 物理量 / 计量单位,其他 / 通用基础,measure_schema,https://www.steptools.com/stds/smrl/data/resource_docs/fundamentals_of_product_description_and_support/sys/19_schema.htm#measure_schema.frequency_unit
574,fully_constrained_pair,完全受约束副,机械 / 运动学 / 传动,运动学 / 仿真（kinematics & simulation）,kinematic_structure_schema,https://www.steptools.com/stds/smrl/data/resource_docs/kinematics/sys/6_schema.htm#kinematic_structure_schema.fully_constrained_pair
575,function_application,函数应用,表达式 / 数学 / 矩阵,其他 / 通用基础,,https://www.steptools.com/stds/smrl/data/resource_docs/mathematical_constructs/ISO_10303-50_2002(E)-Character_PDF_document.pdf
576,function_space,函数空间,表达式 / 数学 / 矩阵,其他 / 通用基础,,https://www.steptools.com/stds/smrl/data/resource_docs/mathematical_constructs/ISO_10303-50_2002(E)-Character_PDF_document.pdf
577,functional_breakdown_context,功能分解上下文,产品 / 配置 / 数据管理（PDM）,装配 / 结构（assembly & structure） / 数据管理 / 配置（PDM & configuration） / 元模型 / 表示框架（representation framework）,functional_breakdown_mim,https://www.steptools.com/stds/smrl/data/modules/functional_breakdown/sys/5_mim.htm#functional_breakdown_mim.functional_breakdown_context
578,functional_element_usage,功能元素用法,产品 / 配置 / 数据管理（PDM）,装配 / 结构（assembly & structure） / 数据管理 / 配置（PDM & configuration）,functional_breakdown_mim,https://www.steptools.com/stds/smrl/data/modules/functional_breakdown/sys/5_mim.htm#functional_breakdown_mim.functional_element_usage
579,functionally_defined_transformation,功能定义变换,几何 / 拓扑 / 实体造型,元模型 / 表示框架（representation framework） / 2D 绘图 / 草图（2D drafting & sketch） / 3D 建模 / 实体造型（3D modeling & solid）,representation_schema,https://www.steptools.com/stds/smrl/data/resource_docs/representation_structures/sys/4_schema.htm#representation_schema.functionally_defined_transformation
580,gear,齿轮,机械 / 运动学 / 传动,运动学 / 仿真（kinematics & simulation）,machining_feature_schema,https://www.steptools.com/stds/smrl/data/resource_docs/mechanical_features/sys/5_schema.htm#machining_feature_schema.gear
581,gear_pair,齿轮副,机械 / 运动学 / 传动,运动学 / 仿真（kinematics & simulation）,kinematic_structure_schema,https://www.steptools.com/stds/smrl/data/resource_docs/kinematics/sys/6_schema.htm#kinematic_structure_schema.gear_pair
582,gear_pair_value,齿轮副值,机械 / 运动学 / 传动,运动学 / 仿真（kinematics & simulation）,kinematic_state_schema,https://www.steptools.com/stds/smrl/data/resource_docs/kinematics/sys/7_schema.htm#kinematic_state_schema.gear_pair_value
583,gear_pair_with_range,带范围的齿轮副,机械 / 运动学 / 传动,运动学 / 仿真（kinematics & simulation）,kinematic_structure_schema,https://www.steptools.com/stds/smrl/data/resource_docs/kinematics/sys/6_schema.htm#kinematic_structure_schema.gear_pair_with_range
584,general_datum_reference,公共基准引用,公差 / 尺寸 / 基准（PMI）,检测 / PMI（inspection & tolerance） / 外部引用 / 代理机制（external reference & proxy）,shape_aspect_definition_schema,https://www.steptools.com/stds/smrl/data/resource_docs/shape_variation_tolerances/sys/4_schema.htm#shape_aspect_definition_schema.general_datum_reference
585,general_feature,通用特征,特征 / 加工特征,其他 / 通用基础,shape_feature_mim,https://www.steptools.com/stds/smrl/data/modules/shape_feature/sys/5_mim.htm#shape_feature_mim.general_feature
586,general_linear_function,通用线性函数,表达式 / 数学 / 矩阵,其他 / 通用基础,,https://www.steptools.com/stds/smrl/data/resource_docs/mathematical_constructs/ISO_10303-50_2002(E)-Character_PDF_document.pdf
587,general_material_property,通用材料属性,材料 / 表面条件,属性 / 特征化（property & characterization）,generic_material_aspects_mim,https://www.steptools.com/stds/smrl/data/modules/generic_material_aspects/sys/5_mim.htm#generic_material_aspects_mim.general_material_property
588,general_property,通用属性,产品 / 配置 / 数据管理（PDM）,属性 / 特征化（property & characterization） / 2D 绘图 / 草图（2D drafting & sketch） / 数据管理 / 配置（PDM & configuration）,product_property_definition_schema,https://www.steptools.com/stds/smrl/data/resource_docs/fundamentals_of_product_description_and_support/sys/22_schema.htm#product_property_definition_schema.general_property
589,general_property_association,通用属性关联,产品 / 配置 / 数据管理（PDM）,属性 / 特征化（property & characterization） / 2D 绘图 / 草图（2D drafting & sketch） / 数据管理 / 配置（PDM & configuration）,product_property_definition_schema,https://www.steptools.com/stds/smrl/data/resource_docs/fundamentals_of_product_description_and_support/sys/22_schema.htm#product_property_definition_schema.general_property_association
590,general_property_relationship,通用属性关系,产品 / 配置 / 数据管理（PDM）,属性 / 特征化（property & characterization） / 2D 绘图 / 草图（2D drafting & sketch） / 数据管理 / 配置（PDM & configuration）,product_property_definition_schema,https://www.steptools.com/stds/smrl/data/resource_docs/fundamentals_of_product_description_and_support/sys/22_schema.htm#product_property_definition_schema.general_property_relationship
591,generic_expression,通用表达式,表达式 / 数学 / 矩阵,其他 / 通用基础,,https://www.steptools.com/stds/smrl/data/resource_docs/logical_model_of_expressions/ISO_13584-20_1998(E)-Character_PDF_document.pdf
592,generic_literal,通用字面量,表达式 / 数学 / 矩阵,其他 / 通用基础,,https://www.steptools.com/stds/smrl/data/resource_docs/logical_model_of_expressions/ISO_13584-20_1998(E)-Character_PDF_document.pdf
593,generic_product_definition_reference,通用产品定义引用,产品 / 配置 / 数据管理（PDM）,装配 / 结构（assembly & structure） / 数据管理 / 配置（PDM & configuration） / 外部引用 / 代理机制（external reference & proxy）,product_definition_schema,https://www.steptools.com/stds/smrl/data/resource_docs/fundamentals_of_product_description_and_support/sys/21_schema.htm#product_definition_schema.generic_product_definition_reference
594,generic_variable,通用变量,表达式 / 数学 / 矩阵,其他 / 通用基础,,https://www.steptools.com/stds/smrl/data/resource_docs/logical_model_of_expressions/ISO_13584-20_1998(E)-Character_PDF_document.pdf
595,geometric_alignment,几何对齐,特征 / 加工特征,其他 / 通用基础,shape_aspect_definition_schema,https://www.steptools.com/stds/smrl/data/resource_docs/shape_variation_tolerances/sys/4_schema.htm#shape_aspect_definition_schema.geometric_alignment
596,geometric_contact,几何接触,特征 / 加工特征,其他 / 通用基础,shape_aspect_definition_schema,https://www.steptools.com/stds/smrl/data/resource_docs/shape_variation_tolerances/sys/4_schema.htm#shape_aspect_definition_schema.geometric_contact
597,geometric_curve_set,几何曲线集合,几何 / 拓扑 / 实体造型,3D 建模 / 实体造型（3D modeling & solid）,geometric_model_schema,https://www.steptools.com/stds/smrl/data/resource_docs/geometric_and_topological_representation/sys/6_schema.htm#geometric_model_schema.geometric_curve_set
598,geometric_intersection,几何相交,特征 / 加工特征,其他 / 通用基础,shape_aspect_definition_schema,https://www.steptools.com/stds/smrl/data/resource_docs/shape_variation_tolerances/sys/4_schema.htm#shape_aspect_definition_schema.geometric_intersection
599,geometric_item_specific_usage,几何项特定用法,几何 / 拓扑 / 实体造型,3D 建模 / 实体造型（3D modeling & solid）,shape_property_assignment_mim,https://www.steptools.com/stds/smrl/data/modules/shape_property_assignment/sys/5_mim.htm#shape_property_assignment_mim.geometric_item_specific_usage
600,geometric_model_element_relationship,几何模型元素关系,几何 / 拓扑 / 实体造型,3D 建模 / 实体造型（3D modeling & solid）,extended_basic_geometry_mim,https://www.steptools.com/stds/smrl/data/modules/extended_basic_geometry/sys/5_mim.htm#extended_basic_geometry_mim.geometric_model_element_relationship
601,geometric_representation_context,几何表示上下文,渲染 / 外观 / 可视化 / 几何 / 拓扑 / 实体造型,3D 建模 / 实体造型（3D modeling & solid） / 渲染 / 可视化（rendering & visualization） / 元模型 / 表示框架（representation framework）,geometry_schema,https://www.steptools.com/stds/smrl/data/resource_docs/geometric_and_topological_representation/sys/4_schema.htm#geometry_schema.geometric_representation_context
602,geometric_representation_context_with_parameter,带参数的几何表示上下文,渲染 / 外观 / 可视化 / 几何 / 拓扑 / 实体造型,3D 建模 / 实体造型（3D modeling & solid） / 渲染 / 可视化（rendering & visualization） / 运动学 / 仿真（kinematics & simulation） / 元模型 / 表示框架（representation framework）,kinematic_motion_representation_schema,https://www.steptools.com/stds/smrl/data/resource_docs/kinematics/sys/8_schema.htm#kinematic_motion_representation_schema.geometric_representation_context_with_parameter
603,geometric_representation_item,几何表示项,渲染 / 外观 / 可视化 / 几何 / 拓扑 / 实体造型,3D 建模 / 实体造型（3D modeling & solid） / 渲染 / 可视化（rendering & visualization） / 元模型 / 表示框架（representation framework）,geometry_schema,https://www.steptools.com/stds/smrl/data/resource_docs/geometric_and_topological_representation/sys/4_schema.htm#geometry_schema.geometric_representation_item
604,geometric_set,几何集合,几何 / 拓扑 / 实体造型,3D 建模 / 实体造型（3D modeling & solid）,geometric_model_schema,https://www.steptools.com/stds/smrl/data/resource_docs/geometric_and_topological_representation/sys/6_schema.htm#geometric_model_schema.geometric_set
605,geometric_tolerance,几何公差,公差 / 尺寸 / 基准（PMI）,检测 / PMI（inspection & tolerance）,shape_tolerance_schema,https://www.steptools.com/stds/smrl/data/resource_docs/shape_variation_tolerances/sys/6_schema.htm#shape_tolerance_schema.geometric_tolerance
606,geometric_tolerance_auxiliary_classification,几何公差辅助分类,公差 / 尺寸 / 基准（PMI） / 产品 / 配置 / 数据管理（PDM）,检测 / PMI（inspection & tolerance） / 数据管理 / 配置（PDM & configuration）,shape_tolerance_schema,https://www.steptools.com/stds/smrl/data/resource_docs/shape_variation_tolerances/sys/6_schema.htm#shape_tolerance_schema.geometric_tolerance_auxiliary_classification
607,geometric_tolerance_relationship,几何公差关系,公差 / 尺寸 / 基准（PMI）,检测 / PMI（inspection & tolerance）,shape_tolerance_schema,https://www.steptools.com/stds/smrl/data/resource_docs/shape_variation_tolerances/sys/6_schema.htm#shape_tolerance_schema.geometric_tolerance_relationship
608,geometric_tolerance_with_datum_reference,带基准的几何公差,公差 / 尺寸 / 基准（PMI）,检测 / PMI（inspection & tolerance） / 外部引用 / 代理机制（external reference & proxy）,shape_tolerance_schema,https://www.steptools.com/stds/smrl/data/resource_docs/shape_variation_tolerances/sys/6_schema.htm#shape_tolerance_schema.geometric_tolerance_with_datum_reference
609,geometric_tolerance_with_defined_area_unit,带定义面积单位的几何公差,电力 / 物理量 / 计量单位 / 公差 / 尺寸 / 基准（PMI）,检测 / PMI（inspection & tolerance）,shape_tolerance_schema,https://www.steptools.com/stds/smrl/data/resource_docs/shape_variation_tolerances/sys/6_schema.htm#shape_tolerance_schema.geometric_tolerance_with_defined_area_unit
610,geometric_tolerance_with_defined_unit,带定义单位的几何公差,电力 / 物理量 / 计量单位 / 公差 / 尺寸 / 基准（PMI）,检测 / PMI（inspection & tolerance）,shape_tolerance_schema,https://www.steptools.com/stds/smrl/data/resource_docs/shape_variation_tolerances/sys/6_schema.htm#shape_tolerance_schema.geometric_tolerance_with_defined_unit
611,geometric_tolerance_with_maximum_tolerance,带最大公差的几何公差,公差 / 尺寸 / 基准（PMI）,检测 / PMI（inspection & tolerance）,shape_tolerance_schema,https://www.steptools.com/stds/smrl/data/resource_docs/shape_variation_tolerances/sys/6_schema.htm#shape_tolerance_schema.geometric_tolerance_with_maximum_tolerance
612,geometric_tolerance_with_modifiers,带修饰符的几何公差,公差 / 尺寸 / 基准（PMI）,检测 / PMI（inspection & tolerance）,shape_tolerance_schema,https://www.steptools.com/stds/smrl/data/resource_docs/shape_variation_tolerances/sys/6_schema.htm#shape_tolerance_schema.geometric_tolerance_with_modifiers
613,geometrical_tolerance_callout,几何公差注记,公差 / 尺寸 / 基准（PMI） / 制图 / 标注 / 工程图,2D 绘图 / 草图（2D drafting & sketch） / 制图 / 工程图（drawing & annotation） / 检测 / PMI（inspection & tolerance）,aic_draughting_elements,https://www.steptools.com/stds/smrl/data/resource_docs/draughting_elements/sys/4_schema.htm#aic_draughting_elements.geometrical_tolerance_callout
614,geometrically_bounded_surface_shape_representation,几何有界曲面形状表示,渲染 / 外观 / 可视化 / 几何 / 拓扑 / 实体造型 / 特征 / 加工特征,3D 建模 / 实体造型（3D modeling & solid） / 渲染 / 可视化（rendering & visualization） / 元模型 / 表示框架（representation framework）,,https://www.steptools.com/stds/smrl/data/resource_docs/geometrically_bounded_surface/ISO_10303-507_2001(E)-Character_PDF_document.pdf
615,geometrically_bounded_wireframe_shape_representation,几何有界线框形状表示,渲染 / 外观 / 可视化 / 几何 / 拓扑 / 实体造型,3D 建模 / 实体造型（3D modeling & solid） / 渲染 / 可视化（rendering & visualization） / 元模型 / 表示框架（representation framework）,,https://www.steptools.com/stds/smrl/data/resource_docs/geometrically_bounded_wireframe/ISO_10303-510_2000(E)-Character_PDF_document.pdf
616,global_uncertainty_assigned_context,全局不确定度赋值上下文,公差 / 尺寸 / 基准（PMI）,检测 / PMI（inspection & tolerance） / 元模型 / 表示框架（representation framework）,representation_schema,https://www.steptools.com/stds/smrl/data/resource_docs/representation_structures/sys/4_schema.htm#representation_schema.global_uncertainty_assigned_context
617,global_unit_assigned_context,全局单位赋值上下文,电力 / 物理量 / 计量单位,元模型 / 表示框架（representation framework）,measure_schema,https://www.steptools.com/stds/smrl/data/resource_docs/fundamentals_of_product_description_and_support/sys/19_schema.htm#measure_schema.global_unit_assigned_context
618,gps_filter,GPS过滤,公差 / 尺寸 / 基准（PMI）,检测 / PMI（inspection & tolerance）,shape_tolerance_schema,https://www.steptools.com/stds/smrl/data/resource_docs/shape_variation_tolerances/sys/6_schema.htm#shape_tolerance_schema.gps_filter
619,gps_filtration_specification,GPS过滤规范,公差 / 尺寸 / 基准（PMI）,检测 / PMI（inspection & tolerance）,shape_tolerance_schema,https://www.steptools.com/stds/smrl/data/resource_docs/shape_variation_tolerances/sys/6_schema.htm#shape_tolerance_schema.gps_filtration_specification
620,grooving_turning_operation,切槽车削操作,NC / 数控加工（CAM）,制造 / 工艺规划（CAM & process planning）,aim-grooving_turning_operation,https://stepmfg.github.io/ap238/data/clause5.htm#aim-grooving_turning_operation
621,group,组,产品 / 配置 / 数据管理（PDM）,数据管理 / 配置（PDM & configuration）,group_schema,https://www.steptools.com/stds/smrl/data/resource_docs/fundamentals_of_product_description_and_support/sys/15_schema.htm#group_schema.group
622,group_assignment,组赋值,产品 / 配置 / 数据管理（PDM）,数据管理 / 配置（PDM & configuration）,management_resources_schema,https://www.steptools.com/stds/smrl/data/resource_docs/fundamentals_of_product_description_and_support/sys/18_schema.htm#management_resources_schema.group_assignment
623,group_relationship,组关系,产品 / 配置 / 数据管理（PDM）,数据管理 / 配置（PDM & configuration）,group_schema,https://www.steptools.com/stds/smrl/data/resource_docs/fundamentals_of_product_description_and_support/sys/15_schema.htm#group_schema.group_relationship
624,half_space_solid,半空间实体,几何 / 拓扑 / 实体造型,3D 建模 / 实体造型（3D modeling & solid）,geometric_model_schema,https://www.steptools.com/stds/smrl/data/resource_docs/geometric_and_topological_representation/sys/6_schema.htm#geometric_model_schema.half_space_solid
625,hardness_representation,硬度表示,电力 / 物理量 / 计量单位 / 渲染 / 外观 / 可视化 / 公差 / 尺寸 / 基准（PMI） / 材料 / 表面条件,渲染 / 可视化（rendering & visualization） / 检测 / PMI（inspection & tolerance） / 元模型 / 表示框架（representation framework）,surface_conditions_mim,https://www.steptools.com/stds/smrl/data/modules/surface_conditions/sys/5_mim.htm#surface_conditions_mim.hardness_representation
626,hexahedron_volume,六面体体积,几何 / 拓扑 / 实体造型,3D 建模 / 实体造型（3D modeling & solid）,geometry_schema,https://www.steptools.com/stds/smrl/data/resource_docs/geometric_and_topological_representation/sys/4_schema.htm#geometry_schema.hexahedron_volume
627,hidden_element_over_riding_styled_item,隐藏元素的覆盖样式项,渲染 / 外观 / 可视化,渲染 / 可视化（rendering & visualization） / 元模型 / 表示框架（representation framework）,camera_view_3d_mim,https://www.steptools.com/stds/smrl/data/modules/camera_view_3d/sys/5_mim.htm#camera_view_3d_mim.hidden_element_over_riding_styled_item
628,high_order_kinematic_pair,高次序运动学副,机械 / 运动学 / 传动,运动学 / 仿真（kinematics & simulation）,kinematic_structure_schema,https://www.steptools.com/stds/smrl/data/resource_docs/kinematics/sys/6_schema.htm#kinematic_structure_schema.high_order_kinematic_pair
629,hole_bottom,孔底部,特征 / 加工特征,其他 / 通用基础,machining_feature_schema,https://www.steptools.com/stds/smrl/data/resource_docs/mechanical_features/sys/5_schema.htm#machining_feature_schema.hole_bottom
630,homogeneous_linear_function,齐次线性函数,表达式 / 数学 / 矩阵,其他 / 通用基础,,https://www.steptools.com/stds/smrl/data/resource_docs/mathematical_constructs/ISO_10303-50_2002(E)-Character_PDF_document.pdf
631,homokinetic_pair,等速副,机械 / 运动学 / 传动,运动学 / 仿真（kinematics & simulation）,kinematic_structure_schema,https://www.steptools.com/stds/smrl/data/resource_docs/kinematics/sys/6_schema.htm#kinematic_structure_schema.homokinetic_pair
632,hyperbola,双曲线,几何 / 拓扑 / 实体造型,3D 建模 / 实体造型（3D modeling & solid）,geometry_schema,https://www.steptools.com/stds/smrl/data/resource_docs/geometric_and_topological_representation/sys/4_schema.htm#geometry_schema.hyperbola
633,id_attribute,标识属性,产品 / 配置 / 数据管理（PDM）,2D 绘图 / 草图（2D drafting & sketch） / 数据管理 / 配置（PDM & configuration）,basic_attribute_schema,https://www.steptools.com/stds/smrl/data/resource_docs/fundamentals_of_product_description_and_support/sys/7_schema.htm#basic_attribute_schema.id_attribute
634,identification_assignment,标识赋值,产品 / 配置 / 数据管理（PDM）,数据管理 / 配置（PDM & configuration）,management_resources_schema,https://www.steptools.com/stds/smrl/data/resource_docs/fundamentals_of_product_description_and_support/sys/18_schema.htm#management_resources_schema.identification_assignment
635,identification_role,标识角色,产品 / 配置 / 数据管理（PDM）,2D 绘图 / 草图（2D drafting & sketch） / 数据管理 / 配置（PDM & configuration）,management_resources_schema,https://www.steptools.com/stds/smrl/data/resource_docs/fundamentals_of_product_description_and_support/sys/18_schema.htm#management_resources_schema.identification_role
636,idrm_classification_assignment,IDRM分类赋值,产品 / 配置 / 数据管理（PDM）,数据管理 / 配置（PDM & configuration） / 外部引用 / 代理机制（external reference & proxy）,incomplete_data_reference_mechanism_mim,https://www.steptools.com/stds/smrl/data/modules/incomplete_data_reference_mechanism/sys/5_mim.htm#incomplete_data_reference_mechanism_mim.idrm_classification_assignment
637,illuminance_measure_with_unit,带单位的照度值,电力 / 物理量 / 计量单位,检测 / PMI（inspection & tolerance）,measure_schema,https://www.steptools.com/stds/smrl/data/resource_docs/fundamentals_of_product_description_and_support/sys/19_schema.htm#measure_schema.illuminance_measure_with_unit
638,illuminance_unit,照度单位,电力 / 物理量 / 计量单位,其他 / 通用基础,measure_schema,https://www.steptools.com/stds/smrl/data/resource_docs/fundamentals_of_product_description_and_support/sys/19_schema.htm#measure_schema.illuminance_unit
639,imported_curve_function,导入曲线函数,几何 / 拓扑 / 实体造型 / 表达式 / 数学 / 矩阵,3D 建模 / 实体造型（3D modeling & solid）,,https://www.steptools.com/stds/smrl/data/resource_docs/mathematical_constructs/ISO_10303-50_2002(E)-Character_PDF_document.pdf
640,imported_point_function,导入点函数,表达式 / 数学 / 矩阵,其他 / 通用基础,,https://www.steptools.com/stds/smrl/data/resource_docs/mathematical_constructs/ISO_10303-50_2002(E)-Character_PDF_document.pdf
641,imported_surface_function,导入曲面函数,几何 / 拓扑 / 实体造型 / 表达式 / 数学 / 矩阵,3D 建模 / 实体造型（3D modeling & solid）,,https://www.steptools.com/stds/smrl/data/resource_docs/mathematical_constructs/ISO_10303-50_2002(E)-Character_PDF_document.pdf
642,imported_volume_function,导入体积函数,几何 / 拓扑 / 实体造型 / 表达式 / 数学 / 矩阵,3D 建模 / 实体造型（3D modeling & solid）,,https://www.steptools.com/stds/smrl/data/resource_docs/mathematical_constructs/ISO_10303-50_2002(E)-Character_PDF_document.pdf
643,included_text_block,包含文本块,几何 / 拓扑 / 实体造型 / 产品 / 配置 / 数据管理（PDM）,3D 建模 / 实体造型（3D modeling & solid） / 数据管理 / 配置（PDM & configuration）,tagged_text_representation_mim,https://www.steptools.com/stds/smrl/data/modules/tagged_text_representation/sys/5_mim.htm#tagged_text_representation_mim.included_text_block
644,inclusion_product_concept_feature,内含产品概念特征,产品 / 配置 / 数据管理（PDM） / 特征 / 加工特征,装配 / 结构（assembly & structure） / 数据管理 / 配置（PDM & configuration）,product_class_mim,https://www.steptools.com/stds/smrl/data/modules/product_class/sys/5_mim.htm#product_class_mim.inclusion_product_concept_feature
645,index_expression,索引表达式,表达式 / 数学 / 矩阵,其他 / 通用基础,,https://www.steptools.com/stds/smrl/data/resource_docs/logical_model_of_expressions/ISO_13584-20_1998(E)-Character_PDF_document.pdf
646,inductance_measure_with_unit,带单位的电感值,电力 / 物理量 / 计量单位,检测 / PMI（inspection & tolerance）,measure_schema,https://www.steptools.com/stds/smrl/data/resource_docs/fundamentals_of_product_description_and_support/sys/19_schema.htm#measure_schema.inductance_measure_with_unit
647,inductance_unit,电感单位,电力 / 物理量 / 计量单位,其他 / 通用基础,measure_schema,https://www.steptools.com/stds/smrl/data/resource_docs/fundamentals_of_product_description_and_support/sys/19_schema.htm#measure_schema.inductance_unit
648,information_right,信息右,产品 / 配置 / 数据管理（PDM）,数据管理 / 配置（PDM & configuration）,information_rights_mim,https://www.steptools.com/stds/smrl/data/modules/information_rights/sys/5_mim.htm#information_rights_mim.information_right
649,information_usage_right,信息用法右,产品 / 配置 / 数据管理（PDM）,数据管理 / 配置（PDM & configuration）,information_rights_mim,https://www.steptools.com/stds/smrl/data/modules/information_rights/sys/5_mim.htm#information_rights_mim.information_usage_right
650,instance_usage_context_assignment,实例用法上下文赋值,产品 / 配置 / 数据管理（PDM）,数据管理 / 配置（PDM & configuration） / 有效性 / 版本（effectivity & versioning）,specification_control_mim,https://www.steptools.com/stds/smrl/data/modules/specification_control/sys/5_mim.htm#specification_control_mim.instance_usage_context_assignment
651,instanced_feature,实例化特征,特征 / 加工特征,其他 / 通用基础,shape_aspect_definition_schema,https://www.steptools.com/stds/smrl/data/resource_docs/shape_variation_tolerances/sys/4_schema.htm#shape_aspect_definition_schema.instanced_feature
652,int_literal,整数字面量,表达式 / 数学 / 矩阵,其他 / 通用基础,,https://www.steptools.com/stds/smrl/data/resource_docs/logical_model_of_expressions/ISO_13584-20_1998(E)-Character_PDF_document.pdf
653,int_numeric_variable,整数数值变量,表达式 / 数学 / 矩阵,其他 / 通用基础,,https://www.steptools.com/stds/smrl/data/resource_docs/logical_model_of_expressions/ISO_13584-20_1998(E)-Character_PDF_document.pdf
654,int_value_function,整数值函数,表达式 / 数学 / 矩阵,其他 / 通用基础,,https://www.steptools.com/stds/smrl/data/resource_docs/logical_model_of_expressions/ISO_13584-20_1998(E)-Character_PDF_document.pdf
655,integer_defined_function,整数定义函数,表达式 / 数学 / 矩阵,其他 / 通用基础,,https://www.steptools.com/stds/smrl/data/resource_docs/logical_model_of_expressions/ISO_13584-20_1998(E)-Character_PDF_document.pdf
656,integer_interval_from_min,以最小值为界的整数区间,表达式 / 数学 / 矩阵,其他 / 通用基础,,https://www.steptools.com/stds/smrl/data/resource_docs/mathematical_constructs/ISO_10303-50_2002(E)-Character_PDF_document.pdf
657,integer_interval_to_max,以最大值为界的整数区间,表达式 / 数学 / 矩阵,其他 / 通用基础,,https://www.steptools.com/stds/smrl/data/resource_docs/mathematical_constructs/ISO_10303-50_2002(E)-Character_PDF_document.pdf
658,integer_representation_item,整数表示项,渲染 / 外观 / 可视化,渲染 / 可视化（rendering & visualization） / 元模型 / 表示框架（representation framework）,basic_data_representation_mim,https://www.steptools.com/stds/smrl/data/modules/basic_data_representation/sys/5_mim.htm#basic_data_representation_mim.integer_representation_item
659,integer_tuple_literal,整数元组字面量,表达式 / 数学 / 矩阵,其他 / 通用基础,,https://www.steptools.com/stds/smrl/data/resource_docs/mathematical_constructs/ISO_10303-50_2002(E)-Character_PDF_document.pdf
660,interpolated_configuration_representation,插值配置表示,渲染 / 外观 / 可视化 / 产品 / 配置 / 数据管理（PDM）,渲染 / 可视化（rendering & visualization） / 运动学 / 仿真（kinematics & simulation） / 数据管理 / 配置（PDM & configuration） / 元模型 / 表示框架（representation framework）,kinematic_motion_representation_schema,https://www.steptools.com/stds/smrl/data/resource_docs/kinematics/sys/8_schema.htm#kinematic_motion_representation_schema.interpolated_configuration_representation
661,interpolated_configuration_segment,插值配置段,产品 / 配置 / 数据管理（PDM）,运动学 / 仿真（kinematics & simulation） / 数据管理 / 配置（PDM & configuration）,kinematic_motion_representation_schema,https://www.steptools.com/stds/smrl/data/resource_docs/kinematics/sys/8_schema.htm#kinematic_motion_representation_schema.interpolated_configuration_segment
662,interpolated_configuration_sequence,插值配置序列,产品 / 配置 / 数据管理（PDM）,运动学 / 仿真（kinematics & simulation） / 数据管理 / 配置（PDM & configuration）,kinematic_motion_representation_schema,https://www.steptools.com/stds/smrl/data/resource_docs/kinematics/sys/8_schema.htm#kinematic_motion_representation_schema.interpolated_configuration_sequence
663,intersection_curve,相交曲线,几何 / 拓扑 / 实体造型,3D 建模 / 实体造型（3D modeling & solid）,geometry_schema,https://www.steptools.com/stds/smrl/data/resource_docs/geometric_and_topological_representation/sys/4_schema.htm#geometry_schema.intersection_curve
664,interval_expression,区间表达式,表达式 / 数学 / 矩阵,其他 / 通用基础,,https://www.steptools.com/stds/smrl/data/resource_docs/logical_model_of_expressions/ISO_13584-20_1998(E)-Character_PDF_document.pdf
665,invisibility,不可见,渲染 / 外观 / 可视化,渲染 / 可视化（rendering & visualization）,presentation_appearance_schema,https://www.steptools.com/stds/smrl/data/resource_docs/visual_presentation/sys/6_schema.htm#presentation_appearance_schema.invisibility
666,item_defined_transformation,项定义变换,几何 / 拓扑 / 实体造型,元模型 / 表示框架（representation framework） / 2D 绘图 / 草图（2D drafting & sketch） / 3D 建模 / 实体造型（3D modeling & solid）,representation_schema,https://www.steptools.com/stds/smrl/data/resource_docs/representation_structures/sys/4_schema.htm#representation_schema.item_defined_transformation
667,item_identified_representation_usage,项被标识表示用法,渲染 / 外观 / 可视化,渲染 / 可视化（rendering & visualization） / 元模型 / 表示框架（representation framework）,product_property_representation_schema,https://www.steptools.com/stds/smrl/data/resource_docs/fundamentals_of_product_description_and_support/sys/23_schema.htm#product_property_representation_schema.item_identified_representation_usage
668,item_link_motion_relationship,项链接运动关系,机械 / 运动学 / 传动,运动学 / 仿真（kinematics & simulation）,kinematic_motion_representation_schema,https://www.steptools.com/stds/smrl/data/resource_docs/kinematics/sys/8_schema.htm#kinematic_motion_representation_schema.item_link_motion_relationship
669,kinematic_analysis_consistency,运动学分析一致性,机械 / 运动学 / 传动,运动学 / 仿真（kinematics & simulation）,kinematic_analysis_control_and_result_schema,https://www.steptools.com/stds/smrl/data/resource_docs/kinematics/sys/9_schema.htm#kinematic_analysis_control_and_result_schema.kinematic_analysis_consistency
670,kinematic_analysis_result,运动学分析结果,机械 / 运动学 / 传动,运动学 / 仿真（kinematics & simulation）,kinematic_analysis_control_and_result_schema,https://www.steptools.com/stds/smrl/data/resource_docs/kinematics/sys/9_schema.htm#kinematic_analysis_control_and_result_schema.kinematic_analysis_result
671,kinematic_control,运动学控制,机械 / 运动学 / 传动,运动学 / 仿真（kinematics & simulation）,kinematic_analysis_control_and_result_schema,https://www.steptools.com/stds/smrl/data/resource_docs/kinematics/sys/9_schema.htm#kinematic_analysis_control_and_result_schema.kinematic_control
672,kinematic_joint,运动学关节,机械 / 运动学 / 传动,运动学 / 仿真（kinematics & simulation）,kinematic_topology_schema,https://www.steptools.com/stds/smrl/data/resource_docs/kinematics/sys/5_schema.htm#kinematic_topology_schema.kinematic_joint
673,kinematic_link,运动连杆,机械 / 运动学 / 传动,运动学 / 仿真（kinematics & simulation）,kinematic_topology_schema,https://www.steptools.com/stds/smrl/data/resource_docs/kinematics/sys/5_schema.htm#kinematic_topology_schema.kinematic_link
674,kinematic_link_representation,运动学链接表示,机械 / 运动学 / 传动 / 渲染 / 外观 / 可视化,渲染 / 可视化（rendering & visualization） / 运动学 / 仿真（kinematics & simulation） / 元模型 / 表示框架（representation framework）,kinematic_structure_schema,https://www.steptools.com/stds/smrl/data/resource_docs/kinematics/sys/6_schema.htm#kinematic_structure_schema.kinematic_link_representation
675,kinematic_link_representation_association,运动学链接表示关联,机械 / 运动学 / 传动 / 渲染 / 外观 / 可视化,渲染 / 可视化（rendering & visualization） / 运动学 / 仿真（kinematics & simulation） / 元模型 / 表示框架（representation framework）,kinematic_structure_schema,https://www.steptools.com/stds/smrl/data/resource_docs/kinematics/sys/6_schema.htm#kinematic_structure_schema.kinematic_link_representation_association
676,kinematic_loop,运动学环,机械 / 运动学 / 传动 / 几何 / 拓扑 / 实体造型,3D 建模 / 实体造型（3D modeling & solid） / 运动学 / 仿真（kinematics & simulation）,kinematic_topology_schema,https://www.steptools.com/stds/smrl/data/resource_docs/kinematics/sys/5_schema.htm#kinematic_topology_schema.kinematic_loop
677,kinematic_pair,运动副,机械 / 运动学 / 传动,运动学 / 仿真（kinematics & simulation）,kinematic_structure_schema,https://www.steptools.com/stds/smrl/data/resource_docs/kinematics/sys/6_schema.htm#kinematic_structure_schema.kinematic_pair
678,kinematic_path,运动学路径,机械 / 运动学 / 传动,运动学 / 仿真（kinematics & simulation）,kinematic_motion_representation_schema,https://www.steptools.com/stds/smrl/data/resource_docs/kinematics/sys/8_schema.htm#kinematic_motion_representation_schema.kinematic_path
679,kinematic_path_defined_by_curves,由曲线定义的运动学路径,机械 / 运动学 / 传动 / 几何 / 拓扑 / 实体造型,3D 建模 / 实体造型（3D modeling & solid） / 运动学 / 仿真（kinematics & simulation）,kinematic_motion_representation_schema,https://www.steptools.com/stds/smrl/data/resource_docs/kinematics/sys/8_schema.htm#kinematic_motion_representation_schema.kinematic_path_defined_by_curves
680,kinematic_path_defined_by_nodes,由节点定义的运动学路径,机械 / 运动学 / 传动,运动学 / 仿真（kinematics & simulation）,kinematic_motion_representation_schema,https://www.steptools.com/stds/smrl/data/resource_docs/kinematics/sys/8_schema.htm#kinematic_motion_representation_schema.kinematic_path_defined_by_nodes
681,kinematic_path_segment,运动学路径段,机械 / 运动学 / 传动,运动学 / 仿真（kinematics & simulation）,kinematic_motion_representation_schema,https://www.steptools.com/stds/smrl/data/resource_docs/kinematics/sys/8_schema.htm#kinematic_motion_representation_schema.kinematic_path_segment
682,kinematic_property_definition_representation,运动学属性定义表示,机械 / 运动学 / 传动 / 渲染 / 外观 / 可视化,渲染 / 可视化（rendering & visualization） / 运动学 / 仿真（kinematics & simulation） / 元模型 / 表示框架（representation framework） / 属性 / 特征化（property & characterization）,kinematic_property_schema,https://www.steptools.com/stds/smrl/data/resource_docs/kinematics/sys/4_schema.htm#kinematic_property_schema.kinematic_property_definition_representation
683,kinematic_property_mechanism_representation,运动学属性机构表示,机械 / 运动学 / 传动 / 渲染 / 外观 / 可视化,渲染 / 可视化（rendering & visualization） / 运动学 / 仿真（kinematics & simulation） / 元模型 / 表示框架（representation framework） / 属性 / 特征化（property & characterization）,kinematic_property_schema,https://www.steptools.com/stds/smrl/data/resource_docs/kinematics/sys/4_schema.htm#kinematic_property_schema.kinematic_property_mechanism_representation
684,kinematic_property_topology_representation,运动学属性拓扑表示,机械 / 运动学 / 传动 / 渲染 / 外观 / 可视化,渲染 / 可视化（rendering & visualization） / 运动学 / 仿真（kinematics & simulation） / 元模型 / 表示框架（representation framework） / 属性 / 特征化（property & characterization）,kinematic_property_schema,https://www.steptools.com/stds/smrl/data/resource_docs/kinematics/sys/4_schema.htm#kinematic_property_schema.kinematic_property_topology_representation
685,kinematic_topology_directed_structure,运动学拓扑有向结构,机械 / 运动学 / 传动,装配 / 结构（assembly & structure） / 运动学 / 仿真（kinematics & simulation）,kinematic_topology_schema,https://www.steptools.com/stds/smrl/data/resource_docs/kinematics/sys/5_schema.htm#kinematic_topology_schema.kinematic_topology_directed_structure
686,kinematic_topology_network_structure,运动学拓扑网络结构,机械 / 运动学 / 传动,装配 / 结构（assembly & structure） / 运动学 / 仿真（kinematics & simulation）,kinematic_topology_schema,https://www.steptools.com/stds/smrl/data/resource_docs/kinematics/sys/5_schema.htm#kinematic_topology_schema.kinematic_topology_network_structure
687,kinematic_topology_structure,运动学拓扑结构,机械 / 运动学 / 传动,装配 / 结构（assembly & structure） / 运动学 / 仿真（kinematics & simulation）,kinematic_topology_schema,https://www.steptools.com/stds/smrl/data/resource_docs/kinematics/sys/5_schema.htm#kinematic_topology_schema.kinematic_topology_structure
688,kinematic_topology_substructure,运动学拓扑子结构,机械 / 运动学 / 传动,装配 / 结构（assembly & structure） / 运动学 / 仿真（kinematics & simulation）,kinematic_topology_schema,https://www.steptools.com/stds/smrl/data/resource_docs/kinematics/sys/5_schema.htm#kinematic_topology_schema.kinematic_topology_substructure
689,kinematic_topology_tree_structure,运动学拓扑树结构,机械 / 运动学 / 传动,装配 / 结构（assembly & structure） / 运动学 / 仿真（kinematics & simulation）,kinematic_topology_schema,https://www.steptools.com/stds/smrl/data/resource_docs/kinematics/sys/5_schema.htm#kinematic_topology_schema.kinematic_topology_tree_structure
690,known_source,已知源,产品 / 配置 / 数据管理（PDM）,数据管理 / 配置（PDM & configuration） / 外部引用 / 代理机制（external reference & proxy）,plib_class_reference_mim,https://www.steptools.com/stds/smrl/data/modules/plib_class_reference/sys/5_mim.htm#plib_class_reference_mim.known_source
691,knurling_turning_operation,滚花车削操作,NC / 数控加工（CAM）,制造 / 工艺规划（CAM & process planning）,aim-knurling_turning_operation,https://stepmfg.github.io/ap238/data/clause5.htm#aim-knurling_turning_operation
692,language,语言,产品 / 配置 / 数据管理（PDM）,数据管理 / 配置（PDM & configuration） / 2D 绘图 / 草图（2D drafting & sketch）,language_schema,https://www.steptools.com/stds/smrl/data/resource_docs/fundamentals_of_product_description_and_support/sys/16_schema.htm#language_schema.language
693,leader_curve,指引线曲线,几何 / 拓扑 / 实体造型 / 制图 / 标注 / 工程图,2D 绘图 / 草图（2D drafting & sketch） / 3D 建模 / 实体造型（3D modeling & solid） / 制图 / 工程图（drawing & annotation）,draughting_element_schema,https://www.steptools.com/stds/smrl/data/resource_docs/draughting/sys/5_schema.htm#draughting_element_schema.leader_curve
694,leader_directed_callout,指引线注记,制图 / 标注 / 工程图,2D 绘图 / 草图（2D drafting & sketch） / 制图 / 工程图（drawing & annotation）,draughting_element_schema,https://www.steptools.com/stds/smrl/data/resource_docs/draughting/sys/5_schema.htm#draughting_element_schema.leader_directed_callout
695,leader_directed_dimension,指引线尺寸,公差 / 尺寸 / 基准（PMI） / 制图 / 标注 / 工程图,2D 绘图 / 草图（2D drafting & sketch） / 制图 / 工程图（drawing & annotation） / 检测 / PMI（inspection & tolerance）,aic_draughting_elements,https://www.steptools.com/stds/smrl/data/resource_docs/draughting_elements/sys/4_schema.htm#aic_draughting_elements.leader_directed_dimension
696,leader_terminator,指引线终止符,制图 / 标注 / 工程图,2D 绘图 / 草图（2D drafting & sketch） / 制图 / 工程图（drawing & annotation）,draughting_element_schema,https://www.steptools.com/stds/smrl/data/resource_docs/draughting/sys/5_schema.htm#draughting_element_schema.leader_terminator
697,length_function,长度函数,表达式 / 数学 / 矩阵,其他 / 通用基础,,https://www.steptools.com/stds/smrl/data/resource_docs/logical_model_of_expressions/ISO_13584-20_1998(E)-Character_PDF_document.pdf
698,length_measure_with_unit,带单位的长度量,电力 / 物理量 / 计量单位,检测 / PMI（inspection & tolerance）,measure_schema,https://www.steptools.com/stds/smrl/data/resource_docs/fundamentals_of_product_description_and_support/sys/19_schema.htm#measure_schema.length_measure_with_unit
699,length_unit,长度单位,电力 / 物理量 / 计量单位,其他 / 通用基础,measure_schema,https://www.steptools.com/stds/smrl/data/resource_docs/fundamentals_of_product_description_and_support/sys/19_schema.htm#measure_schema.length_unit
700,light_source,光源源,渲染 / 外观 / 可视化,渲染 / 可视化（rendering & visualization）,presentation_organization_schema,https://www.steptools.com/stds/smrl/data/resource_docs/visual_presentation/sys/4_schema.htm#presentation_organization_schema.light_source
701,light_source_ambient,光源源环境,渲染 / 外观 / 可视化,渲染 / 可视化（rendering & visualization）,presentation_organization_schema,https://www.steptools.com/stds/smrl/data/resource_docs/visual_presentation/sys/4_schema.htm#presentation_organization_schema.light_source_ambient
702,light_source_directional,光源源方向,渲染 / 外观 / 可视化 / 几何 / 拓扑 / 实体造型,3D 建模 / 实体造型（3D modeling & solid） / 渲染 / 可视化（rendering & visualization）,presentation_organization_schema,https://www.steptools.com/stds/smrl/data/resource_docs/visual_presentation/sys/4_schema.htm#presentation_organization_schema.light_source_directional
703,light_source_positional,光源源位置,渲染 / 外观 / 可视化,渲染 / 可视化（rendering & visualization）,presentation_organization_schema,https://www.steptools.com/stds/smrl/data/resource_docs/visual_presentation/sys/4_schema.htm#presentation_organization_schema.light_source_positional
704,light_source_spot,光源源点,渲染 / 外观 / 可视化,渲染 / 可视化（rendering & visualization）,presentation_organization_schema,https://www.steptools.com/stds/smrl/data/resource_docs/visual_presentation/sys/4_schema.htm#presentation_organization_schema.light_source_spot
705,like_expression,类似表达式,表达式 / 数学 / 矩阵,其他 / 通用基础,,https://www.steptools.com/stds/smrl/data/resource_docs/logical_model_of_expressions/ISO_13584-20_1998(E)-Character_PDF_document.pdf
706,limits_and_fits,极限与配合,公差 / 尺寸 / 基准（PMI）,检测 / PMI（inspection & tolerance）,shape_tolerance_schema,https://www.steptools.com/stds/smrl/data/resource_docs/shape_variation_tolerances/sys/6_schema.htm#shape_tolerance_schema.limits_and_fits
707,line,线,几何 / 拓扑 / 实体造型,2D 绘图 / 草图（2D drafting & sketch） / 3D 建模 / 实体造型（3D modeling & solid）,geometry_schema,https://www.steptools.com/stds/smrl/data/resource_docs/geometric_and_topological_representation/sys/4_schema.htm#geometry_schema.line
708,line_profile_tolerance,线轮廓度公差,公差 / 尺寸 / 基准（PMI） / 特征 / 加工特征,2D 绘图 / 草图（2D drafting & sketch） / 检测 / PMI（inspection & tolerance）,shape_tolerance_schema,https://www.steptools.com/stds/smrl/data/resource_docs/shape_variation_tolerances/sys/6_schema.htm#shape_tolerance_schema.line_profile_tolerance
709,linear_dimension,线性尺寸,公差 / 尺寸 / 基准（PMI） / 制图 / 标注 / 工程图,2D 绘图 / 草图（2D drafting & sketch） / 制图 / 工程图（drawing & annotation） / 检测 / PMI（inspection & tolerance）,aic_draughting_elements,https://www.steptools.com/stds/smrl/data/resource_docs/draughting_elements/sys/4_schema.htm#aic_draughting_elements.linear_dimension
710,linear_flexible_and_pinion_pair,线性柔性与小齿轮副,机械 / 运动学 / 传动,运动学 / 仿真（kinematics & simulation）,kinematic_structure_schema,https://www.steptools.com/stds/smrl/data/resource_docs/kinematics/sys/6_schema.htm#kinematic_structure_schema.linear_flexible_and_pinion_pair
711,linear_flexible_and_planar_curve_pair,线性柔性与平面曲线副,机械 / 运动学 / 传动 / 几何 / 拓扑 / 实体造型,2D 绘图 / 草图（2D drafting & sketch） / 3D 建模 / 实体造型（3D modeling & solid） / 运动学 / 仿真（kinematics & simulation）,kinematic_structure_schema,https://www.steptools.com/stds/smrl/data/resource_docs/kinematics/sys/6_schema.htm#kinematic_structure_schema.linear_flexible_and_planar_curve_pair
712,linear_flexible_link_representation,线性柔性链接表示,机械 / 运动学 / 传动 / 渲染 / 外观 / 可视化,渲染 / 可视化（rendering & visualization） / 运动学 / 仿真（kinematics & simulation） / 元模型 / 表示框架（representation framework）,kinematic_structure_schema,https://www.steptools.com/stds/smrl/data/resource_docs/kinematics/sys/6_schema.htm#kinematic_structure_schema.linear_flexible_link_representation
713,linear_path,线性路径,机械 / 运动学 / 传动,运动学 / 仿真（kinematics & simulation） / 2D 绘图 / 草图（2D drafting & sketch）,kinematic_motion_representation_schema,https://www.steptools.com/stds/smrl/data/resource_docs/kinematics/sys/8_schema.htm#kinematic_motion_representation_schema.linear_path
714,linear_profile,线性轮廓,特征 / 加工特征,2D 绘图 / 草图（2D drafting & sketch）,machining_feature_schema,https://www.steptools.com/stds/smrl/data/resource_docs/mechanical_features/sys/5_schema.htm#machining_feature_schema.linear_profile
715,linearized_table_function,线性化表函数,表达式 / 数学 / 矩阵,其他 / 通用基础,,https://www.steptools.com/stds/smrl/data/resource_docs/mathematical_constructs/ISO_10303-50_2002(E)-Character_PDF_document.pdf
716,link_motion_relationship,链接运动关系,机械 / 运动学 / 传动,运动学 / 仿真（kinematics & simulation）,kinematic_motion_representation_schema,https://www.steptools.com/stds/smrl/data/resource_docs/kinematics/sys/8_schema.htm#kinematic_motion_representation_schema.link_motion_relationship
717,link_motion_representation_along_path,沿路径的链接运动表示,机械 / 运动学 / 传动 / 渲染 / 外观 / 可视化,渲染 / 可视化（rendering & visualization） / 运动学 / 仿真（kinematics & simulation） / 元模型 / 表示框架（representation framework）,kinematic_motion_representation_schema,https://www.steptools.com/stds/smrl/data/resource_docs/kinematics/sys/8_schema.htm#kinematic_motion_representation_schema.link_motion_representation_along_path
718,link_motion_transformation,链接运动变换,机械 / 运动学 / 传动,运动学 / 仿真（kinematics & simulation）,kinematic_motion_representation_schema,https://www.steptools.com/stds/smrl/data/resource_docs/kinematics/sys/8_schema.htm#kinematic_motion_representation_schema.link_motion_transformation
719,listed_complex_number_data,列出复合编号数据,表达式 / 数学 / 矩阵,其他 / 通用基础,,https://www.steptools.com/stds/smrl/data/resource_docs/mathematical_constructs/ISO_10303-50_2002(E)-Character_PDF_document.pdf
720,listed_data,列出数据,表达式 / 数学 / 矩阵,其他 / 通用基础,,https://www.steptools.com/stds/smrl/data/resource_docs/mathematical_constructs/ISO_10303-50_2002(E)-Character_PDF_document.pdf
721,listed_integer_data,列出整数数据,表达式 / 数学 / 矩阵,其他 / 通用基础,,https://www.steptools.com/stds/smrl/data/resource_docs/mathematical_constructs/ISO_10303-50_2002(E)-Character_PDF_document.pdf
722,listed_logical_data,列出逻辑数据,表达式 / 数学 / 矩阵,其他 / 通用基础,,https://www.steptools.com/stds/smrl/data/resource_docs/mathematical_constructs/ISO_10303-50_2002(E)-Character_PDF_document.pdf
723,listed_product_space,列出产品空间,产品 / 配置 / 数据管理（PDM） / 表达式 / 数学 / 矩阵,数据管理 / 配置（PDM & configuration）,,https://www.steptools.com/stds/smrl/data/resource_docs/mathematical_constructs/ISO_10303-50_2002(E)-Character_PDF_document.pdf
724,listed_real_data,列出实数数据,表达式 / 数学 / 矩阵,其他 / 通用基础,,https://www.steptools.com/stds/smrl/data/resource_docs/mathematical_constructs/ISO_10303-50_2002(E)-Character_PDF_document.pdf
725,listed_string_data,列出字符串数据,表达式 / 数学 / 矩阵,其他 / 通用基础,,https://www.steptools.com/stds/smrl/data/resource_docs/mathematical_constructs/ISO_10303-50_2002(E)-Character_PDF_document.pdf
726,literal_number,字面量编号,表达式 / 数学 / 矩阵,其他 / 通用基础,,https://www.steptools.com/stds/smrl/data/resource_docs/logical_model_of_expressions/ISO_13584-20_1998(E)-Character_PDF_document.pdf
727,local_b_spline,局部B样条,几何 / 拓扑 / 实体造型,3D 建模 / 实体造型（3D modeling & solid）,geometry_schema,https://www.steptools.com/stds/smrl/data/resource_docs/geometric_and_topological_representation/sys/4_schema.htm#geometry_schema.local_b_spline
728,local_time,局部时间,产品 / 配置 / 数据管理（PDM）,数据管理 / 配置（PDM & configuration）,date_time_schema,https://www.steptools.com/stds/smrl/data/resource_docs/fundamentals_of_product_description_and_support/sys/10_schema.htm#date_time_schema.local_time
729,locally_refined_spline_curve,局部细化样条曲线,几何 / 拓扑 / 实体造型,3D 建模 / 实体造型（3D modeling & solid）,geometry_schema,https://www.steptools.com/stds/smrl/data/resource_docs/geometric_and_topological_representation/sys/4_schema.htm#geometry_schema.locally_refined_spline_curve
730,locally_refined_spline_surface,局部细化样条曲面,几何 / 拓扑 / 实体造型,3D 建模 / 实体造型（3D modeling & solid）,geometry_schema,https://www.steptools.com/stds/smrl/data/resource_docs/geometric_and_topological_representation/sys/4_schema.htm#geometry_schema.locally_refined_spline_surface
731,locally_refined_spline_volume,局部细化样条体积,几何 / 拓扑 / 实体造型,3D 建模 / 实体造型（3D modeling & solid）,geometry_schema,https://www.steptools.com/stds/smrl/data/resource_docs/geometric_and_topological_representation/sys/4_schema.htm#geometry_schema.locally_refined_spline_volume
732,location_shape_representation,位置形状表示,渲染 / 外观 / 可视化 / 特征 / 加工特征,渲染 / 可视化（rendering & visualization） / 元模型 / 表示框架（representation framework）,machining_feature_schema,https://www.steptools.com/stds/smrl/data/resource_docs/mechanical_features/sys/5_schema.htm#machining_feature_schema.location_shape_representation
733,log10_function,常用对数函数,表达式 / 数学 / 矩阵,其他 / 通用基础,,https://www.steptools.com/stds/smrl/data/resource_docs/logical_model_of_expressions/ISO_13584-20_1998(E)-Character_PDF_document.pdf
734,log2_function,底2对数函数,表达式 / 数学 / 矩阵,其他 / 通用基础,,https://www.steptools.com/stds/smrl/data/resource_docs/logical_model_of_expressions/ISO_13584-20_1998(E)-Character_PDF_document.pdf
735,log_function,对数函数,表达式 / 数学 / 矩阵,其他 / 通用基础,,https://www.steptools.com/stds/smrl/data/resource_docs/logical_model_of_expressions/ISO_13584-20_1998(E)-Character_PDF_document.pdf
736,logical_literal,逻辑字面量,表达式 / 数学 / 矩阵,其他 / 通用基础,,https://www.steptools.com/stds/smrl/data/resource_docs/mathematical_constructs/ISO_10303-50_2002(E)-Character_PDF_document.pdf
737,logical_representation_item,逻辑表示项,渲染 / 外观 / 可视化,渲染 / 可视化（rendering & visualization） / 元模型 / 表示框架（representation framework）,basic_data_representation_mim,https://www.steptools.com/stds/smrl/data/modules/basic_data_representation/sys/5_mim.htm#basic_data_representation_mim.logical_representation_item
738,loop,环,几何 / 拓扑 / 实体造型,2D 绘图 / 草图（2D drafting & sketch） / 3D 建模 / 实体造型（3D modeling & solid）,topology_schema,https://www.steptools.com/stds/smrl/data/resource_docs/geometric_and_topological_representation/sys/5_schema.htm#topology_schema.loop
739,loss_tangent_measure_with_unit,带单位的损耗相切量,电力 / 物理量 / 计量单位 / 特征 / 加工特征,检测 / PMI（inspection & tolerance）,value_with_unit_extension_mim,https://www.steptools.com/stds/smrl/data/modules/value_with_unit_extension/sys/5_mim.htm#value_with_unit_extension_mim.loss_tangent_measure_with_unit
740,lot_effectivity,批次有效性,产品 / 配置 / 数据管理（PDM）,数据管理 / 配置（PDM & configuration） / 有效性 / 版本（effectivity & versioning）,effectivity_schema,https://www.steptools.com/stds/smrl/data/resource_docs/fundamentals_of_product_description_and_support/sys/12_schema.htm#effectivity_schema.lot_effectivity
741,low_order_kinematic_pair,低阶运动副,机械 / 运动学 / 传动,运动学 / 仿真（kinematics & simulation）,kinematic_structure_schema,https://www.steptools.com/stds/smrl/data/resource_docs/kinematics/sys/6_schema.htm#kinematic_structure_schema.low_order_kinematic_pair
742,low_order_kinematic_pair_value,低次序运动学副值,机械 / 运动学 / 传动,运动学 / 仿真（kinematics & simulation）,kinematic_state_schema,https://www.steptools.com/stds/smrl/data/resource_docs/kinematics/sys/7_schema.htm#kinematic_state_schema.low_order_kinematic_pair_value
743,low_order_kinematic_pair_with_motion_coupling,带运动耦合的低阶运动副,机械 / 运动学 / 传动,运动学 / 仿真（kinematics & simulation）,kinematic_structure_schema,https://www.steptools.com/stds/smrl/data/resource_docs/kinematics/sys/6_schema.htm#kinematic_structure_schema.low_order_kinematic_pair_with_motion_coupling
744,low_order_kinematic_pair_with_range,带范围的低阶运动副,机械 / 运动学 / 传动,运动学 / 仿真（kinematics & simulation）,kinematic_structure_schema,https://www.steptools.com/stds/smrl/data/resource_docs/kinematics/sys/6_schema.htm#kinematic_structure_schema.low_order_kinematic_pair_with_range
745,luminous_flux_measure_with_unit,带单位的光通量值,电力 / 物理量 / 计量单位,检测 / PMI（inspection & tolerance）,measure_schema,https://www.steptools.com/stds/smrl/data/resource_docs/fundamentals_of_product_description_and_support/sys/19_schema.htm#measure_schema.luminous_flux_measure_with_unit
746,luminous_flux_unit,光通量单位,电力 / 物理量 / 计量单位,其他 / 通用基础,measure_schema,https://www.steptools.com/stds/smrl/data/resource_docs/fundamentals_of_product_description_and_support/sys/19_schema.htm#measure_schema.luminous_flux_unit
747,luminous_intensity_measure_with_unit,带单位的发光强度值,电力 / 物理量 / 计量单位,检测 / PMI（inspection & tolerance）,measure_schema,https://www.steptools.com/stds/smrl/data/resource_docs/fundamentals_of_product_description_and_support/sys/19_schema.htm#measure_schema.luminous_intensity_measure_with_unit
748,luminous_intensity_unit,光强度单位,电力 / 物理量 / 计量单位,其他 / 通用基础,measure_schema,https://www.steptools.com/stds/smrl/data/resource_docs/fundamentals_of_product_description_and_support/sys/19_schema.htm#measure_schema.luminous_intensity_unit
749,machining_adaptive_control_relationship,加工自适应控制关系,NC / 数控加工（CAM）,制造 / 工艺规划（CAM & process planning）,aim-machining_adaptive_control_relationship,https://stepmfg.github.io/ap238/data/clause5.htm#aim-machining_adaptive_control_relationship
750,machining_approach_retract_strategy,加工接近退回策略,NC / 数控加工（CAM）,制造 / 工艺规划（CAM & process planning）,aim-machining_approach_retract_strategy,https://stepmfg.github.io/ap238/data/clause5.htm#aim-machining_approach_retract_strategy
751,machining_cutting_component,加工切削组件,NC / 数控加工（CAM）,装配 / 结构（assembly & structure） / 制造 / 工艺规划（CAM & process planning）,aim-machining_cutting_component,https://stepmfg.github.io/ap238/data/clause5.htm#aim-machining_cutting_component
752,machining_cutting_corner_representation,加工切削角表示,NC / 数控加工（CAM） / 渲染 / 外观 / 可视化,渲染 / 可视化（rendering & visualization） / 制造 / 工艺规划（CAM & process planning） / 元模型 / 表示框架（representation framework）,aim-machining_cutting_corner_representation,https://stepmfg.github.io/ap238/data/clause5.htm#aim-machining_cutting_corner_representation
753,machining_dwell_time_representation,加工停顿时间表示,NC / 数控加工（CAM） / 渲染 / 外观 / 可视化,渲染 / 可视化（rendering & visualization） / 制造 / 工艺规划（CAM & process planning） / 元模型 / 表示框架（representation framework）,aim-machining_dwell_time_representation,https://stepmfg.github.io/ap238/data/clause5.htm#aim-machining_dwell_time_representation
754,machining_execution_resource,加工执行资源,NC / 数控加工（CAM）,制造 / 工艺规划（CAM & process planning）,aim-machining_execution_resource,https://stepmfg.github.io/ap238/data/clause5.htm#aim-machining_execution_resource
755,machining_feature_process,加工特征过程,NC / 数控加工（CAM） / 特征 / 加工特征,制造 / 工艺规划（CAM & process planning）,aim-machining_feature_process,https://stepmfg.github.io/ap238/data/clause5.htm#aim-machining_feature_process
756,machining_feature_relationship,加工特征关系,NC / 数控加工（CAM） / 特征 / 加工特征,制造 / 工艺规划（CAM & process planning）,aim-machining_feature_relationship,https://stepmfg.github.io/ap238/data/clause5.htm#aim-machining_feature_relationship
757,machining_feature_sequence_relationship,加工特征序列关系,NC / 数控加工（CAM） / 特征 / 加工特征,制造 / 工艺规划（CAM & process planning）,aim-machining_feature_sequence_relationship,https://stepmfg.github.io/ap238/data/clause5.htm#aim-machining_feature_sequence_relationship
758,machining_feed_speed_representation,加工进给速度表示,NC / 数控加工（CAM） / 渲染 / 外观 / 可视化,渲染 / 可视化（rendering & visualization） / 制造 / 工艺规划（CAM & process planning） / 元模型 / 表示框架（representation framework）,aim-machining_feed_speed_representation,https://stepmfg.github.io/ap238/data/clause5.htm#aim-machining_feed_speed_representation
759,machining_final_feature_relationship,加工最终特征关系,NC / 数控加工（CAM） / 特征 / 加工特征,制造 / 工艺规划（CAM & process planning）,aim-machining_final_feature_relationship,https://stepmfg.github.io/ap238/data/clause5.htm#aim-machining_final_feature_relationship
760,machining_fixture_usage,加工夹具用法,NC / 数控加工（CAM）,制造 / 工艺规划（CAM & process planning）,aim-machining_fixture_usage,https://stepmfg.github.io/ap238/data/clause5.htm#aim-machining_fixture_usage
761,machining_functions,加工函数,NC / 数控加工（CAM） / 表达式 / 数学 / 矩阵,制造 / 工艺规划（CAM & process planning）,aim-machining_functions,https://stepmfg.github.io/ap238/data/clause5.htm#aim-machining_functions
762,machining_functions_relationship,加工函数关系,NC / 数控加工（CAM） / 表达式 / 数学 / 矩阵,制造 / 工艺规划（CAM & process planning）,aim-machining_functions_relationship,https://stepmfg.github.io/ap238/data/clause5.htm#aim-machining_functions_relationship
763,machining_machine_usage,加工机床用法,NC / 数控加工（CAM）,制造 / 工艺规划（CAM & process planning）,aim-machining_machine_usage,https://stepmfg.github.io/ap238/data/clause5.htm#aim-machining_machine_usage
764,machining_nc_function,加工数控函数,NC / 数控加工（CAM） / 表达式 / 数学 / 矩阵,制造 / 工艺规划（CAM & process planning）,aim-machining_nc_function,https://stepmfg.github.io/ap238/data/clause5.htm#aim-machining_nc_function
765,machining_offset_vector_representation,加工偏置向量表示,NC / 数控加工（CAM） / 渲染 / 外观 / 可视化 / 几何 / 拓扑 / 实体造型,3D 建模 / 实体造型（3D modeling & solid） / 渲染 / 可视化（rendering & visualization） / 制造 / 工艺规划（CAM & process planning） / 元模型 / 表示框架（representation framework）,aim-machining_offset_vector_representation,https://stepmfg.github.io/ap238/data/clause5.htm#aim-machining_offset_vector_representation
766,machining_operation,加工操作,NC / 数控加工（CAM）,制造 / 工艺规划（CAM & process planning）,aim-machining_operation,https://stepmfg.github.io/ap238/data/clause5.htm#aim-machining_operation
767,machining_operation_relationship,加工操作关系,NC / 数控加工（CAM）,制造 / 工艺规划（CAM & process planning）,aim-machining_operation_relationship,https://stepmfg.github.io/ap238/data/clause5.htm#aim-machining_operation_relationship
768,machining_operator_instruction,加工运算符指令,NC / 数控加工（CAM） / 表达式 / 数学 / 矩阵,制造 / 工艺规划（CAM & process planning）,aim-machining_operator_instruction,https://stepmfg.github.io/ap238/data/clause5.htm#aim-machining_operator_instruction
769,machining_operator_instruction_relationship,加工运算符指令关系,NC / 数控加工（CAM） / 表达式 / 数学 / 矩阵,制造 / 工艺规划（CAM & process planning）,aim-machining_operator_instruction_relationship,https://stepmfg.github.io/ap238/data/clause5.htm#aim-machining_operator_instruction_relationship
770,machining_process_body_relationship,加工过程体关系,NC / 数控加工（CAM）,制造 / 工艺规划（CAM & process planning）,aim-machining_process_body_relationship,https://stepmfg.github.io/ap238/data/clause5.htm#aim-machining_process_body_relationship
771,machining_process_branch_relationship,加工过程分支关系,NC / 数控加工（CAM）,制造 / 工艺规划（CAM & process planning）,aim-machining_process_branch_relationship,https://stepmfg.github.io/ap238/data/clause5.htm#aim-machining_process_branch_relationship
772,machining_process_concurrent_relationship,加工过程并发关系,NC / 数控加工（CAM） / 电力 / 物理量 / 计量单位,制造 / 工艺规划（CAM & process planning）,aim-machining_process_concurrent_relationship,https://stepmfg.github.io/ap238/data/clause5.htm#aim-machining_process_concurrent_relationship
773,machining_process_executable,加工过程可执行,NC / 数控加工（CAM）,制造 / 工艺规划（CAM & process planning）,aim-machining_process_executable,https://stepmfg.github.io/ap238/data/clause5.htm#aim-machining_process_executable
774,machining_process_model,加工过程模型,NC / 数控加工（CAM）,制造 / 工艺规划（CAM & process planning）,aim-machining_process_model,https://stepmfg.github.io/ap238/data/clause5.htm#aim-machining_process_model
775,machining_process_model_relationship,加工过程模型关系,NC / 数控加工（CAM）,制造 / 工艺规划（CAM & process planning）,aim-machining_process_model_relationship,https://stepmfg.github.io/ap238/data/clause5.htm#aim-machining_process_model_relationship
776,machining_process_property,加工过程属性,NC / 数控加工（CAM）,制造 / 工艺规划（CAM & process planning） / 属性 / 特征化（property & characterization）,aim-machining_process_property,https://stepmfg.github.io/ap238/data/clause5.htm#aim-machining_process_property
777,machining_process_sequence_relationship,加工过程序列关系,NC / 数控加工（CAM）,制造 / 工艺规划（CAM & process planning）,aim-machining_process_sequence_relationship,https://stepmfg.github.io/ap238/data/clause5.htm#aim-machining_process_sequence_relationship
778,machining_project,加工项目,NC / 数控加工（CAM） / 产品 / 配置 / 数据管理（PDM）,制造 / 工艺规划（CAM & process planning） / 数据管理 / 配置（PDM & configuration）,aim-machining_project,https://stepmfg.github.io/ap238/data/clause5.htm#aim-machining_project
779,machining_project_workpiece_relationship,加工项目工件关系,NC / 数控加工（CAM） / 产品 / 配置 / 数据管理（PDM）,制造 / 工艺规划（CAM & process planning） / 数据管理 / 配置（PDM & configuration）,aim-machining_project_workpiece_relationship,https://stepmfg.github.io/ap238/data/clause5.htm#aim-machining_project_workpiece_relationship
780,machining_rapid_movement,加工快速移动,NC / 数控加工（CAM）,制造 / 工艺规划（CAM & process planning）,aim-machining_rapid_movement,https://stepmfg.github.io/ap238/data/clause5.htm#aim-machining_rapid_movement
781,machining_setup,加工设置,NC / 数控加工（CAM）,制造 / 工艺规划（CAM & process planning）,aim-machining_setup,https://stepmfg.github.io/ap238/data/clause5.htm#aim-machining_setup
782,machining_setup_workpiece_relationship,加工设置工件关系,NC / 数控加工（CAM）,制造 / 工艺规划（CAM & process planning）,aim-machining_setup_workpiece_relationship,https://stepmfg.github.io/ap238/data/clause5.htm#aim-machining_setup_workpiece_relationship
783,machining_spindle_speed_representation,加工主轴速度表示,NC / 数控加工（CAM） / 渲染 / 外观 / 可视化,渲染 / 可视化（rendering & visualization） / 制造 / 工艺规划（CAM & process planning） / 元模型 / 表示框架（representation framework）,aim-machining_spindle_speed_representation,https://stepmfg.github.io/ap238/data/clause5.htm#aim-machining_spindle_speed_representation
784,machining_strategy,加工策略,NC / 数控加工（CAM）,制造 / 工艺规划（CAM & process planning）,aim-machining_strategy,https://stepmfg.github.io/ap238/data/clause5.htm#aim-machining_strategy
785,machining_strategy_relationship,加工策略关系,NC / 数控加工（CAM）,制造 / 工艺规划（CAM & process planning）,aim-machining_strategy_relationship,https://stepmfg.github.io/ap238/data/clause5.htm#aim-machining_strategy_relationship
786,machining_technology,加工技术,NC / 数控加工（CAM）,制造 / 工艺规划（CAM & process planning）,aim-machining_technology,https://stepmfg.github.io/ap238/data/clause5.htm#aim-machining_technology
787,machining_technology_relationship,加工技术关系,NC / 数控加工（CAM）,制造 / 工艺规划（CAM & process planning）,aim-machining_technology_relationship,https://stepmfg.github.io/ap238/data/clause5.htm#aim-machining_technology_relationship
788,machining_tool,加工刀具,NC / 数控加工（CAM）,制造 / 工艺规划（CAM & process planning）,aim-machining_tool,https://stepmfg.github.io/ap238/data/clause5.htm#aim-machining_tool
789,machining_tool_body_representation,加工刀具体表示,NC / 数控加工（CAM） / 渲染 / 外观 / 可视化,渲染 / 可视化（rendering & visualization） / 制造 / 工艺规划（CAM & process planning） / 元模型 / 表示框架（representation framework）,aim-machining_tool_body_representation,https://stepmfg.github.io/ap238/data/clause5.htm#aim-machining_tool_body_representation
790,machining_tool_direction_representation,加工刀具方向表示,NC / 数控加工（CAM） / 渲染 / 外观 / 可视化 / 几何 / 拓扑 / 实体造型,3D 建模 / 实体造型（3D modeling & solid） / 渲染 / 可视化（rendering & visualization） / 制造 / 工艺规划（CAM & process planning） / 元模型 / 表示框架（representation framework）,aim-machining_tool_direction_representation,https://stepmfg.github.io/ap238/data/clause5.htm#aim-machining_tool_direction_representation
791,machining_tool_usage,加工刀具用法,NC / 数控加工（CAM）,制造 / 工艺规划（CAM & process planning）,aim-machining_tool_usage,https://stepmfg.github.io/ap238/data/clause5.htm#aim-machining_tool_usage
792,machining_toolpath,加工刀路,NC / 数控加工（CAM）,制造 / 工艺规划（CAM & process planning）,aim-machining_toolpath,https://stepmfg.github.io/ap238/data/clause5.htm#aim-machining_toolpath
793,machining_toolpath_sequence_relationship,加工刀路序列关系,NC / 数控加工（CAM）,制造 / 工艺规划（CAM & process planning）,aim-machining_toolpath_sequence_relationship,https://stepmfg.github.io/ap238/data/clause5.htm#aim-machining_toolpath_sequence_relationship
794,machining_toolpath_speed_profile_representation,加工刀路速度轮廓表示,NC / 数控加工（CAM） / 渲染 / 外观 / 可视化 / 特征 / 加工特征,2D 绘图 / 草图（2D drafting & sketch） / 渲染 / 可视化（rendering & visualization） / 制造 / 工艺规划（CAM & process planning） / 元模型 / 表示框架（representation framework）,aim-machining_toolpath_speed_profile_representation,https://stepmfg.github.io/ap238/data/clause5.htm#aim-machining_toolpath_speed_profile_representation
795,machining_touch_probing,加工接触探测,NC / 数控加工（CAM）,制造 / 工艺规划（CAM & process planning）,aim-machining_touch_probing,https://stepmfg.github.io/ap238/data/clause5.htm#aim-machining_touch_probing
796,machining_twin_relationship,加工双关系,NC / 数控加工（CAM）,制造 / 工艺规划（CAM & process planning）,aim-machining_twin_relationship,https://stepmfg.github.io/ap238/data/clause5.htm#aim-machining_twin_relationship
797,machining_usage_relationship,加工用法关系,NC / 数控加工（CAM）,制造 / 工艺规划（CAM & process planning）,aim-machining_usage_relationship,https://stepmfg.github.io/ap238/data/clause5.htm#aim-machining_usage_relationship
798,machining_workingstep,加工工步,NC / 数控加工（CAM） / 特征 / 加工特征,制造 / 工艺规划（CAM & process planning）,aim-machining_workingstep,https://stepmfg.github.io/ap238/data/clause5.htm#aim-machining_workingstep
799,machining_workplan,加工工作计划,NC / 数控加工（CAM）,制造 / 工艺规划（CAM & process planning）,aim-machining_workplan,https://stepmfg.github.io/ap238/data/clause5.htm#aim-machining_workplan
800,magnetic_flux_density_measure_with_unit,带单位的磁通密度值,电力 / 物理量 / 计量单位,检测 / PMI（inspection & tolerance）,measure_schema,https://www.steptools.com/stds/smrl/data/resource_docs/fundamentals_of_product_description_and_support/sys/19_schema.htm#measure_schema.magnetic_flux_density_measure_with_unit
801,magnetic_flux_density_unit,磁通量密度单位,电力 / 物理量 / 计量单位,其他 / 通用基础,measure_schema,https://www.steptools.com/stds/smrl/data/resource_docs/fundamentals_of_product_description_and_support/sys/19_schema.htm#measure_schema.magnetic_flux_density_unit
802,magnetic_flux_measure_with_unit,带单位的磁通量值,电力 / 物理量 / 计量单位,检测 / PMI（inspection & tolerance）,measure_schema,https://www.steptools.com/stds/smrl/data/resource_docs/fundamentals_of_product_description_and_support/sys/19_schema.htm#measure_schema.magnetic_flux_measure_with_unit
803,magnetic_flux_unit,磁通量单位,电力 / 物理量 / 计量单位,其他 / 通用基础,measure_schema,https://www.steptools.com/stds/smrl/data/resource_docs/fundamentals_of_product_description_and_support/sys/19_schema.htm#measure_schema.magnetic_flux_unit
804,make_from_usage_option,由用法选项确定的制造,产品 / 配置 / 数据管理（PDM）,装配 / 结构（assembly & structure） / 数据管理 / 配置（PDM & configuration）,product_structure_schema,https://www.steptools.com/stds/smrl/data/resource_docs/product_structure_configuration/sys/4_schema.htm#product_structure_schema.make_from_usage_option
805,manifold_solid_brep,流形实体边界表示,几何 / 拓扑 / 实体造型,3D 建模 / 实体造型（3D modeling & solid）,geometric_model_schema,https://www.steptools.com/stds/smrl/data/resource_docs/geometric_and_topological_representation/sys/6_schema.htm#geometric_model_schema.manifold_solid_brep
806,manifold_subsurface_shape_representation,流形子曲面形状表示,渲染 / 外观 / 可视化 / 几何 / 拓扑 / 实体造型 / 特征 / 加工特征,3D 建模 / 实体造型（3D modeling & solid） / 渲染 / 可视化（rendering & visualization） / 元模型 / 表示框架（representation framework）,aic_manifold_subsurface,https://www.steptools.com/stds/smrl/data/resource_docs/manifold_subsurface/sys/4_schema.htm#aic_manifold_subsurface.manifold_subsurface_shape_representation
807,manifold_surface_shape_representation,流形曲面形状表示,渲染 / 外观 / 可视化 / 几何 / 拓扑 / 实体造型 / 特征 / 加工特征,3D 建模 / 实体造型（3D modeling & solid） / 渲染 / 可视化（rendering & visualization） / 元模型 / 表示框架（representation framework）,,https://www.steptools.com/stds/smrl/data/resource_docs/manifold_surface/ISO_10303-509_2001(E)-Character_PDF_document.pdf
808,mapped_item,已映射项,几何 / 拓扑 / 实体造型,元模型 / 表示框架（representation framework） / 2D 绘图 / 草图（2D drafting & sketch） / 3D 建模 / 实体造型（3D modeling & solid）,representation_schema,https://www.steptools.com/stds/smrl/data/resource_docs/representation_structures/sys/4_schema.htm#representation_schema.mapped_item
809,marking,标记,特征 / 加工特征,其他 / 通用基础,machining_feature_schema,https://www.steptools.com/stds/smrl/data/resource_docs/mechanical_features/sys/5_schema.htm#machining_feature_schema.marking
810,mass_measure_with_unit,带单位的质量值,电力 / 物理量 / 计量单位,检测 / PMI（inspection & tolerance）,measure_schema,https://www.steptools.com/stds/smrl/data/resource_docs/fundamentals_of_product_description_and_support/sys/19_schema.htm#measure_schema.mass_measure_with_unit
811,mass_unit,质量单位,电力 / 物理量 / 计量单位,其他 / 通用基础,measure_schema,https://www.steptools.com/stds/smrl/data/resource_docs/fundamentals_of_product_description_and_support/sys/19_schema.htm#measure_schema.mass_unit
812,material_designation,材料标识,材料 / 表面条件,其他 / 通用基础,material_property_definition_schema,https://www.steptools.com/stds/smrl/data/resource_docs/material_and_other_engineering_properties/sys/4_schema.htm#material_property_definition_schema.material_designation
813,material_designation_characterization,材料标识特征化,材料 / 表面条件,其他 / 通用基础,material_property_definition_schema,https://www.steptools.com/stds/smrl/data/resource_docs/material_and_other_engineering_properties/sys/4_schema.htm#material_property_definition_schema.material_designation_characterization
814,material_property,材料属性,材料 / 表面条件,属性 / 特征化（property & characterization）,material_property_definition_schema,https://www.steptools.com/stds/smrl/data/resource_docs/material_and_other_engineering_properties/sys/4_schema.htm#material_property_definition_schema.material_property
815,material_property_representation,材料属性表示,渲染 / 外观 / 可视化 / 材料 / 表面条件,渲染 / 可视化（rendering & visualization） / 元模型 / 表示框架（representation framework） / 属性 / 特征化（property & characterization）,material_property_representation_schema,https://www.steptools.com/stds/smrl/data/resource_docs/material_and_other_engineering_properties/sys/5_schema.htm#material_property_representation_schema.material_property_representation
816,mathematical_description,数学描述,表达式 / 数学 / 矩阵,其他 / 通用基础,,https://www.steptools.com/stds/smrl/data/resource_docs/mathematical_constructs/ISO_10303-50_2002(E)-Character_PDF_document.pdf
817,maths_boolean_variable,数学布尔变量,表达式 / 数学 / 矩阵,其他 / 通用基础,,https://www.steptools.com/stds/smrl/data/resource_docs/mathematical_constructs/ISO_10303-50_2002(E)-Character_PDF_document.pdf
818,maths_enum_literal,数学枚举字面量,表达式 / 数学 / 矩阵,其他 / 通用基础,,https://www.steptools.com/stds/smrl/data/resource_docs/mathematical_constructs/ISO_10303-50_2002(E)-Character_PDF_document.pdf
819,maths_function,数学函数,表达式 / 数学 / 矩阵,其他 / 通用基础,,https://www.steptools.com/stds/smrl/data/resource_docs/mathematical_constructs/ISO_10303-50_2002(E)-Character_PDF_document.pdf
820,maths_integer_variable,数学整数变量,表达式 / 数学 / 矩阵,其他 / 通用基础,,https://www.steptools.com/stds/smrl/data/resource_docs/mathematical_constructs/ISO_10303-50_2002(E)-Character_PDF_document.pdf
821,maths_real_variable,数学实数变量,表达式 / 数学 / 矩阵,其他 / 通用基础,,https://www.steptools.com/stds/smrl/data/resource_docs/mathematical_constructs/ISO_10303-50_2002(E)-Character_PDF_document.pdf
822,maths_space,数学空间,表达式 / 数学 / 矩阵,其他 / 通用基础,,https://www.steptools.com/stds/smrl/data/resource_docs/mathematical_constructs/ISO_10303-50_2002(E)-Character_PDF_document.pdf
823,maths_string_variable,数学字符串变量,表达式 / 数学 / 矩阵,其他 / 通用基础,,https://www.steptools.com/stds/smrl/data/resource_docs/mathematical_constructs/ISO_10303-50_2002(E)-Character_PDF_document.pdf
824,maths_tuple_literal,数学元组字面量,表达式 / 数学 / 矩阵,其他 / 通用基础,,https://www.steptools.com/stds/smrl/data/resource_docs/mathematical_constructs/ISO_10303-50_2002(E)-Character_PDF_document.pdf
825,maths_value_precision_qualifier,数学值精度限定符,公差 / 尺寸 / 基准（PMI） / 表达式 / 数学 / 矩阵,检测 / PMI（inspection & tolerance） / 属性 / 特征化（property & characterization）,qualified_measure_schema,https://www.steptools.com/stds/smrl/data/resource_docs/material_and_other_engineering_properties/sys/6_schema.htm#qualified_measure_schema.maths_value_precision_qualifier
826,maths_variable,数学变量,表达式 / 数学 / 矩阵,其他 / 通用基础,,https://www.steptools.com/stds/smrl/data/resource_docs/mathematical_constructs/ISO_10303-50_2002(E)-Character_PDF_document.pdf
827,maximum_function,最大函数,表达式 / 数学 / 矩阵,其他 / 通用基础,,https://www.steptools.com/stds/smrl/data/resource_docs/logical_model_of_expressions/ISO_13584-20_1998(E)-Character_PDF_document.pdf
828,measure_qualification,量资格,公差 / 尺寸 / 基准（PMI）,检测 / PMI（inspection & tolerance） / 属性 / 特征化（property & characterization）,qualified_measure_schema,https://www.steptools.com/stds/smrl/data/resource_docs/material_and_other_engineering_properties/sys/6_schema.htm#qualified_measure_schema.measure_qualification
829,measure_representation_item,量表示项,渲染 / 外观 / 可视化,渲染 / 可视化（rendering & visualization） / 检测 / PMI（inspection & tolerance） / 元模型 / 表示框架（representation framework） / 属性 / 特征化（property & characterization）,qualified_measure_schema,https://www.steptools.com/stds/smrl/data/resource_docs/material_and_other_engineering_properties/sys/6_schema.htm#qualified_measure_schema.measure_representation_item
830,measure_with_unit,带单位的量,电力 / 物理量 / 计量单位,检测 / PMI（inspection & tolerance）,measure_schema,https://www.steptools.com/stds/smrl/data/resource_docs/fundamentals_of_product_description_and_support/sys/19_schema.htm#measure_schema.measure_with_unit
831,mechanical_design_and_draughting_relationship,机械设计与制图关系,制图 / 标注 / 工程图,2D 绘图 / 草图（2D drafting & sketch） / 制图 / 工程图（drawing & annotation）,mechanical_design_presentation_representation_with_draughting_mim,https://www.steptools.com/stds/smrl/data/modules/mechanical_design_presentation_representation_with_draughting/sys/5_mim.htm#mechanical_design_presentation_representation_with_draughting_mim.mechanical_design_and_draughting_relationship
832,mechanical_design_geometric_presentation_area,机械设计几何表示面积,渲染 / 外观 / 可视化,2D 绘图 / 草图（2D drafting & sketch） / 制图 / 工程图（drawing & annotation） / 渲染 / 可视化（rendering & visualization）,aic_mechanical_design_geometric_presentation,https://www.steptools.com/stds/smrl/data/resource_docs/mechanical_design_geometric_presentation/sys/4_schema.htm#aic_mechanical_design_geometric_presentation.mechanical_design_geometric_presentation_area
833,mechanical_design_geometric_presentation_representation,机械设计几何表示表示,渲染 / 外观 / 可视化,2D 绘图 / 草图（2D drafting & sketch） / 制图 / 工程图（drawing & annotation） / 渲染 / 可视化（rendering & visualization） / 元模型 / 表示框架（representation framework）,aic_mechanical_design_geometric_presentation,https://www.steptools.com/stds/smrl/data/resource_docs/mechanical_design_geometric_presentation/sys/4_schema.htm#aic_mechanical_design_geometric_presentation.mechanical_design_geometric_presentation_representation
834,mechanical_design_presentation_representation_with_draughting,带制图的机械设计表示表示,渲染 / 外观 / 可视化 / 制图 / 标注 / 工程图,2D 绘图 / 草图（2D drafting & sketch） / 制图 / 工程图（drawing & annotation） / 渲染 / 可视化（rendering & visualization） / 元模型 / 表示框架（representation framework）,mechanical_design_presentation_representation_with_draughting_mim,https://www.steptools.com/stds/smrl/data/modules/mechanical_design_presentation_representation_with_draughting/sys/5_mim.htm#mechanical_design_presentation_representation_with_draughting_mim.mechanical_design_presentation_representation_with_draughting
835,mechanical_design_requirement_item_association,机械设计要求项关联,制图 / 标注 / 工程图 / 产品 / 配置 / 数据管理（PDM）,2D 绘图 / 草图（2D drafting & sketch） / 制图 / 工程图（drawing & annotation） / 数据管理 / 配置（PDM & configuration）,mechanical_design_features_and_requirements_mim,https://www.steptools.com/stds/smrl/data/modules/mechanical_design_features_and_requirements/sys/5_mim.htm#mechanical_design_features_and_requirements_mim.mechanical_design_requirement_item_association
836,mechanical_design_shaded_presentation_area,机械设计着色表示面积,渲染 / 外观 / 可视化,2D 绘图 / 草图（2D drafting & sketch） / 制图 / 工程图（drawing & annotation） / 渲染 / 可视化（rendering & visualization）,aic_mechanical_design_shaded_presentation,https://www.steptools.com/stds/smrl/data/resource_docs/mechanical_design_shaded_presentation/sys/4_schema.htm#aic_mechanical_design_shaded_presentation.mechanical_design_shaded_presentation_area
837,mechanical_design_shaded_presentation_representation,机械设计着色表示表示,渲染 / 外观 / 可视化,2D 绘图 / 草图（2D drafting & sketch） / 制图 / 工程图（drawing & annotation） / 渲染 / 可视化（rendering & visualization） / 元模型 / 表示框架（representation framework）,aic_mechanical_design_shaded_presentation,https://www.steptools.com/stds/smrl/data/resource_docs/mechanical_design_shaded_presentation/sys/4_schema.htm#aic_mechanical_design_shaded_presentation.mechanical_design_shaded_presentation_representation
838,mechanism_representation,机构表示,机械 / 运动学 / 传动 / 渲染 / 外观 / 可视化,渲染 / 可视化（rendering & visualization） / 运动学 / 仿真（kinematics & simulation） / 元模型 / 表示框架（representation framework）,kinematic_structure_schema,https://www.steptools.com/stds/smrl/data/resource_docs/kinematics/sys/6_schema.htm#kinematic_structure_schema.mechanism_representation
839,mechanism_state_representation,机构状态表示,机械 / 运动学 / 传动 / 渲染 / 外观 / 可视化,渲染 / 可视化（rendering & visualization） / 运动学 / 仿真（kinematics & simulation） / 元模型 / 表示框架（representation framework）,kinematic_state_schema,https://www.steptools.com/stds/smrl/data/resource_docs/kinematics/sys/7_schema.htm#kinematic_state_schema.mechanism_state_representation
840,milling_type_operation,铣削类型操作,NC / 数控加工（CAM）,制造 / 工艺规划（CAM & process planning）,aim-milling_type_operation,https://stepmfg.github.io/ap238/data/clause5.htm#aim-milling_type_operation
841,milling_type_strategy,铣削类型策略,NC / 数控加工（CAM）,制造 / 工艺规划（CAM & process planning）,aim-milling_type_strategy,https://stepmfg.github.io/ap238/data/clause5.htm#aim-milling_type_strategy
842,minimum_function,最小函数,表达式 / 数学 / 矩阵,其他 / 通用基础,,https://www.steptools.com/stds/smrl/data/resource_docs/logical_model_of_expressions/ISO_13584-20_1998(E)-Character_PDF_document.pdf
843,minus_expression,减法表达式,表达式 / 数学 / 矩阵,其他 / 通用基础,,https://www.steptools.com/stds/smrl/data/resource_docs/logical_model_of_expressions/ISO_13584-20_1998(E)-Character_PDF_document.pdf
844,minus_function,减函数,表达式 / 数学 / 矩阵,其他 / 通用基础,,https://www.steptools.com/stds/smrl/data/resource_docs/logical_model_of_expressions/ISO_13584-20_1998(E)-Character_PDF_document.pdf
845,mod_expression,取模表达式,表达式 / 数学 / 矩阵,其他 / 通用基础,,https://www.steptools.com/stds/smrl/data/resource_docs/logical_model_of_expressions/ISO_13584-20_1998(E)-Character_PDF_document.pdf
846,model_geometric_view,模型几何视图,制图 / 标注 / 工程图,2D 绘图 / 草图（2D drafting & sketch） / 制图 / 工程图（drawing & annotation）,mechanical_design_presentation_representation_with_draughting_mim,https://www.steptools.com/stds/smrl/data/modules/mechanical_design_presentation_representation_with_draughting/sys/5_mim.htm#mechanical_design_presentation_representation_with_draughting_mim.model_geometric_view
847,modified_geometric_tolerance,修改的几何公差,公差 / 尺寸 / 基准（PMI）,检测 / PMI（inspection & tolerance）,shape_tolerance_schema,https://www.steptools.com/stds/smrl/data/resource_docs/shape_variation_tolerances/sys/6_schema.htm#shape_tolerance_schema.modified_geometric_tolerance
848,modified_pattern,修改阵列,特征 / 加工特征,其他 / 通用基础,machining_feature_schema,https://www.steptools.com/stds/smrl/data/resource_docs/mechanical_features/sys/5_schema.htm#machining_feature_schema.modified_pattern
849,mult_expression,乘法表达式,表达式 / 数学 / 矩阵,其他 / 通用基础,,https://www.steptools.com/stds/smrl/data/resource_docs/logical_model_of_expressions/ISO_13584-20_1998(E)-Character_PDF_document.pdf
850,multi_language_attribute_assignment,多语言属性赋值,产品 / 配置 / 数据管理（PDM）,数据管理 / 配置（PDM & configuration）,multi_linguism_mim,https://www.steptools.com/stds/smrl/data/modules/multi_linguism/sys/5_mim.htm#multi_linguism_mim.multi_language_attribute_assignment
851,multi_level_reference_designator,多层级引用代号,产品 / 配置 / 数据管理（PDM）,装配 / 结构（assembly & structure） / 数据管理 / 配置（PDM & configuration） / 外部引用 / 代理机制（external reference & proxy）,product_structure_schema,https://www.steptools.com/stds/smrl/data/resource_docs/product_structure_configuration/sys/4_schema.htm#product_structure_schema.multi_level_reference_designator
852,multiple_arity_boolean_expression,多个元数布尔表达式,表达式 / 数学 / 矩阵,其他 / 通用基础,,https://www.steptools.com/stds/smrl/data/resource_docs/logical_model_of_expressions/ISO_13584-20_1998(E)-Character_PDF_document.pdf
853,multiple_arity_function_call,多个元数函数调用,表达式 / 数学 / 矩阵,其他 / 通用基础,,https://www.steptools.com/stds/smrl/data/resource_docs/logical_model_of_expressions/ISO_13584-20_1998(E)-Character_PDF_document.pdf
854,multiple_arity_generic_expression,多个元数通用表达式,表达式 / 数学 / 矩阵,其他 / 通用基础,,https://www.steptools.com/stds/smrl/data/resource_docs/logical_model_of_expressions/ISO_13584-20_1998(E)-Character_PDF_document.pdf
855,multiple_arity_numeric_expression,多个元数数值表达式,表达式 / 数学 / 矩阵,其他 / 通用基础,,https://www.steptools.com/stds/smrl/data/resource_docs/logical_model_of_expressions/ISO_13584-20_1998(E)-Character_PDF_document.pdf
856,name_assignment,名称赋值,产品 / 配置 / 数据管理（PDM）,数据管理 / 配置（PDM & configuration）,management_resources_schema,https://www.steptools.com/stds/smrl/data/resource_docs/fundamentals_of_product_description_and_support/sys/18_schema.htm#management_resources_schema.name_assignment
857,name_attribute,名称属性,产品 / 配置 / 数据管理（PDM）,2D 绘图 / 草图（2D drafting & sketch） / 数据管理 / 配置（PDM & configuration）,basic_attribute_schema,https://www.steptools.com/stds/smrl/data/resource_docs/fundamentals_of_product_description_and_support/sys/7_schema.htm#basic_attribute_schema.name_attribute
858,named_unit,具名单位,电力 / 物理量 / 计量单位,其他 / 通用基础,aim-named_unit,https://stepmfg.github.io/ap238/data/clause5.htm#aim-named_unit
859,next_assembly_usage_occurrence,下级装配用法实例,产品 / 配置 / 数据管理（PDM）,装配 / 结构（assembly & structure） / 数据管理 / 配置（PDM & configuration）,product_structure_schema,https://www.steptools.com/stds/smrl/data/resource_docs/product_structure_configuration/sys/4_schema.htm#product_structure_schema.next_assembly_usage_occurrence
860,ngon_closed_profile,多边形闭合轮廓,特征 / 加工特征,2D 绘图 / 草图（2D drafting & sketch）,machining_feature_schema,https://www.steptools.com/stds/smrl/data/resource_docs/mechanical_features/sys/5_schema.htm#machining_feature_schema.ngon_closed_profile
861,ngon_shape_representation,多边形形状表示,渲染 / 外观 / 可视化 / 特征 / 加工特征,渲染 / 可视化（rendering & visualization） / 元模型 / 表示框架（representation framework）,aim-ngon_shape_representation,https://stepmfg.github.io/ap238/data/clause5.htm#aim-ngon_shape_representation
862,non_manifold_surface_shape_representation,非流形曲面形状表示,渲染 / 外观 / 可视化 / 几何 / 拓扑 / 实体造型 / 特征 / 加工特征,3D 建模 / 实体造型（3D modeling & solid） / 渲染 / 可视化（rendering & visualization） / 元模型 / 表示框架（representation framework）,,https://www.steptools.com/stds/smrl/data/resource_docs/non_manifold_surface/ISO_10303-508_2001(E)-Character_PDF_document.pdf
863,non_uniform_zone_definition,非均匀区域定义,公差 / 尺寸 / 基准（PMI）,2D 绘图 / 草图（2D drafting & sketch） / 制图 / 工程图（drawing & annotation） / 检测 / PMI（inspection & tolerance）,shape_tolerance_schema,https://www.steptools.com/stds/smrl/data/resource_docs/shape_variation_tolerances/sys/6_schema.htm#shape_tolerance_schema.non_uniform_zone_definition
864,not_expression,非表达式,表达式 / 数学 / 矩阵,其他 / 通用基础,,https://www.steptools.com/stds/smrl/data/resource_docs/logical_model_of_expressions/ISO_13584-20_1998(E)-Character_PDF_document.pdf
865,null_representation_item,空表示项,渲染 / 外观 / 可视化,渲染 / 可视化（rendering & visualization） / 元模型 / 表示框架（representation framework）,characteristic_mim,https://www.steptools.com/stds/smrl/data/modules/characteristic/sys/5_mim.htm#characteristic_mim.null_representation_item
866,numeric_defined_function,数值定义函数,表达式 / 数学 / 矩阵,其他 / 通用基础,,https://www.steptools.com/stds/smrl/data/resource_docs/logical_model_of_expressions/ISO_13584-20_1998(E)-Character_PDF_document.pdf
867,numeric_expression,数值表达式,表达式 / 数学 / 矩阵,其他 / 通用基础,,https://www.steptools.com/stds/smrl/data/resource_docs/logical_model_of_expressions/ISO_13584-20_1998(E)-Character_PDF_document.pdf
868,numeric_variable,数值变量,表达式 / 数学 / 矩阵,其他 / 通用基础,aim-numeric_variable,https://stepmfg.github.io/ap238/data/clause5.htm#aim-numeric_variable
869,object_role,对象角色,产品 / 配置 / 数据管理（PDM）,2D 绘图 / 草图（2D drafting & sketch） / 数据管理 / 配置（PDM & configuration）,basic_attribute_schema,https://www.steptools.com/stds/smrl/data/resource_docs/fundamentals_of_product_description_and_support/sys/7_schema.htm#basic_attribute_schema.object_role
870,odd_function,奇函数,表达式 / 数学 / 矩阵,其他 / 通用基础,,https://www.steptools.com/stds/smrl/data/resource_docs/logical_model_of_expressions/ISO_13584-20_1998(E)-Character_PDF_document.pdf
871,offset_curve_2d,二维偏置曲线,几何 / 拓扑 / 实体造型,2D 绘图 / 草图（2D drafting & sketch） / 3D 建模 / 实体造型（3D modeling & solid）,geometry_schema,https://www.steptools.com/stds/smrl/data/resource_docs/geometric_and_topological_representation/sys/4_schema.htm#geometry_schema.offset_curve_2d
872,offset_curve_3d,偏置曲线三维,几何 / 拓扑 / 实体造型,3D 建模 / 实体造型（3D modeling & solid）,geometry_schema,https://www.steptools.com/stds/smrl/data/resource_docs/geometric_and_topological_representation/sys/4_schema.htm#geometry_schema.offset_curve_3d
873,offset_surface,偏置曲面,几何 / 拓扑 / 实体造型,3D 建模 / 实体造型（3D modeling & solid）,geometry_schema,https://www.steptools.com/stds/smrl/data/resource_docs/geometric_and_topological_representation/sys/4_schema.htm#geometry_schema.offset_surface
874,one_direction_repeat_factor,一方向重复因子,渲染 / 外观 / 可视化 / 几何 / 拓扑 / 实体造型,3D 建模 / 实体造型（3D modeling & solid） / 渲染 / 可视化（rendering & visualization）,presentation_appearance_schema,https://www.steptools.com/stds/smrl/data/resource_docs/visual_presentation/sys/6_schema.htm#presentation_appearance_schema.one_direction_repeat_factor
875,open_path,开放路径,几何 / 拓扑 / 实体造型,3D 建模 / 实体造型（3D modeling & solid） / 2D 绘图 / 草图（2D drafting & sketch）,topology_schema,https://www.steptools.com/stds/smrl/data/resource_docs/geometric_and_topological_representation/sys/5_schema.htm#topology_schema.open_path
876,open_path_profile,开放路径轮廓,特征 / 加工特征,2D 绘图 / 草图（2D drafting & sketch） / 3D 建模 / 实体造型（3D modeling & solid）,machining_feature_schema,https://www.steptools.com/stds/smrl/data/resource_docs/mechanical_features/sys/5_schema.htm#machining_feature_schema.open_path_profile
877,open_shell,开放壳,几何 / 拓扑 / 实体造型,3D 建模 / 实体造型（3D modeling & solid）,topology_schema,https://www.steptools.com/stds/smrl/data/resource_docs/geometric_and_topological_representation/sys/5_schema.htm#topology_schema.open_shell
878,or_expression,或表达式,表达式 / 数学 / 矩阵,其他 / 通用基础,,https://www.steptools.com/stds/smrl/data/resource_docs/logical_model_of_expressions/ISO_13584-20_1998(E)-Character_PDF_document.pdf
879,ordinal_date,序数日期,产品 / 配置 / 数据管理（PDM）,数据管理 / 配置（PDM & configuration）,date_time_schema,https://www.steptools.com/stds/smrl/data/resource_docs/fundamentals_of_product_description_and_support/sys/10_schema.htm#date_time_schema.ordinal_date
880,ordinate_dimension,坐标尺寸,公差 / 尺寸 / 基准（PMI） / 制图 / 标注 / 工程图,2D 绘图 / 草图（2D drafting & sketch） / 制图 / 工程图（drawing & annotation） / 检测 / PMI（inspection & tolerance）,aic_draughting_elements,https://www.steptools.com/stds/smrl/data/resource_docs/draughting_elements/sys/4_schema.htm#aic_draughting_elements.ordinate_dimension
881,organization,组织,产品 / 配置 / 数据管理（PDM）,数据管理 / 配置（PDM & configuration）,person_organization_schema,https://www.steptools.com/stds/smrl/data/resource_docs/fundamentals_of_product_description_and_support/sys/20_schema.htm#person_organization_schema.organization
882,organization_assignment,组织赋值,产品 / 配置 / 数据管理（PDM）,数据管理 / 配置（PDM & configuration）,management_resources_schema,https://www.steptools.com/stds/smrl/data/resource_docs/fundamentals_of_product_description_and_support/sys/18_schema.htm#management_resources_schema.organization_assignment
883,organization_relationship,组织关系,产品 / 配置 / 数据管理（PDM）,数据管理 / 配置（PDM & configuration）,person_organization_schema,https://www.steptools.com/stds/smrl/data/resource_docs/fundamentals_of_product_description_and_support/sys/20_schema.htm#person_organization_schema.organization_relationship
884,organization_role,组织角色,产品 / 配置 / 数据管理（PDM）,数据管理 / 配置（PDM & configuration）,person_organization_schema,https://www.steptools.com/stds/smrl/data/resource_docs/fundamentals_of_product_description_and_support/sys/20_schema.htm#person_organization_schema.organization_role
885,organizational_address,组织地址,产品 / 配置 / 数据管理（PDM）,数据管理 / 配置（PDM & configuration）,person_organization_schema,https://www.steptools.com/stds/smrl/data/resource_docs/fundamentals_of_product_description_and_support/sys/20_schema.htm#person_organization_schema.organizational_address
886,organizational_project,组织项目,产品 / 配置 / 数据管理（PDM）,数据管理 / 配置（PDM & configuration）,person_organization_schema,https://www.steptools.com/stds/smrl/data/resource_docs/fundamentals_of_product_description_and_support/sys/20_schema.htm#person_organization_schema.organizational_project
887,organizational_project_assignment,组织项目赋值,产品 / 配置 / 数据管理（PDM）,数据管理 / 配置（PDM & configuration）,management_resources_schema,https://www.steptools.com/stds/smrl/data/resource_docs/fundamentals_of_product_description_and_support/sys/18_schema.htm#management_resources_schema.organizational_project_assignment
888,organizational_project_relationship,组织项目关系,产品 / 配置 / 数据管理（PDM）,数据管理 / 配置（PDM & configuration）,person_organization_schema,https://www.steptools.com/stds/smrl/data/resource_docs/fundamentals_of_product_description_and_support/sys/20_schema.htm#person_organization_schema.organizational_project_relationship
889,organizational_project_role,组织项目角色,产品 / 配置 / 数据管理（PDM）,数据管理 / 配置（PDM & configuration）,management_resources_schema,https://www.steptools.com/stds/smrl/data/resource_docs/fundamentals_of_product_description_and_support/sys/18_schema.htm#management_resources_schema.organizational_project_role
890,oriented_closed_shell,有向闭合壳,几何 / 拓扑 / 实体造型,3D 建模 / 实体造型（3D modeling & solid）,topology_schema,https://www.steptools.com/stds/smrl/data/resource_docs/geometric_and_topological_representation/sys/5_schema.htm#topology_schema.oriented_closed_shell
891,oriented_edge,有向边,几何 / 拓扑 / 实体造型,3D 建模 / 实体造型（3D modeling & solid）,topology_schema,https://www.steptools.com/stds/smrl/data/resource_docs/geometric_and_topological_representation/sys/5_schema.htm#topology_schema.oriented_edge
892,oriented_face,有向面,几何 / 拓扑 / 实体造型,3D 建模 / 实体造型（3D modeling & solid）,topology_schema,https://www.steptools.com/stds/smrl/data/resource_docs/geometric_and_topological_representation/sys/5_schema.htm#topology_schema.oriented_face
893,oriented_joint,有向关节,机械 / 运动学 / 传动,运动学 / 仿真（kinematics & simulation）,kinematic_topology_schema,https://www.steptools.com/stds/smrl/data/resource_docs/kinematics/sys/5_schema.htm#kinematic_topology_schema.oriented_joint
894,oriented_open_shell,有向开放壳,几何 / 拓扑 / 实体造型,3D 建模 / 实体造型（3D modeling & solid）,topology_schema,https://www.steptools.com/stds/smrl/data/resource_docs/geometric_and_topological_representation/sys/5_schema.htm#topology_schema.oriented_open_shell
895,oriented_path,有向路径,几何 / 拓扑 / 实体造型,3D 建模 / 实体造型（3D modeling & solid） / 2D 绘图 / 草图（2D drafting & sketch）,topology_schema,https://www.steptools.com/stds/smrl/data/resource_docs/geometric_and_topological_representation/sys/5_schema.htm#topology_schema.oriented_path
896,oriented_surface,有向曲面,几何 / 拓扑 / 实体造型,3D 建模 / 实体造型（3D modeling & solid）,geometry_schema,https://www.steptools.com/stds/smrl/data/resource_docs/geometric_and_topological_representation/sys/4_schema.htm#geometry_schema.oriented_surface
897,oriented_tolerance_zone,定向公差带,公差 / 尺寸 / 基准（PMI）,检测 / PMI（inspection & tolerance）,shape_tolerance_schema,https://www.steptools.com/stds/smrl/data/resource_docs/shape_variation_tolerances/sys/6_schema.htm#shape_tolerance_schema.oriented_tolerance_zone
898,outer_boundary_curve,外边界曲线,几何 / 拓扑 / 实体造型,3D 建模 / 实体造型（3D modeling & solid）,geometry_schema,https://www.steptools.com/stds/smrl/data/resource_docs/geometric_and_topological_representation/sys/4_schema.htm#geometry_schema.outer_boundary_curve
899,outer_round,外圆,特征 / 加工特征,其他 / 通用基础,machining_feature_schema,https://www.steptools.com/stds/smrl/data/resource_docs/mechanical_features/sys/5_schema.htm#machining_feature_schema.outer_round
900,outside_profile,外部轮廓,特征 / 加工特征,2D 绘图 / 草图（2D drafting & sketch）,machining_feature_schema,https://www.steptools.com/stds/smrl/data/resource_docs/mechanical_features/sys/5_schema.htm#machining_feature_schema.outside_profile
901,over_riding_styled_item,覆盖啮合带样式项,渲染 / 外观 / 可视化,渲染 / 可视化（rendering & visualization） / 元模型 / 表示框架（representation framework）,presentation_appearance_schema,https://www.steptools.com/stds/smrl/data/resource_docs/visual_presentation/sys/6_schema.htm#presentation_appearance_schema.over_riding_styled_item
902,package_product_concept_feature,包产品概念特征,产品 / 配置 / 数据管理（PDM） / 特征 / 加工特征,装配 / 结构（assembly & structure） / 数据管理 / 配置（PDM & configuration）,product_class_mim,https://www.steptools.com/stds/smrl/data/modules/product_class/sys/5_mim.htm#product_class_mim.package_product_concept_feature
903,pair_representation_relationship,副表示关系,渲染 / 外观 / 可视化,渲染 / 可视化（rendering & visualization） / 运动学 / 仿真（kinematics & simulation） / 元模型 / 表示框架（representation framework）,kinematic_structure_schema,https://www.steptools.com/stds/smrl/data/resource_docs/kinematics/sys/6_schema.htm#kinematic_structure_schema.pair_representation_relationship
904,pair_value,副值,机械 / 运动学 / 传动,运动学 / 仿真（kinematics & simulation） / 2D 绘图 / 草图（2D drafting & sketch）,kinematic_state_schema,https://www.steptools.com/stds/smrl/data/resource_docs/kinematics/sys/7_schema.htm#kinematic_state_schema.pair_value
905,parabola,抛物线,几何 / 拓扑 / 实体造型,3D 建模 / 实体造型（3D modeling & solid）,geometry_schema,https://www.steptools.com/stds/smrl/data/resource_docs/geometric_and_topological_representation/sys/4_schema.htm#geometry_schema.parabola
906,parallel_composed_function,平行组合函数,表达式 / 数学 / 矩阵,其他 / 通用基础,,https://www.steptools.com/stds/smrl/data/resource_docs/mathematical_constructs/ISO_10303-50_2002(E)-Character_PDF_document.pdf
907,parallel_offset,平行偏置,特征 / 加工特征,其他 / 通用基础,shape_aspect_definition_schema,https://www.steptools.com/stds/smrl/data/resource_docs/shape_variation_tolerances/sys/4_schema.htm#shape_aspect_definition_schema.parallel_offset
908,parallelism_tolerance,平行度公差,公差 / 尺寸 / 基准（PMI）,检测 / PMI（inspection & tolerance）,shape_tolerance_schema,https://www.steptools.com/stds/smrl/data/resource_docs/shape_variation_tolerances/sys/6_schema.htm#shape_tolerance_schema.parallelism_tolerance
909,parametric_representation_context,参数化表示上下文,渲染 / 外观 / 可视化,渲染 / 可视化（rendering & visualization） / 元模型 / 表示框架（representation framework）,representation_schema,https://www.steptools.com/stds/smrl/data/resource_docs/representation_structures/sys/4_schema.htm#representation_schema.parametric_representation_context
910,partial_circular_profile,部分圆形轮廓,特征 / 加工特征,2D 绘图 / 草图（2D drafting & sketch）,machining_feature_schema,https://www.steptools.com/stds/smrl/data/resource_docs/mechanical_features/sys/5_schema.htm#machining_feature_schema.partial_circular_profile
911,partial_derivative_expression,部分导数表达式,表达式 / 数学 / 矩阵,其他 / 通用基础,,https://www.steptools.com/stds/smrl/data/resource_docs/mathematical_constructs/ISO_10303-50_2002(E)-Character_PDF_document.pdf
912,partial_derivative_function,部分导数函数,表达式 / 数学 / 矩阵,其他 / 通用基础,,https://www.steptools.com/stds/smrl/data/resource_docs/mathematical_constructs/ISO_10303-50_2002(E)-Character_PDF_document.pdf
913,partial_document_with_structured_text_representation_assignment,带结构化文本表示赋值的部分文档,渲染 / 外观 / 可视化 / 产品 / 配置 / 数据管理（PDM）,渲染 / 可视化（rendering & visualization） / 装配 / 结构（assembly & structure） / 数据管理 / 配置（PDM & configuration） / 元模型 / 表示框架（representation framework）,specification_document_mim,https://www.steptools.com/stds/smrl/data/modules/specification_document/sys/5_mim.htm#specification_document_mim.partial_document_with_structured_text_representation_assignment
914,path,路径,几何 / 拓扑 / 实体造型,2D 绘图 / 草图（2D drafting & sketch） / 3D 建模 / 实体造型（3D modeling & solid）,topology_schema,https://www.steptools.com/stds/smrl/data/resource_docs/geometric_and_topological_representation/sys/5_schema.htm#topology_schema.path
915,path_feature_component,路径特征组件,特征 / 加工特征,2D 绘图 / 草图（2D drafting & sketch） / 装配 / 结构（assembly & structure）,machining_feature_schema,https://www.steptools.com/stds/smrl/data/resource_docs/mechanical_features/sys/5_schema.htm#machining_feature_schema.path_feature_component
916,path_node,路径节点,机械 / 运动学 / 传动,运动学 / 仿真（kinematics & simulation） / 2D 绘图 / 草图（2D drafting & sketch）,kinematic_motion_representation_schema,https://www.steptools.com/stds/smrl/data/resource_docs/kinematics/sys/8_schema.htm#kinematic_motion_representation_schema.path_node
917,path_parameter_representation,路径参数表示,渲染 / 外观 / 可视化,渲染 / 可视化（rendering & visualization） / 运动学 / 仿真（kinematics & simulation） / 元模型 / 表示框架（representation framework）,kinematic_motion_representation_schema,https://www.steptools.com/stds/smrl/data/resource_docs/kinematics/sys/8_schema.htm#kinematic_motion_representation_schema.path_parameter_representation
918,path_parameter_representation_context,路径参数表示上下文,渲染 / 外观 / 可视化,渲染 / 可视化（rendering & visualization） / 运动学 / 仿真（kinematics & simulation） / 元模型 / 表示框架（representation framework）,kinematic_motion_representation_schema,https://www.steptools.com/stds/smrl/data/resource_docs/kinematics/sys/8_schema.htm#kinematic_motion_representation_schema.path_parameter_representation_context
919,path_shape_representation,路径形状表示,渲染 / 外观 / 可视化 / 特征 / 加工特征,渲染 / 可视化（rendering & visualization） / 元模型 / 表示框架（representation framework）,machining_feature_schema,https://www.steptools.com/stds/smrl/data/resource_docs/mechanical_features/sys/5_schema.htm#machining_feature_schema.path_shape_representation
920,pattern_offset_membership,阵列偏置隶属,特征 / 加工特征,其他 / 通用基础,machining_feature_schema,https://www.steptools.com/stds/smrl/data/resource_docs/mechanical_features/sys/5_schema.htm#machining_feature_schema.pattern_offset_membership
921,pattern_omit_membership,阵列省略隶属,特征 / 加工特征,其他 / 通用基础,machining_feature_schema,https://www.steptools.com/stds/smrl/data/resource_docs/mechanical_features/sys/5_schema.htm#machining_feature_schema.pattern_omit_membership
922,pcurve,参数曲线,几何 / 拓扑 / 实体造型,3D 建模 / 实体造型（3D modeling & solid）,geometry_schema,https://www.steptools.com/stds/smrl/data/resource_docs/geometric_and_topological_representation/sys/4_schema.htm#geometry_schema.pcurve
923,perpendicular_to,垂直到,特征 / 加工特征,其他 / 通用基础,shape_aspect_definition_schema,https://www.steptools.com/stds/smrl/data/resource_docs/shape_variation_tolerances/sys/4_schema.htm#shape_aspect_definition_schema.perpendicular_to
924,perpendicularity_tolerance,垂直度公差,公差 / 尺寸 / 基准（PMI）,检测 / PMI（inspection & tolerance）,shape_tolerance_schema,https://www.steptools.com/stds/smrl/data/resource_docs/shape_variation_tolerances/sys/6_schema.htm#shape_tolerance_schema.perpendicularity_tolerance
925,person,人员,产品 / 配置 / 数据管理（PDM）,数据管理 / 配置（PDM & configuration）,person_organization_schema,https://www.steptools.com/stds/smrl/data/resource_docs/fundamentals_of_product_description_and_support/sys/20_schema.htm#person_organization_schema.person
926,person_and_organization,人员与组织,产品 / 配置 / 数据管理（PDM）,数据管理 / 配置（PDM & configuration）,person_organization_schema,https://www.steptools.com/stds/smrl/data/resource_docs/fundamentals_of_product_description_and_support/sys/20_schema.htm#person_organization_schema.person_and_organization
927,person_and_organization_address,人员与组织地址,产品 / 配置 / 数据管理（PDM）,数据管理 / 配置（PDM & configuration）,person_organization_mim,https://www.steptools.com/stds/smrl/data/modules/person_organization/sys/5_mim.htm#person_organization_mim.person_and_organization_address
928,person_and_organization_assignment,人员与组织赋值,产品 / 配置 / 数据管理（PDM）,数据管理 / 配置（PDM & configuration）,management_resources_schema,https://www.steptools.com/stds/smrl/data/resource_docs/fundamentals_of_product_description_and_support/sys/18_schema.htm#management_resources_schema.person_and_organization_assignment
929,person_and_organization_role,人员与组织角色,产品 / 配置 / 数据管理（PDM）,数据管理 / 配置（PDM & configuration）,person_organization_schema,https://www.steptools.com/stds/smrl/data/resource_docs/fundamentals_of_product_description_and_support/sys/20_schema.htm#person_organization_schema.person_and_organization_role
930,personal_address,个人地址,产品 / 配置 / 数据管理（PDM）,数据管理 / 配置（PDM & configuration）,person_organization_schema,https://www.steptools.com/stds/smrl/data/resource_docs/fundamentals_of_product_description_and_support/sys/20_schema.htm#person_organization_schema.personal_address
931,physical_breakdown_context,物理分解上下文,产品 / 配置 / 数据管理（PDM）,装配 / 结构（assembly & structure） / 数据管理 / 配置（PDM & configuration） / 元模型 / 表示框架（representation framework）,physical_breakdown_mim,https://www.steptools.com/stds/smrl/data/modules/physical_breakdown/sys/5_mim.htm#physical_breakdown_mim.physical_breakdown_context
932,physical_element_usage,物理元素用法,产品 / 配置 / 数据管理（PDM）,装配 / 结构（assembly & structure） / 数据管理 / 配置（PDM & configuration）,physical_breakdown_mim,https://www.steptools.com/stds/smrl/data/modules/physical_breakdown/sys/5_mim.htm#physical_breakdown_mim.physical_element_usage
933,placed_datum_target_feature,放置的基准目标要素,公差 / 尺寸 / 基准（PMI） / 特征 / 加工特征,检测 / PMI（inspection & tolerance）,datum_and_datum_systems_mim,https://www.steptools.com/stds/smrl/data/modules/datum_and_datum_systems/sys/5_mim.htm#datum_and_datum_systems_mim.placed_datum_target_feature
934,placed_feature,放置特征,特征 / 加工特征,其他 / 通用基础,shape_feature_mim,https://www.steptools.com/stds/smrl/data/modules/shape_feature/sys/5_mim.htm#shape_feature_mim.placed_feature
935,placement,放置,几何 / 拓扑 / 实体造型,3D 建模 / 实体造型（3D modeling & solid）,geometry_schema,https://www.steptools.com/stds/smrl/data/resource_docs/geometric_and_topological_representation/sys/4_schema.htm#geometry_schema.placement
936,planar_box,平面盒,渲染 / 外观 / 可视化,2D 绘图 / 草图（2D drafting & sketch） / 渲染 / 可视化（rendering & visualization）,presentation_resource_schema,https://www.steptools.com/stds/smrl/data/resource_docs/visual_presentation/sys/7_schema.htm#presentation_resource_schema.planar_box
937,planar_curve_pair,平面曲线副,机械 / 运动学 / 传动 / 几何 / 拓扑 / 实体造型,2D 绘图 / 草图（2D drafting & sketch） / 3D 建模 / 实体造型（3D modeling & solid） / 运动学 / 仿真（kinematics & simulation）,kinematic_structure_schema,https://www.steptools.com/stds/smrl/data/resource_docs/kinematics/sys/6_schema.htm#kinematic_structure_schema.planar_curve_pair
938,planar_curve_pair_range,平面曲线副范围,机械 / 运动学 / 传动 / 几何 / 拓扑 / 实体造型,2D 绘图 / 草图（2D drafting & sketch） / 3D 建模 / 实体造型（3D modeling & solid） / 运动学 / 仿真（kinematics & simulation）,kinematic_structure_schema,https://www.steptools.com/stds/smrl/data/resource_docs/kinematics/sys/6_schema.htm#kinematic_structure_schema.planar_curve_pair_range
939,planar_extent,平面范围,渲染 / 外观 / 可视化,2D 绘图 / 草图（2D drafting & sketch） / 渲染 / 可视化（rendering & visualization）,presentation_resource_schema,https://www.steptools.com/stds/smrl/data/resource_docs/visual_presentation/sys/7_schema.htm#presentation_resource_schema.planar_extent
940,planar_pair,平面副,机械 / 运动学 / 传动,2D 绘图 / 草图（2D drafting & sketch） / 运动学 / 仿真（kinematics & simulation）,kinematic_structure_schema,https://www.steptools.com/stds/smrl/data/resource_docs/kinematics/sys/6_schema.htm#kinematic_structure_schema.planar_pair
941,planar_pair_value,平面副值,机械 / 运动学 / 传动,2D 绘图 / 草图（2D drafting & sketch） / 运动学 / 仿真（kinematics & simulation）,kinematic_state_schema,https://www.steptools.com/stds/smrl/data/resource_docs/kinematics/sys/7_schema.htm#kinematic_state_schema.planar_pair_value
942,planar_pair_with_range,带范围的平面副,机械 / 运动学 / 传动,2D 绘图 / 草图（2D drafting & sketch） / 运动学 / 仿真（kinematics & simulation）,kinematic_structure_schema,https://www.steptools.com/stds/smrl/data/resource_docs/kinematics/sys/6_schema.htm#kinematic_structure_schema.planar_pair_with_range
943,planar_shape_representation,平面形状表示,渲染 / 外观 / 可视化 / 特征 / 加工特征,2D 绘图 / 草图（2D drafting & sketch） / 渲染 / 可视化（rendering & visualization） / 元模型 / 表示框架（representation framework）,machining_feature_schema,https://www.steptools.com/stds/smrl/data/resource_docs/mechanical_features/sys/5_schema.htm#machining_feature_schema.planar_shape_representation
944,plane,平面,几何 / 拓扑 / 实体造型,2D 绘图 / 草图（2D drafting & sketch） / 3D 建模 / 实体造型（3D modeling & solid）,geometry_schema,https://www.steptools.com/stds/smrl/data/resource_docs/geometric_and_topological_representation/sys/4_schema.htm#geometry_schema.plane
945,plane_angle_measure_with_unit,带单位的平面角度量,电力 / 物理量 / 计量单位,检测 / PMI（inspection & tolerance）,measure_schema,https://www.steptools.com/stds/smrl/data/resource_docs/fundamentals_of_product_description_and_support/sys/19_schema.htm#measure_schema.plane_angle_measure_with_unit
946,plane_angle_unit,平面角单位,电力 / 物理量 / 计量单位,其他 / 通用基础,measure_schema,https://www.steptools.com/stds/smrl/data/resource_docs/fundamentals_of_product_description_and_support/sys/19_schema.htm#measure_schema.plane_angle_unit
947,plane_milling_operation,平面铣削操作,NC / 数控加工（CAM）,制造 / 工艺规划（CAM & process planning）,aim-plane_milling_operation,https://stepmfg.github.io/ap238/data/clause5.htm#aim-plane_milling_operation
948,plus_expression,加法表达式,表达式 / 数学 / 矩阵,其他 / 通用基础,,https://www.steptools.com/stds/smrl/data/resource_docs/logical_model_of_expressions/ISO_13584-20_1998(E)-Character_PDF_document.pdf
949,plus_minus_tolerance,正负公差,公差 / 尺寸 / 基准（PMI）,检测 / PMI（inspection & tolerance）,shape_tolerance_schema,https://www.steptools.com/stds/smrl/data/resource_docs/shape_variation_tolerances/sys/6_schema.htm#shape_tolerance_schema.plus_minus_tolerance
950,pmi_requirement_item_association,产品制造信息要求项关联,制图 / 标注 / 工程图 / 产品 / 配置 / 数据管理（PDM）,2D 绘图 / 草图（2D drafting & sketch） / 制图 / 工程图（drawing & annotation） / 数据管理 / 配置（PDM & configuration）,mechanical_design_schema,https://www.steptools.com/stds/smrl/data/resource_docs/mechanical_features/sys/6_schema.htm#mechanical_design_schema.pmi_requirement_item_association
951,pocket,凹槽,特征 / 加工特征,其他 / 通用基础,machining_feature_schema,https://www.steptools.com/stds/smrl/data/resource_docs/mechanical_features/sys/5_schema.htm#machining_feature_schema.pocket
952,pocket_bottom,凹槽底部,特征 / 加工特征,其他 / 通用基础,machining_feature_schema,https://www.steptools.com/stds/smrl/data/resource_docs/mechanical_features/sys/5_schema.htm#machining_feature_schema.pocket_bottom
953,point,点,几何 / 拓扑 / 实体造型,2D 绘图 / 草图（2D drafting & sketch） / 3D 建模 / 实体造型（3D modeling & solid）,geometry_schema,https://www.steptools.com/stds/smrl/data/resource_docs/geometric_and_topological_representation/sys/4_schema.htm#geometry_schema.point
954,point_cloud_dataset,点云数据集,扫描 / 点云 / 逆向,其他 / 通用基础,scan_data_3d_shape_model_schema,https://www.steptools.com/stds/smrl/data/resource_docs/geometric_and_topological_representation/sys/7_schema.htm#scan_data_3d_shape_model_schema.point_cloud_dataset
955,point_cloud_dataset_with_colours,带颜色的点云数据集,渲染 / 外观 / 可视化 / 扫描 / 点云 / 逆向,渲染 / 可视化（rendering & visualization）,scan_data_3d_shape_model_schema,https://www.steptools.com/stds/smrl/data/resource_docs/geometric_and_topological_representation/sys/7_schema.htm#scan_data_3d_shape_model_schema.point_cloud_dataset_with_colours
956,point_cloud_dataset_with_intensities,带强度的点云数据集,扫描 / 点云 / 逆向,其他 / 通用基础,scan_data_3d_shape_model_schema,https://www.steptools.com/stds/smrl/data/resource_docs/geometric_and_topological_representation/sys/7_schema.htm#scan_data_3d_shape_model_schema.point_cloud_dataset_with_intensities
957,point_cloud_dataset_with_normals,带法向量的点云数据集,扫描 / 点云 / 逆向,其他 / 通用基础,scan_data_3d_shape_model_schema,https://www.steptools.com/stds/smrl/data/resource_docs/geometric_and_topological_representation/sys/7_schema.htm#scan_data_3d_shape_model_schema.point_cloud_dataset_with_normals
958,point_cloud_superdataset,点云超数据集,扫描 / 点云 / 逆向,其他 / 通用基础,scan_data_3d_shape_model_schema,https://www.steptools.com/stds/smrl/data/resource_docs/geometric_and_topological_representation/sys/7_schema.htm#scan_data_3d_shape_model_schema.point_cloud_superdataset
959,point_in_volume,体积中的点,几何 / 拓扑 / 实体造型,3D 建模 / 实体造型（3D modeling & solid）,geometry_schema,https://www.steptools.com/stds/smrl/data/resource_docs/geometric_and_topological_representation/sys/4_schema.htm#geometry_schema.point_in_volume
960,point_on_curve,曲线上的点,几何 / 拓扑 / 实体造型,3D 建模 / 实体造型（3D modeling & solid）,geometry_schema,https://www.steptools.com/stds/smrl/data/resource_docs/geometric_and_topological_representation/sys/4_schema.htm#geometry_schema.point_on_curve
961,point_on_planar_curve_pair,平面曲线副上的点,机械 / 运动学 / 传动 / 几何 / 拓扑 / 实体造型,2D 绘图 / 草图（2D drafting & sketch） / 3D 建模 / 实体造型（3D modeling & solid） / 运动学 / 仿真（kinematics & simulation）,kinematic_structure_schema,https://www.steptools.com/stds/smrl/data/resource_docs/kinematics/sys/6_schema.htm#kinematic_structure_schema.point_on_planar_curve_pair
962,point_on_planar_curve_pair_value,平面曲线副值上的点,机械 / 运动学 / 传动 / 几何 / 拓扑 / 实体造型,2D 绘图 / 草图（2D drafting & sketch） / 3D 建模 / 实体造型（3D modeling & solid） / 运动学 / 仿真（kinematics & simulation）,kinematic_state_schema,https://www.steptools.com/stds/smrl/data/resource_docs/kinematics/sys/7_schema.htm#kinematic_state_schema.point_on_planar_curve_pair_value
963,point_on_planar_curve_pair_with_range,带范围的平面曲线副上的点,机械 / 运动学 / 传动 / 几何 / 拓扑 / 实体造型,2D 绘图 / 草图（2D drafting & sketch） / 3D 建模 / 实体造型（3D modeling & solid） / 运动学 / 仿真（kinematics & simulation）,kinematic_structure_schema,https://www.steptools.com/stds/smrl/data/resource_docs/kinematics/sys/6_schema.htm#kinematic_structure_schema.point_on_planar_curve_pair_with_range
964,point_on_surface,曲面上的点,几何 / 拓扑 / 实体造型,3D 建模 / 实体造型（3D modeling & solid）,geometry_schema,https://www.steptools.com/stds/smrl/data/resource_docs/geometric_and_topological_representation/sys/4_schema.htm#geometry_schema.point_on_surface
965,point_on_surface_pair,曲面副上的点,机械 / 运动学 / 传动 / 几何 / 拓扑 / 实体造型,3D 建模 / 实体造型（3D modeling & solid） / 运动学 / 仿真（kinematics & simulation）,kinematic_structure_schema,https://www.steptools.com/stds/smrl/data/resource_docs/kinematics/sys/6_schema.htm#kinematic_structure_schema.point_on_surface_pair
966,point_on_surface_pair_value,曲面副值上的点,机械 / 运动学 / 传动 / 几何 / 拓扑 / 实体造型,3D 建模 / 实体造型（3D modeling & solid） / 运动学 / 仿真（kinematics & simulation）,kinematic_state_schema,https://www.steptools.com/stds/smrl/data/resource_docs/kinematics/sys/7_schema.htm#kinematic_state_schema.point_on_surface_pair_value
967,point_on_surface_pair_with_range,带范围的曲面副上的点,机械 / 运动学 / 传动 / 几何 / 拓扑 / 实体造型,3D 建模 / 实体造型（3D modeling & solid） / 运动学 / 仿真（kinematics & simulation）,kinematic_structure_schema,https://www.steptools.com/stds/smrl/data/resource_docs/kinematics/sys/6_schema.htm#kinematic_structure_schema.point_on_surface_pair_with_range
968,point_replica,点复制,几何 / 拓扑 / 实体造型,3D 建模 / 实体造型（3D modeling & solid）,geometry_schema,https://www.steptools.com/stds/smrl/data/resource_docs/geometric_and_topological_representation/sys/4_schema.htm#geometry_schema.point_replica
969,point_style,点样式,渲染 / 外观 / 可视化,渲染 / 可视化（rendering & visualization）,presentation_appearance_schema,https://www.steptools.com/stds/smrl/data/resource_docs/visual_presentation/sys/6_schema.htm#presentation_appearance_schema.point_style
970,point_to_point_path,点到点路径,机械 / 运动学 / 传动,运动学 / 仿真（kinematics & simulation） / 2D 绘图 / 草图（2D drafting & sketch）,kinematic_motion_representation_schema,https://www.steptools.com/stds/smrl/data/resource_docs/kinematics/sys/8_schema.htm#kinematic_motion_representation_schema.point_to_point_path
971,polar_complex_number_region,极坐标复合编号区域,表达式 / 数学 / 矩阵,其他 / 通用基础,,https://www.steptools.com/stds/smrl/data/resource_docs/mathematical_constructs/ISO_10303-50_2002(E)-Character_PDF_document.pdf
972,polar_point,极坐标点,几何 / 拓扑 / 实体造型,3D 建模 / 实体造型（3D modeling & solid）,geometry_schema,https://www.steptools.com/stds/smrl/data/resource_docs/geometric_and_topological_representation/sys/4_schema.htm#geometry_schema.polar_point
973,poly_loop,多环,几何 / 拓扑 / 实体造型,3D 建模 / 实体造型（3D modeling & solid）,topology_schema,https://www.steptools.com/stds/smrl/data/resource_docs/geometric_and_topological_representation/sys/5_schema.htm#topology_schema.poly_loop
974,polyline,折线,几何 / 拓扑 / 实体造型,3D 建模 / 实体造型（3D modeling & solid）,geometry_schema,https://www.steptools.com/stds/smrl/data/resource_docs/geometric_and_topological_representation/sys/4_schema.htm#geometry_schema.polyline
975,position_tolerance,位置度公差,公差 / 尺寸 / 基准（PMI）,检测 / PMI（inspection & tolerance）,shape_tolerance_schema,https://www.steptools.com/stds/smrl/data/resource_docs/shape_variation_tolerances/sys/6_schema.htm#shape_tolerance_schema.position_tolerance
976,positive_length_measure_with_unit,带单位的正长度量,电力 / 物理量 / 计量单位,检测 / PMI（inspection & tolerance）,measure_schema,https://www.steptools.com/stds/smrl/data/resource_docs/fundamentals_of_product_description_and_support/sys/19_schema.htm#measure_schema.positive_length_measure_with_unit
977,positive_plane_angle_measure_with_unit,带单位的正平面角度量,电力 / 物理量 / 计量单位,检测 / PMI（inspection & tolerance）,measure_schema,https://www.steptools.com/stds/smrl/data/resource_docs/fundamentals_of_product_description_and_support/sys/19_schema.htm#measure_schema.positive_plane_angle_measure_with_unit
978,power_expression,功率表达式,电力 / 物理量 / 计量单位 / 表达式 / 数学 / 矩阵,其他 / 通用基础,,https://www.steptools.com/stds/smrl/data/resource_docs/logical_model_of_expressions/ISO_13584-20_1998(E)-Character_PDF_document.pdf
979,power_measure_with_unit,带单位的功率值,电力 / 物理量 / 计量单位,检测 / PMI（inspection & tolerance）,measure_schema,https://www.steptools.com/stds/smrl/data/resource_docs/fundamentals_of_product_description_and_support/sys/19_schema.htm#measure_schema.power_measure_with_unit
980,power_unit,功率单位,电力 / 物理量 / 计量单位,其他 / 通用基础,measure_schema,https://www.steptools.com/stds/smrl/data/resource_docs/fundamentals_of_product_description_and_support/sys/19_schema.htm#measure_schema.power_unit
981,pre_defined_character_glyph,预定义字符字形,渲染 / 外观 / 可视化 / 制图 / 标注 / 工程图,2D 绘图 / 草图（2D drafting & sketch） / 制图 / 工程图（drawing & annotation） / 渲染 / 可视化（rendering & visualization） / 外部引用 / 代理机制（external reference & proxy）,presentation_definition_schema,https://www.steptools.com/stds/smrl/data/resource_docs/visual_presentation/sys/5_schema.htm#presentation_definition_schema.pre_defined_character_glyph
982,pre_defined_colour,预定义颜色,渲染 / 外观 / 可视化,渲染 / 可视化（rendering & visualization） / 外部引用 / 代理机制（external reference & proxy）,presentation_resource_schema,https://www.steptools.com/stds/smrl/data/resource_docs/visual_presentation/sys/7_schema.htm#presentation_resource_schema.pre_defined_colour
983,pre_defined_curve_font,预定义曲线字体,渲染 / 外观 / 可视化 / 几何 / 拓扑 / 实体造型,3D 建模 / 实体造型（3D modeling & solid） / 渲染 / 可视化（rendering & visualization） / 外部引用 / 代理机制（external reference & proxy）,presentation_appearance_schema,https://www.steptools.com/stds/smrl/data/resource_docs/visual_presentation/sys/6_schema.htm#presentation_appearance_schema.pre_defined_curve_font
984,pre_defined_dimension_symbol,预定义尺寸符号,公差 / 尺寸 / 基准（PMI）,2D 绘图 / 草图（2D drafting & sketch） / 制图 / 工程图（drawing & annotation） / 检测 / PMI（inspection & tolerance） / 外部引用 / 代理机制（external reference & proxy）,draughting_annotation_mim,https://www.steptools.com/stds/smrl/data/modules/draughting_annotation/sys/5_mim.htm#draughting_annotation_mim.pre_defined_dimension_symbol
985,pre_defined_geometrical_tolerance_symbol,预定义几何公差符号,公差 / 尺寸 / 基准（PMI）,2D 绘图 / 草图（2D drafting & sketch） / 制图 / 工程图（drawing & annotation） / 检测 / PMI（inspection & tolerance） / 外部引用 / 代理机制（external reference & proxy）,draughting_annotation_mim,https://www.steptools.com/stds/smrl/data/modules/draughting_annotation/sys/5_mim.htm#draughting_annotation_mim.pre_defined_geometrical_tolerance_symbol
986,pre_defined_item,预定义项,产品 / 配置 / 数据管理（PDM）,元模型 / 表示框架（representation framework） / 外部引用 / 代理机制（external reference & proxy） / 2D 绘图 / 草图（2D drafting & sketch） / 数据管理 / 配置（PDM & configuration）,external_reference_schema,https://www.steptools.com/stds/smrl/data/resource_docs/fundamentals_of_product_description_and_support/sys/14_schema.htm#external_reference_schema.pre_defined_item
987,pre_defined_marker,预定义标记,渲染 / 外观 / 可视化,渲染 / 可视化（rendering & visualization） / 外部引用 / 代理机制（external reference & proxy）,presentation_appearance_schema,https://www.steptools.com/stds/smrl/data/resource_docs/visual_presentation/sys/6_schema.htm#presentation_appearance_schema.pre_defined_marker
988,pre_defined_point_marker_symbol,预定义点标记符号,渲染 / 外观 / 可视化,2D 绘图 / 草图（2D drafting & sketch） / 渲染 / 可视化（rendering & visualization） / 外部引用 / 代理机制（external reference & proxy）,curve_appearance_mim,https://www.steptools.com/stds/smrl/data/modules/curve_appearance/sys/5_mim.htm#curve_appearance_mim.pre_defined_point_marker_symbol
989,pre_defined_surface_condition_symbol,预定义曲面条件符号,几何 / 拓扑 / 实体造型 / 公差 / 尺寸 / 基准（PMI）,2D 绘图 / 草图（2D drafting & sketch） / 3D 建模 / 实体造型（3D modeling & solid） / 制图 / 工程图（drawing & annotation） / 检测 / PMI（inspection & tolerance） / 外部引用 / 代理机制（external reference & proxy）,draughting_annotation_mim,https://www.steptools.com/stds/smrl/data/modules/draughting_annotation/sys/5_mim.htm#draughting_annotation_mim.pre_defined_surface_condition_symbol
990,pre_defined_surface_side_style,预定义曲面侧样式,渲染 / 外观 / 可视化 / 几何 / 拓扑 / 实体造型,3D 建模 / 实体造型（3D modeling & solid） / 渲染 / 可视化（rendering & visualization） / 外部引用 / 代理机制（external reference & proxy）,presentation_appearance_schema,https://www.steptools.com/stds/smrl/data/resource_docs/visual_presentation/sys/6_schema.htm#presentation_appearance_schema.pre_defined_surface_side_style
991,pre_defined_symbol,预定义符号,制图 / 标注 / 工程图,2D 绘图 / 草图（2D drafting & sketch） / 制图 / 工程图（drawing & annotation） / 外部引用 / 代理机制（external reference & proxy）,presentation_definition_schema,https://www.steptools.com/stds/smrl/data/resource_docs/visual_presentation/sys/5_schema.htm#presentation_definition_schema.pre_defined_symbol
992,pre_defined_terminator_symbol,预定义终止符符号,制图 / 标注 / 工程图,2D 绘图 / 草图（2D drafting & sketch） / 制图 / 工程图（drawing & annotation） / 外部引用 / 代理机制（external reference & proxy）,curve_appearance_mim,https://www.steptools.com/stds/smrl/data/modules/curve_appearance/sys/5_mim.htm#curve_appearance_mim.pre_defined_terminator_symbol
993,pre_defined_text_font,预定义文本字体,渲染 / 外观 / 可视化,渲染 / 可视化（rendering & visualization） / 外部引用 / 代理机制（external reference & proxy）,presentation_resource_schema,https://www.steptools.com/stds/smrl/data/resource_docs/visual_presentation/sys/7_schema.htm#presentation_resource_schema.pre_defined_text_font
994,pre_defined_tile,预定义瓦片,渲染 / 外观 / 可视化,渲染 / 可视化（rendering & visualization） / 外部引用 / 代理机制（external reference & proxy）,presentation_appearance_schema,https://www.steptools.com/stds/smrl/data/resource_docs/visual_presentation/sys/6_schema.htm#presentation_appearance_schema.pre_defined_tile
995,precision_qualifier,精度限定符,公差 / 尺寸 / 基准（PMI）,检测 / PMI（inspection & tolerance） / 属性 / 特征化（property & characterization）,qualified_measure_schema,https://www.steptools.com/stds/smrl/data/resource_docs/material_and_other_engineering_properties/sys/6_schema.htm#qualified_measure_schema.precision_qualifier
996,prescribed_path,规定路径,机械 / 运动学 / 传动,运动学 / 仿真（kinematics & simulation）,kinematic_analysis_control_and_result_schema,https://www.steptools.com/stds/smrl/data/resource_docs/kinematics/sys/9_schema.htm#kinematic_analysis_control_and_result_schema.prescribed_path
997,presentation_area,表示区域,渲染 / 外观 / 可视化,渲染 / 可视化（rendering & visualization）,presentation_organization_schema,https://www.steptools.com/stds/smrl/data/resource_docs/visual_presentation/sys/4_schema.htm#presentation_organization_schema.presentation_area
998,presentation_layer_assignment,表示图层赋值,渲染 / 外观 / 可视化,渲染 / 可视化（rendering & visualization）,presentation_organization_schema,https://www.steptools.com/stds/smrl/data/resource_docs/visual_presentation/sys/4_schema.htm#presentation_organization_schema.presentation_layer_assignment
999,presentation_representation,表示表示,渲染 / 外观 / 可视化,渲染 / 可视化（rendering & visualization） / 元模型 / 表示框架（representation framework）,presentation_organization_schema,https://www.steptools.com/stds/smrl/data/resource_docs/visual_presentation/sys/4_schema.htm#presentation_organization_schema.presentation_representation
1000,presentation_set,表示集合,渲染 / 外观 / 可视化,渲染 / 可视化（rendering & visualization）,presentation_organization_schema,https://www.steptools.com/stds/smrl/data/resource_docs/visual_presentation/sys/4_schema.htm#presentation_organization_schema.presentation_set
1001,presentation_size,表示尺寸,渲染 / 外观 / 可视化,渲染 / 可视化（rendering & visualization）,presentation_organization_schema,https://www.steptools.com/stds/smrl/data/resource_docs/visual_presentation/sys/4_schema.htm#presentation_organization_schema.presentation_size
1002,presentation_style_assignment,表示样式赋值,渲染 / 外观 / 可视化,渲染 / 可视化（rendering & visualization）,presentation_appearance_schema,https://www.steptools.com/stds/smrl/data/resource_docs/visual_presentation/sys/6_schema.htm#presentation_appearance_schema.presentation_style_assignment
1003,presentation_style_by_context,由上下文决定的表示样式,渲染 / 外观 / 可视化,渲染 / 可视化（rendering & visualization） / 元模型 / 表示框架（representation framework）,presentation_appearance_schema,https://www.steptools.com/stds/smrl/data/resource_docs/visual_presentation/sys/6_schema.htm#presentation_appearance_schema.presentation_style_by_context
1004,presentation_view,表示视图,渲染 / 外观 / 可视化,渲染 / 可视化（rendering & visualization）,presentation_organization_schema,https://www.steptools.com/stds/smrl/data/resource_docs/visual_presentation/sys/4_schema.htm#presentation_organization_schema.presentation_view
1005,presented_item,被表示项,渲染 / 外观 / 可视化,渲染 / 可视化（rendering & visualization） / 元模型 / 表示框架（representation framework）,presentation_organization_schema,https://www.steptools.com/stds/smrl/data/resource_docs/visual_presentation/sys/4_schema.htm#presentation_organization_schema.presented_item
1006,presented_item_representation,被表示项表示,渲染 / 外观 / 可视化,渲染 / 可视化（rendering & visualization） / 元模型 / 表示框架（representation framework）,presentation_organization_schema,https://www.steptools.com/stds/smrl/data/resource_docs/visual_presentation/sys/4_schema.htm#presentation_organization_schema.presented_item_representation
1007,pressure_measure_with_unit,带单位的压力值,电力 / 物理量 / 计量单位,检测 / PMI（inspection & tolerance）,measure_schema,https://www.steptools.com/stds/smrl/data/resource_docs/fundamentals_of_product_description_and_support/sys/19_schema.htm#measure_schema.pressure_measure_with_unit
1008,pressure_unit,压力单位,电力 / 物理量 / 计量单位,其他 / 通用基础,measure_schema,https://www.steptools.com/stds/smrl/data/resource_docs/fundamentals_of_product_description_and_support/sys/19_schema.htm#measure_schema.pressure_unit
1009,prismatic_pair,棱柱副,机械 / 运动学 / 传动,运动学 / 仿真（kinematics & simulation）,kinematic_structure_schema,https://www.steptools.com/stds/smrl/data/resource_docs/kinematics/sys/6_schema.htm#kinematic_structure_schema.prismatic_pair
1010,prismatic_pair_value,棱柱副值,机械 / 运动学 / 传动,运动学 / 仿真（kinematics & simulation）,kinematic_state_schema,https://www.steptools.com/stds/smrl/data/resource_docs/kinematics/sys/7_schema.htm#kinematic_state_schema.prismatic_pair_value
1011,prismatic_pair_with_range,带范围的棱柱副,机械 / 运动学 / 传动,运动学 / 仿真（kinematics & simulation）,kinematic_structure_schema,https://www.steptools.com/stds/smrl/data/resource_docs/kinematics/sys/6_schema.htm#kinematic_structure_schema.prismatic_pair_with_range
1012,process_operation,过程操作,NC / 数控加工（CAM）,制造 / 工艺规划（CAM & process planning）,process_plan_mim,https://www.steptools.com/stds/smrl/data/modules/process_plan/sys/5_mim.htm#process_plan_mim.process_operation
1013,process_plan,过程计划,NC / 数控加工（CAM）,制造 / 工艺规划（CAM & process planning）,process_plan_mim,https://www.steptools.com/stds/smrl/data/modules/process_plan/sys/5_mim.htm#process_plan_mim.process_plan
1014,process_product_association,过程产品关联,NC / 数控加工（CAM） / 产品 / 配置 / 数据管理（PDM）,制造 / 工艺规划（CAM & process planning） / 数据管理 / 配置（PDM & configuration）,,https://www.steptools.com/stds/smrl/data/resource_docs/process_structure_and_properties/ISO_10303-49_1998.pdf
1015,process_property_association,过程属性关联,NC / 数控加工（CAM）,制造 / 工艺规划（CAM & process planning） / 属性 / 特征化（property & characterization）,aim-process_property_association,https://stepmfg.github.io/ap238/data/clause5.htm#aim-process_property_association
1016,product,产品,几何 / 拓扑 / 实体造型,装配 / 结构（assembly & structure） / 2D 绘图 / 草图（2D drafting & sketch） / 3D 建模 / 实体造型（3D modeling & solid） / 数据管理 / 配置（PDM & configuration）,aim-product,https://stepmfg.github.io/ap238/data/clause5.htm#aim-product
1017,product_as_planned,计划产品（product as planned）,产品 / 配置 / 数据管理（PDM）,装配 / 结构（assembly & structure） / 数据管理 / 配置（PDM & configuration）,product_as_individual_mim,https://www.steptools.com/stds/smrl/data/modules/product_as_individual/sys/5_mim.htm#product_as_individual_mim.product_as_planned
1018,product_category,产品类别,产品 / 配置 / 数据管理（PDM）,装配 / 结构（assembly & structure） / 数据管理 / 配置（PDM & configuration）,product_definition_schema,https://www.steptools.com/stds/smrl/data/resource_docs/fundamentals_of_product_description_and_support/sys/21_schema.htm#product_definition_schema.product_category
1019,product_category_relationship,产品类别关系,产品 / 配置 / 数据管理（PDM）,装配 / 结构（assembly & structure） / 数据管理 / 配置（PDM & configuration）,product_definition_schema,https://www.steptools.com/stds/smrl/data/resource_docs/fundamentals_of_product_description_and_support/sys/21_schema.htm#product_definition_schema.product_category_relationship
1020,product_class,产品类,产品 / 配置 / 数据管理（PDM）,装配 / 结构（assembly & structure） / 数据管理 / 配置（PDM & configuration）,product_class_mim,https://www.steptools.com/stds/smrl/data/modules/product_class/sys/5_mim.htm#product_class_mim.product_class
1021,product_concept,产品概念,产品 / 配置 / 数据管理（PDM）,装配 / 结构（assembly & structure） / 数据管理 / 配置（PDM & configuration）,product_concept_schema,https://www.steptools.com/stds/smrl/data/resource_docs/product_structure_configuration/sys/5_schema.htm#product_concept_schema.product_concept
1022,product_concept_context,产品概念上下文,产品 / 配置 / 数据管理（PDM）,装配 / 结构（assembly & structure） / 数据管理 / 配置（PDM & configuration） / 元模型 / 表示框架（representation framework）,application_context_schema,https://www.steptools.com/stds/smrl/data/resource_docs/fundamentals_of_product_description_and_support/sys/5_schema.htm#application_context_schema.product_concept_context
1023,product_concept_feature,产品概念特征,产品 / 配置 / 数据管理（PDM） / 特征 / 加工特征,装配 / 结构（assembly & structure） / 数据管理 / 配置（PDM & configuration）,product_concept_schema,https://www.steptools.com/stds/smrl/data/resource_docs/product_structure_configuration/sys/5_schema.htm#product_concept_schema.product_concept_feature
1024,product_concept_feature_association,产品概念特征关联,产品 / 配置 / 数据管理（PDM） / 特征 / 加工特征,装配 / 结构（assembly & structure） / 数据管理 / 配置（PDM & configuration）,product_concept_schema,https://www.steptools.com/stds/smrl/data/resource_docs/product_structure_configuration/sys/5_schema.htm#product_concept_schema.product_concept_feature_association
1025,product_concept_feature_category,产品概念特征类别,产品 / 配置 / 数据管理（PDM） / 特征 / 加工特征,装配 / 结构（assembly & structure） / 数据管理 / 配置（PDM & configuration）,product_class_mim,https://www.steptools.com/stds/smrl/data/modules/product_class/sys/5_mim.htm#product_class_mim.product_concept_feature_category
1026,product_concept_feature_category_usage,产品概念特征类别用法,产品 / 配置 / 数据管理（PDM） / 特征 / 加工特征,装配 / 结构（assembly & structure） / 数据管理 / 配置（PDM & configuration）,product_class_mim,https://www.steptools.com/stds/smrl/data/modules/product_class/sys/5_mim.htm#product_class_mim.product_concept_feature_category_usage
1027,product_concept_relationship,产品概念关系,产品 / 配置 / 数据管理（PDM）,装配 / 结构（assembly & structure） / 数据管理 / 配置（PDM & configuration）,product_concept_schema,https://www.steptools.com/stds/smrl/data/resource_docs/product_structure_configuration/sys/5_schema.htm#product_concept_schema.product_concept_relationship
1028,product_context,产品上下文,产品 / 配置 / 数据管理（PDM）,装配 / 结构（assembly & structure） / 数据管理 / 配置（PDM & configuration） / 元模型 / 表示框架（representation framework）,application_context_schema,https://www.steptools.com/stds/smrl/data/resource_docs/fundamentals_of_product_description_and_support/sys/5_schema.htm#application_context_schema.product_context
1029,product_definition,产品定义,产品 / 配置 / 数据管理（PDM）,数据管理 / 配置（PDM & configuration）,product_definition_schema,https://www.steptools.com/stds/smrl/data/resource_docs/fundamentals_of_product_description_and_support/sys/21_schema.htm#product_definition_schema.product_definition
1030,product_definition_context,产品定义上下文,产品 / 配置 / 数据管理（PDM）,装配 / 结构（assembly & structure） / 数据管理 / 配置（PDM & configuration） / 元模型 / 表示框架（representation framework）,application_context_schema,https://www.steptools.com/stds/smrl/data/resource_docs/fundamentals_of_product_description_and_support/sys/5_schema.htm#application_context_schema.product_definition_context
1031,product_definition_context_association,产品定义上下文关联,产品 / 配置 / 数据管理（PDM）,装配 / 结构（assembly & structure） / 数据管理 / 配置（PDM & configuration）,product_definition_schema,https://www.steptools.com/stds/smrl/data/resource_docs/fundamentals_of_product_description_and_support/sys/21_schema.htm#product_definition_schema.product_definition_context_association
1032,product_definition_context_role,产品定义上下文角色,产品 / 配置 / 数据管理（PDM）,装配 / 结构（assembly & structure） / 数据管理 / 配置（PDM & configuration）,product_definition_schema,https://www.steptools.com/stds/smrl/data/resource_docs/fundamentals_of_product_description_and_support/sys/21_schema.htm#product_definition_schema.product_definition_context_role
1033,product_definition_effectivity,产品定义有效性,产品 / 配置 / 数据管理（PDM）,装配 / 结构（assembly & structure） / 数据管理 / 配置（PDM & configuration） / 有效性 / 版本（effectivity & versioning）,product_definition_schema,https://www.steptools.com/stds/smrl/data/resource_docs/fundamentals_of_product_description_and_support/sys/21_schema.htm#product_definition_schema.product_definition_effectivity
1034,product_definition_element_relationship,产品定义元素关系,产品 / 配置 / 数据管理（PDM）,装配 / 结构（assembly & structure） / 数据管理 / 配置（PDM & configuration）,product_breakdown_mim,https://www.steptools.com/stds/smrl/data/modules/product_breakdown/sys/5_mim.htm#product_breakdown_mim.product_definition_element_relationship
1035,product_definition_formation,产品定义版本,产品 / 配置 / 数据管理（PDM）,装配 / 结构（assembly & structure） / 数据管理 / 配置（PDM & configuration） / 有效性 / 版本（effectivity & versioning）,aim-product_definition_formation,https://stepmfg.github.io/ap238/data/clause5.htm#aim-product_definition_formation
1036,product_definition_formation_relationship,产品定义形成关系,产品 / 配置 / 数据管理（PDM）,装配 / 结构（assembly & structure） / 数据管理 / 配置（PDM & configuration） / 有效性 / 版本（effectivity & versioning）,product_definition_schema,https://www.steptools.com/stds/smrl/data/resource_docs/fundamentals_of_product_description_and_support/sys/21_schema.htm#product_definition_schema.product_definition_formation_relationship
1037,product_definition_formation_resource,产品定义形成资源,产品 / 配置 / 数据管理（PDM）,装配 / 结构（assembly & structure） / 数据管理 / 配置（PDM & configuration） / 有效性 / 版本（effectivity & versioning）,process_plan_mim,https://www.steptools.com/stds/smrl/data/modules/process_plan/sys/5_mim.htm#process_plan_mim.product_definition_formation_resource
1038,product_definition_formation_with_specified_source,带指定来源的产品定义版本,产品 / 配置 / 数据管理（PDM）,装配 / 结构（assembly & structure） / 数据管理 / 配置（PDM & configuration） / 有效性 / 版本（effectivity & versioning）,product_definition_schema,https://www.steptools.com/stds/smrl/data/resource_docs/fundamentals_of_product_description_and_support/sys/21_schema.htm#product_definition_schema.product_definition_formation_with_specified_source
1039,product_definition_group_assignment,产品定义组赋值,产品 / 配置 / 数据管理（PDM）,装配 / 结构（assembly & structure） / 数据管理 / 配置（PDM & configuration）,product_breakdown_mim,https://www.steptools.com/stds/smrl/data/modules/product_breakdown/sys/5_mim.htm#product_breakdown_mim.product_definition_group_assignment
1040,product_definition_kinematics,产品定义运动学,机械 / 运动学 / 传动 / 产品 / 配置 / 数据管理（PDM）,装配 / 结构（assembly & structure） / 运动学 / 仿真（kinematics & simulation） / 数据管理 / 配置（PDM & configuration）,kinematic_property_schema,https://www.steptools.com/stds/smrl/data/resource_docs/kinematics/sys/4_schema.htm#kinematic_property_schema.product_definition_kinematics
1041,product_definition_occurrence,产品定义实例,产品 / 配置 / 数据管理（PDM）,装配 / 结构（assembly & structure） / 数据管理 / 配置（PDM & configuration）,product_structure_schema,https://www.steptools.com/stds/smrl/data/resource_docs/product_structure_configuration/sys/4_schema.htm#product_structure_schema.product_definition_occurrence
1042,product_definition_occurrence_reference,产品定义实例引用,产品 / 配置 / 数据管理（PDM）,装配 / 结构（assembly & structure） / 数据管理 / 配置（PDM & configuration） / 外部引用 / 代理机制（external reference & proxy）,product_structure_schema,https://www.steptools.com/stds/smrl/data/resource_docs/product_structure_configuration/sys/4_schema.htm#product_structure_schema.product_definition_occurrence_reference
1043,product_definition_occurrence_reference_with_local_representation,带局部表示的产品定义实例引用,渲染 / 外观 / 可视化 / 产品 / 配置 / 数据管理（PDM）,渲染 / 可视化（rendering & visualization） / 装配 / 结构（assembly & structure） / 数据管理 / 配置（PDM & configuration） / 元模型 / 表示框架（representation framework） / 外部引用 / 代理机制（external reference & proxy）,product_structure_schema,https://www.steptools.com/stds/smrl/data/resource_docs/product_structure_configuration/sys/4_schema.htm#product_structure_schema.product_definition_occurrence_reference_with_local_representation
1044,product_definition_occurrence_relationship,产品定义实例关系,产品 / 配置 / 数据管理（PDM）,装配 / 结构（assembly & structure） / 数据管理 / 配置（PDM & configuration）,product_structure_schema,https://www.steptools.com/stds/smrl/data/resource_docs/product_structure_configuration/sys/4_schema.htm#product_structure_schema.product_definition_occurrence_relationship
1045,product_definition_process,产品定义过程,NC / 数控加工（CAM） / 产品 / 配置 / 数据管理（PDM）,制造 / 工艺规划（CAM & process planning） / 数据管理 / 配置（PDM & configuration）,,https://www.steptools.com/stds/smrl/data/resource_docs/process_structure_and_properties/ISO_10303-49_1998.pdf
1046,product_definition_reference,产品定义引用,产品 / 配置 / 数据管理（PDM）,装配 / 结构（assembly & structure） / 数据管理 / 配置（PDM & configuration） / 外部引用 / 代理机制（external reference & proxy）,product_definition_schema,https://www.steptools.com/stds/smrl/data/resource_docs/fundamentals_of_product_description_and_support/sys/21_schema.htm#product_definition_schema.product_definition_reference
1047,product_definition_reference_with_local_representation,带局部表示的产品定义引用,渲染 / 外观 / 可视化 / 产品 / 配置 / 数据管理（PDM）,渲染 / 可视化（rendering & visualization） / 装配 / 结构（assembly & structure） / 数据管理 / 配置（PDM & configuration） / 元模型 / 表示框架（representation framework） / 外部引用 / 代理机制（external reference & proxy）,product_definition_schema,https://www.steptools.com/stds/smrl/data/resource_docs/fundamentals_of_product_description_and_support/sys/21_schema.htm#product_definition_schema.product_definition_reference_with_local_representation
1048,product_definition_relationship,产品定义关系,产品 / 配置 / 数据管理（PDM）,装配 / 结构（assembly & structure） / 数据管理 / 配置（PDM & configuration）,product_definition_schema,https://www.steptools.com/stds/smrl/data/resource_docs/fundamentals_of_product_description_and_support/sys/21_schema.htm#product_definition_schema.product_definition_relationship
1049,product_definition_relationship_kinematics,产品定义关系运动学,机械 / 运动学 / 传动 / 产品 / 配置 / 数据管理（PDM）,装配 / 结构（assembly & structure） / 运动学 / 仿真（kinematics & simulation） / 数据管理 / 配置（PDM & configuration）,kinematic_property_schema,https://www.steptools.com/stds/smrl/data/resource_docs/kinematics/sys/4_schema.htm#kinematic_property_schema.product_definition_relationship_kinematics
1050,product_definition_resource,产品定义资源,产品 / 配置 / 数据管理（PDM）,装配 / 结构（assembly & structure） / 数据管理 / 配置（PDM & configuration）,process_plan_mim,https://www.steptools.com/stds/smrl/data/modules/process_plan/sys/5_mim.htm#process_plan_mim.product_definition_resource
1051,product_definition_shape,产品定义形状,产品 / 配置 / 数据管理（PDM）,装配 / 结构（assembly & structure） / 数据管理 / 配置（PDM & configuration）,product_property_definition_schema,https://www.steptools.com/stds/smrl/data/resource_docs/fundamentals_of_product_description_and_support/sys/22_schema.htm#product_property_definition_schema.product_definition_shape
1052,product_definition_specified_occurrence,产品定义指定实例,产品 / 配置 / 数据管理（PDM）,装配 / 结构（assembly & structure） / 数据管理 / 配置（PDM & configuration）,product_structure_schema,https://www.steptools.com/stds/smrl/data/resource_docs/product_structure_configuration/sys/4_schema.htm#product_structure_schema.product_definition_specified_occurrence
1053,product_definition_substitute,产品定义替代,产品 / 配置 / 数据管理（PDM）,装配 / 结构（assembly & structure） / 数据管理 / 配置（PDM & configuration）,product_definition_schema,https://www.steptools.com/stds/smrl/data/resource_docs/fundamentals_of_product_description_and_support/sys/21_schema.htm#product_definition_schema.product_definition_substitute
1054,product_definition_usage,产品定义用法,产品 / 配置 / 数据管理（PDM）,装配 / 结构（assembly & structure） / 数据管理 / 配置（PDM & configuration）,product_structure_schema,https://www.steptools.com/stds/smrl/data/resource_docs/product_structure_configuration/sys/4_schema.htm#product_structure_schema.product_definition_usage
1055,product_definition_with_associated_documents,带关联文档的产品定义,产品 / 配置 / 数据管理（PDM）,装配 / 结构（assembly & structure） / 数据管理 / 配置（PDM & configuration）,product_definition_schema,https://www.steptools.com/stds/smrl/data/resource_docs/fundamentals_of_product_description_and_support/sys/21_schema.htm#product_definition_schema.product_definition_with_associated_documents
1056,product_design_to_individual,产品设计到个体,产品 / 配置 / 数据管理（PDM）,装配 / 结构（assembly & structure） / 数据管理 / 配置（PDM & configuration）,product_as_individual_mim,https://www.steptools.com/stds/smrl/data/modules/product_as_individual/sys/5_mim.htm#product_as_individual_mim.product_design_to_individual
1057,product_design_version_to_individual,产品设计版本到个体,产品 / 配置 / 数据管理（PDM）,装配 / 结构（assembly & structure） / 数据管理 / 配置（PDM & configuration） / 有效性 / 版本（effectivity & versioning）,product_as_individual_mim,https://www.steptools.com/stds/smrl/data/modules/product_as_individual/sys/5_mim.htm#product_as_individual_mim.product_design_version_to_individual
1058,product_identification,产品标识,产品 / 配置 / 数据管理（PDM）,装配 / 结构（assembly & structure） / 数据管理 / 配置（PDM & configuration）,specified_product_mim,https://www.steptools.com/stds/smrl/data/modules/specified_product/sys/5_mim.htm#specified_product_mim.product_identification
1059,product_planned_to_realized,计划产品到已实现产品,产品 / 配置 / 数据管理（PDM）,装配 / 结构（assembly & structure） / 数据管理 / 配置（PDM & configuration）,product_as_individual_mim,https://www.steptools.com/stds/smrl/data/modules/product_as_individual/sys/5_mim.htm#product_as_individual_mim.product_planned_to_realized
1060,product_process_plan,产品过程计划,NC / 数控加工（CAM） / 产品 / 配置 / 数据管理（PDM）,装配 / 结构（assembly & structure） / 制造 / 工艺规划（CAM & process planning） / 数据管理 / 配置（PDM & configuration）,process_plan_mim,https://www.steptools.com/stds/smrl/data/modules/process_plan/sys/5_mim.htm#process_plan_mim.product_process_plan
1061,product_related_product_category,产品相关产品类别,产品 / 配置 / 数据管理（PDM）,装配 / 结构（assembly & structure） / 数据管理 / 配置（PDM & configuration）,product_definition_schema,https://www.steptools.com/stds/smrl/data/resource_docs/fundamentals_of_product_description_and_support/sys/21_schema.htm#product_definition_schema.product_related_product_category
1062,product_relationship,产品关系,产品 / 配置 / 数据管理（PDM）,装配 / 结构（assembly & structure） / 数据管理 / 配置（PDM & configuration）,product_definition_schema,https://www.steptools.com/stds/smrl/data/resource_docs/fundamentals_of_product_description_and_support/sys/21_schema.htm#product_definition_schema.product_relationship
1063,product_resource,产品资源,产品 / 配置 / 数据管理（PDM）,装配 / 结构（assembly & structure） / 数据管理 / 配置（PDM & configuration）,process_plan_mim,https://www.steptools.com/stds/smrl/data/modules/process_plan/sys/5_mim.htm#process_plan_mim.product_resource
1064,product_specification,产品规范,产品 / 配置 / 数据管理（PDM）,装配 / 结构（assembly & structure） / 数据管理 / 配置（PDM & configuration）,specified_product_mim,https://www.steptools.com/stds/smrl/data/modules/specified_product/sys/5_mim.htm#specified_product_mim.product_specification
1065,profile_floor,轮廓底,特征 / 加工特征,2D 绘图 / 草图（2D drafting & sketch）,machining_feature_schema,https://www.steptools.com/stds/smrl/data/resource_docs/mechanical_features/sys/5_schema.htm#machining_feature_schema.profile_floor
1066,projected_zone_definition,投影区域定义,产品 / 配置 / 数据管理（PDM）,数据管理 / 配置（PDM & configuration）,shape_tolerance_schema,https://www.steptools.com/stds/smrl/data/resource_docs/shape_variation_tolerances/sys/6_schema.htm#shape_tolerance_schema.projected_zone_definition
1067,projected_zone_definition_with_offset,带偏置的投影区域定义,产品 / 配置 / 数据管理（PDM）,数据管理 / 配置（PDM & configuration）,shape_tolerance_schema,https://www.steptools.com/stds/smrl/data/resource_docs/shape_variation_tolerances/sys/6_schema.htm#shape_tolerance_schema.projected_zone_definition_with_offset
1068,projection_curve,投影曲线,几何 / 拓扑 / 实体造型 / 制图 / 标注 / 工程图 / 产品 / 配置 / 数据管理（PDM）,2D 绘图 / 草图（2D drafting & sketch） / 3D 建模 / 实体造型（3D modeling & solid） / 制图 / 工程图（drawing & annotation） / 数据管理 / 配置（PDM & configuration）,draughting_element_schema,https://www.steptools.com/stds/smrl/data/resource_docs/draughting/sys/5_schema.htm#draughting_element_schema.projection_curve
1069,projection_directed_callout,投影有向注记,制图 / 标注 / 工程图 / 产品 / 配置 / 数据管理（PDM）,2D 绘图 / 草图（2D drafting & sketch） / 制图 / 工程图（drawing & annotation） / 数据管理 / 配置（PDM & configuration）,draughting_element_schema,https://www.steptools.com/stds/smrl/data/resource_docs/draughting/sys/5_schema.htm#draughting_element_schema.projection_directed_callout
1070,promissory_usage_occurrence,承诺性用法实例,产品 / 配置 / 数据管理（PDM）,装配 / 结构（assembly & structure） / 数据管理 / 配置（PDM & configuration）,product_structure_schema,https://www.steptools.com/stds/smrl/data/resource_docs/product_structure_configuration/sys/4_schema.htm#product_structure_schema.promissory_usage_occurrence
1071,property_definition,属性定义,产品 / 配置 / 数据管理（PDM）,属性 / 特征化（property & characterization） / 2D 绘图 / 草图（2D drafting & sketch） / 数据管理 / 配置（PDM & configuration）,product_property_definition_schema,https://www.steptools.com/stds/smrl/data/resource_docs/fundamentals_of_product_description_and_support/sys/22_schema.htm#product_property_definition_schema.property_definition
1072,property_definition_relationship,属性定义关系,产品 / 配置 / 数据管理（PDM）,属性 / 特征化（property & characterization） / 2D 绘图 / 草图（2D drafting & sketch） / 数据管理 / 配置（PDM & configuration）,material_property_definition_schema,https://www.steptools.com/stds/smrl/data/resource_docs/material_and_other_engineering_properties/sys/4_schema.htm#material_property_definition_schema.property_definition_relationship
1073,property_definition_representation,属性定义表示,渲染 / 外观 / 可视化,渲染 / 可视化（rendering & visualization） / 元模型 / 表示框架（representation framework） / 属性 / 特征化（property & characterization）,product_property_representation_schema,https://www.steptools.com/stds/smrl/data/resource_docs/fundamentals_of_product_description_and_support/sys/23_schema.htm#product_property_representation_schema.property_definition_representation
1074,property_process,属性过程,NC / 数控加工（CAM）,制造 / 工艺规划（CAM & process planning） / 属性 / 特征化（property & characterization）,,https://www.steptools.com/stds/smrl/data/resource_docs/process_structure_and_properties/ISO_10303-49_1998.pdf
1075,protrusion,凸起,特征 / 加工特征,其他 / 通用基础,machining_feature_schema,https://www.steptools.com/stds/smrl/data/resource_docs/mechanical_features/sys/5_schema.htm#machining_feature_schema.protrusion
1076,pyramid_volume,棱锥体积,几何 / 拓扑 / 实体造型,3D 建模 / 实体造型（3D modeling & solid）,geometry_schema,https://www.steptools.com/stds/smrl/data/resource_docs/geometric_and_topological_representation/sys/4_schema.htm#geometry_schema.pyramid_volume
1077,qualified_representation_item,限定表示项,渲染 / 外观 / 可视化 / 公差 / 尺寸 / 基准（PMI）,渲染 / 可视化（rendering & visualization） / 检测 / PMI（inspection & tolerance） / 元模型 / 表示框架（representation framework） / 属性 / 特征化（property & characterization）,qualified_measure_schema,https://www.steptools.com/stds/smrl/data/resource_docs/material_and_other_engineering_properties/sys/6_schema.htm#qualified_measure_schema.qualified_representation_item
1078,qualitative_uncertainty,定性不确定度,公差 / 尺寸 / 基准（PMI）,检测 / PMI（inspection & tolerance）,qualified_measure_schema,https://www.steptools.com/stds/smrl/data/resource_docs/material_and_other_engineering_properties/sys/6_schema.htm#qualified_measure_schema.qualitative_uncertainty
1079,quantified_assembly_component_usage,量化装配组件用法,产品 / 配置 / 数据管理（PDM）,装配 / 结构（assembly & structure） / 数据管理 / 配置（PDM & configuration）,product_structure_schema,https://www.steptools.com/stds/smrl/data/resource_docs/product_structure_configuration/sys/4_schema.htm#product_structure_schema.quantified_assembly_component_usage
1080,quantifier_expression,量词表达式,表达式 / 数学 / 矩阵,其他 / 通用基础,,https://www.steptools.com/stds/smrl/data/resource_docs/mathematical_constructs/ISO_10303-50_2002(E)-Character_PDF_document.pdf
1081,quasi_uniform_curve,拟均匀曲线,几何 / 拓扑 / 实体造型,3D 建模 / 实体造型（3D modeling & solid）,geometry_schema,https://www.steptools.com/stds/smrl/data/resource_docs/geometric_and_topological_representation/sys/4_schema.htm#geometry_schema.quasi_uniform_curve
1082,quasi_uniform_surface,拟均匀曲面,几何 / 拓扑 / 实体造型,3D 建模 / 实体造型（3D modeling & solid）,geometry_schema,https://www.steptools.com/stds/smrl/data/resource_docs/geometric_and_topological_representation/sys/4_schema.htm#geometry_schema.quasi_uniform_surface
1083,quasi_uniform_volume,拟均匀体积,几何 / 拓扑 / 实体造型,3D 建模 / 实体造型（3D modeling & solid）,geometry_schema,https://www.steptools.com/stds/smrl/data/resource_docs/geometric_and_topological_representation/sys/4_schema.htm#geometry_schema.quasi_uniform_volume
1084,rack_and_pinion_pair,齿条与小齿轮副,机械 / 运动学 / 传动,运动学 / 仿真（kinematics & simulation）,kinematic_structure_schema,https://www.steptools.com/stds/smrl/data/resource_docs/kinematics/sys/6_schema.htm#kinematic_structure_schema.rack_and_pinion_pair
1085,rack_and_pinion_pair_value,齿条与小齿轮副值,机械 / 运动学 / 传动,运动学 / 仿真（kinematics & simulation）,kinematic_state_schema,https://www.steptools.com/stds/smrl/data/resource_docs/kinematics/sys/7_schema.htm#kinematic_state_schema.rack_and_pinion_pair_value
1086,rack_and_pinion_pair_with_range,带范围的齿条与小齿轮副,机械 / 运动学 / 传动,运动学 / 仿真（kinematics & simulation）,kinematic_structure_schema,https://www.steptools.com/stds/smrl/data/resource_docs/kinematics/sys/6_schema.htm#kinematic_structure_schema.rack_and_pinion_pair_with_range
1087,radioactivity_measure_with_unit,带单位的放射性活度,电力 / 物理量 / 计量单位,检测 / PMI（inspection & tolerance）,measure_schema,https://www.steptools.com/stds/smrl/data/resource_docs/fundamentals_of_product_description_and_support/sys/19_schema.htm#measure_schema.radioactivity_measure_with_unit
1088,radioactivity_unit,放射性单位,电力 / 物理量 / 计量单位,其他 / 通用基础,measure_schema,https://www.steptools.com/stds/smrl/data/resource_docs/fundamentals_of_product_description_and_support/sys/19_schema.htm#measure_schema.radioactivity_unit
1089,radius_dimension,半径尺寸,公差 / 尺寸 / 基准（PMI） / 制图 / 标注 / 工程图,2D 绘图 / 草图（2D drafting & sketch） / 制图 / 工程图（drawing & annotation） / 检测 / PMI（inspection & tolerance）,aic_draughting_elements,https://www.steptools.com/stds/smrl/data/resource_docs/draughting_elements/sys/4_schema.htm#aic_draughting_elements.radius_dimension
1090,range_characteristic,范围特征,产品 / 配置 / 数据管理（PDM）,元模型 / 表示框架（representation framework） / 属性 / 特征化（property & characterization） / 2D 绘图 / 草图（2D drafting & sketch） / 数据管理 / 配置（PDM & configuration） / 类型系统 / 选择机制（type system & select）,characteristic_mim,https://www.steptools.com/stds/smrl/data/modules/characteristic/sys/5_mim.htm#characteristic_mim.range_characteristic
1091,ratio_measure_with_unit,带单位的比值,电力 / 物理量 / 计量单位,检测 / PMI（inspection & tolerance）,measure_schema,https://www.steptools.com/stds/smrl/data/resource_docs/fundamentals_of_product_description_and_support/sys/19_schema.htm#measure_schema.ratio_measure_with_unit
1092,ratio_unit,比单位,电力 / 物理量 / 计量单位,其他 / 通用基础,measure_schema,https://www.steptools.com/stds/smrl/data/resource_docs/fundamentals_of_product_description_and_support/sys/19_schema.htm#measure_schema.ratio_unit
1093,rational_b_spline_curve,有理 B 样条曲线,几何 / 拓扑 / 实体造型,3D 建模 / 实体造型（3D modeling & solid）,geometry_schema,https://www.steptools.com/stds/smrl/data/resource_docs/geometric_and_topological_representation/sys/4_schema.htm#geometry_schema.rational_b_spline_curve
1094,rational_b_spline_surface,有理 B 样条曲面,几何 / 拓扑 / 实体造型,3D 建模 / 实体造型（3D modeling & solid）,geometry_schema,https://www.steptools.com/stds/smrl/data/resource_docs/geometric_and_topological_representation/sys/4_schema.htm#geometry_schema.rational_b_spline_surface
1095,rational_b_spline_volume,有理B样条体积,几何 / 拓扑 / 实体造型,3D 建模 / 实体造型（3D modeling & solid）,geometry_schema,https://www.steptools.com/stds/smrl/data/resource_docs/geometric_and_topological_representation/sys/4_schema.htm#geometry_schema.rational_b_spline_volume
1096,rational_locally_refined_spline_curve,有理局部细化样条曲线,几何 / 拓扑 / 实体造型,3D 建模 / 实体造型（3D modeling & solid）,geometry_schema,https://www.steptools.com/stds/smrl/data/resource_docs/geometric_and_topological_representation/sys/4_schema.htm#geometry_schema.rational_locally_refined_spline_curve
1097,rational_locally_refined_spline_surface,有理局部细化样条曲面,几何 / 拓扑 / 实体造型,3D 建模 / 实体造型（3D modeling & solid）,geometry_schema,https://www.steptools.com/stds/smrl/data/resource_docs/geometric_and_topological_representation/sys/4_schema.htm#geometry_schema.rational_locally_refined_spline_surface
1098,rational_locally_refined_spline_volume,有理局部细化样条体积,几何 / 拓扑 / 实体造型,3D 建模 / 实体造型（3D modeling & solid）,geometry_schema,https://www.steptools.com/stds/smrl/data/resource_docs/geometric_and_topological_representation/sys/4_schema.htm#geometry_schema.rational_locally_refined_spline_volume
1099,rational_representation_item,有理表示项,渲染 / 外观 / 可视化,渲染 / 可视化（rendering & visualization） / 元模型 / 表示框架（representation framework）,basic_data_representation_mim,https://www.steptools.com/stds/smrl/data/modules/basic_data_representation/sys/5_mim.htm#basic_data_representation_mim.rational_representation_item
1100,rationalize_function,有理化函数,表达式 / 数学 / 矩阵,其他 / 通用基础,,https://www.steptools.com/stds/smrl/data/resource_docs/mathematical_constructs/ISO_10303-50_2002(E)-Character_PDF_document.pdf
1101,real_defined_function,实数定义函数,表达式 / 数学 / 矩阵,其他 / 通用基础,,https://www.steptools.com/stds/smrl/data/resource_docs/logical_model_of_expressions/ISO_13584-20_1998(E)-Character_PDF_document.pdf
1102,real_interval_from_min,以最小值为界的实数区间,表达式 / 数学 / 矩阵,其他 / 通用基础,,https://www.steptools.com/stds/smrl/data/resource_docs/mathematical_constructs/ISO_10303-50_2002(E)-Character_PDF_document.pdf
1103,real_interval_to_max,以最大值为界的实数区间,表达式 / 数学 / 矩阵,其他 / 通用基础,,https://www.steptools.com/stds/smrl/data/resource_docs/mathematical_constructs/ISO_10303-50_2002(E)-Character_PDF_document.pdf
1104,real_literal,实数字面量,表达式 / 数学 / 矩阵,其他 / 通用基础,,https://www.steptools.com/stds/smrl/data/resource_docs/logical_model_of_expressions/ISO_13584-20_1998(E)-Character_PDF_document.pdf
1105,real_numeric_variable,实数数值变量,表达式 / 数学 / 矩阵,其他 / 通用基础,,https://www.steptools.com/stds/smrl/data/resource_docs/logical_model_of_expressions/ISO_13584-20_1998(E)-Character_PDF_document.pdf
1106,real_representation_item,实数表示项,渲染 / 外观 / 可视化,渲染 / 可视化（rendering & visualization） / 元模型 / 表示框架（representation framework）,basic_data_representation_mim,https://www.steptools.com/stds/smrl/data/modules/basic_data_representation/sys/5_mim.htm#basic_data_representation_mim.real_representation_item
1107,real_tuple_literal,实数元组字面量,表达式 / 数学 / 矩阵,其他 / 通用基础,,https://www.steptools.com/stds/smrl/data/resource_docs/mathematical_constructs/ISO_10303-50_2002(E)-Character_PDF_document.pdf
1108,rectangular_closed_profile,矩形闭合轮廓,特征 / 加工特征,2D 绘图 / 草图（2D drafting & sketch）,machining_feature_schema,https://www.steptools.com/stds/smrl/data/resource_docs/mechanical_features/sys/5_schema.htm#machining_feature_schema.rectangular_closed_profile
1109,rectangular_composite_surface,矩形组合曲面,几何 / 拓扑 / 实体造型,3D 建模 / 实体造型（3D modeling & solid）,geometry_schema,https://www.steptools.com/stds/smrl/data/resource_docs/geometric_and_topological_representation/sys/4_schema.htm#geometry_schema.rectangular_composite_surface
1110,rectangular_pattern,矩形阵列,特征 / 加工特征,其他 / 通用基础,machining_feature_schema,https://www.steptools.com/stds/smrl/data/resource_docs/mechanical_features/sys/5_schema.htm#machining_feature_schema.rectangular_pattern
1111,rectangular_pyramid,矩形棱锥,几何 / 拓扑 / 实体造型,3D 建模 / 实体造型（3D modeling & solid）,geometric_model_schema,https://www.steptools.com/stds/smrl/data/resource_docs/geometric_and_topological_representation/sys/6_schema.htm#geometric_model_schema.rectangular_pyramid
1112,rectangular_trimmed_surface,矩形裁剪曲面,几何 / 拓扑 / 实体造型,3D 建模 / 实体造型（3D modeling & solid）,geometry_schema,https://www.steptools.com/stds/smrl/data/resource_docs/geometric_and_topological_representation/sys/4_schema.htm#geometry_schema.rectangular_trimmed_surface
1113,referenced_modified_datum,被引用的修改基准,公差 / 尺寸 / 基准（PMI）,检测 / PMI（inspection & tolerance）,shape_aspect_definition_schema,https://www.steptools.com/stds/smrl/data/resource_docs/shape_variation_tolerances/sys/4_schema.htm#shape_aspect_definition_schema.referenced_modified_datum
1114,regular_table_function,规则表函数,表达式 / 数学 / 矩阵,其他 / 通用基础,,https://www.steptools.com/stds/smrl/data/resource_docs/mathematical_constructs/ISO_10303-50_2002(E)-Character_PDF_document.pdf
1115,reindexed_array_function,重索引数组函数,表达式 / 数学 / 矩阵,其他 / 通用基础,,https://www.steptools.com/stds/smrl/data/resource_docs/mathematical_constructs/ISO_10303-50_2002(E)-Character_PDF_document.pdf
1116,relative_event_occurrence,相对事件实例,产品 / 配置 / 数据管理（PDM）,装配 / 结构（assembly & structure） / 数据管理 / 配置（PDM & configuration）,date_time_schema,https://www.steptools.com/stds/smrl/data/resource_docs/fundamentals_of_product_description_and_support/sys/10_schema.htm#date_time_schema.relative_event_occurrence
1117,removal_volume,移除体积,几何 / 拓扑 / 实体造型 / 特征 / 加工特征,3D 建模 / 实体造型（3D modeling & solid）,machining_feature_schema,https://www.steptools.com/stds/smrl/data/resource_docs/mechanical_features/sys/5_schema.htm#machining_feature_schema.removal_volume
1118,rep_item_group,表示项组,产品 / 配置 / 数据管理（PDM）,数据管理 / 配置（PDM & configuration）,layer_assignment_mim,https://www.steptools.com/stds/smrl/data/modules/layer_assignment/sys/5_mim.htm#layer_assignment_mim.rep_item_group
1119,repackaging_function,重新包装函数,表达式 / 数学 / 矩阵,其他 / 通用基础,,https://www.steptools.com/stds/smrl/data/resource_docs/mathematical_constructs/ISO_10303-50_2002(E)-Character_PDF_document.pdf
1120,reparametrised_composite_curve_segment,重参数化组合曲线段,几何 / 拓扑 / 实体造型,3D 建模 / 实体造型（3D modeling & solid）,geometry_schema,https://www.steptools.com/stds/smrl/data/resource_docs/geometric_and_topological_representation/sys/4_schema.htm#geometry_schema.reparametrised_composite_curve_segment
1121,replicate_feature,复制特征,特征 / 加工特征,其他 / 通用基础,machining_feature_schema,https://www.steptools.com/stds/smrl/data/resource_docs/mechanical_features/sys/5_schema.htm#machining_feature_schema.replicate_feature
1122,repositioned_tessellated_item,重新定位镶嵌项,几何 / 拓扑 / 实体造型,3D 建模 / 实体造型（3D modeling & solid） / 元模型 / 表示框架（representation framework）,geometric_model_schema,https://www.steptools.com/stds/smrl/data/resource_docs/geometric_and_topological_representation/sys/6_schema.htm#geometric_model_schema.repositioned_tessellated_item
1123,representation,表示,渲染 / 外观 / 可视化,渲染 / 可视化（rendering & visualization） / 元模型 / 表示框架（representation framework）,representation_schema,https://www.steptools.com/stds/smrl/data/resource_docs/representation_structures/sys/4_schema.htm#representation_schema.representation
1124,representation_context,表示上下文,渲染 / 外观 / 可视化,渲染 / 可视化（rendering & visualization） / 元模型 / 表示框架（representation framework）,representation_schema,https://www.steptools.com/stds/smrl/data/resource_docs/representation_structures/sys/4_schema.htm#representation_schema.representation_context
1125,representation_context_reference,表示上下文引用,渲染 / 外观 / 可视化,渲染 / 可视化（rendering & visualization） / 元模型 / 表示框架（representation framework） / 外部引用 / 代理机制（external reference & proxy）,representation_schema,https://www.steptools.com/stds/smrl/data/resource_docs/representation_structures/sys/4_schema.htm#representation_schema.representation_context_reference
1126,representation_item,表示项,渲染 / 外观 / 可视化,渲染 / 可视化（rendering & visualization） / 元模型 / 表示框架（representation framework）,representation_schema,https://www.steptools.com/stds/smrl/data/resource_docs/representation_structures/sys/4_schema.htm#representation_schema.representation_item
1127,representation_item_relationship,表示项关系,渲染 / 外观 / 可视化,渲染 / 可视化（rendering & visualization） / 元模型 / 表示框架（representation framework）,aim-representation_item_relationship,https://stepmfg.github.io/ap238/data/clause5.htm#aim-representation_item_relationship
1128,representation_map,表示映射,渲染 / 外观 / 可视化,渲染 / 可视化（rendering & visualization） / 元模型 / 表示框架（representation framework）,representation_schema,https://www.steptools.com/stds/smrl/data/resource_docs/representation_structures/sys/4_schema.htm#representation_schema.representation_map
1129,representation_reference,表示引用,渲染 / 外观 / 可视化,渲染 / 可视化（rendering & visualization） / 元模型 / 表示框架（representation framework） / 外部引用 / 代理机制（external reference & proxy）,representation_schema,https://www.steptools.com/stds/smrl/data/resource_docs/representation_structures/sys/4_schema.htm#representation_schema.representation_reference
1130,representation_relationship,表示关系,渲染 / 外观 / 可视化,渲染 / 可视化（rendering & visualization） / 元模型 / 表示框架（representation framework）,representation_schema,https://www.steptools.com/stds/smrl/data/resource_docs/representation_structures/sys/4_schema.htm#representation_schema.representation_relationship
1131,representation_relationship_with_transformation,带变换的表示关系,渲染 / 外观 / 可视化,渲染 / 可视化（rendering & visualization） / 元模型 / 表示框架（representation framework）,representation_schema,https://www.steptools.com/stds/smrl/data/resource_docs/representation_structures/sys/4_schema.htm#representation_schema.representation_relationship_with_transformation
1132,requirement_assigned_object,要求赋值对象,产品 / 配置 / 数据管理（PDM）,数据管理 / 配置（PDM & configuration）,requirement_assignment_mim,https://www.steptools.com/stds/smrl/data/modules/requirement_assignment/sys/5_mim.htm#requirement_assignment_mim.requirement_assigned_object
1133,requirement_assignment,要求赋值,产品 / 配置 / 数据管理（PDM）,数据管理 / 配置（PDM & configuration）,requirement_assignment_mim,https://www.steptools.com/stds/smrl/data/modules/requirement_assignment/sys/5_mim.htm#requirement_assignment_mim.requirement_assignment
1134,requirement_for_action_resource,用于动作资源的要求,NC / 数控加工（CAM） / 产品 / 配置 / 数据管理（PDM）,制造 / 工艺规划（CAM & process planning） / 数据管理 / 配置（PDM & configuration）,,https://www.steptools.com/stds/smrl/data/resource_docs/process_structure_and_properties/ISO_10303-49_1998.pdf
1135,requirement_source,要求源,产品 / 配置 / 数据管理（PDM）,数据管理 / 配置（PDM & configuration）,requirement_assignment_mim,https://www.steptools.com/stds/smrl/data/modules/requirement_assignment/sys/5_mim.htm#requirement_assignment_mim.requirement_source
1136,requirement_view_definition_relationship,要求视图定义关系,产品 / 配置 / 数据管理（PDM）,数据管理 / 配置（PDM & configuration）,requirement_view_definition_relationship_mim,https://www.steptools.com/stds/smrl/data/modules/requirement_view_definition_relationship/sys/5_mim.htm#requirement_view_definition_relationship_mim.requirement_view_definition_relationship
1137,resistance_measure_with_unit,带单位的电阻值,电力 / 物理量 / 计量单位,检测 / PMI（inspection & tolerance）,measure_schema,https://www.steptools.com/stds/smrl/data/resource_docs/fundamentals_of_product_description_and_support/sys/19_schema.htm#measure_schema.resistance_measure_with_unit
1138,resistance_unit,电阻单位,电力 / 物理量 / 计量单位,其他 / 通用基础,measure_schema,https://www.steptools.com/stds/smrl/data/resource_docs/fundamentals_of_product_description_and_support/sys/19_schema.htm#measure_schema.resistance_unit
1139,resource_property,资源属性,NC / 数控加工（CAM）,制造 / 工艺规划（CAM & process planning） / 属性 / 特征化（property & characterization）,,https://www.steptools.com/stds/smrl/data/resource_docs/process_structure_and_properties/ISO_10303-49_1998.pdf
1140,resource_property_representation,资源属性表示,NC / 数控加工（CAM） / 渲染 / 外观 / 可视化,渲染 / 可视化（rendering & visualization） / 制造 / 工艺规划（CAM & process planning） / 元模型 / 表示框架（representation framework） / 属性 / 特征化（property & characterization）,,https://www.steptools.com/stds/smrl/data/resource_docs/process_structure_and_properties/ISO_10303-49_1998.pdf
1141,resource_requirement_type,资源要求类型,NC / 数控加工（CAM） / 产品 / 配置 / 数据管理（PDM）,制造 / 工艺规划（CAM & process planning） / 数据管理 / 配置（PDM & configuration）,,https://www.steptools.com/stds/smrl/data/resource_docs/process_structure_and_properties/ISO_10303-49_1998.pdf
1142,restriction_function,限制函数,表达式 / 数学 / 矩阵,其他 / 通用基础,,https://www.steptools.com/stds/smrl/data/resource_docs/mathematical_constructs/ISO_10303-50_2002(E)-Character_PDF_document.pdf
1143,resulting_path,结果路径,机械 / 运动学 / 传动,运动学 / 仿真（kinematics & simulation）,kinematic_analysis_control_and_result_schema,https://www.steptools.com/stds/smrl/data/resource_docs/kinematics/sys/9_schema.htm#kinematic_analysis_control_and_result_schema.resulting_path
1144,retention,保持,产品 / 配置 / 数据管理（PDM）,数据管理 / 配置（PDM & configuration）,retention_period_mim,https://www.steptools.com/stds/smrl/data/modules/retention_period/sys/5_mim.htm#retention_period_mim.retention
1145,revolute_pair,旋转副,机械 / 运动学 / 传动,运动学 / 仿真（kinematics & simulation）,kinematic_structure_schema,https://www.steptools.com/stds/smrl/data/resource_docs/kinematics/sys/6_schema.htm#kinematic_structure_schema.revolute_pair
1146,revolute_pair_value,旋转副值,机械 / 运动学 / 传动,运动学 / 仿真（kinematics & simulation）,kinematic_state_schema,https://www.steptools.com/stds/smrl/data/resource_docs/kinematics/sys/7_schema.htm#kinematic_state_schema.revolute_pair_value
1147,revolute_pair_with_range,带范围的旋转副,机械 / 运动学 / 传动,运动学 / 仿真（kinematics & simulation）,kinematic_structure_schema,https://www.steptools.com/stds/smrl/data/resource_docs/kinematics/sys/6_schema.htm#kinematic_structure_schema.revolute_pair_with_range
1148,revolved_area_solid,回转面实体,几何 / 拓扑 / 实体造型,3D 建模 / 实体造型（3D modeling & solid）,geometric_model_schema,https://www.steptools.com/stds/smrl/data/resource_docs/geometric_and_topological_representation/sys/6_schema.htm#geometric_model_schema.revolved_area_solid
1149,revolved_face_solid,回转面实体,几何 / 拓扑 / 实体造型,3D 建模 / 实体造型（3D modeling & solid）,geometric_model_schema,https://www.steptools.com/stds/smrl/data/resource_docs/geometric_and_topological_representation/sys/6_schema.htm#geometric_model_schema.revolved_face_solid
1150,revolved_profile,回转轮廓,几何 / 拓扑 / 实体造型 / 特征 / 加工特征,2D 绘图 / 草图（2D drafting & sketch） / 3D 建模 / 实体造型（3D modeling & solid）,machining_feature_schema,https://www.steptools.com/stds/smrl/data/resource_docs/mechanical_features/sys/5_schema.htm#machining_feature_schema.revolved_profile
1151,rib_top,加强筋顶部,特征 / 加工特征,其他 / 通用基础,machining_feature_schema,https://www.steptools.com/stds/smrl/data/resource_docs/mechanical_features/sys/5_schema.htm#machining_feature_schema.rib_top
1152,rib_top_floor,加强筋顶部底,特征 / 加工特征,其他 / 通用基础,machining_feature_schema,https://www.steptools.com/stds/smrl/data/resource_docs/mechanical_features/sys/5_schema.htm#machining_feature_schema.rib_top_floor
1153,right_angular_wedge,右角度楔,几何 / 拓扑 / 实体造型,3D 建模 / 实体造型（3D modeling & solid）,geometric_model_schema,https://www.steptools.com/stds/smrl/data/resource_docs/geometric_and_topological_representation/sys/6_schema.htm#geometric_model_schema.right_angular_wedge
1154,right_circular_cone,右圆形圆锥,几何 / 拓扑 / 实体造型,3D 建模 / 实体造型（3D modeling & solid）,geometric_model_schema,https://www.steptools.com/stds/smrl/data/resource_docs/geometric_and_topological_representation/sys/6_schema.htm#geometric_model_schema.right_circular_cone
1155,right_circular_cylinder,右圆形圆柱,几何 / 拓扑 / 实体造型,3D 建模 / 实体造型（3D modeling & solid）,geometric_model_schema,https://www.steptools.com/stds/smrl/data/resource_docs/geometric_and_topological_representation/sys/6_schema.htm#geometric_model_schema.right_circular_cylinder
1156,right_to_usage_association,权限到用法关联,产品 / 配置 / 数据管理（PDM）,数据管理 / 配置（PDM & configuration）,information_rights_mim,https://www.steptools.com/stds/smrl/data/modules/information_rights/sys/5_mim.htm#information_rights_mim.right_to_usage_association
1157,rigid_link_representation,刚性链接表示,机械 / 运动学 / 传动 / 渲染 / 外观 / 可视化,渲染 / 可视化（rendering & visualization） / 运动学 / 仿真（kinematics & simulation） / 元模型 / 表示框架（representation framework）,kinematic_structure_schema,https://www.steptools.com/stds/smrl/data/resource_docs/kinematics/sys/6_schema.htm#kinematic_structure_schema.rigid_link_representation
1158,role_association,角色关联,产品 / 配置 / 数据管理（PDM）,2D 绘图 / 草图（2D drafting & sketch） / 数据管理 / 配置（PDM & configuration）,basic_attribute_schema,https://www.steptools.com/stds/smrl/data/resource_docs/fundamentals_of_product_description_and_support/sys/7_schema.htm#basic_attribute_schema.role_association
1159,rolling_curve_pair,滚动曲线副,机械 / 运动学 / 传动 / 几何 / 拓扑 / 实体造型,3D 建模 / 实体造型（3D modeling & solid） / 运动学 / 仿真（kinematics & simulation）,kinematic_structure_schema,https://www.steptools.com/stds/smrl/data/resource_docs/kinematics/sys/6_schema.htm#kinematic_structure_schema.rolling_curve_pair
1160,rolling_curve_pair_value,滚动曲线副值,机械 / 运动学 / 传动 / 几何 / 拓扑 / 实体造型,3D 建模 / 实体造型（3D modeling & solid） / 运动学 / 仿真（kinematics & simulation）,kinematic_state_schema,https://www.steptools.com/stds/smrl/data/resource_docs/kinematics/sys/7_schema.htm#kinematic_state_schema.rolling_curve_pair_value
1161,rolling_surface_pair,滚动曲面副,机械 / 运动学 / 传动 / 几何 / 拓扑 / 实体造型,3D 建模 / 实体造型（3D modeling & solid） / 运动学 / 仿真（kinematics & simulation）,kinematic_structure_schema,https://www.steptools.com/stds/smrl/data/resource_docs/kinematics/sys/6_schema.htm#kinematic_structure_schema.rolling_surface_pair
1162,rolling_surface_pair_value,滚动曲面副值,机械 / 运动学 / 传动 / 几何 / 拓扑 / 实体造型,3D 建模 / 实体造型（3D modeling & solid） / 运动学 / 仿真（kinematics & simulation）,kinematic_state_schema,https://www.steptools.com/stds/smrl/data/resource_docs/kinematics/sys/7_schema.htm#kinematic_state_schema.rolling_surface_pair_value
1163,rotation_about_direction,绕方向的旋转,机械 / 运动学 / 传动 / 几何 / 拓扑 / 实体造型,3D 建模 / 实体造型（3D modeling & solid） / 运动学 / 仿真（kinematics & simulation）,kinematic_state_schema,https://www.steptools.com/stds/smrl/data/resource_docs/kinematics/sys/7_schema.htm#kinematic_state_schema.rotation_about_direction
1164,round_hole,圆通孔,特征 / 加工特征,其他 / 通用基础,machining_feature_schema,https://www.steptools.com/stds/smrl/data/resource_docs/mechanical_features/sys/5_schema.htm#machining_feature_schema.round_hole
1165,rounded_end,圆角端,特征 / 加工特征,其他 / 通用基础,machining_feature_schema,https://www.steptools.com/stds/smrl/data/resource_docs/mechanical_features/sys/5_schema.htm#machining_feature_schema.rounded_end
1166,rounded_u_profile,圆角U轮廓,特征 / 加工特征,2D 绘图 / 草图（2D drafting & sketch）,machining_feature_schema,https://www.steptools.com/stds/smrl/data/resource_docs/mechanical_features/sys/5_schema.htm#machining_feature_schema.rounded_u_profile
1167,roundness_tolerance,圆度公差,公差 / 尺寸 / 基准（PMI）,检测 / PMI（inspection & tolerance）,shape_tolerance_schema,https://www.steptools.com/stds/smrl/data/resource_docs/shape_variation_tolerances/sys/6_schema.htm#shape_tolerance_schema.roundness_tolerance
1168,row_representation_item,行表示项,渲染 / 外观 / 可视化,渲染 / 可视化（rendering & visualization） / 元模型 / 表示框架（representation framework）,characteristic_mim,https://www.steptools.com/stds/smrl/data/modules/characteristic/sys/5_mim.htm#characteristic_mim.row_representation_item
1169,ruled_surface_swept_area_solid,直纹曲面扫掠面积实体,几何 / 拓扑 / 实体造型,3D 建模 / 实体造型（3D modeling & solid）,aic_curve_swept_solid,https://www.steptools.com/stds/smrl/data/resource_docs/curve_swept_solid/sys/4_schema.htm#aic_curve_swept_solid.ruled_surface_swept_area_solid
1170,runout_zone_definition,跳动公差带定义,公差 / 尺寸 / 基准（PMI）,2D 绘图 / 草图（2D drafting & sketch） / 制图 / 工程图（drawing & annotation） / 检测 / PMI（inspection & tolerance）,shape_tolerance_schema,https://www.steptools.com/stds/smrl/data/resource_docs/shape_variation_tolerances/sys/6_schema.htm#shape_tolerance_schema.runout_zone_definition
1171,runout_zone_orientation,跳动区域定向,公差 / 尺寸 / 基准（PMI）,2D 绘图 / 草图（2D drafting & sketch） / 制图 / 工程图（drawing & annotation） / 检测 / PMI（inspection & tolerance）,shape_tolerance_schema,https://www.steptools.com/stds/smrl/data/resource_docs/shape_variation_tolerances/sys/6_schema.htm#shape_tolerance_schema.runout_zone_orientation
1172,runout_zone_orientation_reference_direction,跳动区域定向引用方向,几何 / 拓扑 / 实体造型,3D 建模 / 实体造型（3D modeling & solid） / 外部引用 / 代理机制（external reference & proxy）,shape_tolerance_schema,https://www.steptools.com/stds/smrl/data/resource_docs/shape_variation_tolerances/sys/6_schema.htm#shape_tolerance_schema.runout_zone_orientation_reference_direction
1173,satisfied_requirement,被满足要求,产品 / 配置 / 数据管理（PDM）,数据管理 / 配置（PDM & configuration）,requirement_assignment_mim,https://www.steptools.com/stds/smrl/data/modules/requirement_assignment/sys/5_mim.htm#requirement_assignment_mim.satisfied_requirement
1174,satisfies_requirement,满足要求,产品 / 配置 / 数据管理（PDM）,数据管理 / 配置（PDM & configuration）,requirement_assignment_mim,https://www.steptools.com/stds/smrl/data/modules/requirement_assignment/sys/5_mim.htm#requirement_assignment_mim.satisfies_requirement
1175,satisfying_item,满足项,产品 / 配置 / 数据管理（PDM）,数据管理 / 配置（PDM & configuration） / 元模型 / 表示框架（representation framework）,requirement_assignment_mim,https://www.steptools.com/stds/smrl/data/modules/requirement_assignment/sys/5_mim.htm#requirement_assignment_mim.satisfying_item
1176,scan_3d_model,扫描三维模型,扫描 / 点云 / 逆向,3D 建模 / 实体造型（3D modeling & solid）,scan_data_3d_shape_model_schema,https://www.steptools.com/stds/smrl/data/resource_docs/geometric_and_topological_representation/sys/7_schema.htm#scan_data_3d_shape_model_schema.scan_3d_model
1177,scan_data_shape_representation,扫描数据形状表示,渲染 / 外观 / 可视化 / 扫描 / 点云 / 逆向,渲染 / 可视化（rendering & visualization） / 元模型 / 表示框架（representation framework）,scan_data_3d_shape_model_schema,https://www.steptools.com/stds/smrl/data/resource_docs/geometric_and_topological_representation/sys/7_schema.htm#scan_data_3d_shape_model_schema.scan_data_shape_representation
1178,scanned_data_item,扫描数据项,扫描 / 点云 / 逆向,元模型 / 表示框架（representation framework）,scan_data_3d_shape_model_schema,https://www.steptools.com/stds/smrl/data/resource_docs/geometric_and_topological_representation/sys/7_schema.htm#scan_data_3d_shape_model_schema.scanned_data_item
1179,scanner_basic_properties,扫描仪基本属性,扫描 / 点云 / 逆向,其他 / 通用基础,scan_data_3d_shape_model_schema,https://www.steptools.com/stds/smrl/data/resource_docs/geometric_and_topological_representation/sys/7_schema.htm#scan_data_3d_shape_model_schema.scanner_basic_properties
1180,scanner_property,扫描仪属性,扫描 / 点云 / 逆向,属性 / 特征化（property & characterization）,scan_data_3d_shape_model_schema,https://www.steptools.com/stds/smrl/data/resource_docs/geometric_and_topological_representation/sys/7_schema.htm#scan_data_3d_shape_model_schema.scanner_property
1181,screw_pair,螺旋副,机械 / 运动学 / 传动,运动学 / 仿真（kinematics & simulation）,kinematic_structure_schema,https://www.steptools.com/stds/smrl/data/resource_docs/kinematics/sys/6_schema.htm#kinematic_structure_schema.screw_pair
1182,screw_pair_value,螺旋副值,机械 / 运动学 / 传动,运动学 / 仿真（kinematics & simulation）,kinematic_state_schema,https://www.steptools.com/stds/smrl/data/resource_docs/kinematics/sys/7_schema.htm#kinematic_state_schema.screw_pair_value
1183,screw_pair_with_range,带范围的螺旋副,机械 / 运动学 / 传动,运动学 / 仿真（kinematics & simulation）,kinematic_structure_schema,https://www.steptools.com/stds/smrl/data/resource_docs/kinematics/sys/6_schema.htm#kinematic_structure_schema.screw_pair_with_range
1184,seam_curve,接缝曲线,几何 / 拓扑 / 实体造型,3D 建模 / 实体造型（3D modeling & solid）,geometry_schema,https://www.steptools.com/stds/smrl/data/resource_docs/geometric_and_topological_representation/sys/4_schema.htm#geometry_schema.seam_curve
1185,seam_edge,接缝边,几何 / 拓扑 / 实体造型,3D 建模 / 实体造型（3D modeling & solid）,topology_schema,https://www.steptools.com/stds/smrl/data/resource_docs/geometric_and_topological_representation/sys/5_schema.htm#topology_schema.seam_edge
1186,security_classification,安全密级,产品 / 配置 / 数据管理（PDM）,数据管理 / 配置（PDM & configuration）,security_classification_schema,https://www.steptools.com/stds/smrl/data/resource_docs/fundamentals_of_product_description_and_support/sys/25_schema.htm#security_classification_schema.security_classification
1187,security_classification_assignment,安全分类赋值,产品 / 配置 / 数据管理（PDM）,数据管理 / 配置（PDM & configuration）,management_resources_schema,https://www.steptools.com/stds/smrl/data/resource_docs/fundamentals_of_product_description_and_support/sys/18_schema.htm#management_resources_schema.security_classification_assignment
1188,security_classification_level,安全分类层级,产品 / 配置 / 数据管理（PDM）,数据管理 / 配置（PDM & configuration）,security_classification_schema,https://www.steptools.com/stds/smrl/data/resource_docs/fundamentals_of_product_description_and_support/sys/25_schema.htm#security_classification_schema.security_classification_level
1189,selector_function,选择器函数,表达式 / 数学 / 矩阵,类型系统 / 选择机制（type system & select）,,https://www.steptools.com/stds/smrl/data/resource_docs/mathematical_constructs/ISO_10303-50_2002(E)-Character_PDF_document.pdf
1190,sequential_method,顺序方法,NC / 数控加工（CAM）,制造 / 工艺规划（CAM & process planning）,,https://www.steptools.com/stds/smrl/data/resource_docs/process_structure_and_properties/ISO_10303-49_1998.pdf
1191,serial_action_method,串行动作方法,NC / 数控加工（CAM） / 产品 / 配置 / 数据管理（PDM）,制造 / 工艺规划（CAM & process planning） / 数据管理 / 配置（PDM & configuration）,,https://www.steptools.com/stds/smrl/data/resource_docs/process_structure_and_properties/ISO_10303-49_1998.pdf
1192,serial_numbered_effectivity,序号有效性,产品 / 配置 / 数据管理（PDM）,数据管理 / 配置（PDM & configuration） / 有效性 / 版本（effectivity & versioning）,effectivity_schema,https://www.steptools.com/stds/smrl/data/resource_docs/fundamentals_of_product_description_and_support/sys/12_schema.htm#effectivity_schema.serial_numbered_effectivity
1193,series_composed_function,系列组合函数,表达式 / 数学 / 矩阵,其他 / 通用基础,,https://www.steptools.com/stds/smrl/data/resource_docs/mathematical_constructs/ISO_10303-50_2002(E)-Character_PDF_document.pdf
1194,shape_aspect,形状要素,几何 / 拓扑 / 实体造型,2D 绘图 / 草图（2D drafting & sketch） / 3D 建模 / 实体造型（3D modeling & solid） / 元模型 / 表示框架（representation framework）,aim-shape_aspect,https://stepmfg.github.io/ap238/data/clause5.htm#aim-shape_aspect
1195,shape_aspect_associativity,形状要素关联性,制图 / 标注 / 工程图,2D 绘图 / 草图（2D drafting & sketch） / 制图 / 工程图（drawing & annotation）,aic_associative_draughting_elements,https://www.steptools.com/stds/smrl/data/resource_docs/associative_draughting_elements/sys/4_schema.htm#aic_associative_draughting_elements.shape_aspect_associativity
1196,shape_aspect_deriving_relationship,形状要素派生关系,特征 / 加工特征,其他 / 通用基础,shape_aspect_definition_schema,https://www.steptools.com/stds/smrl/data/resource_docs/shape_variation_tolerances/sys/4_schema.htm#shape_aspect_definition_schema.shape_aspect_deriving_relationship
1197,shape_aspect_occurrence,形状要素实例,产品 / 配置 / 数据管理（PDM） / 特征 / 加工特征,装配 / 结构（assembly & structure） / 数据管理 / 配置（PDM & configuration）,product_property_definition_schema,https://www.steptools.com/stds/smrl/data/resource_docs/fundamentals_of_product_description_and_support/sys/22_schema.htm#product_property_definition_schema.shape_aspect_occurrence
1198,shape_aspect_relationship,形状要素关系,特征 / 加工特征,其他 / 通用基础,product_property_definition_schema,https://www.steptools.com/stds/smrl/data/resource_docs/fundamentals_of_product_description_and_support/sys/22_schema.htm#product_property_definition_schema.shape_aspect_relationship
1199,shape_defining_relationship,形状定义关系,特征 / 加工特征,其他 / 通用基础,machining_feature_schema,https://www.steptools.com/stds/smrl/data/resource_docs/mechanical_features/sys/5_schema.htm#machining_feature_schema.shape_defining_relationship
1200,shape_definition_representation,形状定义表示,渲染 / 外观 / 可视化,渲染 / 可视化（rendering & visualization） / 元模型 / 表示框架（representation framework）,product_property_representation_schema,https://www.steptools.com/stds/smrl/data/resource_docs/fundamentals_of_product_description_and_support/sys/23_schema.htm#product_property_representation_schema.shape_definition_representation
1201,shape_dimension_representation,尺寸几何表示,渲染 / 外观 / 可视化 / 公差 / 尺寸 / 基准（PMI）,渲染 / 可视化（rendering & visualization） / 检测 / PMI（inspection & tolerance） / 元模型 / 表示框架（representation framework）,shape_dimension_schema,https://www.steptools.com/stds/smrl/data/resource_docs/shape_variation_tolerances/sys/5_schema.htm#shape_dimension_schema.shape_dimension_representation
1202,shape_feature_definition,形状特征定义,特征 / 加工特征,其他 / 通用基础,shape_feature_mim,https://www.steptools.com/stds/smrl/data/modules/shape_feature/sys/5_mim.htm#shape_feature_mim.shape_feature_definition
1203,shape_feature_definition_element_relationship,形状特征定义元素关系,特征 / 加工特征,其他 / 通用基础,shape_feature_mim,https://www.steptools.com/stds/smrl/data/modules/shape_feature/sys/5_mim.htm#shape_feature_mim.shape_feature_definition_element_relationship
1204,shape_feature_definition_relationship,形状特征定义关系,特征 / 加工特征,其他 / 通用基础,shape_feature_mim,https://www.steptools.com/stds/smrl/data/modules/shape_feature/sys/5_mim.htm#shape_feature_mim.shape_feature_definition_relationship
1205,shape_representation,形状表示,渲染 / 外观 / 可视化,渲染 / 可视化（rendering & visualization） / 元模型 / 表示框架（representation framework）,product_property_representation_schema,https://www.steptools.com/stds/smrl/data/resource_docs/fundamentals_of_product_description_and_support/sys/23_schema.htm#product_property_representation_schema.shape_representation
1206,shape_representation_reference,形状表示引用,渲染 / 外观 / 可视化,渲染 / 可视化（rendering & visualization） / 元模型 / 表示框架（representation framework） / 外部引用 / 代理机制（external reference & proxy）,product_property_representation_schema,https://www.steptools.com/stds/smrl/data/resource_docs/fundamentals_of_product_description_and_support/sys/23_schema.htm#product_property_representation_schema.shape_representation_reference
1207,shape_representation_relationship,形状表示关系,渲染 / 外观 / 可视化,渲染 / 可视化（rendering & visualization） / 元模型 / 表示框架（representation framework）,product_property_representation_schema,https://www.steptools.com/stds/smrl/data/resource_docs/fundamentals_of_product_description_and_support/sys/23_schema.htm#product_property_representation_schema.shape_representation_relationship
1208,shape_representation_with_parameters,带参数的形状表示,渲染 / 外观 / 可视化 / 特征 / 加工特征,渲染 / 可视化（rendering & visualization） / 检测 / PMI（inspection & tolerance） / 元模型 / 表示框架（representation framework）,shape_aspect_definition_schema,https://www.steptools.com/stds/smrl/data/resource_docs/shape_variation_tolerances/sys/4_schema.htm#shape_aspect_definition_schema.shape_representation_with_parameters
1209,shell_based_surface_model,基于壳的曲面模型,几何 / 拓扑 / 实体造型,3D 建模 / 实体造型（3D modeling & solid）,geometric_model_schema,https://www.steptools.com/stds/smrl/data/resource_docs/geometric_and_topological_representation/sys/6_schema.htm#geometric_model_schema.shell_based_surface_model
1210,shell_based_wireframe_model,壳基于线框模型,几何 / 拓扑 / 实体造型,3D 建模 / 实体造型（3D modeling & solid）,geometric_model_schema,https://www.steptools.com/stds/smrl/data/resource_docs/geometric_and_topological_representation/sys/6_schema.htm#geometric_model_schema.shell_based_wireframe_model
1211,shell_based_wireframe_shape_representation,壳基于线框形状表示,渲染 / 外观 / 可视化 / 几何 / 拓扑 / 实体造型,3D 建模 / 实体造型（3D modeling & solid） / 渲染 / 可视化（rendering & visualization） / 元模型 / 表示框架（representation framework）,,https://www.steptools.com/stds/smrl/data/resource_docs/shell_based_wireframe/ISO_10303-502_2000(E)-Character_PDF_document.pdf
1212,si_absorbed_dose_unit,SI吸收剂量单位,电力 / 物理量 / 计量单位,其他 / 通用基础,measure_schema,https://www.steptools.com/stds/smrl/data/resource_docs/fundamentals_of_product_description_and_support/sys/19_schema.htm#measure_schema.si_absorbed_dose_unit
1213,si_capacitance_unit,SI电容单位,电力 / 物理量 / 计量单位,其他 / 通用基础,measure_schema,https://www.steptools.com/stds/smrl/data/resource_docs/fundamentals_of_product_description_and_support/sys/19_schema.htm#measure_schema.si_capacitance_unit
1214,si_conductance_unit,SI电导单位,电力 / 物理量 / 计量单位,其他 / 通用基础,measure_schema,https://www.steptools.com/stds/smrl/data/resource_docs/fundamentals_of_product_description_and_support/sys/19_schema.htm#measure_schema.si_conductance_unit
1215,si_dose_equivalent_unit,SI剂量等效单位,电力 / 物理量 / 计量单位,其他 / 通用基础,measure_schema,https://www.steptools.com/stds/smrl/data/resource_docs/fundamentals_of_product_description_and_support/sys/19_schema.htm#measure_schema.si_dose_equivalent_unit
1216,si_electric_charge_unit,SI电电荷单位,电力 / 物理量 / 计量单位,其他 / 通用基础,measure_schema,https://www.steptools.com/stds/smrl/data/resource_docs/fundamentals_of_product_description_and_support/sys/19_schema.htm#measure_schema.si_electric_charge_unit
1217,si_electric_potential_unit,SI电电位单位,电力 / 物理量 / 计量单位,其他 / 通用基础,measure_schema,https://www.steptools.com/stds/smrl/data/resource_docs/fundamentals_of_product_description_and_support/sys/19_schema.htm#measure_schema.si_electric_potential_unit
1218,si_energy_unit,SI能量单位,电力 / 物理量 / 计量单位,其他 / 通用基础,measure_schema,https://www.steptools.com/stds/smrl/data/resource_docs/fundamentals_of_product_description_and_support/sys/19_schema.htm#measure_schema.si_energy_unit
1219,si_force_unit,SI力单位,电力 / 物理量 / 计量单位,其他 / 通用基础,measure_schema,https://www.steptools.com/stds/smrl/data/resource_docs/fundamentals_of_product_description_and_support/sys/19_schema.htm#measure_schema.si_force_unit
1220,si_frequency_unit,SI频率单位,电力 / 物理量 / 计量单位,其他 / 通用基础,measure_schema,https://www.steptools.com/stds/smrl/data/resource_docs/fundamentals_of_product_description_and_support/sys/19_schema.htm#measure_schema.si_frequency_unit
1221,si_illuminance_unit,SI照度单位,电力 / 物理量 / 计量单位,其他 / 通用基础,measure_schema,https://www.steptools.com/stds/smrl/data/resource_docs/fundamentals_of_product_description_and_support/sys/19_schema.htm#measure_schema.si_illuminance_unit
1222,si_inductance_unit,SI电感单位,电力 / 物理量 / 计量单位,其他 / 通用基础,measure_schema,https://www.steptools.com/stds/smrl/data/resource_docs/fundamentals_of_product_description_and_support/sys/19_schema.htm#measure_schema.si_inductance_unit
1223,si_magnetic_flux_density_unit,SI磁通量密度单位,电力 / 物理量 / 计量单位,其他 / 通用基础,measure_schema,https://www.steptools.com/stds/smrl/data/resource_docs/fundamentals_of_product_description_and_support/sys/19_schema.htm#measure_schema.si_magnetic_flux_density_unit
1224,si_magnetic_flux_unit,SI磁通量单位,电力 / 物理量 / 计量单位,其他 / 通用基础,measure_schema,https://www.steptools.com/stds/smrl/data/resource_docs/fundamentals_of_product_description_and_support/sys/19_schema.htm#measure_schema.si_magnetic_flux_unit
1225,si_power_unit,SI功率单位,电力 / 物理量 / 计量单位,其他 / 通用基础,measure_schema,https://www.steptools.com/stds/smrl/data/resource_docs/fundamentals_of_product_description_and_support/sys/19_schema.htm#measure_schema.si_power_unit
1226,si_pressure_unit,SI压力单位,电力 / 物理量 / 计量单位,其他 / 通用基础,measure_schema,https://www.steptools.com/stds/smrl/data/resource_docs/fundamentals_of_product_description_and_support/sys/19_schema.htm#measure_schema.si_pressure_unit
1227,si_radioactivity_unit,SI放射性单位,电力 / 物理量 / 计量单位,其他 / 通用基础,measure_schema,https://www.steptools.com/stds/smrl/data/resource_docs/fundamentals_of_product_description_and_support/sys/19_schema.htm#measure_schema.si_radioactivity_unit
1228,si_resistance_unit,SI电阻单位,电力 / 物理量 / 计量单位,其他 / 通用基础,measure_schema,https://www.steptools.com/stds/smrl/data/resource_docs/fundamentals_of_product_description_and_support/sys/19_schema.htm#measure_schema.si_resistance_unit
1229,si_unit,SI 单位,电力 / 物理量 / 计量单位,其他 / 通用基础,measure_schema,https://www.steptools.com/stds/smrl/data/resource_docs/fundamentals_of_product_description_and_support/sys/19_schema.htm#measure_schema.si_unit
1230,side_milling_operation,侧铣削操作,NC / 数控加工（CAM）,制造 / 工艺规划（CAM & process planning）,aim-side_milling_operation,https://stepmfg.github.io/ap238/data/clause5.htm#aim-side_milling_operation
1231,simple_boolean_expression,简单布尔表达式,表达式 / 数学 / 矩阵,其他 / 通用基础,,https://www.steptools.com/stds/smrl/data/resource_docs/logical_model_of_expressions/ISO_13584-20_1998(E)-Character_PDF_document.pdf
1232,simple_generic_expression,简单通用表达式,表达式 / 数学 / 矩阵,其他 / 通用基础,,https://www.steptools.com/stds/smrl/data/resource_docs/logical_model_of_expressions/ISO_13584-20_1998(E)-Character_PDF_document.pdf
1233,simple_numeric_expression,简单数值表达式,表达式 / 数学 / 矩阵,其他 / 通用基础,,https://www.steptools.com/stds/smrl/data/resource_docs/logical_model_of_expressions/ISO_13584-20_1998(E)-Character_PDF_document.pdf
1234,simple_string_expression,简单字符串表达式,表达式 / 数学 / 矩阵,其他 / 通用基础,,https://www.steptools.com/stds/smrl/data/resource_docs/logical_model_of_expressions/ISO_13584-20_1998(E)-Character_PDF_document.pdf
1235,simplified_counterbore_hole_definition,简化沉孔孔定义,特征 / 加工特征,其他 / 通用基础,counterbore_countersink_schema,https://www.steptools.com/stds/smrl/data/resource_docs/mechanical_features/sys/4_schema.htm#counterbore_countersink_schema.simplified_counterbore_hole_definition
1236,simplified_counterdrill_hole_definition,简化沉钻孔定义,特征 / 加工特征,其他 / 通用基础,counterbore_countersink_schema,https://www.steptools.com/stds/smrl/data/resource_docs/mechanical_features/sys/4_schema.htm#counterbore_countersink_schema.simplified_counterdrill_hole_definition
1237,simplified_countersink_hole_definition,简化锥形沉孔孔定义,特征 / 加工特征,其他 / 通用基础,counterbore_countersink_schema,https://www.steptools.com/stds/smrl/data/resource_docs/mechanical_features/sys/4_schema.htm#counterbore_countersink_schema.simplified_countersink_hole_definition
1238,simplified_spotface_hole_definition,简化锪平面孔定义,特征 / 加工特征,其他 / 通用基础,counterbore_countersink_schema,https://www.steptools.com/stds/smrl/data/resource_docs/mechanical_features/sys/4_schema.htm#counterbore_countersink_schema.simplified_spotface_hole_definition
1239,sin_function,正弦函数,表达式 / 数学 / 矩阵,其他 / 通用基础,,https://www.steptools.com/stds/smrl/data/resource_docs/logical_model_of_expressions/ISO_13584-20_1998(E)-Character_PDF_document.pdf
1240,single_property_is_definition,单一属性即定义,产品 / 配置 / 数据管理（PDM）,数据管理 / 配置（PDM & configuration） / 属性 / 特征化（property & characterization）,property_as_definition_mim,https://www.steptools.com/stds/smrl/data/modules/property_as_definition/sys/5_mim.htm#property_as_definition_mim.single_property_is_definition
1241,slash_expression,斜线表达式,表达式 / 数学 / 矩阵,其他 / 通用基础,,https://www.steptools.com/stds/smrl/data/resource_docs/logical_model_of_expressions/ISO_13584-20_1998(E)-Character_PDF_document.pdf
1242,sliding_curve_pair,滑动曲线副,机械 / 运动学 / 传动 / 几何 / 拓扑 / 实体造型,3D 建模 / 实体造型（3D modeling & solid） / 运动学 / 仿真（kinematics & simulation）,kinematic_structure_schema,https://www.steptools.com/stds/smrl/data/resource_docs/kinematics/sys/6_schema.htm#kinematic_structure_schema.sliding_curve_pair
1243,sliding_curve_pair_value,滑动曲线副值,机械 / 运动学 / 传动 / 几何 / 拓扑 / 实体造型,3D 建模 / 实体造型（3D modeling & solid） / 运动学 / 仿真（kinematics & simulation）,kinematic_state_schema,https://www.steptools.com/stds/smrl/data/resource_docs/kinematics/sys/7_schema.htm#kinematic_state_schema.sliding_curve_pair_value
1244,sliding_surface_pair,滑动曲面副,机械 / 运动学 / 传动 / 几何 / 拓扑 / 实体造型,3D 建模 / 实体造型（3D modeling & solid） / 运动学 / 仿真（kinematics & simulation）,kinematic_structure_schema,https://www.steptools.com/stds/smrl/data/resource_docs/kinematics/sys/6_schema.htm#kinematic_structure_schema.sliding_surface_pair
1245,sliding_surface_pair_value,滑动曲面副值,机械 / 运动学 / 传动 / 几何 / 拓扑 / 实体造型,3D 建模 / 实体造型（3D modeling & solid） / 运动学 / 仿真（kinematics & simulation）,kinematic_state_schema,https://www.steptools.com/stds/smrl/data/resource_docs/kinematics/sys/7_schema.htm#kinematic_state_schema.sliding_surface_pair_value
1246,slot,槽,特征 / 加工特征,其他 / 通用基础,machining_feature_schema,https://www.steptools.com/stds/smrl/data/resource_docs/mechanical_features/sys/5_schema.htm#machining_feature_schema.slot
1247,slot_end,槽端,特征 / 加工特征,其他 / 通用基础,machining_feature_schema,https://www.steptools.com/stds/smrl/data/resource_docs/mechanical_features/sys/5_schema.htm#machining_feature_schema.slot_end
1248,solid_angle_measure_with_unit,带单位的立体角量,电力 / 物理量 / 计量单位,3D 建模 / 实体造型（3D modeling & solid） / 检测 / PMI（inspection & tolerance）,measure_schema,https://www.steptools.com/stds/smrl/data/resource_docs/fundamentals_of_product_description_and_support/sys/19_schema.htm#measure_schema.solid_angle_measure_with_unit
1249,solid_angle_unit,实体角单位,电力 / 物理量 / 计量单位,3D 建模 / 实体造型（3D modeling & solid）,measure_schema,https://www.steptools.com/stds/smrl/data/resource_docs/fundamentals_of_product_description_and_support/sys/19_schema.htm#measure_schema.solid_angle_unit
1250,solid_curve_font,实体曲线字体,渲染 / 外观 / 可视化 / 几何 / 拓扑 / 实体造型,3D 建模 / 实体造型（3D modeling & solid） / 渲染 / 可视化（rendering & visualization）,styled_curve_mim,https://www.steptools.com/stds/smrl/data/modules/styled_curve/sys/5_mim.htm#styled_curve_mim.solid_curve_font
1251,solid_model,实体模型,几何 / 拓扑 / 实体造型,3D 建模 / 实体造型（3D modeling & solid） / 2D 绘图 / 草图（2D drafting & sketch）,geometric_model_schema,https://www.steptools.com/stds/smrl/data/resource_docs/geometric_and_topological_representation/sys/6_schema.htm#geometric_model_schema.solid_model
1252,solid_replica,实体复制,几何 / 拓扑 / 实体造型,3D 建模 / 实体造型（3D modeling & solid） / 2D 绘图 / 草图（2D drafting & sketch）,geometric_model_schema,https://www.steptools.com/stds/smrl/data/resource_docs/geometric_and_topological_representation/sys/6_schema.htm#geometric_model_schema.solid_replica
1253,source_for_requirement,用于要求的源,产品 / 配置 / 数据管理（PDM）,数据管理 / 配置（PDM & configuration）,requirement_assignment_mim,https://www.steptools.com/stds/smrl/data/modules/requirement_assignment/sys/5_mim.htm#requirement_assignment_mim.source_for_requirement
1254,sourced_requirement,有来源要求,产品 / 配置 / 数据管理（PDM）,数据管理 / 配置（PDM & configuration）,requirement_assignment_mim,https://www.steptools.com/stds/smrl/data/modules/requirement_assignment/sys/5_mim.htm#requirement_assignment_mim.sourced_requirement
1255,specification_definition,规范定义,产品 / 配置 / 数据管理（PDM）,数据管理 / 配置（PDM & configuration）,specification_document_mim,https://www.steptools.com/stds/smrl/data/modules/specification_document/sys/5_mim.htm#specification_document_mim.specification_definition
1256,specified_higher_usage_occurrence,指定更高用法实例,产品 / 配置 / 数据管理（PDM）,装配 / 结构（assembly & structure） / 数据管理 / 配置（PDM & configuration）,product_structure_schema,https://www.steptools.com/stds/smrl/data/resource_docs/product_structure_configuration/sys/4_schema.htm#product_structure_schema.specified_higher_usage_occurrence
1257,sphere,球,几何 / 拓扑 / 实体造型,3D 建模 / 实体造型（3D modeling & solid）,geometric_model_schema,https://www.steptools.com/stds/smrl/data/resource_docs/geometric_and_topological_representation/sys/6_schema.htm#geometric_model_schema.sphere
1258,spherical_cap,球形盖,特征 / 加工特征,其他 / 通用基础,machining_feature_schema,https://www.steptools.com/stds/smrl/data/resource_docs/mechanical_features/sys/5_schema.htm#machining_feature_schema.spherical_cap
1259,spherical_pair,球形副,机械 / 运动学 / 传动,运动学 / 仿真（kinematics & simulation）,kinematic_structure_schema,https://www.steptools.com/stds/smrl/data/resource_docs/kinematics/sys/6_schema.htm#kinematic_structure_schema.spherical_pair
1260,spherical_pair_value,球形副值,机械 / 运动学 / 传动,运动学 / 仿真（kinematics & simulation）,kinematic_state_schema,https://www.steptools.com/stds/smrl/data/resource_docs/kinematics/sys/7_schema.htm#kinematic_state_schema.spherical_pair_value
1261,spherical_pair_with_pin,带销的球形副,机械 / 运动学 / 传动,运动学 / 仿真（kinematics & simulation）,kinematic_structure_schema,https://www.steptools.com/stds/smrl/data/resource_docs/kinematics/sys/6_schema.htm#kinematic_structure_schema.spherical_pair_with_pin
1262,spherical_pair_with_pin_and_range,带销与范围的球形副,机械 / 运动学 / 传动,运动学 / 仿真（kinematics & simulation）,kinematic_structure_schema,https://www.steptools.com/stds/smrl/data/resource_docs/kinematics/sys/6_schema.htm#kinematic_structure_schema.spherical_pair_with_pin_and_range
1263,spherical_pair_with_range,带范围的球形副,机械 / 运动学 / 传动,运动学 / 仿真（kinematics & simulation）,kinematic_structure_schema,https://www.steptools.com/stds/smrl/data/resource_docs/kinematics/sys/6_schema.htm#kinematic_structure_schema.spherical_pair_with_range
1264,spherical_point,球形点,几何 / 拓扑 / 实体造型,3D 建模 / 实体造型（3D modeling & solid）,geometry_schema,https://www.steptools.com/stds/smrl/data/resource_docs/geometric_and_topological_representation/sys/4_schema.htm#geometry_schema.spherical_point
1265,spherical_surface,球形曲面,几何 / 拓扑 / 实体造型,3D 建模 / 实体造型（3D modeling & solid）,geometry_schema,https://www.steptools.com/stds/smrl/data/resource_docs/geometric_and_topological_representation/sys/4_schema.htm#geometry_schema.spherical_surface
1266,spherical_volume,球形体积,几何 / 拓扑 / 实体造型,3D 建模 / 实体造型（3D modeling & solid）,geometry_schema,https://www.steptools.com/stds/smrl/data/resource_docs/geometric_and_topological_representation/sys/4_schema.htm#geometry_schema.spherical_volume
1267,spotface_definition,锪平面定义,特征 / 加工特征,其他 / 通用基础,counterbore_countersink_schema,https://www.steptools.com/stds/smrl/data/resource_docs/mechanical_features/sys/4_schema.htm#counterbore_countersink_schema.spotface_definition
1268,spotface_hole_definition,锪平面孔定义,特征 / 加工特征,其他 / 通用基础,counterbore_countersink_schema,https://www.steptools.com/stds/smrl/data/resource_docs/mechanical_features/sys/4_schema.htm#counterbore_countersink_schema.spotface_hole_definition
1269,spotface_occurrence,锪平面实例,产品 / 配置 / 数据管理（PDM） / 特征 / 加工特征,装配 / 结构（assembly & structure） / 数据管理 / 配置（PDM & configuration）,counterbore_countersink_schema,https://www.steptools.com/stds/smrl/data/resource_docs/mechanical_features/sys/4_schema.htm#counterbore_countersink_schema.spotface_occurrence
1270,spotface_occurrence_in_assembly,装配中的锪平面实例,产品 / 配置 / 数据管理（PDM） / 特征 / 加工特征,装配 / 结构（assembly & structure） / 数据管理 / 配置（PDM & configuration）,counterbore_countersink_schema,https://www.steptools.com/stds/smrl/data/resource_docs/mechanical_features/sys/4_schema.htm#counterbore_countersink_schema.spotface_occurrence_in_assembly
1271,sql_mappable_defined_function,SQL可映射定义函数,表达式 / 数学 / 矩阵,其他 / 通用基础,,https://www.steptools.com/stds/smrl/data/resource_docs/logical_model_of_expressions/ISO_13584-20_1998(E)-Character_PDF_document.pdf
1272,square_root_function,方形根函数,表达式 / 数学 / 矩阵,其他 / 通用基础,,https://www.steptools.com/stds/smrl/data/resource_docs/logical_model_of_expressions/ISO_13584-20_1998(E)-Character_PDF_document.pdf
1273,square_u_profile,方形U轮廓,特征 / 加工特征,2D 绘图 / 草图（2D drafting & sketch）,machining_feature_schema,https://www.steptools.com/stds/smrl/data/resource_docs/mechanical_features/sys/5_schema.htm#machining_feature_schema.square_u_profile
1274,standard_table_function,标准表函数,表达式 / 数学 / 矩阵,其他 / 通用基础,,https://www.steptools.com/stds/smrl/data/resource_docs/mathematical_constructs/ISO_10303-50_2002(E)-Character_PDF_document.pdf
1275,standard_uncertainty,标准不确定度,公差 / 尺寸 / 基准（PMI）,检测 / PMI（inspection & tolerance）,qualified_measure_schema,https://www.steptools.com/stds/smrl/data/resource_docs/material_and_other_engineering_properties/sys/6_schema.htm#qualified_measure_schema.standard_uncertainty
1276,step,步,特征 / 加工特征,其他 / 通用基础,machining_feature_schema,https://www.steptools.com/stds/smrl/data/resource_docs/mechanical_features/sys/5_schema.htm#machining_feature_schema.step
1277,straightness_tolerance,直线度公差,公差 / 尺寸 / 基准（PMI）,检测 / PMI（inspection & tolerance）,shape_tolerance_schema,https://www.steptools.com/stds/smrl/data/resource_docs/shape_variation_tolerances/sys/6_schema.htm#shape_tolerance_schema.straightness_tolerance
1278,strict_triangular_matrix,严格三角矩阵,表达式 / 数学 / 矩阵,其他 / 通用基础,,https://www.steptools.com/stds/smrl/data/resource_docs/mathematical_constructs/ISO_10303-50_2002(E)-Character_PDF_document.pdf
1279,string_defined_function,字符串定义函数,表达式 / 数学 / 矩阵,其他 / 通用基础,,https://www.steptools.com/stds/smrl/data/resource_docs/logical_model_of_expressions/ISO_13584-20_1998(E)-Character_PDF_document.pdf
1280,string_expression,字符串表达式,表达式 / 数学 / 矩阵,其他 / 通用基础,,https://www.steptools.com/stds/smrl/data/resource_docs/logical_model_of_expressions/ISO_13584-20_1998(E)-Character_PDF_document.pdf
1281,string_literal,字符串字面量,表达式 / 数学 / 矩阵,其他 / 通用基础,,https://www.steptools.com/stds/smrl/data/resource_docs/logical_model_of_expressions/ISO_13584-20_1998(E)-Character_PDF_document.pdf
1282,string_variable,字符串变量,表达式 / 数学 / 矩阵,其他 / 通用基础,,https://www.steptools.com/stds/smrl/data/resource_docs/logical_model_of_expressions/ISO_13584-20_1998(E)-Character_PDF_document.pdf
1283,structured_dimension_callout,结构化尺寸注记,公差 / 尺寸 / 基准（PMI） / 制图 / 标注 / 工程图,2D 绘图 / 草图（2D drafting & sketch） / 制图 / 工程图（drawing & annotation） / 装配 / 结构（assembly & structure） / 检测 / PMI（inspection & tolerance）,aic_draughting_elements,https://www.steptools.com/stds/smrl/data/resource_docs/draughting_elements/sys/4_schema.htm#aic_draughting_elements.structured_dimension_callout
1284,structured_text_composition,结构化文本组成,产品 / 配置 / 数据管理（PDM）,装配 / 结构（assembly & structure） / 数据管理 / 配置（PDM & configuration）,tagged_text_representation_mim,https://www.steptools.com/stds/smrl/data/modules/tagged_text_representation/sys/5_mim.htm#tagged_text_representation_mim.structured_text_composition
1285,structured_text_representation,结构化文本表示,渲染 / 外观 / 可视化 / 产品 / 配置 / 数据管理（PDM）,渲染 / 可视化（rendering & visualization） / 装配 / 结构（assembly & structure） / 数据管理 / 配置（PDM & configuration） / 元模型 / 表示框架（representation framework）,tagged_text_representation_mim,https://www.steptools.com/stds/smrl/data/modules/tagged_text_representation/sys/5_mim.htm#tagged_text_representation_mim.structured_text_representation
1286,styled_item,带样式项,渲染 / 外观 / 可视化,渲染 / 可视化（rendering & visualization） / 元模型 / 表示框架（representation framework）,presentation_appearance_schema,https://www.steptools.com/stds/smrl/data/resource_docs/visual_presentation/sys/6_schema.htm#presentation_appearance_schema.styled_item
1287,styled_tessellated_item_with_colours,带颜色的带样式镶嵌项,渲染 / 外观 / 可视化 / 几何 / 拓扑 / 实体造型,3D 建模 / 实体造型（3D modeling & solid） / 渲染 / 可视化（rendering & visualization）,presentation_appearance_schema,https://www.steptools.com/stds/smrl/data/resource_docs/visual_presentation/sys/6_schema.htm#presentation_appearance_schema.styled_tessellated_item_with_colours
1288,su_parameters,SU参数,机械 / 运动学 / 传动,运动学 / 仿真（kinematics & simulation）,kinematic_structure_schema,https://www.steptools.com/stds/smrl/data/resource_docs/kinematics/sys/6_schema.htm#kinematic_structure_schema.su_parameters
1289,subedge,子边,几何 / 拓扑 / 实体造型,3D 建模 / 实体造型（3D modeling & solid） / 2D 绘图 / 草图（2D drafting & sketch）,topology_schema,https://www.steptools.com/stds/smrl/data/resource_docs/geometric_and_topological_representation/sys/5_schema.htm#topology_schema.subedge
1290,subface,子面,几何 / 拓扑 / 实体造型,3D 建模 / 实体造型（3D modeling & solid） / 2D 绘图 / 草图（2D drafting & sketch）,topology_schema,https://www.steptools.com/stds/smrl/data/resource_docs/geometric_and_topological_representation/sys/5_schema.htm#topology_schema.subface
1291,subpath,子路径,几何 / 拓扑 / 实体造型,3D 建模 / 实体造型（3D modeling & solid） / 2D 绘图 / 草图（2D drafting & sketch）,topology_schema,https://www.steptools.com/stds/smrl/data/resource_docs/geometric_and_topological_representation/sys/5_schema.htm#topology_schema.subpath
1292,substring_expression,子串表达式,表达式 / 数学 / 矩阵,其他 / 通用基础,,https://www.steptools.com/stds/smrl/data/resource_docs/logical_model_of_expressions/ISO_13584-20_1998(E)-Character_PDF_document.pdf
1293,surface,曲面,其他 / 通用基础,其他 / 通用基础,geometry_schema,https://www.steptools.com/stds/smrl/data/resource_docs/geometric_and_topological_representation/sys/4_schema.htm#geometry_schema.surface
1294,surface_condition_callout,曲面条件注记,公差 / 尺寸 / 基准（PMI） / 制图 / 标注 / 工程图,2D 绘图 / 草图（2D drafting & sketch） / 制图 / 工程图（drawing & annotation） / 检测 / PMI（inspection & tolerance）,draughting_element_specialisations_mim,https://www.steptools.com/stds/smrl/data/modules/draughting_element_specialisations/sys/5_mim.htm#draughting_element_specialisations_mim.surface_condition_callout
1295,surface_curve,曲面曲线,几何 / 拓扑 / 实体造型,3D 建模 / 实体造型（3D modeling & solid）,geometry_schema,https://www.steptools.com/stds/smrl/data/resource_docs/geometric_and_topological_representation/sys/4_schema.htm#geometry_schema.surface_curve
1296,surface_curve_swept_area_solid,曲面曲线扫掠面积实体,几何 / 拓扑 / 实体造型,3D 建模 / 实体造型（3D modeling & solid）,geometric_model_schema,https://www.steptools.com/stds/smrl/data/resource_docs/geometric_and_topological_representation/sys/6_schema.htm#geometric_model_schema.surface_curve_swept_area_solid
1297,surface_curve_swept_surface,曲面曲线扫掠曲面,几何 / 拓扑 / 实体造型,3D 建模 / 实体造型（3D modeling & solid）,geometry_schema,https://www.steptools.com/stds/smrl/data/resource_docs/geometric_and_topological_representation/sys/4_schema.htm#geometry_schema.surface_curve_swept_surface
1298,surface_of_linear_extrusion,线性拉伸曲面,其他 / 通用基础,3D 建模 / 实体造型（3D modeling & solid）,geometry_schema,https://www.steptools.com/stds/smrl/data/resource_docs/geometric_and_topological_representation/sys/4_schema.htm#geometry_schema.surface_of_linear_extrusion
1299,surface_of_revolution,回转曲面,其他 / 通用基础,3D 建模 / 实体造型（3D modeling & solid）,geometry_schema,https://www.steptools.com/stds/smrl/data/resource_docs/geometric_and_topological_representation/sys/4_schema.htm#geometry_schema.surface_of_revolution
1300,surface_pair,曲面副,机械 / 运动学 / 传动,运动学 / 仿真（kinematics & simulation）,kinematic_structure_schema,https://www.steptools.com/stds/smrl/data/resource_docs/kinematics/sys/6_schema.htm#kinematic_structure_schema.surface_pair
1301,surface_pair_with_range,带范围的曲面副,机械 / 运动学 / 传动,运动学 / 仿真（kinematics & simulation）,kinematic_structure_schema,https://www.steptools.com/stds/smrl/data/resource_docs/kinematics/sys/6_schema.htm#kinematic_structure_schema.surface_pair_with_range
1302,surface_patch,曲面面片,几何 / 拓扑 / 实体造型,3D 建模 / 实体造型（3D modeling & solid）,geometry_schema,https://www.steptools.com/stds/smrl/data/resource_docs/geometric_and_topological_representation/sys/4_schema.htm#geometry_schema.surface_patch
1303,surface_profile_tolerance,面轮廓度公差,公差 / 尺寸 / 基准（PMI） / 特征 / 加工特征,2D 绘图 / 草图（2D drafting & sketch） / 检测 / PMI（inspection & tolerance）,shape_tolerance_schema,https://www.steptools.com/stds/smrl/data/resource_docs/shape_variation_tolerances/sys/6_schema.htm#shape_tolerance_schema.surface_profile_tolerance
1304,surface_rendering_properties,曲面渲染属性,渲染 / 外观 / 可视化,渲染 / 可视化（rendering & visualization）,presentation_appearance_schema,https://www.steptools.com/stds/smrl/data/resource_docs/visual_presentation/sys/6_schema.htm#presentation_appearance_schema.surface_rendering_properties
1305,surface_replica,曲面复制,几何 / 拓扑 / 实体造型,3D 建模 / 实体造型（3D modeling & solid）,geometry_schema,https://www.steptools.com/stds/smrl/data/resource_docs/geometric_and_topological_representation/sys/4_schema.htm#geometry_schema.surface_replica
1306,surface_side_style,曲面侧样式,渲染 / 外观 / 可视化,渲染 / 可视化（rendering & visualization）,presentation_appearance_schema,https://www.steptools.com/stds/smrl/data/resource_docs/visual_presentation/sys/6_schema.htm#presentation_appearance_schema.surface_side_style
1307,surface_style_boundary,曲面样式边界,渲染 / 外观 / 可视化,渲染 / 可视化（rendering & visualization）,presentation_appearance_schema,https://www.steptools.com/stds/smrl/data/resource_docs/visual_presentation/sys/6_schema.htm#presentation_appearance_schema.surface_style_boundary
1308,surface_style_control_grid,曲面样式控制网格,渲染 / 外观 / 可视化,渲染 / 可视化（rendering & visualization）,presentation_appearance_schema,https://www.steptools.com/stds/smrl/data/resource_docs/visual_presentation/sys/6_schema.htm#presentation_appearance_schema.surface_style_control_grid
1309,surface_style_fill_area,曲面样式填充区域,渲染 / 外观 / 可视化,渲染 / 可视化（rendering & visualization）,presentation_appearance_schema,https://www.steptools.com/stds/smrl/data/resource_docs/visual_presentation/sys/6_schema.htm#presentation_appearance_schema.surface_style_fill_area
1310,surface_style_parameter_line,曲面样式参数线,渲染 / 外观 / 可视化,渲染 / 可视化（rendering & visualization）,presentation_appearance_schema,https://www.steptools.com/stds/smrl/data/resource_docs/visual_presentation/sys/6_schema.htm#presentation_appearance_schema.surface_style_parameter_line
1311,surface_style_reflectance_ambient,曲面样式反射率环境,渲染 / 外观 / 可视化,渲染 / 可视化（rendering & visualization）,presentation_appearance_schema,https://www.steptools.com/stds/smrl/data/resource_docs/visual_presentation/sys/6_schema.htm#presentation_appearance_schema.surface_style_reflectance_ambient
1312,surface_style_reflectance_ambient_diffuse,曲面样式反射率环境漫反射,渲染 / 外观 / 可视化,渲染 / 可视化（rendering & visualization）,presentation_appearance_schema,https://www.steptools.com/stds/smrl/data/resource_docs/visual_presentation/sys/6_schema.htm#presentation_appearance_schema.surface_style_reflectance_ambient_diffuse
1313,surface_style_reflectance_ambient_diffuse_specular,曲面样式反射率环境漫反射镜面,渲染 / 外观 / 可视化,渲染 / 可视化（rendering & visualization）,presentation_appearance_schema,https://www.steptools.com/stds/smrl/data/resource_docs/visual_presentation/sys/6_schema.htm#presentation_appearance_schema.surface_style_reflectance_ambient_diffuse_specular
1314,surface_style_rendering,曲面样式渲染,渲染 / 外观 / 可视化,渲染 / 可视化（rendering & visualization）,presentation_appearance_schema,https://www.steptools.com/stds/smrl/data/resource_docs/visual_presentation/sys/6_schema.htm#presentation_appearance_schema.surface_style_rendering
1315,surface_style_rendering_with_properties,带属性的曲面样式渲染,渲染 / 外观 / 可视化,渲染 / 可视化（rendering & visualization）,presentation_appearance_schema,https://www.steptools.com/stds/smrl/data/resource_docs/visual_presentation/sys/6_schema.htm#presentation_appearance_schema.surface_style_rendering_with_properties
1316,surface_style_segmentation_curve,曲面样式分段曲线,渲染 / 外观 / 可视化 / 几何 / 拓扑 / 实体造型,3D 建模 / 实体造型（3D modeling & solid） / 渲染 / 可视化（rendering & visualization）,presentation_appearance_schema,https://www.steptools.com/stds/smrl/data/resource_docs/visual_presentation/sys/6_schema.htm#presentation_appearance_schema.surface_style_segmentation_curve
1317,surface_style_silhouette,曲面样式轮廓,渲染 / 外观 / 可视化,渲染 / 可视化（rendering & visualization）,presentation_appearance_schema,https://www.steptools.com/stds/smrl/data/resource_docs/visual_presentation/sys/6_schema.htm#presentation_appearance_schema.surface_style_silhouette
1318,surface_style_transparent,曲面样式透明,渲染 / 外观 / 可视化,渲染 / 可视化（rendering & visualization）,presentation_appearance_schema,https://www.steptools.com/stds/smrl/data/resource_docs/visual_presentation/sys/6_schema.htm#presentation_appearance_schema.surface_style_transparent
1319,surface_style_usage,曲面样式用法,渲染 / 外观 / 可视化,渲染 / 可视化（rendering & visualization）,presentation_appearance_schema,https://www.steptools.com/stds/smrl/data/resource_docs/visual_presentation/sys/6_schema.htm#presentation_appearance_schema.surface_style_usage
1320,surface_texture_representation,曲面纹理表示,渲染 / 外观 / 可视化 / 公差 / 尺寸 / 基准（PMI） / 材料 / 表面条件,渲染 / 可视化（rendering & visualization） / 检测 / PMI（inspection & tolerance） / 元模型 / 表示框架（representation framework）,surface_conditions_mim,https://www.steptools.com/stds/smrl/data/modules/surface_conditions/sys/5_mim.htm#surface_conditions_mim.surface_texture_representation
1321,swept_area_solid,扫掠面积实体,几何 / 拓扑 / 实体造型,3D 建模 / 实体造型（3D modeling & solid）,geometric_model_schema,https://www.steptools.com/stds/smrl/data/resource_docs/geometric_and_topological_representation/sys/6_schema.htm#geometric_model_schema.swept_area_solid
1322,swept_disk_solid,扫掠圆盘实体,几何 / 拓扑 / 实体造型,3D 建模 / 实体造型（3D modeling & solid）,geometric_model_schema,https://www.steptools.com/stds/smrl/data/resource_docs/geometric_and_topological_representation/sys/6_schema.htm#geometric_model_schema.swept_disk_solid
1323,swept_face_solid,扫掠面实体,几何 / 拓扑 / 实体造型,3D 建模 / 实体造型（3D modeling & solid）,geometric_model_schema,https://www.steptools.com/stds/smrl/data/resource_docs/geometric_and_topological_representation/sys/6_schema.htm#geometric_model_schema.swept_face_solid
1324,swept_surface,扫掠曲面,几何 / 拓扑 / 实体造型,3D 建模 / 实体造型（3D modeling & solid）,geometry_schema,https://www.steptools.com/stds/smrl/data/resource_docs/geometric_and_topological_representation/sys/4_schema.htm#geometry_schema.swept_surface
1325,symbol_colour,符号颜色,渲染 / 外观 / 可视化,渲染 / 可视化（rendering & visualization）,presentation_appearance_schema,https://www.steptools.com/stds/smrl/data/resource_docs/visual_presentation/sys/6_schema.htm#presentation_appearance_schema.symbol_colour
1326,symbol_representation,符号表示,渲染 / 外观 / 可视化 / 制图 / 标注 / 工程图,2D 绘图 / 草图（2D drafting & sketch） / 制图 / 工程图（drawing & annotation） / 渲染 / 可视化（rendering & visualization） / 元模型 / 表示框架（representation framework）,presentation_definition_schema,https://www.steptools.com/stds/smrl/data/resource_docs/visual_presentation/sys/5_schema.htm#presentation_definition_schema.symbol_representation
1327,symbol_representation_map,符号表示映射,渲染 / 外观 / 可视化 / 制图 / 标注 / 工程图,2D 绘图 / 草图（2D drafting & sketch） / 制图 / 工程图（drawing & annotation） / 渲染 / 可视化（rendering & visualization） / 元模型 / 表示框架（representation framework）,presentation_definition_schema,https://www.steptools.com/stds/smrl/data/resource_docs/visual_presentation/sys/5_schema.htm#presentation_definition_schema.symbol_representation_map
1328,symbol_style,符号样式,渲染 / 外观 / 可视化,渲染 / 可视化（rendering & visualization）,presentation_appearance_schema,https://www.steptools.com/stds/smrl/data/resource_docs/visual_presentation/sys/6_schema.htm#presentation_appearance_schema.symbol_style
1329,symbol_target,符号目标,制图 / 标注 / 工程图,2D 绘图 / 草图（2D drafting & sketch） / 制图 / 工程图（drawing & annotation）,presentation_definition_schema,https://www.steptools.com/stds/smrl/data/resource_docs/visual_presentation/sys/5_schema.htm#presentation_definition_schema.symbol_target
1330,symmetric_banded_matrix,对称带状矩阵,表达式 / 数学 / 矩阵,其他 / 通用基础,,https://www.steptools.com/stds/smrl/data/resource_docs/mathematical_constructs/ISO_10303-50_2002(E)-Character_PDF_document.pdf
1331,symmetric_matrix,对称矩阵,表达式 / 数学 / 矩阵,其他 / 通用基础,,https://www.steptools.com/stds/smrl/data/resource_docs/mathematical_constructs/ISO_10303-50_2002(E)-Character_PDF_document.pdf
1332,symmetric_shape_aspect,对称形状要素,特征 / 加工特征,其他 / 通用基础,shape_aspect_definition_schema,https://www.steptools.com/stds/smrl/data/resource_docs/shape_variation_tolerances/sys/4_schema.htm#shape_aspect_definition_schema.symmetric_shape_aspect
1333,symmetry_tolerance,对称度公差,公差 / 尺寸 / 基准（PMI）,检测 / PMI（inspection & tolerance）,shape_tolerance_schema,https://www.steptools.com/stds/smrl/data/resource_docs/shape_variation_tolerances/sys/6_schema.htm#shape_tolerance_schema.symmetry_tolerance
1334,table_representation_item,表表示项,渲染 / 外观 / 可视化,渲染 / 可视化（rendering & visualization） / 元模型 / 表示框架（representation framework）,characteristic_mim,https://www.steptools.com/stds/smrl/data/modules/characteristic/sys/5_mim.htm#characteristic_mim.table_representation_item
1335,tactile_appearance_representation,触觉外观表示,渲染 / 外观 / 可视化 / 公差 / 尺寸 / 基准（PMI） / 材料 / 表面条件,渲染 / 可视化（rendering & visualization） / 检测 / PMI（inspection & tolerance） / 元模型 / 表示框架（representation framework）,surface_conditions_mim,https://www.steptools.com/stds/smrl/data/modules/surface_conditions/sys/5_mim.htm#surface_conditions_mim.tactile_appearance_representation
1336,tagged_text_format,带标记文本格式,产品 / 配置 / 数据管理（PDM）,数据管理 / 配置（PDM & configuration）,tagged_text_representation_mim,https://www.steptools.com/stds/smrl/data/modules/tagged_text_representation/sys/5_mim.htm#tagged_text_representation_mim.tagged_text_format
1337,tagged_text_item,带标记文本项,产品 / 配置 / 数据管理（PDM）,数据管理 / 配置（PDM & configuration） / 元模型 / 表示框架（representation framework）,tagged_text_representation_mim,https://www.steptools.com/stds/smrl/data/modules/tagged_text_representation/sys/5_mim.htm#tagged_text_representation_mim.tagged_text_item
1338,tan_function,正切函数,表达式 / 数学 / 矩阵,其他 / 通用基础,,https://www.steptools.com/stds/smrl/data/resource_docs/logical_model_of_expressions/ISO_13584-20_1998(E)-Character_PDF_document.pdf
1339,tangent,相切,特征 / 加工特征,其他 / 通用基础,shape_aspect_definition_schema,https://www.steptools.com/stds/smrl/data/resource_docs/shape_variation_tolerances/sys/4_schema.htm#shape_aspect_definition_schema.tangent
1340,taper,锥度,特征 / 加工特征,其他 / 通用基础,machining_feature_schema,https://www.steptools.com/stds/smrl/data/resource_docs/mechanical_features/sys/5_schema.htm#machining_feature_schema.taper
1341,tapping_operation,攻丝操作,NC / 数控加工（CAM）,制造 / 工艺规划（CAM & process planning）,aim-tapping_operation,https://stepmfg.github.io/ap238/data/clause5.htm#aim-tapping_operation
1342,tee_profile,T形轮廓,特征 / 加工特征,2D 绘图 / 草图（2D drafting & sketch）,machining_feature_schema,https://www.steptools.com/stds/smrl/data/resource_docs/mechanical_features/sys/5_schema.htm#machining_feature_schema.tee_profile
1343,terminator_symbol,终止符符号,制图 / 标注 / 工程图,2D 绘图 / 草图（2D drafting & sketch） / 制图 / 工程图（drawing & annotation）,draughting_element_schema,https://www.steptools.com/stds/smrl/data/resource_docs/draughting/sys/5_schema.htm#draughting_element_schema.terminator_symbol
1344,tessellated_annotation_occurrence,镶嵌标注实例,几何 / 拓扑 / 实体造型 / 制图 / 标注 / 工程图 / 产品 / 配置 / 数据管理（PDM）,2D 绘图 / 草图（2D drafting & sketch） / 3D 建模 / 实体造型（3D modeling & solid） / 制图 / 工程图（drawing & annotation） / 装配 / 结构（assembly & structure） / 数据管理 / 配置（PDM & configuration）,draughting_element_schema,https://www.steptools.com/stds/smrl/data/resource_docs/draughting/sys/5_schema.htm#draughting_element_schema.tessellated_annotation_occurrence
1345,tessellated_connecting_edge,镶嵌连接边,几何 / 拓扑 / 实体造型,3D 建模 / 实体造型（3D modeling & solid）,geometric_model_schema,https://www.steptools.com/stds/smrl/data/resource_docs/geometric_and_topological_representation/sys/6_schema.htm#geometric_model_schema.tessellated_connecting_edge
1346,tessellated_curve_set,镶嵌曲线集合,几何 / 拓扑 / 实体造型,3D 建模 / 实体造型（3D modeling & solid）,geometric_model_schema,https://www.steptools.com/stds/smrl/data/resource_docs/geometric_and_topological_representation/sys/6_schema.htm#geometric_model_schema.tessellated_curve_set
1347,tessellated_edge,镶嵌边,几何 / 拓扑 / 实体造型,3D 建模 / 实体造型（3D modeling & solid）,geometric_model_schema,https://www.steptools.com/stds/smrl/data/resource_docs/geometric_and_topological_representation/sys/6_schema.htm#geometric_model_schema.tessellated_edge
1348,tessellated_face,镶嵌面,几何 / 拓扑 / 实体造型,3D 建模 / 实体造型（3D modeling & solid）,geometric_model_schema,https://www.steptools.com/stds/smrl/data/resource_docs/geometric_and_topological_representation/sys/6_schema.htm#geometric_model_schema.tessellated_face
1349,tessellated_geometric_set,镶嵌几何集合,几何 / 拓扑 / 实体造型,3D 建模 / 实体造型（3D modeling & solid）,geometric_model_schema,https://www.steptools.com/stds/smrl/data/resource_docs/geometric_and_topological_representation/sys/6_schema.htm#geometric_model_schema.tessellated_geometric_set
1350,tessellated_item,镶嵌项,几何 / 拓扑 / 实体造型,3D 建模 / 实体造型（3D modeling & solid） / 元模型 / 表示框架（representation framework）,geometric_model_schema,https://www.steptools.com/stds/smrl/data/resource_docs/geometric_and_topological_representation/sys/6_schema.htm#geometric_model_schema.tessellated_item
1351,tessellated_point_set,镶嵌点集合,几何 / 拓扑 / 实体造型,3D 建模 / 实体造型（3D modeling & solid）,geometric_model_schema,https://www.steptools.com/stds/smrl/data/resource_docs/geometric_and_topological_representation/sys/6_schema.htm#geometric_model_schema.tessellated_point_set
1352,tessellated_shape_representation,镶嵌形状表示,渲染 / 外观 / 可视化 / 几何 / 拓扑 / 实体造型,3D 建模 / 实体造型（3D modeling & solid） / 渲染 / 可视化（rendering & visualization） / 元模型 / 表示框架（representation framework）,geometric_model_schema,https://www.steptools.com/stds/smrl/data/resource_docs/geometric_and_topological_representation/sys/6_schema.htm#geometric_model_schema.tessellated_shape_representation
1353,tessellated_shape_representation_with_accuracy_parameters,带精度参数的镶嵌形状表示,渲染 / 外观 / 可视化 / 几何 / 拓扑 / 实体造型,3D 建模 / 实体造型（3D modeling & solid） / 渲染 / 可视化（rendering & visualization） / 元模型 / 表示框架（representation framework）,geometric_model_schema,https://www.steptools.com/stds/smrl/data/resource_docs/geometric_and_topological_representation/sys/6_schema.htm#geometric_model_schema.tessellated_shape_representation_with_accuracy_parameters
1354,tessellated_shell,镶嵌壳,几何 / 拓扑 / 实体造型,3D 建模 / 实体造型（3D modeling & solid）,geometric_model_schema,https://www.steptools.com/stds/smrl/data/resource_docs/geometric_and_topological_representation/sys/6_schema.htm#geometric_model_schema.tessellated_shell
1355,tessellated_solid,镶嵌实体,几何 / 拓扑 / 实体造型,3D 建模 / 实体造型（3D modeling & solid）,geometric_model_schema,https://www.steptools.com/stds/smrl/data/resource_docs/geometric_and_topological_representation/sys/6_schema.htm#geometric_model_schema.tessellated_solid
1356,tessellated_structured_item,镶嵌结构化项,几何 / 拓扑 / 实体造型,3D 建模 / 实体造型（3D modeling & solid） / 装配 / 结构（assembly & structure） / 元模型 / 表示框架（representation framework）,geometric_model_schema,https://www.steptools.com/stds/smrl/data/resource_docs/geometric_and_topological_representation/sys/6_schema.htm#geometric_model_schema.tessellated_structured_item
1357,tessellated_surface_set,镶嵌曲面集合,几何 / 拓扑 / 实体造型,3D 建模 / 实体造型（3D modeling & solid）,geometric_model_schema,https://www.steptools.com/stds/smrl/data/resource_docs/geometric_and_topological_representation/sys/6_schema.htm#geometric_model_schema.tessellated_surface_set
1358,tessellated_vertex,镶嵌顶点,几何 / 拓扑 / 实体造型,3D 建模 / 实体造型（3D modeling & solid）,geometric_model_schema,https://www.steptools.com/stds/smrl/data/resource_docs/geometric_and_topological_representation/sys/6_schema.htm#geometric_model_schema.tessellated_vertex
1359,tessellated_wire,镶嵌线,几何 / 拓扑 / 实体造型,3D 建模 / 实体造型（3D modeling & solid）,geometric_model_schema,https://www.steptools.com/stds/smrl/data/resource_docs/geometric_and_topological_representation/sys/6_schema.htm#geometric_model_schema.tessellated_wire
1360,tetrahedron,四面体,几何 / 拓扑 / 实体造型,3D 建模 / 实体造型（3D modeling & solid）,geometric_model_schema,https://www.steptools.com/stds/smrl/data/resource_docs/geometric_and_topological_representation/sys/6_schema.htm#geometric_model_schema.tetrahedron
1361,tetrahedron_volume,四面体体积,几何 / 拓扑 / 实体造型,3D 建模 / 实体造型（3D modeling & solid）,geometry_schema,https://www.steptools.com/stds/smrl/data/resource_docs/geometric_and_topological_representation/sys/4_schema.htm#geometry_schema.tetrahedron_volume
1362,text_literal,文本字面量,制图 / 标注 / 工程图 / 表达式 / 数学 / 矩阵,2D 绘图 / 草图（2D drafting & sketch） / 制图 / 工程图（drawing & annotation）,presentation_definition_schema,https://www.steptools.com/stds/smrl/data/resource_docs/visual_presentation/sys/5_schema.htm#presentation_definition_schema.text_literal
1363,text_literal_with_associated_curves,带关联曲线的文本字面量,几何 / 拓扑 / 实体造型 / 制图 / 标注 / 工程图 / 表达式 / 数学 / 矩阵,2D 绘图 / 草图（2D drafting & sketch） / 3D 建模 / 实体造型（3D modeling & solid） / 制图 / 工程图（drawing & annotation）,presentation_definition_schema,https://www.steptools.com/stds/smrl/data/resource_docs/visual_presentation/sys/5_schema.htm#presentation_definition_schema.text_literal_with_associated_curves
1364,text_literal_with_blanking_box,带冲裁盒的文本字面量,制图 / 标注 / 工程图 / 表达式 / 数学 / 矩阵,2D 绘图 / 草图（2D drafting & sketch） / 制图 / 工程图（drawing & annotation）,presentation_definition_schema,https://www.steptools.com/stds/smrl/data/resource_docs/visual_presentation/sys/5_schema.htm#presentation_definition_schema.text_literal_with_blanking_box
1365,text_literal_with_delineation,带轮廓线的文本字面量,制图 / 标注 / 工程图 / 表达式 / 数学 / 矩阵,2D 绘图 / 草图（2D drafting & sketch） / 制图 / 工程图（drawing & annotation）,presentation_definition_schema,https://www.steptools.com/stds/smrl/data/resource_docs/visual_presentation/sys/5_schema.htm#presentation_definition_schema.text_literal_with_delineation
1366,text_literal_with_extent,带范围的文本字面量,制图 / 标注 / 工程图 / 表达式 / 数学 / 矩阵,2D 绘图 / 草图（2D drafting & sketch） / 制图 / 工程图（drawing & annotation）,presentation_definition_schema,https://www.steptools.com/stds/smrl/data/resource_docs/visual_presentation/sys/5_schema.htm#presentation_definition_schema.text_literal_with_extent
1367,text_string_representation,文本字符串表示,渲染 / 外观 / 可视化 / 制图 / 标注 / 工程图,2D 绘图 / 草图（2D drafting & sketch） / 制图 / 工程图（drawing & annotation） / 渲染 / 可视化（rendering & visualization） / 元模型 / 表示框架（representation framework）,presentation_definition_schema,https://www.steptools.com/stds/smrl/data/resource_docs/visual_presentation/sys/5_schema.htm#presentation_definition_schema.text_string_representation
1368,text_style,文本样式,渲染 / 外观 / 可视化,2D 绘图 / 草图（2D drafting & sketch） / 渲染 / 可视化（rendering & visualization）,presentation_appearance_schema,https://www.steptools.com/stds/smrl/data/resource_docs/visual_presentation/sys/6_schema.htm#presentation_appearance_schema.text_style
1369,text_style_for_defined_font,用于定义字体的文本样式,渲染 / 外观 / 可视化,2D 绘图 / 草图（2D drafting & sketch） / 渲染 / 可视化（rendering & visualization）,presentation_appearance_schema,https://www.steptools.com/stds/smrl/data/resource_docs/visual_presentation/sys/6_schema.htm#presentation_appearance_schema.text_style_for_defined_font
1370,text_style_with_box_characteristics,带盒特性的文本样式,渲染 / 外观 / 可视化,2D 绘图 / 草图（2D drafting & sketch） / 渲染 / 可视化（rendering & visualization） / 属性 / 特征化（property & characterization）,presentation_appearance_schema,https://www.steptools.com/stds/smrl/data/resource_docs/visual_presentation/sys/6_schema.htm#presentation_appearance_schema.text_style_with_box_characteristics
1371,text_style_with_mirror,带镜像的文本样式,渲染 / 外观 / 可视化,2D 绘图 / 草图（2D drafting & sketch） / 渲染 / 可视化（rendering & visualization）,presentation_appearance_schema,https://www.steptools.com/stds/smrl/data/resource_docs/visual_presentation/sys/6_schema.htm#presentation_appearance_schema.text_style_with_mirror
1372,text_style_with_spacing,带间距的文本样式,渲染 / 外观 / 可视化,2D 绘图 / 草图（2D drafting & sketch） / 渲染 / 可视化（rendering & visualization）,presentation_appearance_schema,https://www.steptools.com/stds/smrl/data/resource_docs/visual_presentation/sys/6_schema.htm#presentation_appearance_schema.text_style_with_spacing
1373,thermal_resistance_measure_with_unit,带单位的热电阻量,电力 / 物理量 / 计量单位,检测 / PMI（inspection & tolerance）,value_with_unit_extension_mim,https://www.steptools.com/stds/smrl/data/modules/value_with_unit_extension/sys/5_mim.htm#value_with_unit_extension_mim.thermal_resistance_measure_with_unit
1374,thermal_resistance_unit,热电阻单位,电力 / 物理量 / 计量单位,其他 / 通用基础,value_with_unit_extension_mim,https://www.steptools.com/stds/smrl/data/modules/value_with_unit_extension/sys/5_mim.htm#value_with_unit_extension_mim.thermal_resistance_unit
1375,thermodynamic_temperature_measure_with_unit,带单位的热力学温度,电力 / 物理量 / 计量单位,检测 / PMI（inspection & tolerance）,measure_schema,https://www.steptools.com/stds/smrl/data/resource_docs/fundamentals_of_product_description_and_support/sys/19_schema.htm#measure_schema.thermodynamic_temperature_measure_with_unit
1376,thermodynamic_temperature_unit,热力学温度单位,电力 / 物理量 / 计量单位,其他 / 通用基础,measure_schema,https://www.steptools.com/stds/smrl/data/resource_docs/fundamentals_of_product_description_and_support/sys/19_schema.htm#measure_schema.thermodynamic_temperature_unit
1377,thread,螺纹,特征 / 加工特征,其他 / 通用基础,machining_feature_schema,https://www.steptools.com/stds/smrl/data/resource_docs/mechanical_features/sys/5_schema.htm#machining_feature_schema.thread
1378,thread_runout,螺纹跳动,特征 / 加工特征,其他 / 通用基础,machining_feature_schema,https://www.steptools.com/stds/smrl/data/resource_docs/mechanical_features/sys/5_schema.htm#machining_feature_schema.thread_runout
1379,threading_turning_operation,车螺纹车削操作,NC / 数控加工（CAM） / 特征 / 加工特征,制造 / 工艺规划（CAM & process planning）,aim-threading_turning_operation,https://stepmfg.github.io/ap238/data/clause5.htm#aim-threading_turning_operation
1380,time_interval,时间区间,产品 / 配置 / 数据管理（PDM） / 表达式 / 数学 / 矩阵,数据管理 / 配置（PDM & configuration）,date_time_schema,https://www.steptools.com/stds/smrl/data/resource_docs/fundamentals_of_product_description_and_support/sys/10_schema.htm#date_time_schema.time_interval
1381,time_interval_assignment,时间区间赋值,产品 / 配置 / 数据管理（PDM） / 表达式 / 数学 / 矩阵,数据管理 / 配置（PDM & configuration）,management_resources_schema,https://www.steptools.com/stds/smrl/data/resource_docs/fundamentals_of_product_description_and_support/sys/18_schema.htm#management_resources_schema.time_interval_assignment
1382,time_interval_based_effectivity,时间区间基于有效性,产品 / 配置 / 数据管理（PDM） / 表达式 / 数学 / 矩阵,数据管理 / 配置（PDM & configuration） / 有效性 / 版本（effectivity & versioning）,effectivity_schema,https://www.steptools.com/stds/smrl/data/resource_docs/fundamentals_of_product_description_and_support/sys/12_schema.htm#effectivity_schema.time_interval_based_effectivity
1383,time_interval_relationship,时间区间关系,产品 / 配置 / 数据管理（PDM） / 表达式 / 数学 / 矩阵,数据管理 / 配置（PDM & configuration）,date_time_schema,https://www.steptools.com/stds/smrl/data/resource_docs/fundamentals_of_product_description_and_support/sys/10_schema.htm#date_time_schema.time_interval_relationship
1384,time_interval_role,时间区间角色,产品 / 配置 / 数据管理（PDM） / 表达式 / 数学 / 矩阵,数据管理 / 配置（PDM & configuration）,date_time_schema,https://www.steptools.com/stds/smrl/data/resource_docs/fundamentals_of_product_description_and_support/sys/10_schema.htm#date_time_schema.time_interval_role
1385,time_interval_with_bounds,带边界的时间区间,产品 / 配置 / 数据管理（PDM） / 表达式 / 数学 / 矩阵,数据管理 / 配置（PDM & configuration）,date_time_schema,https://www.steptools.com/stds/smrl/data/resource_docs/fundamentals_of_product_description_and_support/sys/10_schema.htm#date_time_schema.time_interval_with_bounds
1386,time_measure_with_unit,带单位的时间值,电力 / 物理量 / 计量单位,检测 / PMI（inspection & tolerance）,measure_schema,https://www.steptools.com/stds/smrl/data/resource_docs/fundamentals_of_product_description_and_support/sys/19_schema.htm#measure_schema.time_measure_with_unit
1387,time_unit,时间单位,电力 / 物理量 / 计量单位,其他 / 通用基础,measure_schema,https://www.steptools.com/stds/smrl/data/resource_docs/fundamentals_of_product_description_and_support/sys/19_schema.htm#measure_schema.time_unit
1388,tolerance_value,公差值,公差 / 尺寸 / 基准（PMI）,检测 / PMI（inspection & tolerance）,shape_tolerance_schema,https://www.steptools.com/stds/smrl/data/resource_docs/shape_variation_tolerances/sys/6_schema.htm#shape_tolerance_schema.tolerance_value
1389,tolerance_zone,公差带,公差 / 尺寸 / 基准（PMI）,检测 / PMI（inspection & tolerance）,shape_tolerance_schema,https://www.steptools.com/stds/smrl/data/resource_docs/shape_variation_tolerances/sys/6_schema.htm#shape_tolerance_schema.tolerance_zone
1390,tolerance_zone_definition,公差带定义,公差 / 尺寸 / 基准（PMI）,检测 / PMI（inspection & tolerance）,shape_tolerance_schema,https://www.steptools.com/stds/smrl/data/resource_docs/shape_variation_tolerances/sys/6_schema.htm#shape_tolerance_schema.tolerance_zone_definition
1391,tolerance_zone_form,公差带形状,公差 / 尺寸 / 基准（PMI）,检测 / PMI（inspection & tolerance）,shape_tolerance_schema,https://www.steptools.com/stds/smrl/data/resource_docs/shape_variation_tolerances/sys/6_schema.htm#shape_tolerance_schema.tolerance_zone_form
1392,tolerance_zone_with_datum,带基准的公差带,公差 / 尺寸 / 基准（PMI）,检测 / PMI（inspection & tolerance）,shape_tolerance_schema,https://www.steptools.com/stds/smrl/data/resource_docs/shape_variation_tolerances/sys/6_schema.htm#shape_tolerance_schema.tolerance_zone_with_datum
1393,topological_representation_item,拓扑表示项,渲染 / 外观 / 可视化,3D 建模 / 实体造型（3D modeling & solid） / 渲染 / 可视化（rendering & visualization） / 元模型 / 表示框架（representation framework）,topology_schema,https://www.steptools.com/stds/smrl/data/resource_docs/geometric_and_topological_representation/sys/5_schema.htm#topology_schema.topological_representation_item
1394,toroidal_surface,环面曲面,几何 / 拓扑 / 实体造型,3D 建模 / 实体造型（3D modeling & solid）,geometry_schema,https://www.steptools.com/stds/smrl/data/resource_docs/geometric_and_topological_representation/sys/4_schema.htm#geometry_schema.toroidal_surface
1395,toroidal_volume,环面体积,几何 / 拓扑 / 实体造型,3D 建模 / 实体造型（3D modeling & solid）,geometry_schema,https://www.steptools.com/stds/smrl/data/resource_docs/geometric_and_topological_representation/sys/4_schema.htm#geometry_schema.toroidal_volume
1396,torus,圆环面,几何 / 拓扑 / 实体造型,3D 建模 / 实体造型（3D modeling & solid）,geometric_model_schema,https://www.steptools.com/stds/smrl/data/resource_docs/geometric_and_topological_representation/sys/6_schema.htm#geometric_model_schema.torus
1397,total_runout_tolerance,全跳动公差,公差 / 尺寸 / 基准（PMI）,检测 / PMI（inspection & tolerance）,shape_tolerance_schema,https://www.steptools.com/stds/smrl/data/resource_docs/shape_variation_tolerances/sys/6_schema.htm#shape_tolerance_schema.total_runout_tolerance
1398,transition_feature,过渡特征,特征 / 加工特征,其他 / 通用基础,machining_feature_schema,https://www.steptools.com/stds/smrl/data/resource_docs/mechanical_features/sys/5_schema.htm#machining_feature_schema.transition_feature
1399,triangular_matrix,三角矩阵,表达式 / 数学 / 矩阵,其他 / 通用基础,,https://www.steptools.com/stds/smrl/data/resource_docs/mathematical_constructs/ISO_10303-50_2002(E)-Character_PDF_document.pdf
1400,triangulated_face,三角剖分面,几何 / 拓扑 / 实体造型,3D 建模 / 实体造型（3D modeling & solid）,geometric_model_schema,https://www.steptools.com/stds/smrl/data/resource_docs/geometric_and_topological_representation/sys/6_schema.htm#geometric_model_schema.triangulated_face
1401,triangulated_point_cloud_dataset,三角剖分点点云数据集,几何 / 拓扑 / 实体造型 / 扫描 / 点云 / 逆向,3D 建模 / 实体造型（3D modeling & solid）,scan_data_3d_shape_model_schema,https://www.steptools.com/stds/smrl/data/resource_docs/geometric_and_topological_representation/sys/7_schema.htm#scan_data_3d_shape_model_schema.triangulated_point_cloud_dataset
1402,triangulated_surface_set,三角剖分曲面集合,几何 / 拓扑 / 实体造型,3D 建模 / 实体造型（3D modeling & solid）,geometric_model_schema,https://www.steptools.com/stds/smrl/data/resource_docs/geometric_and_topological_representation/sys/6_schema.htm#geometric_model_schema.triangulated_surface_set
1403,trimmed_curve,裁剪曲线,几何 / 拓扑 / 实体造型,3D 建模 / 实体造型（3D modeling & solid）,geometry_schema,https://www.steptools.com/stds/smrl/data/resource_docs/geometric_and_topological_representation/sys/4_schema.htm#geometry_schema.trimmed_curve
1404,turned_knurl,车削滚花,特征 / 加工特征,其他 / 通用基础,machining_feature_schema,https://www.steptools.com/stds/smrl/data/resource_docs/mechanical_features/sys/5_schema.htm#machining_feature_schema.turned_knurl
1405,turning_type_operation,车削类型操作,NC / 数控加工（CAM）,制造 / 工艺规划（CAM & process planning）,aim-turning_type_operation,https://stepmfg.github.io/ap238/data/clause5.htm#aim-turning_type_operation
1406,turning_type_strategy,车削类型策略,NC / 数控加工（CAM）,制造 / 工艺规划（CAM & process planning）,aim-turning_type_strategy,https://stepmfg.github.io/ap238/data/clause5.htm#aim-turning_type_strategy
1407,two_direction_repeat_factor,二方向重复因子,渲染 / 外观 / 可视化 / 几何 / 拓扑 / 实体造型,2D 绘图 / 草图（2D drafting & sketch） / 3D 建模 / 实体造型（3D modeling & solid） / 渲染 / 可视化（rendering & visualization）,presentation_appearance_schema,https://www.steptools.com/stds/smrl/data/resource_docs/visual_presentation/sys/6_schema.htm#presentation_appearance_schema.two_direction_repeat_factor
1408,type_qualifier,类型限定符,公差 / 尺寸 / 基准（PMI）,检测 / PMI（inspection & tolerance） / 属性 / 特征化（property & characterization）,qualified_measure_schema,https://www.steptools.com/stds/smrl/data/resource_docs/material_and_other_engineering_properties/sys/6_schema.htm#qualified_measure_schema.type_qualifier
1409,unary_boolean_expression,一元布尔表达式,表达式 / 数学 / 矩阵,其他 / 通用基础,,https://www.steptools.com/stds/smrl/data/resource_docs/logical_model_of_expressions/ISO_13584-20_1998(E)-Character_PDF_document.pdf
1410,unary_function_call,一元函数调用,表达式 / 数学 / 矩阵,其他 / 通用基础,,https://www.steptools.com/stds/smrl/data/resource_docs/logical_model_of_expressions/ISO_13584-20_1998(E)-Character_PDF_document.pdf
1411,unary_generic_expression,一元通用表达式,表达式 / 数学 / 矩阵,其他 / 通用基础,,https://www.steptools.com/stds/smrl/data/resource_docs/logical_model_of_expressions/ISO_13584-20_1998(E)-Character_PDF_document.pdf
1412,unary_numeric_expression,一元数值表达式,表达式 / 数学 / 矩阵,其他 / 通用基础,,https://www.steptools.com/stds/smrl/data/resource_docs/logical_model_of_expressions/ISO_13584-20_1998(E)-Character_PDF_document.pdf
1413,uncertainty_assigned_representation,不确定度赋值表示,渲染 / 外观 / 可视化 / 公差 / 尺寸 / 基准（PMI）,渲染 / 可视化（rendering & visualization） / 检测 / PMI（inspection & tolerance） / 元模型 / 表示框架（representation framework）,representation_schema,https://www.steptools.com/stds/smrl/data/resource_docs/representation_structures/sys/4_schema.htm#representation_schema.uncertainty_assigned_representation
1414,uncertainty_measure_with_unit,不确定度量（带单位）,电力 / 物理量 / 计量单位 / 公差 / 尺寸 / 基准（PMI）,检测 / PMI（inspection & tolerance）,representation_schema,https://www.steptools.com/stds/smrl/data/resource_docs/representation_structures/sys/4_schema.htm#representation_schema.uncertainty_measure_with_unit
1415,uncertainty_qualifier,不确定度限定符,公差 / 尺寸 / 基准（PMI）,检测 / PMI（inspection & tolerance）,qualified_measure_schema,https://www.steptools.com/stds/smrl/data/resource_docs/material_and_other_engineering_properties/sys/6_schema.htm#qualified_measure_schema.uncertainty_qualifier
1416,unconstrained_pair,无约束副,机械 / 运动学 / 传动,运动学 / 仿真（kinematics & simulation）,kinematic_structure_schema,https://www.steptools.com/stds/smrl/data/resource_docs/kinematics/sys/6_schema.htm#kinematic_structure_schema.unconstrained_pair
1417,unconstrained_pair_value,无约束副值,机械 / 运动学 / 传动,运动学 / 仿真（kinematics & simulation）,kinematic_state_schema,https://www.steptools.com/stds/smrl/data/resource_docs/kinematics/sys/7_schema.htm#kinematic_state_schema.unconstrained_pair_value
1418,unequally_disposed_geometric_tolerance,不等布置的几何公差,公差 / 尺寸 / 基准（PMI）,检测 / PMI（inspection & tolerance）,shape_tolerance_schema,https://www.steptools.com/stds/smrl/data/resource_docs/shape_variation_tolerances/sys/6_schema.htm#shape_tolerance_schema.unequally_disposed_geometric_tolerance
1419,uniform_curve,均匀曲线,几何 / 拓扑 / 实体造型,3D 建模 / 实体造型（3D modeling & solid）,geometry_schema,https://www.steptools.com/stds/smrl/data/resource_docs/geometric_and_topological_representation/sys/4_schema.htm#geometry_schema.uniform_curve
1420,uniform_product_space,均匀产品空间,产品 / 配置 / 数据管理（PDM） / 表达式 / 数学 / 矩阵,数据管理 / 配置（PDM & configuration）,,https://www.steptools.com/stds/smrl/data/resource_docs/mathematical_constructs/ISO_10303-50_2002(E)-Character_PDF_document.pdf
1421,uniform_resource_identifier,均匀资源标识符,产品 / 配置 / 数据管理（PDM）,数据管理 / 配置（PDM & configuration）,tagged_text_representation_mim,https://www.steptools.com/stds/smrl/data/modules/tagged_text_representation/sys/5_mim.htm#tagged_text_representation_mim.uniform_resource_identifier
1422,uniform_surface,均匀曲面,几何 / 拓扑 / 实体造型,3D 建模 / 实体造型（3D modeling & solid）,geometry_schema,https://www.steptools.com/stds/smrl/data/resource_docs/geometric_and_topological_representation/sys/4_schema.htm#geometry_schema.uniform_surface
1423,uniform_volume,均匀体积,几何 / 拓扑 / 实体造型,3D 建模 / 实体造型（3D modeling & solid）,geometry_schema,https://www.steptools.com/stds/smrl/data/resource_docs/geometric_and_topological_representation/sys/4_schema.htm#geometry_schema.uniform_volume
1424,universal_pair,通用副,机械 / 运动学 / 传动,运动学 / 仿真（kinematics & simulation）,kinematic_structure_schema,https://www.steptools.com/stds/smrl/data/resource_docs/kinematics/sys/6_schema.htm#kinematic_structure_schema.universal_pair
1425,universal_pair_value,通用副值,机械 / 运动学 / 传动,运动学 / 仿真（kinematics & simulation）,kinematic_state_schema,https://www.steptools.com/stds/smrl/data/resource_docs/kinematics/sys/7_schema.htm#kinematic_state_schema.universal_pair_value
1426,universal_pair_with_range,带范围的通用副,机械 / 运动学 / 传动,运动学 / 仿真（kinematics & simulation）,kinematic_structure_schema,https://www.steptools.com/stds/smrl/data/resource_docs/kinematics/sys/6_schema.htm#kinematic_structure_schema.universal_pair_with_range
1427,usage_association,用法关联,产品 / 配置 / 数据管理（PDM）,数据管理 / 配置（PDM & configuration）,information_rights_mim,https://www.steptools.com/stds/smrl/data/modules/information_rights/sys/5_mim.htm#information_rights_mim.usage_association
1428,user_defined_curve_font,用户定义曲线字体,渲染 / 外观 / 可视化 / 几何 / 拓扑 / 实体造型,3D 建模 / 实体造型（3D modeling & solid） / 渲染 / 可视化（rendering & visualization）,styled_curve_mim,https://www.steptools.com/stds/smrl/data/modules/styled_curve/sys/5_mim.htm#styled_curve_mim.user_defined_curve_font
1429,user_defined_marker,用户定义标记,渲染 / 外观 / 可视化,渲染 / 可视化（rendering & visualization）,curve_appearance_mim,https://www.steptools.com/stds/smrl/data/modules/curve_appearance/sys/5_mim.htm#curve_appearance_mim.user_defined_marker
1430,user_defined_terminator_symbol,用户定义终止符符号,渲染 / 外观 / 可视化 / 制图 / 标注 / 工程图,2D 绘图 / 草图（2D drafting & sketch） / 制图 / 工程图（drawing & annotation）,curve_appearance_mim,https://www.steptools.com/stds/smrl/data/modules/curve_appearance/sys/5_mim.htm#curve_appearance_mim.user_defined_terminator_symbol
1431,value_format_type_qualifier,值格式类型限定符,公差 / 尺寸 / 基准（PMI）,检测 / PMI（inspection & tolerance） / 属性 / 特征化（property & characterization）,qualified_measure_schema,https://www.steptools.com/stds/smrl/data/resource_docs/material_and_other_engineering_properties/sys/6_schema.htm#qualified_measure_schema.value_format_type_qualifier
1432,value_function,取值函数,表达式 / 数学 / 矩阵,其他 / 通用基础,,https://www.steptools.com/stds/smrl/data/resource_docs/logical_model_of_expressions/ISO_13584-20_1998(E)-Character_PDF_document.pdf
1433,value_range,值范围,公差 / 尺寸 / 基准（PMI）,检测 / PMI（inspection & tolerance）,extended_measure_representation_mim,https://www.steptools.com/stds/smrl/data/modules/extended_measure_representation/sys/5_mim.htm#extended_measure_representation_mim.value_range
1434,value_representation_item,值表示项,渲染 / 外观 / 可视化,渲染 / 可视化（rendering & visualization） / 检测 / PMI（inspection & tolerance） / 元模型 / 表示框架（representation framework） / 属性 / 特征化（property & characterization）,representation_schema,https://www.steptools.com/stds/smrl/data/resource_docs/representation_structures/sys/4_schema.htm#representation_schema.value_representation_item
1435,variable,变量,表达式 / 数学 / 矩阵,其他 / 通用基础,,https://www.steptools.com/stds/smrl/data/resource_docs/logical_model_of_expressions/ISO_13584-20_1998(E)-Character_PDF_document.pdf
1436,variable_semantics,变量语义,表达式 / 数学 / 矩阵,其他 / 通用基础,,https://www.steptools.com/stds/smrl/data/resource_docs/logical_model_of_expressions/ISO_13584-20_1998(E)-Character_PDF_document.pdf
1437,vector,向量,几何 / 拓扑 / 实体造型,3D 建模 / 实体造型（3D modeling & solid）,geometry_schema,https://www.steptools.com/stds/smrl/data/resource_docs/geometric_and_topological_representation/sys/4_schema.htm#geometry_schema.vector
1438,vector_style,向量样式,渲染 / 外观 / 可视化 / 几何 / 拓扑 / 实体造型,3D 建模 / 实体造型（3D modeling & solid） / 渲染 / 可视化（rendering & visualization）,curve_appearance_mim,https://www.steptools.com/stds/smrl/data/modules/curve_appearance/sys/5_mim.htm#curve_appearance_mim.vector_style
1439,vee_profile,V形轮廓,特征 / 加工特征,2D 绘图 / 草图（2D drafting & sketch）,machining_feature_schema,https://www.steptools.com/stds/smrl/data/resource_docs/mechanical_features/sys/5_schema.htm#machining_feature_schema.vee_profile
1440,velocity_measure_with_unit,带单位的速度值,电力 / 物理量 / 计量单位,检测 / PMI（inspection & tolerance）,measure_schema,https://www.steptools.com/stds/smrl/data/resource_docs/fundamentals_of_product_description_and_support/sys/19_schema.htm#measure_schema.velocity_measure_with_unit
1441,velocity_unit,速度单位,电力 / 物理量 / 计量单位,其他 / 通用基础,measure_schema,https://www.steptools.com/stds/smrl/data/resource_docs/fundamentals_of_product_description_and_support/sys/19_schema.htm#measure_schema.velocity_unit
1442,versioned_action_request,多版本动作请求,产品 / 配置 / 数据管理（PDM）,数据管理 / 配置（PDM & configuration） / 有效性 / 版本（effectivity & versioning）,action_schema,https://www.steptools.com/stds/smrl/data/resource_docs/fundamentals_of_product_description_and_support/sys/4_schema.htm#action_schema.versioned_action_request
1443,versioned_action_request_relationship,多版本动作请求关系,产品 / 配置 / 数据管理（PDM）,数据管理 / 配置（PDM & configuration） / 有效性 / 版本（effectivity & versioning）,action_schema,https://www.steptools.com/stds/smrl/data/resource_docs/fundamentals_of_product_description_and_support/sys/4_schema.htm#action_schema.versioned_action_request_relationship
1444,vertex,顶点,其他 / 通用基础,其他 / 通用基础,topology_schema,https://www.steptools.com/stds/smrl/data/resource_docs/geometric_and_topological_representation/sys/5_schema.htm#topology_schema.vertex
1445,vertex_loop,顶点环,几何 / 拓扑 / 实体造型,3D 建模 / 实体造型（3D modeling & solid）,topology_schema,https://www.steptools.com/stds/smrl/data/resource_docs/geometric_and_topological_representation/sys/5_schema.htm#topology_schema.vertex_loop
1446,vertex_point,顶点(点),其他 / 通用基础,3D 建模 / 实体造型（3D modeling & solid）,topology_schema,https://www.steptools.com/stds/smrl/data/resource_docs/geometric_and_topological_representation/sys/5_schema.htm#topology_schema.vertex_point
1447,vertex_shell,顶点壳,几何 / 拓扑 / 实体造型,3D 建模 / 实体造型（3D modeling & solid）,topology_schema,https://www.steptools.com/stds/smrl/data/resource_docs/geometric_and_topological_representation/sys/5_schema.htm#topology_schema.vertex_shell
1448,via_arc_point,经由圆弧点,NC / 数控加工（CAM）,制造 / 工艺规划（CAM & process planning）,aim-via_arc_point,https://stepmfg.github.io/ap238/data/clause5.htm#aim-via_arc_point
1449,via_helix_point,经由螺旋点,NC / 数控加工（CAM）,制造 / 工艺规划（CAM & process planning）,aim-via_helix_point,https://stepmfg.github.io/ap238/data/clause5.htm#aim-via_helix_point
1450,view_volume,视图体积,渲染 / 外观 / 可视化 / 几何 / 拓扑 / 实体造型,3D 建模 / 实体造型（3D modeling & solid） / 渲染 / 可视化（rendering & visualization）,presentation_organization_schema,https://www.steptools.com/stds/smrl/data/resource_docs/visual_presentation/sys/4_schema.htm#presentation_organization_schema.view_volume
1451,visual_appearance_representation,视觉外观表示,渲染 / 外观 / 可视化 / 公差 / 尺寸 / 基准（PMI） / 材料 / 表面条件,渲染 / 可视化（rendering & visualization） / 检测 / PMI（inspection & tolerance） / 元模型 / 表示框架（representation framework）,surface_conditions_mim,https://www.steptools.com/stds/smrl/data/modules/surface_conditions/sys/5_mim.htm#surface_conditions_mim.visual_appearance_representation
1452,volume,体积,其他 / 通用基础,3D 建模 / 实体造型（3D modeling & solid）,geometry_schema,https://www.steptools.com/stds/smrl/data/resource_docs/geometric_and_topological_representation/sys/4_schema.htm#geometry_schema.volume
1453,volume_measure_with_unit,带单位的体积量,电力 / 物理量 / 计量单位,3D 建模 / 实体造型（3D modeling & solid） / 检测 / PMI（inspection & tolerance）,measure_schema,https://www.steptools.com/stds/smrl/data/resource_docs/fundamentals_of_product_description_and_support/sys/19_schema.htm#measure_schema.volume_measure_with_unit
1454,volume_unit,体积单位,电力 / 物理量 / 计量单位,3D 建模 / 实体造型（3D modeling & solid）,measure_schema,https://www.steptools.com/stds/smrl/data/resource_docs/fundamentals_of_product_description_and_support/sys/19_schema.htm#measure_schema.volume_unit
1455,volume_with_faces,带面的体积,几何 / 拓扑 / 实体造型,3D 建模 / 实体造型（3D modeling & solid）,topology_schema,https://www.steptools.com/stds/smrl/data/resource_docs/geometric_and_topological_representation/sys/5_schema.htm#topology_schema.volume_with_faces
1456,volume_with_parametric_boundary,带参数化边界的体积,其他 / 通用基础,3D 建模 / 实体造型（3D modeling & solid）,topology_schema,https://www.steptools.com/stds/smrl/data/resource_docs/geometric_and_topological_representation/sys/5_schema.htm#topology_schema.volume_with_parametric_boundary
1457,volume_with_shell,带壳的体积,几何 / 拓扑 / 实体造型,3D 建模 / 实体造型（3D modeling & solid）,topology_schema,https://www.steptools.com/stds/smrl/data/resource_docs/geometric_and_topological_representation/sys/5_schema.htm#topology_schema.volume_with_shell
1458,wedge_volume,楔体积,几何 / 拓扑 / 实体造型,3D 建模 / 实体造型（3D modeling & solid）,geometry_schema,https://www.steptools.com/stds/smrl/data/resource_docs/geometric_and_topological_representation/sys/4_schema.htm#geometry_schema.wedge_volume
1459,wire_shell,线框壳（wire shell）,几何 / 拓扑 / 实体造型,3D 建模 / 实体造型（3D modeling & solid）,topology_schema,https://www.steptools.com/stds/smrl/data/resource_docs/geometric_and_topological_representation/sys/5_schema.htm#topology_schema.wire_shell
1460,xor_expression,异或表达式,表达式 / 数学 / 矩阵,其他 / 通用基础,,https://www.steptools.com/stds/smrl/data/resource_docs/logical_model_of_expressions/ISO_13584-20_1998(E)-Character_PDF_document.pdf
1461,year_month,年月,产品 / 配置 / 数据管理（PDM）,数据管理 / 配置（PDM & configuration）,date_time_schema,https://www.steptools.com/stds/smrl/data/resource_docs/fundamentals_of_product_description_and_support/sys/10_schema.htm#date_time_schema.year_month
