中文名,英文名,概念名,模块,来源,引用次数,官方定义链接
自适应控制,Adaptive_control,adaptive_control,,ap238,1,https://stepmfg.github.io/ap238/data/clause4.htm#ao-adaptive_control
空行程策略,Air_strategy,air_strategy,,ap238,0,https://stepmfg.github.io/ap238/data/clause4.htm#ao-air_strategy
沿路径,Along_path,along_path,,ap238,0,https://stepmfg.github.io/ap238/data/clause4.htm#ao-along_path
增材制造复合特征,Am_compound_feature,am_compound_feature,,ap238,0,https://stepmfg.github.io/ap238/data/clause4.htm#ao-am_compound_feature
增材制造构造,Am_construction,am_construction,,ap238,4,https://stepmfg.github.io/ap238/data/clause4.htm#ao-am_construction
增材制造特征,Am_feature,am_feature,,ap238,2,https://stepmfg.github.io/ap238/data/clause4.htm#ao-am_feature
增材制造梯度特征,Am_gradient_feature,am_gradient_feature,,ap238,0,https://stepmfg.github.io/ap238/data/clause4.htm#ao-am_gradient_feature
增材制造异质原子,Am_heterogenuous_atom,am_heterogenuous_atom,,ap238,1,https://stepmfg.github.io/ap238/data/clause4.htm#ao-am_heterogenuous_atom
增材制造异质特征,Am_heterogenuous_feature,am_heterogenuous_feature,,ap238,0,https://stepmfg.github.io/ap238/data/clause4.htm#ao-am_heterogenuous_feature
增材制造填充,Am_infill,am_infill,,ap238,0,https://stepmfg.github.io/ap238/data/clause4.htm#ao-am_infill
增材制造机床函数,Am_machine_functions,am_machine_functions,,ap238,1,https://stepmfg.github.io/ap238/data/clause4.htm#ao-am_machine_functions
增材制造一维操作,Am_oned_operation,am_oned_operation,,ap238,0,https://stepmfg.github.io/ap238/data/clause4.htm#ao-am_oned_operation
增材制造操作,Am_operation,am_operation,,ap238,0,https://stepmfg.github.io/ap238/data/clause4.htm#ao-am_operation
增材制造简单特征,Am_simple_feature,am_simple_feature,,ap238,0,https://stepmfg.github.io/ap238/data/clause4.htm#ao-am_simple_feature
增材制造实体,Am_solid,am_solid,,ap238,0,https://stepmfg.github.io/ap238/data/clause4.htm#ao-am_solid
增材制造二维操作,Am_twod_operation,am_twod_operation,,ap238,0,https://stepmfg.github.io/ap238/data/clause4.htm#ao-am_twod_operation
增材制造工步,Am_workingstep,am_workingstep,,ap238,0,https://stepmfg.github.io/ap238/data/clause4.htm#ao-am_workingstep
增材制造工件,Am_workpiece,am_workpiece,,ap238,0,https://stepmfg.github.io/ap238/data/clause4.htm#ao-am_workpiece
接近抬刀路径角,Ap_lift_path_angle,ap_lift_path_angle,,ap238,0,https://stepmfg.github.io/ap238/data/clause4.htm#ao-ap_lift_path_angle
接近抬刀路径相切,Ap_lift_path_tangent,ap_lift_path_tangent,,ap238,0,https://stepmfg.github.io/ap238/data/clause4.htm#ao-ap_lift_path_tangent
接近退回角,Ap_retract_angle,ap_retract_angle,,ap238,0,https://stepmfg.github.io/ap238/data/clause4.htm#ao-ap_retract_angle
接近退回相切,Ap_retract_tangent,ap_retract_tangent,,ap238,0,https://stepmfg.github.io/ap238/data/clause4.htm#ao-ap_retract_tangent
接近抬刀路径,Approach_lift_path,approach_lift_path,,ap238,0,https://stepmfg.github.io/ap238/data/clause4.htm#ao-approach_lift_path
接近退回策略,Approach_retract_strategy,approach_retract_strategy,,ap238,6,https://stepmfg.github.io/ap238/data/clause4.htm#ao-approach_retract_strategy
赋值,Assignment,assignment,,ap238,0,https://stepmfg.github.io/ap238/data/clause4.htm#ao-assignment
轴轨迹,Axis_trajectory,axis_trajectory,,ap238,0,https://stepmfg.github.io/ap238/data/clause4.htm#ao-axis_trajectory
后镗孔,Back_boring,back_boring,,ap238,0,https://stepmfg.github.io/ap238/data/clause4.htm#ao-back_boring
球头立铣刀,Ballnose_endmill,ballnose_endmill,,ap238,0,https://stepmfg.github.io/ap238/data/clause4.htm#ao-ballnose_endmill
双向,Bidirectional,bidirectional,,ap238,0,https://stepmfg.github.io/ap238/data/clause4.htm#ao-bidirectional
双向轮廓,Bidirectional_contour,bidirectional_contour,,ap238,0,https://stepmfg.github.io/ap238/data/clause4.htm#ao-bidirectional_contour
双向车削,Bidirectional_turning,bidirectional_turning,,ap238,0,https://stepmfg.github.io/ap238/data/clause4.htm#ao-bidirectional_turning
镗孔,Boring,boring,,ap238,0,https://stepmfg.github.io/ap238/data/clause4.htm#ao-boring
镗孔操作,Boring_operation,boring_operation,,ap238,0,https://stepmfg.github.io/ap238/data/clause4.htm#ao-boring_operation
底部与侧精加工铣削,Bottom_and_side_finish_milling,bottom_and_side_finish_milling,,ap238,0,https://stepmfg.github.io/ap238/data/clause4.htm#ao-bottom_and_side_finish_milling
底部与侧铣削,Bottom_and_side_milling,bottom_and_side_milling,,ap238,0,https://stepmfg.github.io/ap238/data/clause4.htm#ao-bottom_and_side_milling
底部与侧粗加工铣削,Bottom_and_side_rough_milling,bottom_and_side_rough_milling,,ap238,0,https://stepmfg.github.io/ap238/data/clause4.htm#ao-bottom_and_side_rough_milling
圆鼻立铣刀,Bullnose_endmill,bullnose_endmill,,ap238,0,https://stepmfg.github.io/ap238/data/clause4.htm#ao-bullnose_endmill
中心钻孔,Center_drilling,center_drilling,,ap238,0,https://stepmfg.github.io/ap238/data/clause4.htm#ao-center_drilling
中心铣削,Center_milling,center_milling,,ap238,0,https://stepmfg.github.io/ap238/data/clause4.htm#ao-center_milling
倒角角,Chamfered_corner,chamfered_corner,,ap238,0,https://stepmfg.github.io/ap238/data/clause4.htm#ao-chamfered_corner
通道,Channel,channel,,ap238,1,https://stepmfg.github.io/ap238/data/clause4.htm#ao-channel
组合钻与铰刀,Combined_drill_and_reamer,combined_drill_and_reamer,,ap238,0,https://stepmfg.github.io/ap238/data/clause4.htm#ao-combined_drill_and_reamer
组合钻与攻丝,Combined_drill_and_tap,combined_drill_and_tap,,ap238,0,https://stepmfg.github.io/ap238/data/clause4.htm#ao-combined_drill_and_tap
连接直接,Connect_direct,connect_direct,,ap238,0,https://stepmfg.github.io/ap238/data/clause4.htm#ao-connect_direct
连接截面,Connect_secplane,connect_secplane,,ap238,0,https://stepmfg.github.io/ap238/data/clause4.htm#ao-connect_secplane
连接器,Connector,connector,,ap238,0,https://stepmfg.github.io/ap238/data/clause4.htm#ao-connector
常量切削速度,Const_cutting_speed,const_cutting_speed,,ap238,0,https://stepmfg.github.io/ap238/data/clause4.htm#ao-const_cutting_speed
常量主轴速度,Const_spindle_speed,const_spindle_speed,,ap238,0,https://stepmfg.github.io/ap238/data/clause4.htm#ao-const_spindle_speed
轮廓双向,Contour_bidirectional,contour_bidirectional,,ap238,0,https://stepmfg.github.io/ap238/data/clause4.htm#ao-contour_bidirectional
轮廓平行,Contour_parallel,contour_parallel,,ap238,0,https://stepmfg.github.io/ap238/data/clause4.htm#ao-contour_parallel
轮廓螺旋,Contour_spiral,contour_spiral,,ap238,0,https://stepmfg.github.io/ap238/data/clause4.htm#ao-contour_spiral
轮廓车削,Contour_turning,contour_turning,,ap238,0,https://stepmfg.github.io/ap238/data/clause4.htm#ao-contour_turning
轮廓加工,Contouring,contouring,,ap238,0,https://stepmfg.github.io/ap238/data/clause4.htm#ao-contouring
轮廓加工精加工,Contouring_finish,contouring_finish,,ap238,0,https://stepmfg.github.io/ap238/data/clause4.htm#ao-contouring_finish
轮廓加工粗加工,Contouring_rough,contouring_rough,,ap238,0,https://stepmfg.github.io/ap238/data/clause4.htm#ao-contouring_rough
角过渡,Corner_transition,corner_transition,,ap238,0,https://stepmfg.github.io/ap238/data/clause4.htm#ao-corner_transition
反向下沉,Counter_sinking,counter_sinking,,ap238,0,https://stepmfg.github.io/ap238/data/clause4.htm#ao-counter_sinking
沉孔,Counterbore,counterbore,,ap238,0,https://stepmfg.github.io/ap238/data/clause4.htm#ao-counterbore
锥形沉孔,Countersink,countersink,,ap238,0,https://stepmfg.github.io/ap238/data/clause4.htm#ao-countersink
曲线带法向向量,Curve_with_normal_vector,curve_with_normal_vector,,ap238,0,https://stepmfg.github.io/ap238/data/clause4.htm#ao-curve_with_normal_vector
刀具接触轨迹,Cutter_contact_trajectory,cutter_contact_trajectory,,ap238,0,https://stepmfg.github.io/ap238/data/clause4.htm#ao-cutter_contact_trajectory
刀具位置轨迹,Cutter_location_trajectory,cutter_location_trajectory,,ap238,0,https://stepmfg.github.io/ap238/data/clause4.htm#ao-cutter_location_trajectory
切削组件,Cutting_component,cutting_component,,ap238,1,https://stepmfg.github.io/ap238/data/clause4.htm#ao-cutting_component
切削边属性,Cutting_edge_properties,cutting_edge_properties,,ap238,1,https://stepmfg.github.io/ap238/data/clause4.htm#ao-cutting_edge_properties
切削在,Cutting_in,cutting_in,,ap238,0,https://stepmfg.github.io/ap238/data/clause4.htm#ao-cutting_in
显示消息,Display_message,display_message,,ap238,0,https://stepmfg.github.io/ap238/data/clause4.htm#ao-display_message
燕尾铣,Dovetail_mill,dovetail_mill,,ap238,0,https://stepmfg.github.io/ap238/data/clause4.htm#ao-dovetail_mill
钻孔,Drilling,drilling,,ap238,0,https://stepmfg.github.io/ap238/data/clause4.htm#ao-drilling
钻孔切削刀具,Drilling_cutting_tool,drilling_cutting_tool,,ap238,0,https://stepmfg.github.io/ap238/data/clause4.htm#ao-drilling_cutting_tool
钻孔操作,Drilling_operation,drilling_operation,,ap238,0,https://stepmfg.github.io/ap238/data/clause4.htm#ao-drilling_operation
钻孔类型操作,Drilling_type_operation,drilling_type_operation,,ap238,0,https://stepmfg.github.io/ap238/data/clause4.htm#ao-drilling_type_operation
钻孔类型策略,Drilling_type_strategy,drilling_type_strategy,,ap238,1,https://stepmfg.github.io/ap238/data/clause4.htm#ao-drilling_type_strategy
立铣刀,Endmill,endmill,,ap238,0,https://stepmfg.github.io/ap238/data/clause4.htm#ao-endmill
交换托盘,Exchange_pallet,exchange_pallet,,ap238,0,https://stepmfg.github.io/ap238/data/clause4.htm#ao-exchange_pallet
可执行,Executable,executable,,ap238,10,https://stepmfg.github.io/ap238/data/clause4.htm#ao-executable
显式策略,Explicit_strategy,explicit_strategy,,ap238,0,https://stepmfg.github.io/ap238/data/clause4.htm#ao-explicit_strategy
显式车削策略,Explicit_turning_strategy,explicit_turning_strategy,,ap238,0,https://stepmfg.github.io/ap238/data/clause4.htm#ao-explicit_turning_strategy
扩展数控函数,Extended_nc_function,extended_nc_function,,ap238,0,https://stepmfg.github.io/ap238/data/clause4.htm#ao-extended_nc_function
扩展操作,Extended_operation,extended_operation,,ap238,0,https://stepmfg.github.io/ap238/data/clause4.htm#ao-extended_operation
面铣刀,Facemill,facemill,,ap238,0,https://stepmfg.github.io/ap238/data/clause4.htm#ao-facemill
端面加工,Facing,facing,,ap238,0,https://stepmfg.github.io/ap238/data/clause4.htm#ao-facing
端面加工精加工,Facing_finish,facing_finish,,ap238,0,https://stepmfg.github.io/ap238/data/clause4.htm#ao-facing_finish
端面加工粗加工,Facing_rough,facing_rough,,ap238,0,https://stepmfg.github.io/ap238/data/clause4.htm#ao-facing_rough
特征完整探测,Feature_complete_probing,feature_complete_probing,,ap238,0,https://stepmfg.github.io/ap238/data/clause4.htm#ao-feature_complete_probing
进给停止,Feedstop,feedstop,,ap238,0,https://stepmfg.github.io/ap238/data/clause4.htm#ao-feedstop
五轴常量倾斜偏航,Five_axes_const_tilt_yaw,five_axes_const_tilt_yaw,,ap238,0,https://stepmfg.github.io/ap238/data/clause4.htm#ao-five_axes_const_tilt_yaw
五轴变量倾斜偏航,Five_axes_var_tilt_yaw,five_axes_var_tilt_yaw,,ap238,0,https://stepmfg.github.io/ap238/data/clause4.htm#ao-five_axes_var_tilt_yaw
夹具用法,Fixture_usage,fixture_usage,,ap238,0,https://stepmfg.github.io/ap238/data/clause4.htm#ao-fixture_usage
自由曲面精加工铣削,Freeform_finish_milling,freeform_finish_milling,,ap238,0,https://stepmfg.github.io/ap238/data/clause4.htm#ao-freeform_finish_milling
自由曲面操作,Freeform_operation,freeform_operation,,ap238,0,https://stepmfg.github.io/ap238/data/clause4.htm#ao-freeform_operation
自由曲面粗加工铣削,Freeform_rough_milling,freeform_rough_milling,,ap238,0,https://stepmfg.github.io/ap238/data/clause4.htm#ao-freeform_rough_milling
自由曲面策略,Freeform_strategy,freeform_strategy,,ap238,1,https://stepmfg.github.io/ap238/data/clause4.htm#ao-freeform_strategy
通用车削刀具,General_turning_tool,general_turning_tool,,ap238,0,https://stepmfg.github.io/ap238/data/clause4.htm#ao-general_turning_tool
切槽,Grooving,grooving,,ap238,0,https://stepmfg.github.io/ap238/data/clause4.htm#ao-grooving
切槽精加工,Grooving_finish,grooving_finish,,ap238,0,https://stepmfg.github.io/ap238/data/clause4.htm#ao-grooving_finish
切槽粗加工,Grooving_rough,grooving_rough,,ap238,0,https://stepmfg.github.io/ap238/data/clause4.htm#ao-grooving_rough
切槽策略,Grooving_strategy,grooving_strategy,,ap238,0,https://stepmfg.github.io/ap238/data/clause4.htm#ao-grooving_strategy
切槽刀具,Grooving_tool,grooving_tool,,ap238,0,https://stepmfg.github.io/ap238/data/clause4.htm#ao-grooving_tool
如果语句,If_statement,if_statement,,ap238,0,https://stepmfg.github.io/ap238/data/clause4.htm#ao-if_statement
索引托盘,Index_pallet,index_pallet,,ap238,0,https://stepmfg.github.io/ap238/data/clause4.htm#ao-index_pallet
索引表,Index_table,index_table,,ap238,0,https://stepmfg.github.io/ap238/data/clause4.htm#ao-index_table
滚花,Knurling,knurling,,ap238,0,https://stepmfg.github.io/ap238/data/clause4.htm#ao-knurling
滚花刀具,Knurling_tool,knurling_tool,,ap238,0,https://stepmfg.github.io/ap238/data/clause4.htm#ao-knurling_tool
最后修改时间戳,Last_modified_timestamp,last_modified_timestamp,,ap238,0,https://stepmfg.github.io/ap238/data/clause4.htm#ao-last_modified_timestamp
前导线策略,Leading_line_strategy,leading_line_strategy,,ap238,0,https://stepmfg.github.io/ap238/data/clause4.htm#ao-leading_line_strategy
装载刀具,Load_tool,load_tool,,ap238,0,https://stepmfg.github.io/ap238/data/clause4.htm#ao-load_tool
机床轴约束,Machine_axis_constraint,machine_axis_constraint,,ap238,0,https://stepmfg.github.io/ap238/data/clause4.htm#ao-machine_axis_constraint
机床轴行程,Machine_axis_travel,machine_axis_travel,,ap238,0,https://stepmfg.github.io/ap238/data/clause4.htm#ao-machine_axis_travel
机床函数,Machine_functions,machine_functions,,ap238,3,https://stepmfg.github.io/ap238/data/clause4.htm#ao-machine_functions
机床参数,Machine_parameters,machine_parameters,,ap238,1,https://stepmfg.github.io/ap238/data/clause4.htm#ao-machine_parameters
机床用法,Machine_usage,machine_usage,,ap238,0,https://stepmfg.github.io/ap238/data/clause4.htm#ao-machine_usage
机床带运动学,Machine_with_kinematics,machine_with_kinematics,,ap238,0,https://stepmfg.github.io/ap238/data/clause4.htm#ao-machine_with_kinematics
加工操作,Machining_operation,machining_operation,,ap238,0,https://stepmfg.github.io/ap238/data/clause4.htm#ao-machining_operation
加工刀具,Machining_tool,machining_tool,,ap238,5,https://stepmfg.github.io/ap238/data/clause4.htm#ao-machining_tool
加工工步,Machining_workingstep,machining_workingstep,,ap238,0,https://stepmfg.github.io/ap238/data/clause4.htm#ao-machining_workingstep
制造项目,Manufacturing_project,manufacturing_project,,ap238,1,https://stepmfg.github.io/ap238/data/clause4.htm#ao-manufacturing_project
铣削切削刀具,Milling_cutting_tool,milling_cutting_tool,,ap238,0,https://stepmfg.github.io/ap238/data/clause4.htm#ao-milling_cutting_tool
铣削机床切削刀具,Milling_machine_cutting_tool,milling_machine_cutting_tool,,ap238,0,https://stepmfg.github.io/ap238/data/clause4.htm#ao-milling_machine_cutting_tool
铣削机床函数,Milling_machine_functions,milling_machine_functions,,ap238,0,https://stepmfg.github.io/ap238/data/clause4.htm#ao-milling_machine_functions
铣削加工操作,Milling_machining_operation,milling_machining_operation,,ap238,0,https://stepmfg.github.io/ap238/data/clause4.htm#ao-milling_machining_operation
铣削技术,Milling_technology,milling_technology,,ap238,0,https://stepmfg.github.io/ap238/data/clause4.htm#ao-milling_technology
铣削类型操作,Milling_type_operation,milling_type_operation,,ap238,0,https://stepmfg.github.io/ap238/data/clause4.htm#ao-milling_type_operation
多步钻孔,Multistep_drilling,multistep_drilling,,ap238,0,https://stepmfg.github.io/ap238/data/clause4.htm#ao-multistep_drilling
多步切槽策略,Multistep_grooving_strategy,multistep_grooving_strategy,,ap238,0,https://stepmfg.github.io/ap238/data/clause4.htm#ao-multistep_grooving_strategy
数控常量,Nc_constant,nc_constant,,ap238,1,https://stepmfg.github.io/ap238/data/clause4.htm#ao-nc_constant
数控函数,Nc_function,nc_function,,ap238,0,https://stepmfg.github.io/ap238/data/clause4.htm#ao-nc_function
数控变量,Nc_variable,nc_variable,,ap238,5,https://stepmfg.github.io/ap238/data/clause4.htm#ao-nc_variable
非顺序,Non_sequential,non_sequential,,ap238,0,https://stepmfg.github.io/ap238/data/clause4.htm#ao-non_sequential
偏置向量,Offset_vector,offset_vector,,ap238,1,https://stepmfg.github.io/ap238/data/clause4.htm#ao-offset_vector
操作,Operation,operation,,ap238,2,https://stepmfg.github.io/ap238/data/clause4.htm#ao-operation
可选停止,Optional_stop,optional_stop,,ap238,0,https://stepmfg.github.io/ap238/data/clause4.htm#ao-optional_stop
平行,Parallel,parallel,,ap238,0,https://stepmfg.github.io/ap238/data/clause4.htm#ao-parallel
参数化路径,Parameterised_path,parameterised_path,,ap238,0,https://stepmfg.github.io/ap238/data/clause4.htm#ao-parameterised_path
平面CC策略,Plane_cc_strategy,plane_cc_strategy,,ap238,0,https://stepmfg.github.io/ap238/data/clause4.htm#ao-plane_cc_strategy
平面CL策略,Plane_cl_strategy,plane_cl_strategy,,ap238,0,https://stepmfg.github.io/ap238/data/clause4.htm#ao-plane_cl_strategy
平面精加工铣削,Plane_finish_milling,plane_finish_milling,,ap238,0,https://stepmfg.github.io/ap238/data/clause4.htm#ao-plane_finish_milling
平面铣削,Plane_milling,plane_milling,,ap238,0,https://stepmfg.github.io/ap238/data/clause4.htm#ao-plane_milling
平面粗加工铣削,Plane_rough_milling,plane_rough_milling,,ap238,0,https://stepmfg.github.io/ap238/data/clause4.htm#ao-plane_rough_milling
下刀螺旋,Plunge_helix,plunge_helix,,ap238,0,https://stepmfg.github.io/ap238/data/clause4.htm#ao-plunge_helix
下刀斜坡,Plunge_ramp,plunge_ramp,,ap238,0,https://stepmfg.github.io/ap238/data/clause4.htm#ao-plunge_ramp
下刀策略,Plunge_strategy,plunge_strategy,,ap238,0,https://stepmfg.github.io/ap238/data/clause4.htm#ao-plunge_strategy
下刀刀轴,Plunge_toolaxis,plunge_toolaxis,,ap238,0,https://stepmfg.github.io/ap238/data/clause4.htm#ao-plunge_toolaxis
下刀之字形,Plunge_zigzag,plunge_zigzag,,ap238,0,https://stepmfg.github.io/ap238/data/clause4.htm#ao-plunge_zigzag
过程模型,Process_model,process_model,,ap238,0,https://stepmfg.github.io/ap238/data/clause4.htm#ao-process_model
过程模型列表,Process_model_list,process_model_list,,ap238,0,https://stepmfg.github.io/ap238/data/clause4.htm#ao-process_model_list
过程属性,Process_property,process_property,,ap238,2,https://stepmfg.github.io/ap238/data/clause4.htm#ao-process_property
成型角,Profiled_corner,profiled_corner,,ap238,0,https://stepmfg.github.io/ap238/data/clause4.htm#ao-profiled_corner
成型端铣,Profiled_end_mill,profiled_end_mill,,ap238,0,https://stepmfg.github.io/ap238/data/clause4.htm#ao-profiled_end_mill
程序停止,Program_stop,program_stop,,ap238,0,https://stepmfg.github.io/ap238/data/clause4.htm#ao-program_stop
程序结构,Program_structure,program_structure,,ap238,0,https://stepmfg.github.io/ap238/data/clause4.htm#ao-program_structure
快速移动,Rapid_movement,rapid_movement,,ap238,0,https://stepmfg.github.io/ap238/data/clause4.htm#ao-rapid_movement
铰孔,Reaming,reaming,,ap238,0,https://stepmfg.github.io/ap238/data/clause4.htm#ao-reaming
铰孔切削刀具,Reaming_cutting_tool,reaming_cutting_tool,,ap238,0,https://stepmfg.github.io/ap238/data/clause4.htm#ao-reaming_cutting_tool
返回原点,Return_home,return_home,,ap238,0,https://stepmfg.github.io/ap238/data/clause4.htm#ao-return_home
旋转镗孔切削刀具,Rotating_boring_cutting_tool,rotating_boring_cutting_tool,,ap238,0,https://stepmfg.github.io/ap238/data/clause4.htm#ao-rotating_boring_cutting_tool
圆角角,Rounded_corner,rounded_corner,,ap238,0,https://stepmfg.github.io/ap238/data/clause4.htm#ao-rounded_corner
选择性,Selective,selective,,ap238,0,https://stepmfg.github.io/ap238/data/clause4.htm#ao-selective
集合标记,Set_mark,set_mark,,ap238,0,https://stepmfg.github.io/ap238/data/clause4.htm#ao-set_mark
设置,Setup,setup,,ap238,0,https://stepmfg.github.io/ap238/data/clause4.htm#ao-setup
设置指令,Setup_instruction,setup_instruction,,ap238,0,https://stepmfg.github.io/ap238/data/clause4.htm#ao-setup_instruction
肩铣刀,Shouldermill,shouldermill,,ap238,0,https://stepmfg.github.io/ap238/data/clause4.htm#ao-shouldermill
侧精加工铣削,Side_finish_milling,side_finish_milling,,ap238,0,https://stepmfg.github.io/ap238/data/clause4.htm#ao-side_finish_milling
侧铣,Side_mill,side_mill,,ap238,0,https://stepmfg.github.io/ap238/data/clause4.htm#ao-side_mill
侧铣削,Side_milling,side_milling,,ap238,0,https://stepmfg.github.io/ap238/data/clause4.htm#ao-side_milling
侧粗加工铣削,Side_rough_milling,side_rough_milling,,ap238,0,https://stepmfg.github.io/ap238/data/clause4.htm#ao-side_rough_milling
扁钻钻,Spade_drill,spade_drill,,ap238,0,https://stepmfg.github.io/ap238/data/clause4.htm#ao-spade_drill
定心钻,Spotdrill,spotdrill,,ap238,0,https://stepmfg.github.io/ap238/data/clause4.htm#ao-spotdrill
步钻,Step_drill,step_drill,,ap238,0,https://stepmfg.github.io/ap238/data/clause4.htm#ao-step_drill
T槽铣,T_slot_mill,t_slot_mill,,ap238,0,https://stepmfg.github.io/ap238/data/clause4.htm#ao-t_slot_mill
锥形钻,Tapered_drill,tapered_drill,,ap238,0,https://stepmfg.github.io/ap238/data/clause4.htm#ao-tapered_drill
锥形铰刀,Tapered_reamer,tapered_reamer,,ap238,0,https://stepmfg.github.io/ap238/data/clause4.htm#ao-tapered_reamer
攻丝,Tapping,tapping,,ap238,0,https://stepmfg.github.io/ap238/data/clause4.htm#ao-tapping
攻丝切削刀具,Tapping_cutting_tool,tapping_cutting_tool,,ap238,0,https://stepmfg.github.io/ap238/data/clause4.htm#ao-tapping_cutting_tool
技术,Technology,technology,,ap238,5,https://stepmfg.github.io/ap238/data/clause4.htm#ao-technology
螺纹钻孔,Thread_drilling,thread_drilling,,ap238,0,https://stepmfg.github.io/ap238/data/clause4.htm#ao-thread_drilling
螺纹铣,Thread_mill,thread_mill,,ap238,0,https://stepmfg.github.io/ap238/data/clause4.htm#ao-thread_mill
螺纹策略,Thread_strategy,thread_strategy,,ap238,0,https://stepmfg.github.io/ap238/data/clause4.htm#ao-thread_strategy
车螺纹,Threading,threading,,ap238,0,https://stepmfg.github.io/ap238/data/clause4.htm#ao-threading
车螺纹精加工,Threading_finish,threading_finish,,ap238,0,https://stepmfg.github.io/ap238/data/clause4.htm#ao-threading_finish
车螺纹粗加工,Threading_rough,threading_rough,,ap238,0,https://stepmfg.github.io/ap238/data/clause4.htm#ao-threading_rough
三轴,Three_axes,three_axes,,ap238,0,https://stepmfg.github.io/ap238/data/clause4.htm#ao-three_axes
三轴倾斜刀具,Three_axes_tilted_tool,three_axes_tilted_tool,,ap238,0,https://stepmfg.github.io/ap238/data/clause4.htm#ao-three_axes_tilted_tool
公差,Tolerances,tolerances,,ap238,0,https://stepmfg.github.io/ap238/data/clause4.htm#ao-tolerances
刀具方向,Tool_direction,tool_direction,,ap238,1,https://stepmfg.github.io/ap238/data/clause4.htm#ao-tool_direction
刀具方向用于铣削,Tool_direction_for_milling,tool_direction_for_milling,,ap238,0,https://stepmfg.github.io/ap238/data/clause4.htm#ao-tool_direction_for_milling
刀具长度探测,Tool_length_probing,tool_length_probing,,ap238,0,https://stepmfg.github.io/ap238/data/clause4.htm#ao-tool_length_probing
刀具探测,Tool_probing,tool_probing,,ap238,0,https://stepmfg.github.io/ap238/data/clause4.htm#ao-tool_probing
刀具半径探测,Tool_radius_probing,tool_radius_probing,,ap238,0,https://stepmfg.github.io/ap238/data/clause4.htm#ao-tool_radius_probing
刀具用法,Tool_usage,tool_usage,,ap238,0,https://stepmfg.github.io/ap238/data/clause4.htm#ao-tool_usage
刀路,Toolpath,toolpath,,ap238,1,https://stepmfg.github.io/ap238/data/clause4.htm#ao-toolpath
刀路列表,Toolpath_list,toolpath_list,,ap238,2,https://stepmfg.github.io/ap238/data/clause4.htm#ao-toolpath_list
刀路速度,Toolpath_speed,toolpath_speed,,ap238,0,https://stepmfg.github.io/ap238/data/clause4.htm#ao-toolpath_speed
接触测头,Touch_probe,touch_probe,,ap238,3,https://stepmfg.github.io/ap238/data/clause4.htm#ao-touch_probe
接触探测,Touch_probing,touch_probing,,ap238,0,https://stepmfg.github.io/ap238/data/clause4.htm#ao-touch_probing
轨迹,Trajectory,trajectory,,ap238,0,https://stepmfg.github.io/ap238/data/clause4.htm#ao-trajectory
车削机床切削刀具,Turning_machine_cutting_tool,turning_machine_cutting_tool,,ap238,0,https://stepmfg.github.io/ap238/data/clause4.htm#ao-turning_machine_cutting_tool
车削机床函数,Turning_machine_functions,turning_machine_functions,,ap238,0,https://stepmfg.github.io/ap238/data/clause4.htm#ao-turning_machine_functions
车削加工操作,Turning_machining_operation,turning_machining_operation,,ap238,0,https://stepmfg.github.io/ap238/data/clause4.htm#ao-turning_machining_operation
车削加工策略,Turning_machining_strategy,turning_machining_strategy,,ap238,1,https://stepmfg.github.io/ap238/data/clause4.htm#ao-turning_machining_strategy
车削技术,Turning_technology,turning_technology,,ap238,0,https://stepmfg.github.io/ap238/data/clause4.htm#ao-turning_technology
车削车螺纹刀具,Turning_threading_tool,turning_threading_tool,,ap238,0,https://stepmfg.github.io/ap238/data/clause4.htm#ao-turning_threading_tool
车削工步,Turning_workingstep,turning_workingstep,,ap238,0,https://stepmfg.github.io/ap238/data/clause4.htm#ao-turning_workingstep
螺旋钻,Twist_drill,twist_drill,,ap238,0,https://stepmfg.github.io/ap238/data/clause4.htm#ao-twist_drill
2.5D铣削操作,Two5d_milling_operation,two5d_milling_operation,,ap238,0,https://stepmfg.github.io/ap238/data/clause4.htm#ao-two5d_milling_operation
2.5D铣削策略,Two5d_milling_strategy,two5d_milling_strategy,,ap238,1,https://stepmfg.github.io/ap238/data/clause4.htm#ao-two5d_milling_strategy
二轴,Two_axes,two_axes,,ap238,0,https://stepmfg.github.io/ap238/data/clause4.htm#ao-two_axes
单向,Unidirectional,unidirectional,,ap238,0,https://stepmfg.github.io/ap238/data/clause4.htm#ao-unidirectional
单向车削,Unidirectional_turning,unidirectional_turning,,ap238,0,https://stepmfg.github.io/ap238/data/clause4.htm#ao-unidirectional_turning
卸载刀具,Unload_tool,unload_tool,,ap238,0,https://stepmfg.github.io/ap238/data/clause4.htm#ao-unload_tool
用户定义铣削刀具,User_defined_milling_tool,user_defined_milling_tool,,ap238,0,https://stepmfg.github.io/ap238/data/clause4.htm#ao-user_defined_milling_tool
用户定义车削刀具,User_defined_turning_tool,user_defined_turning_tool,,ap238,0,https://stepmfg.github.io/ap238/data/clause4.htm#ao-user_defined_turning_tool
UV策略,Uv_strategy,uv_strategy,,ap238,0,https://stepmfg.github.io/ap238/data/clause4.htm#ao-uv_strategy
等待用于标记,Wait_for_mark,wait_for_mark,,ap238,0,https://stepmfg.github.io/ap238/data/clause4.htm#ao-wait_for_mark
当语句,While_statement,while_statement,,ap238,0,https://stepmfg.github.io/ap238/data/clause4.htm#ao-while_statement
工步,Workingstep,workingstep,,ap238,0,https://stepmfg.github.io/ap238/data/clause4.htm#ao-workingstep
工件,Workpiece,workpiece,,ap238,5,https://stepmfg.github.io/ap238/data/clause4.htm#ao-workpiece
工件完整探测,Workpiece_complete_probing,workpiece_complete_probing,,ap238,0,https://stepmfg.github.io/ap238/data/clause4.htm#ao-workpiece_complete_probing
工件探测,Workpiece_probing,workpiece_probing,,ap238,0,https://stepmfg.github.io/ap238/data/clause4.htm#ao-workpiece_probing
工件设置,Workpiece_setup,workpiece_setup,,ap238,0,https://stepmfg.github.io/ap238/data/clause4.htm#ao-workpiece_setup
工作计划,Workplan,workplan,,ap238,1,https://stepmfg.github.io/ap238/data/clause4.htm#ao-workplan
活动,Activity,activity,activity,ap242,9,https://www.steptools.com/stds/smrl/data/modules/activity/sys/4_info_reqs.htm#activity_arm.activity
活动关系,Activity_relationship,activity_relationship,activity,ap242,2,https://www.steptools.com/stds/smrl/data/modules/activity/sys/4_info_reqs.htm#activity_arm.activity_relationship
活动状态,Activity_status,activity_status,activity,ap242,0,https://www.steptools.com/stds/smrl/data/modules/activity/sys/4_info_reqs.htm#activity_arm.activity_status
应用活动赋值,Applied_activity_assignment,applied_activity_assignment,activity,ap242,6,https://www.steptools.com/stds/smrl/data/modules/activity/sys/4_info_reqs.htm#activity_arm.applied_activity_assignment
活动方法,Activity_method,activity_method,activity_method,ap242,4,https://www.steptools.com/stds/smrl/data/modules/activity_method/sys/4_info_reqs.htm#activity_method_arm.activity_method
活动方法关系,Activity_method_relationship,activity_method_relationship,activity_method_assignment,ap242,0,https://www.steptools.com/stds/smrl/data/modules/activity_method_assignment/sys/4_info_reqs.htm#activity_method_assignment_arm.activity_method_relationship
应用活动方法赋值,Applied_activity_method_assignment,applied_activity_method_assignment,activity_method_assignment,ap242,0,https://www.steptools.com/stds/smrl/data/modules/activity_method_assignment/sys/4_info_reqs.htm#activity_method_assignment_arm.applied_activity_method_assignment
增材制造构建方向元素,Additive_manufacturing_build_direction_element,additive_manufacturing_build_direction_element,additive_manufacturing_part_and_build_information,ap242,0,https://www.steptools.com/stds/smrl/data/modules/additive_manufacturing_part_and_build_information/sys/4_info_reqs.htm#additive_manufacturing_part_and_build_information_arm.additive_manufacturing_build_direction_element
增材制造定向元素,Additive_manufacturing_orientation_element,additive_manufacturing_orientation_element,additive_manufacturing_part_and_build_information,ap242,0,https://www.steptools.com/stds/smrl/data/modules/additive_manufacturing_part_and_build_information/sys/4_info_reqs.htm#additive_manufacturing_part_and_build_information_arm.additive_manufacturing_orientation_element
增材制造零件定义,Additive_manufacturing_part_definition,additive_manufacturing_part_definition,additive_manufacturing_part_and_build_information,ap242,0,https://www.steptools.com/stds/smrl/data/modules/additive_manufacturing_part_and_build_information/sys/4_info_reqs.htm#additive_manufacturing_part_and_build_information_arm.additive_manufacturing_part_definition
增材制造设置,Additive_manufacturing_setup,additive_manufacturing_setup,additive_manufacturing_part_and_build_information,ap242,1,https://www.steptools.com/stds/smrl/data/modules/additive_manufacturing_part_and_build_information/sys/4_info_reqs.htm#additive_manufacturing_part_and_build_information_arm.additive_manufacturing_setup
增材制造设置构建板,Additive_manufacturing_setup_build_plate,additive_manufacturing_setup_build_plate,additive_manufacturing_part_and_build_information,ap242,1,https://www.steptools.com/stds/smrl/data/modules/additive_manufacturing_part_and_build_information/sys/4_info_reqs.htm#additive_manufacturing_part_and_build_information_arm.additive_manufacturing_setup_build_plate
增材制造支持结构,Additive_manufacturing_support_structure,additive_manufacturing_support_structure,additive_manufacturing_part_and_build_information,ap242,0,https://www.steptools.com/stds/smrl/data/modules/additive_manufacturing_part_and_build_information/sys/4_info_reqs.htm#additive_manufacturing_part_and_build_information_arm.additive_manufacturing_support_structure
增材制造支持结构设置,Additive_manufacturing_support_structure_setup,additive_manufacturing_support_structure_setup,additive_manufacturing_part_and_build_information,ap242,1,https://www.steptools.com/stds/smrl/data/modules/additive_manufacturing_part_and_build_information/sys/4_info_reqs.htm#additive_manufacturing_part_and_build_information_arm.additive_manufacturing_support_structure_setup
增材制造工件设置,Additive_manufacturing_workpiece_setup,additive_manufacturing_workpiece_setup,additive_manufacturing_part_and_build_information,ap242,1,https://www.steptools.com/stds/smrl/data/modules/additive_manufacturing_part_and_build_information/sys/4_info_reqs.htm#additive_manufacturing_part_and_build_information_arm.additive_manufacturing_workpiece_setup
增材制造工作计划,Additive_manufacturing_workplan,additive_manufacturing_workplan,additive_manufacturing_part_and_build_information,ap242,0,https://www.steptools.com/stds/smrl/data/modules/additive_manufacturing_part_and_build_information/sys/4_info_reqs.htm#additive_manufacturing_part_and_build_information_arm.additive_manufacturing_workplan
增材制造X方向元素,Additive_manufacturing_x_direction_element,additive_manufacturing_x_direction_element,additive_manufacturing_part_and_build_information,ap242,0,https://www.steptools.com/stds/smrl/data/modules/additive_manufacturing_part_and_build_information/sys/4_info_reqs.htm#additive_manufacturing_part_and_build_information_arm.additive_manufacturing_x_direction_element
构建平台定义,Build_platform_definition,build_platform_definition,additive_manufacturing_part_and_build_information,ap242,0,https://www.steptools.com/stds/smrl/data/modules/additive_manufacturing_part_and_build_information/sys/4_info_reqs.htm#additive_manufacturing_part_and_build_information_arm.build_platform_definition
构建体积,Build_volume,build_volume,additive_manufacturing_part_and_build_information,ap242,1,https://www.steptools.com/stds/smrl/data/modules/additive_manufacturing_part_and_build_information/sys/4_info_reqs.htm#additive_manufacturing_part_and_build_information_arm.build_volume
圆形构建体积,Circular_build_volume,circular_build_volume,additive_manufacturing_part_and_build_information,ap242,0,https://www.steptools.com/stds/smrl/data/modules/additive_manufacturing_part_and_build_information/sys/4_info_reqs.htm#additive_manufacturing_part_and_build_information_arm.circular_build_volume
矩形构建体积,Rectangular_build_volume,rectangular_build_volume,additive_manufacturing_part_and_build_information,ap242,0,https://www.steptools.com/stds/smrl/data/modules/additive_manufacturing_part_and_build_information/sys/4_info_reqs.htm#additive_manufacturing_part_and_build_information_arm.rectangular_build_volume
高级边界表示形状表示,Advanced_brep_shape_representation,advanced_brep_shape_representation,advanced_boundary_representation,ap242,2,https://www.steptools.com/stds/smrl/data/modules/advanced_boundary_representation/sys/4_info_reqs.htm#advanced_boundary_representation_arm.advanced_brep_shape_representation
闭合壳,Closed_shell,closed_shell,advanced_boundary_representation,ap242,1,https://www.steptools.com/stds/smrl/data/modules/advanced_boundary_representation/sys/4_info_reqs.htm#advanced_boundary_representation_arm.closed_shell
流形实体边界表示,Manifold_solid_brep,manifold_solid_brep,advanced_boundary_representation,ap242,2,https://www.steptools.com/stds/smrl/data/modules/advanced_boundary_representation/sys/4_info_reqs.htm#advanced_boundary_representation_arm.manifold_solid_brep
有向闭合壳,Oriented_closed_shell,oriented_closed_shell,advanced_boundary_representation,ap242,1,https://www.steptools.com/stds/smrl/data/modules/advanced_boundary_representation/sys/4_info_reqs.htm#advanced_boundary_representation_arm.oriented_closed_shell
别名标识,Alias_identification,alias_identification,alias_identification,ap242,1,https://www.steptools.com/stds/smrl/data/modules/alias_identification/sys/4_info_reqs.htm#alias_identification_arm.alias_identification
备选解,Alternative_solution,alternative_solution,alternative_solution,ap242,2,https://www.steptools.com/stds/smrl/data/modules/alternative_solution/sys/4_info_reqs.htm#alternative_solution_arm.alternative_solution
备选解关系,Alternative_solution_relationship,alternative_solution_relationship,alternative_solution,ap242,0,https://www.steptools.com/stds/smrl/data/modules/alternative_solution/sys/4_info_reqs.htm#alternative_solution_arm.alternative_solution_relationship
最终解,Final_solution,final_solution,alternative_solution,ap242,0,https://www.steptools.com/stds/smrl/data/modules/alternative_solution/sys/4_info_reqs.htm#alternative_solution_arm.final_solution
解元素,Solution_element,solution_element,alternative_solution,ap242,0,https://www.steptools.com/stds/smrl/data/modules/alternative_solution/sys/4_info_reqs.htm#alternative_solution_arm.solution_element
供应商解,Supplier_solution,supplier_solution,alternative_solution,ap242,0,https://www.steptools.com/stds/smrl/data/modules/alternative_solution/sys/4_info_reqs.htm#alternative_solution_arm.supplier_solution
技术解,Technical_solution,technical_solution,alternative_solution,ap242,0,https://www.steptools.com/stds/smrl/data/modules/alternative_solution/sys/4_info_reqs.htm#alternative_solution_arm.technical_solution
外观赋值,Appearance_assignment,appearance_assignment,appearance_assignment,ap242,1,https://www.steptools.com/stds/smrl/data/modules/appearance_assignment/sys/4_info_reqs.htm#appearance_assignment_arm.appearance_assignment
上下文相关外观赋值,Context_dependent_appearance_assignment,context_dependent_appearance_assignment,appearance_assignment,ap242,0,https://www.steptools.com/stds/smrl/data/modules/appearance_assignment/sys/4_info_reqs.htm#appearance_assignment_arm.context_dependent_appearance_assignment
上下文相关覆盖啮合带样式元素,Context_dependent_over_riding_styled_element,context_dependent_over_riding_styled_element,appearance_assignment,ap242,0,https://www.steptools.com/stds/smrl/data/modules/appearance_assignment/sys/4_info_reqs.htm#appearance_assignment_arm.context_dependent_over_riding_styled_element
覆盖啮合带样式元素,Over_riding_styled_element,over_riding_styled_element,appearance_assignment,ap242,0,https://www.steptools.com/stds/smrl/data/modules/appearance_assignment/sys/4_info_reqs.htm#appearance_assignment_arm.over_riding_styled_element
平面盒,Planar_box,planar_box,appearance_assignment,ap242,4,https://www.steptools.com/stds/smrl/data/modules/appearance_assignment/sys/4_info_reqs.htm#appearance_assignment_arm.planar_box
带样式元素,Styled_element,styled_element,appearance_assignment,ap242,4,https://www.steptools.com/stds/smrl/data/modules/appearance_assignment/sys/4_info_reqs.htm#appearance_assignment_arm.styled_element
带样式模型,Styled_model,styled_model,appearance_assignment,ap242,3,https://www.steptools.com/stds/smrl/data/modules/appearance_assignment/sys/4_info_reqs.htm#appearance_assignment_arm.styled_model
带样式模型复制,Styled_model_replication,styled_model_replication,appearance_assignment,ap242,3,https://www.steptools.com/stds/smrl/data/modules/appearance_assignment/sys/4_info_reqs.htm#appearance_assignment_arm.styled_model_replication
批准,Approval,approval,approval,ap242,8,https://www.steptools.com/stds/smrl/data/modules/approval/sys/4_info_reqs.htm#approval_arm.approval
批准赋值,Approval_assignment,approval_assignment,approval,ap242,2,https://www.steptools.com/stds/smrl/data/modules/approval/sys/4_info_reqs.htm#approval_arm.approval_assignment
批准关系,Approval_relationship,approval_relationship,approval,ap242,3,https://www.steptools.com/stds/smrl/data/modules/approval/sys/4_info_reqs.htm#approval_arm.approval_relationship
批准状态,Approval_status,approval_status,approval,ap242,4,https://www.steptools.com/stds/smrl/data/modules/approval/sys/4_info_reqs.htm#approval_arm.approval_status
批准人员组织,Approving_person_organization,approving_person_organization,approval,ap242,2,https://www.steptools.com/stds/smrl/data/modules/approval/sys/4_info_reqs.htm#approval_arm.approving_person_organization
装配组件关系,Assembly_component_relationship,assembly_component_relationship,assembly_structure,ap242,10,https://www.steptools.com/stds/smrl/data/modules/assembly_structure/sys/4_info_reqs.htm#assembly_structure_arm.assembly_component_relationship
组件上层级标识,Component_upper_level_identification,component_upper_level_identification,assembly_structure,ap242,0,https://www.steptools.com/stds/smrl/data/modules/assembly_structure/sys/4_info_reqs.htm#assembly_structure_arm.component_upper_level_identification
多层级引用代号,Multi_level_reference_designator,multi_level_reference_designator,assembly_structure,ap242,4,https://www.steptools.com/stds/smrl/data/modules/assembly_structure/sys/4_info_reqs.htm#assembly_structure_arm.multi_level_reference_designator
下一个装配用法,Next_assembly_usage,next_assembly_usage,assembly_structure,ap242,2,https://www.steptools.com/stds/smrl/data/modules/assembly_structure/sys/4_info_reqs.htm#assembly_structure_arm.next_assembly_usage
产品实例定义关系,Product_occurrence_definition_relationship,product_occurrence_definition_relationship,assembly_structure,ap242,6,https://www.steptools.com/stds/smrl/data/modules/assembly_structure/sys/4_info_reqs.htm#assembly_structure_arm.product_occurrence_definition_relationship
承诺性用法,Promissory_usage,promissory_usage,assembly_structure,ap242,1,https://www.steptools.com/stds/smrl/data/modules/assembly_structure/sys/4_info_reqs.htm#assembly_structure_arm.promissory_usage
标注实例关联性,Annotation_occurrence_associativity,annotation_occurrence_associativity,associative_draughting_elements,ap242,0,https://www.steptools.com/stds/smrl/data/modules/associative_draughting_elements/sys/4_info_reqs.htm#associative_draughting_elements_arm.annotation_occurrence_associativity
制图模型,Draughting_model,draughting_model,associative_draughting_elements,ap242,2,https://www.steptools.com/stds/smrl/data/modules/associative_draughting_elements/sys/4_info_reqs.htm#associative_draughting_elements_arm.draughting_model
制图模型项关联,Draughting_model_item_association,draughting_model_item_association,associative_draughting_elements,ap242,0,https://www.steptools.com/stds/smrl/data/modules/associative_draughting_elements/sys/4_info_reqs.htm#associative_draughting_elements_arm.draughting_model_item_association
标注曲线,Annotation_curve,annotation_curve,associative_text,ap242,1,https://www.steptools.com/stds/smrl/data/modules/associative_text/sys/4_info_reqs.htm#associative_text_arm.annotation_curve
标注元素,Annotation_element,annotation_element,associative_text,ap242,3,https://www.steptools.com/stds/smrl/data/modules/associative_text/sys/4_info_reqs.htm#associative_text_arm.annotation_element
标注文本,Annotation_text,annotation_text,associative_text,ap242,3,https://www.steptools.com/stds/smrl/data/modules/associative_text/sys/4_info_reqs.htm#associative_text_arm.annotation_text
标注文本实例,Annotation_text_occurrence,annotation_text_occurrence,associative_text,ap242,2,https://www.steptools.com/stds/smrl/data/modules/associative_text/sys/4_info_reqs.htm#associative_text_arm.annotation_text_occurrence
尺寸文本,Dimension_text,dimension_text,associative_text,ap242,5,https://www.steptools.com/stds/smrl/data/modules/associative_text/sys/4_info_reqs.htm#associative_text_arm.dimension_text
文本字符串表示,Text_string_representation,text_string_representation,associative_text,ap242,1,https://www.steptools.com/stds/smrl/data/modules/associative_text/sys/4_info_reqs.htm#associative_text_arm.text_string_representation
文本样式,Text_style,text_style,associative_text,ap242,0,https://www.steptools.com/stds/smrl/data/modules/associative_text/sys/4_info_reqs.htm#associative_text_arm.text_style
属性分类,Attribute_classification,attribute_classification,attribute_classification,ap242,0,https://www.steptools.com/stds/smrl/data/modules/attribute_classification/sys/4_info_reqs.htm#attribute_classification_arm.attribute_classification
B样条曲线,B_spline_curve,b_spline_curve,b_spline_geometry,ap242,0,https://www.steptools.com/stds/smrl/data/modules/b_spline_geometry/sys/4_info_reqs.htm#b_spline_geometry_arm.b_spline_curve
B样条曲面,B_spline_surface,b_spline_surface,b_spline_geometry,ap242,0,https://www.steptools.com/stds/smrl/data/modules/b_spline_geometry/sys/4_info_reqs.htm#b_spline_geometry_arm.b_spline_surface
曲线带显式节点,Curve_with_explicit_knots,curve_with_explicit_knots,b_spline_geometry,ap242,0,https://www.steptools.com/stds/smrl/data/modules/b_spline_geometry/sys/4_info_reqs.htm#b_spline_geometry_arm.curve_with_explicit_knots
曲线带隐式节点,Curve_with_implicit_knots,curve_with_implicit_knots,b_spline_geometry,ap242,0,https://www.steptools.com/stds/smrl/data/modules/b_spline_geometry/sys/4_info_reqs.htm#b_spline_geometry_arm.curve_with_implicit_knots
有理B样条曲线,Rational_b_spline_curve,rational_b_spline_curve,b_spline_geometry,ap242,0,https://www.steptools.com/stds/smrl/data/modules/b_spline_geometry/sys/4_info_reqs.htm#b_spline_geometry_arm.rational_b_spline_curve
有理B样条曲面,Rational_b_spline_surface,rational_b_spline_surface,b_spline_geometry,ap242,0,https://www.steptools.com/stds/smrl/data/modules/b_spline_geometry/sys/4_info_reqs.htm#b_spline_geometry_arm.rational_b_spline_surface
曲面带显式节点,Surface_with_explicit_knots,surface_with_explicit_knots,b_spline_geometry,ap242,0,https://www.steptools.com/stds/smrl/data/modules/b_spline_geometry/sys/4_info_reqs.htm#b_spline_geometry_arm.surface_with_explicit_knots
曲面带隐式节点,Surface_with_implicit_knots,surface_with_implicit_knots,b_spline_geometry,ap242,0,https://www.steptools.com/stds/smrl/data/modules/b_spline_geometry/sys/4_info_reqs.htm#b_spline_geometry_arm.surface_with_implicit_knots
闭合组合曲线,Closed_composite_curve,closed_composite_curve,basic_curve,ap242,1,https://www.steptools.com/stds/smrl/data/modules/basic_curve/sys/4_info_reqs.htm#basic_curve_arm.closed_composite_curve
组合曲线,Composite_curve,composite_curve,basic_curve,ap242,1,https://www.steptools.com/stds/smrl/data/modules/basic_curve/sys/4_info_reqs.htm#basic_curve_arm.composite_curve
组合曲线段,Composite_curve_segment,composite_curve_segment,basic_curve,ap242,0,https://www.steptools.com/stds/smrl/data/modules/basic_curve/sys/4_info_reqs.htm#basic_curve_arm.composite_curve_segment
裁剪曲线,Trimmed_curve,trimmed_curve,basic_curve,ap242,3,https://www.steptools.com/stds/smrl/data/modules/basic_curve/sys/4_info_reqs.htm#basic_curve_arm.trimmed_curve
布尔表示项,Boolean_representation_item,boolean_representation_item,basic_data_representation,ap242,0,https://www.steptools.com/stds/smrl/data/modules/basic_data_representation/sys/4_info_reqs.htm#basic_data_representation_arm.boolean_representation_item
复合表示项,Compound_representation_item,compound_representation_item,basic_data_representation,ap242,0,https://www.steptools.com/stds/smrl/data/modules/basic_data_representation/sys/4_info_reqs.htm#basic_data_representation_arm.compound_representation_item
日期时间表示项,Date_time_representation_item,date_time_representation_item,basic_data_representation,ap242,0,https://www.steptools.com/stds/smrl/data/modules/basic_data_representation/sys/4_info_reqs.htm#basic_data_representation_arm.date_time_representation_item
整数表示项,Integer_representation_item,integer_representation_item,basic_data_representation,ap242,0,https://www.steptools.com/stds/smrl/data/modules/basic_data_representation/sys/4_info_reqs.htm#basic_data_representation_arm.integer_representation_item
逻辑表示项,Logical_representation_item,logical_representation_item,basic_data_representation,ap242,0,https://www.steptools.com/stds/smrl/data/modules/basic_data_representation/sys/4_info_reqs.htm#basic_data_representation_arm.logical_representation_item
有理表示项,Rational_representation_item,rational_representation_item,basic_data_representation,ap242,0,https://www.steptools.com/stds/smrl/data/modules/basic_data_representation/sys/4_info_reqs.htm#basic_data_representation_arm.rational_representation_item
实数表示项,Real_representation_item,real_representation_item,basic_data_representation,ap242,0,https://www.steptools.com/stds/smrl/data/modules/basic_data_representation/sys/4_info_reqs.htm#basic_data_representation_arm.real_representation_item
序列表示项,Sequence_representation_item,sequence_representation_item,basic_data_representation,ap242,0,https://www.steptools.com/stds/smrl/data/modules/basic_data_representation/sys/4_info_reqs.htm#basic_data_representation_arm.sequence_representation_item
集合表示项,Set_representation_item,set_representation_item,basic_data_representation,ap242,0,https://www.steptools.com/stds/smrl/data/modules/basic_data_representation/sys/4_info_reqs.htm#basic_data_representation_arm.set_representation_item
边曲线,Edge_curve,edge_curve,basic_geometric_topology,ap242,3,https://www.steptools.com/stds/smrl/data/modules/basic_geometric_topology/sys/4_info_reqs.htm#basic_geometric_topology_arm.edge_curve
面曲面,Face_surface,face_surface,basic_geometric_topology,ap242,2,https://www.steptools.com/stds/smrl/data/modules/basic_geometric_topology/sys/4_info_reqs.htm#basic_geometric_topology_arm.face_surface
多环,Poly_loop,poly_loop,basic_geometric_topology,ap242,1,https://www.steptools.com/stds/smrl/data/modules/basic_geometric_topology/sys/4_info_reqs.htm#basic_geometric_topology_arm.poly_loop
顶点点,Vertex_point,vertex_point,basic_geometric_topology,ap242,3,https://www.steptools.com/stds/smrl/data/modules/basic_geometric_topology/sys/4_info_reqs.htm#basic_geometric_topology_arm.vertex_point
有界曲线,Bounded_curve,bounded_curve,basic_geometry,ap242,15,https://www.steptools.com/stds/smrl/data/modules/basic_geometry/sys/4_info_reqs.htm#basic_geometry_arm.bounded_curve
有界曲面,Bounded_surface,bounded_surface,basic_geometry,ap242,1,https://www.steptools.com/stds/smrl/data/modules/basic_geometry/sys/4_info_reqs.htm#basic_geometry_arm.bounded_surface
圆,Circle,circle,basic_geometry,ap242,0,https://www.steptools.com/stds/smrl/data/modules/basic_geometry/sys/4_info_reqs.htm#basic_geometry_arm.circle
二次曲线,Conic,conic,basic_geometry,ap242,0,https://www.steptools.com/stds/smrl/data/modules/basic_geometry/sys/4_info_reqs.htm#basic_geometry_arm.conic
圆锥面曲面,Conical_surface,conical_surface,basic_geometry,ap242,0,https://www.steptools.com/stds/smrl/data/modules/basic_geometry/sys/4_info_reqs.htm#basic_geometry_arm.conical_surface
曲线,Curve,curve,basic_geometry,ap242,16,https://www.steptools.com/stds/smrl/data/modules/basic_geometry/sys/4_info_reqs.htm#basic_geometry_arm.curve
圆柱点,Cylindrical_point,cylindrical_point,basic_geometry,ap242,0,https://www.steptools.com/stds/smrl/data/modules/basic_geometry/sys/4_info_reqs.htm#basic_geometry_arm.cylindrical_point
圆柱曲面,Cylindrical_surface,cylindrical_surface,basic_geometry,ap242,0,https://www.steptools.com/stds/smrl/data/modules/basic_geometry/sys/4_info_reqs.htm#basic_geometry_arm.cylindrical_surface
退化参数曲线,Degenerate_pcurve,degenerate_pcurve,basic_geometry,ap242,0,https://www.steptools.com/stds/smrl/data/modules/basic_geometry/sys/4_info_reqs.htm#basic_geometry_arm.degenerate_pcurve
椭圆,Ellipse,ellipse,basic_geometry,ap242,0,https://www.steptools.com/stds/smrl/data/modules/basic_geometry/sys/4_info_reqs.htm#basic_geometry_arm.ellipse
拉伸曲面,Extruded_surface,extruded_surface,basic_geometry,ap242,0,https://www.steptools.com/stds/smrl/data/modules/basic_geometry/sys/4_info_reqs.htm#basic_geometry_arm.extruded_surface
双曲线,Hyperbola,hyperbola,basic_geometry,ap242,0,https://www.steptools.com/stds/smrl/data/modules/basic_geometry/sys/4_info_reqs.htm#basic_geometry_arm.hyperbola
线,Line,line,basic_geometry,ap242,0,https://www.steptools.com/stds/smrl/data/modules/basic_geometry/sys/4_info_reqs.htm#basic_geometry_arm.line
抛物线,Parabola,parabola,basic_geometry,ap242,0,https://www.steptools.com/stds/smrl/data/modules/basic_geometry/sys/4_info_reqs.htm#basic_geometry_arm.parabola
平面,Plane,plane,basic_geometry,ap242,2,https://www.steptools.com/stds/smrl/data/modules/basic_geometry/sys/4_info_reqs.htm#basic_geometry_arm.plane
点在曲线,Point_on_curve,point_on_curve,basic_geometry,ap242,5,https://www.steptools.com/stds/smrl/data/modules/basic_geometry/sys/4_info_reqs.htm#basic_geometry_arm.point_on_curve
点在曲面,Point_on_surface,point_on_surface,basic_geometry,ap242,5,https://www.steptools.com/stds/smrl/data/modules/basic_geometry/sys/4_info_reqs.htm#basic_geometry_arm.point_on_surface
极坐标点,Polar_point,polar_point,basic_geometry,ap242,0,https://www.steptools.com/stds/smrl/data/modules/basic_geometry/sys/4_info_reqs.htm#basic_geometry_arm.polar_point
球形点,Spherical_point,spherical_point,basic_geometry,ap242,0,https://www.steptools.com/stds/smrl/data/modules/basic_geometry/sys/4_info_reqs.htm#basic_geometry_arm.spherical_point
球形曲面,Spherical_surface,spherical_surface,basic_geometry,ap242,0,https://www.steptools.com/stds/smrl/data/modules/basic_geometry/sys/4_info_reqs.htm#basic_geometry_arm.spherical_surface
曲面,Surface,surface,basic_geometry,ap242,12,https://www.steptools.com/stds/smrl/data/modules/basic_geometry/sys/4_info_reqs.htm#basic_geometry_arm.surface
曲面的回转,Surface_of_revolution,surface_of_revolution,basic_geometry,ap242,0,https://www.steptools.com/stds/smrl/data/modules/basic_geometry/sys/4_info_reqs.htm#basic_geometry_arm.surface_of_revolution
扫掠曲面,Swept_surface,swept_surface,basic_geometry,ap242,0,https://www.steptools.com/stds/smrl/data/modules/basic_geometry/sys/4_info_reqs.htm#basic_geometry_arm.swept_surface
环面曲面,Toroidal_surface,toroidal_surface,basic_geometry,ap242,0,https://www.steptools.com/stds/smrl/data/modules/basic_geometry/sys/4_info_reqs.htm#basic_geometry_arm.toroidal_surface
相机模型D3,Camera_model_d3,camera_model_d3,camera_view_3d,ap242,1,https://www.steptools.com/stds/smrl/data/modules/camera_view_3d/sys/4_info_reqs.htm#camera_view_3d_arm.camera_model_d3
裁剪运算符,Clipping_operator,clipping_operator,camera_view_3d,ap242,1,https://www.steptools.com/stds/smrl/data/modules/camera_view_3d/sys/4_info_reqs.htm#camera_view_3d_arm.clipping_operator
光源源,Light_source,light_source,camera_view_3d,ap242,1,https://www.steptools.com/stds/smrl/data/modules/camera_view_3d/sys/4_info_reqs.htm#camera_view_3d_arm.light_source
模型图像三维,Model_image_3d,model_image_3d,camera_view_3d,ap242,2,https://www.steptools.com/stds/smrl/data/modules/camera_view_3d/sys/4_info_reqs.htm#camera_view_3d_arm.model_image_3d
认证,Certification,certification,certification,ap242,5,https://www.steptools.com/stds/smrl/data/modules/certification/sys/4_info_reqs.htm#certification_arm.certification
认证赋值,Certification_assignment,certification_assignment,certification,ap242,2,https://www.steptools.com/stds/smrl/data/modules/certification/sys/4_info_reqs.htm#certification_arm.certification_assignment
特征数据列头,Characteristic_data_column_header,characteristic_data_column_header,characteristic,ap242,0,https://www.steptools.com/stds/smrl/data/modules/characteristic/sys/4_info_reqs.htm#characteristic_arm.characteristic_data_column_header
特征数据列头链接,Characteristic_data_column_header_link,characteristic_data_column_header_link,characteristic,ap242,0,https://www.steptools.com/stds/smrl/data/modules/characteristic/sys/4_info_reqs.htm#characteristic_arm.characteristic_data_column_header_link
特征数据表,Characteristic_data_table,characteristic_data_table,characteristic,ap242,0,https://www.steptools.com/stds/smrl/data/modules/characteristic/sys/4_info_reqs.htm#characteristic_arm.characteristic_data_table
特征数据表头,Characteristic_data_table_header,characteristic_data_table_header,characteristic,ap242,0,https://www.steptools.com/stds/smrl/data/modules/characteristic/sys/4_info_reqs.htm#characteristic_arm.characteristic_data_table_header
特征数据表头分解,Characteristic_data_table_header_decomposition,characteristic_data_table_header_decomposition,characteristic,ap242,2,https://www.steptools.com/stds/smrl/data/modules/characteristic/sys/4_info_reqs.htm#characteristic_arm.characteristic_data_table_header_decomposition
特征数据表头用法,Characteristic_data_table_header_usage,characteristic_data_table_header_usage,characteristic,ap242,1,https://www.steptools.com/stds/smrl/data/modules/characteristic/sys/4_info_reqs.htm#characteristic_arm.characteristic_data_table_header_usage
特征数据表表示,Characteristic_data_table_representation,characteristic_data_table_representation,characteristic,ap242,0,https://www.steptools.com/stds/smrl/data/modules/characteristic/sys/4_info_reqs.htm#characteristic_arm.characteristic_data_table_representation
特征数据表行,Characteristic_data_table_row,characteristic_data_table_row,characteristic,ap242,0,https://www.steptools.com/stds/smrl/data/modules/characteristic/sys/4_info_reqs.htm#characteristic_arm.characteristic_data_table_row
相关属性,Correlated_property,correlated_property,characteristic,ap242,0,https://www.steptools.com/stds/smrl/data/modules/characteristic/sys/4_info_reqs.htm#characteristic_arm.correlated_property
外部定义类型限定符,Externally_defined_type_qualifier,externally_defined_type_qualifier,characteristic,ap242,0,https://www.steptools.com/stds/smrl/data/modules/characteristic/sys/4_info_reqs.htm#characteristic_arm.externally_defined_type_qualifier
长度公差特征,Length_tolerance_characteristic,length_tolerance_characteristic,characteristic,ap242,0,https://www.steptools.com/stds/smrl/data/modules/characteristic/sys/4_info_reqs.htm#characteristic_arm.length_tolerance_characteristic
最大公差特征,Maximum_tolerance_characteristic,maximum_tolerance_characteristic,characteristic,ap242,0,https://www.steptools.com/stds/smrl/data/modules/characteristic/sys/4_info_reqs.htm#characteristic_arm.maximum_tolerance_characteristic
最小公差特征,Minimum_tolerance_characteristic,minimum_tolerance_characteristic,characteristic,ap242,0,https://www.steptools.com/stds/smrl/data/modules/characteristic/sys/4_info_reqs.htm#characteristic_arm.minimum_tolerance_characteristic
名义公差特征,Nominal_tolerance_characteristic,nominal_tolerance_characteristic,characteristic,ap242,0,https://www.steptools.com/stds/smrl/data/modules/characteristic/sys/4_info_reqs.htm#characteristic_arm.nominal_tolerance_characteristic
空表示项,Null_representation_item,null_representation_item,characteristic,ap242,1,https://www.steptools.com/stds/smrl/data/modules/characteristic/sys/4_info_reqs.htm#characteristic_arm.null_representation_item
加减公差特征,Plus_minus_tolerance_characteristic,plus_minus_tolerance_characteristic,characteristic,ap242,0,https://www.steptools.com/stds/smrl/data/modules/characteristic/sys/4_info_reqs.htm#characteristic_arm.plus_minus_tolerance_characteristic
限定公差特征,Qualified_tolerance_characteristic,qualified_tolerance_characteristic,characteristic,ap242,0,https://www.steptools.com/stds/smrl/data/modules/characteristic/sys/4_info_reqs.htm#characteristic_arm.qualified_tolerance_characteristic
范围特征,Range_characteristic,range_characteristic,characteristic,ap242,0,https://www.steptools.com/stds/smrl/data/modules/characteristic/sys/4_info_reqs.htm#characteristic_arm.range_characteristic
统计公差特征,Statistical_tolerance_characteristic,statistical_tolerance_characteristic,characteristic,ap242,0,https://www.steptools.com/stds/smrl/data/modules/characteristic/sys/4_info_reqs.htm#characteristic_arm.statistical_tolerance_characteristic
对称公差特征,Symmetrical_tolerance_characteristic,symmetrical_tolerance_characteristic,characteristic,ap242,0,https://www.steptools.com/stds/smrl/data/modules/characteristic/sys/4_info_reqs.htm#characteristic_arm.symmetrical_tolerance_characteristic
文本表示项,Text_representation_item,text_representation_item,characteristic,ap242,0,https://www.steptools.com/stds/smrl/data/modules/characteristic/sys/4_info_reqs.htm#characteristic_arm.text_representation_item
公差特征,Tolerance_characteristic,tolerance_characteristic,characteristic,ap242,0,https://www.steptools.com/stds/smrl/data/modules/characteristic/sys/4_info_reqs.htm#characteristic_arm.tolerance_characteristic
典型公差特征,Typical_tolerance_characteristic,typical_tolerance_characteristic,characteristic,ap242,0,https://www.steptools.com/stds/smrl/data/modules/characteristic/sys/4_info_reqs.htm#characteristic_arm.typical_tolerance_characteristic
可特征化对象,Characterizable_object,characterizable_object,characterizable_object,ap242,8,https://www.steptools.com/stds/smrl/data/modules/characterizable_object/sys/4_info_reqs.htm#characterizable_object_arm.characterizable_object
特征化链基于项之内表示,Characterized_chain_based_item_within_representation,characterized_chain_based_item_within_representation,characterized_representation,ap242,0,https://www.steptools.com/stds/smrl/data/modules/characterized_representation/sys/4_info_reqs.htm#characterized_representation_arm.characterized_chain_based_item_within_representation
特征化项之内表示,Characterized_item_within_representation,characterized_item_within_representation,characterized_representation,ap242,1,https://www.steptools.com/stds/smrl/data/modules/characterized_representation/sys/4_info_reqs.htm#characterized_representation_arm.characterized_item_within_representation
特征化表示,Characterized_representation,characterized_representation,characterized_representation,ap242,2,https://www.steptools.com/stds/smrl/data/modules/characterized_representation/sys/4_info_reqs.htm#characterized_representation_arm.characterized_representation
类,Class,class,class,ap242,1,https://www.steptools.com/stds/smrl/data/modules/class/sys/4_info_reqs.htm#class_arm.class
类按扩展,Class_by_extension,class_by_extension,class,ap242,0,https://www.steptools.com/stds/smrl/data/modules/class/sys/4_info_reqs.htm#class_arm.class_by_extension
类按内涵,Class_by_intension,class_by_intension,class,ap242,0,https://www.steptools.com/stds/smrl/data/modules/class/sys/4_info_reqs.htm#class_arm.class_by_intension
分类赋值,Classification_assignment,classification_assignment,classification_assignment,ap242,1,https://www.steptools.com/stds/smrl/data/modules/classification_assignment/sys/4_info_reqs.htm#classification_assignment_arm.classification_assignment
分类赋值关系,Classification_assignment_relationship,classification_assignment_relationship,classification_assignment,ap242,0,https://www.steptools.com/stds/smrl/data/modules/classification_assignment/sys/4_info_reqs.htm#classification_assignment_arm.classification_assignment_relationship
类层次,Class_hierarchy,class_hierarchy,classification_with_attributes,ap242,0,https://www.steptools.com/stds/smrl/data/modules/classification_with_attributes/sys/4_info_reqs.htm#classification_with_attributes_arm.class_hierarchy
类带属性,Class_with_attributes,class_with_attributes,classification_with_attributes,ap242,3,https://www.steptools.com/stds/smrl/data/modules/classification_with_attributes/sys/4_info_reqs.htm#classification_with_attributes_arm.class_with_attributes
分类关联,Classification_association,classification_association,classification_with_attributes,ap242,1,https://www.steptools.com/stds/smrl/data/modules/classification_with_attributes/sys/4_info_reqs.htm#classification_with_attributes_arm.classification_association
分类属性,Classification_attribute,classification_attribute,classification_with_attributes,ap242,0,https://www.steptools.com/stds/smrl/data/modules/classification_with_attributes/sys/4_info_reqs.htm#classification_with_attributes_arm.classification_attribute
分类系统,Classification_system,classification_system,classification_with_attributes,ap242,0,https://www.steptools.com/stds/smrl/data/modules/classification_with_attributes/sys/4_info_reqs.htm#classification_with_attributes_arm.classification_system
外部类带属性,External_class_with_attributes,external_class_with_attributes,classification_with_attributes,ap242,0,https://www.steptools.com/stds/smrl/data/modules/classification_with_attributes/sys/4_info_reqs.htm#classification_with_attributes_arm.external_class_with_attributes
颜色,Colour,colour,colour,ap242,3,https://www.steptools.com/stds/smrl/data/modules/colour/sys/4_info_reqs.htm#colour_arm.colour
外部定义颜色,Externally_defined_colour,externally_defined_colour,colour,ap242,0,https://www.steptools.com/stds/smrl/data/modules/colour/sys/4_info_reqs.htm#colour_arm.externally_defined_colour
预定义颜色,Pre_defined_colour,pre_defined_colour,colour,ap242,0,https://www.steptools.com/stds/smrl/data/modules/colour/sys/4_info_reqs.htm#colour_arm.pre_defined_colour
用户定义颜色,User_defined_colour,user_defined_colour,colour,ap242,0,https://www.steptools.com/stds/smrl/data/modules/colour/sys/4_info_reqs.htm#colour_arm.user_defined_colour
矩形组合曲面,Rectangular_composite_surface,rectangular_composite_surface,composite_surface,ap242,0,https://www.steptools.com/stds/smrl/data/modules/composite_surface/sys/4_info_reqs.htm#composite_surface_arm.rectangular_composite_surface
曲面面片,Surface_patch,surface_patch,composite_surface,ap242,0,https://www.steptools.com/stds/smrl/data/modules/composite_surface/sys/4_info_reqs.htm#composite_surface_arm.surface_patch
裁剪曲面,Trimmed_surface,trimmed_surface,composite_surface,ap242,3,https://www.steptools.com/stds/smrl/data/modules/composite_surface/sys/4_info_reqs.htm#composite_surface_arm.trimmed_surface
复合形状表示,Compound_shape_representation,compound_shape_representation,compound_shape_representation,ap242,0,https://www.steptools.com/stds/smrl/data/modules/compound_shape_representation/sys/4_info_reqs.htm#compound_shape_representation_arm.compound_shape_representation
项用法有效性,Item_usage_effectivity,item_usage_effectivity,configuration_effectivity,ap242,2,https://www.steptools.com/stds/smrl/data/modules/configuration_effectivity/sys/4_info_reqs.htm#configuration_effectivity_arm.item_usage_effectivity
项设计关联,Item_design_association,item_design_association,configuration_item,ap242,2,https://www.steptools.com/stds/smrl/data/modules/configuration_item/sys/4_info_reqs.htm#configuration_item_arm.item_design_association
产品配置,Product_configuration,product_configuration,configuration_item,ap242,13,https://www.steptools.com/stds/smrl/data/modules/configuration_item/sys/4_info_reqs.htm#configuration_item_arm.product_configuration
产品配置层次关系,Product_configuration_hierarchical_relationship,product_configuration_hierarchical_relationship,configuration_item,ap242,0,https://www.steptools.com/stds/smrl/data/modules/configuration_item/sys/4_info_reqs.htm#configuration_item_arm.product_configuration_hierarchical_relationship
产品配置关系,Product_configuration_relationship,product_configuration_relationship,configuration_item,ap242,0,https://www.steptools.com/stds/smrl/data/modules/configuration_item/sys/4_info_reqs.htm#configuration_item_arm.product_configuration_relationship
产品配置修订序列,Product_configuration_revision_sequence,product_configuration_revision_sequence,configuration_item,ap242,0,https://www.steptools.com/stds/smrl/data/modules/configuration_item/sys/4_info_reqs.htm#configuration_item_arm.product_configuration_revision_sequence
构造几何,Constructive_geometry,constructive_geometry,construction_geometry,ap242,3,https://www.steptools.com/stds/smrl/data/modules/construction_geometry/sys/4_info_reqs.htm#construction_geometry_arm.constructive_geometry
构造几何关联,Constructive_geometry_association,constructive_geometry_association,construction_geometry,ap242,0,https://www.steptools.com/stds/smrl/data/modules/construction_geometry/sys/4_info_reqs.htm#construction_geometry_arm.constructive_geometry_association
轴放置映射,Axis_placement_mapping,axis_placement_mapping,contextual_shape_positioning,ap242,0,https://www.steptools.com/stds/smrl/data/modules/contextual_shape_positioning/sys/4_info_reqs.htm#contextual_shape_positioning_arm.axis_placement_mapping
上下文形状表示,Contextual_shape_representation,contextual_shape_representation,contextual_shape_positioning,ap242,0,https://www.steptools.com/stds/smrl/data/modules/contextual_shape_positioning/sys/4_info_reqs.htm#contextual_shape_positioning_arm.contextual_shape_representation
几何组成带运算符变换,Geometric_composition_with_operator_transformation,geometric_composition_with_operator_transformation,contextual_shape_positioning,ap242,1,https://www.steptools.com/stds/smrl/data/modules/contextual_shape_positioning/sys/4_info_reqs.htm#contextual_shape_positioning_arm.geometric_composition_with_operator_transformation
几何组成带放置变换,Geometric_composition_with_placement_transformation,geometric_composition_with_placement_transformation,contextual_shape_positioning,ap242,1,https://www.steptools.com/stds/smrl/data/modules/contextual_shape_positioning/sys/4_info_reqs.htm#contextual_shape_positioning_arm.geometric_composition_with_placement_transformation
几何模型关系带变换,Geometric_model_relationship_with_transformation,geometric_model_relationship_with_transformation,contextual_shape_positioning,ap242,2,https://www.steptools.com/stds/smrl/data/modules/contextual_shape_positioning/sys/4_info_reqs.htm#contextual_shape_positioning_arm.geometric_model_relationship_with_transformation
几何放置模型,Geometric_placement_model,geometric_placement_model,contextual_shape_positioning,ap242,0,https://www.steptools.com/stds/smrl/data/modules/contextual_shape_positioning/sys/4_info_reqs.htm#contextual_shape_positioning_arm.geometric_placement_model
几何关系带运算符变换,Geometric_relationship_with_operator_transformation,geometric_relationship_with_operator_transformation,contextual_shape_positioning,ap242,0,https://www.steptools.com/stds/smrl/data/modules/contextual_shape_positioning/sys/4_info_reqs.htm#contextual_shape_positioning_arm.geometric_relationship_with_operator_transformation
几何关系带放置变换,Geometric_relationship_with_placement_transformation,geometric_relationship_with_placement_transformation,contextual_shape_positioning,ap242,2,https://www.steptools.com/stds/smrl/data/modules/contextual_shape_positioning/sys/4_info_reqs.htm#contextual_shape_positioning_arm.geometric_relationship_with_placement_transformation
合同,Contract,contract,contract,ap242,8,https://www.steptools.com/stds/smrl/data/modules/contract/sys/4_info_reqs.htm#contract_arm.contract
合同赋值,Contract_assignment,contract_assignment,contract,ap242,1,https://www.steptools.com/stds/smrl/data/modules/contract/sys/4_info_reqs.htm#contract_arm.contract_assignment
合同关系,Contract_relationship,contract_relationship,contract,ap242,0,https://www.steptools.com/stds/smrl/data/modules/contract/sys/4_info_reqs.htm#contract_arm.contract_relationship
曲线外观,Curve_appearance,curve_appearance,curve_appearance,ap242,1,https://www.steptools.com/stds/smrl/data/modules/curve_appearance/sys/4_info_reqs.htm#curve_appearance_arm.curve_appearance
外部定义标记,Externally_defined_marker,externally_defined_marker,curve_appearance,ap242,0,https://www.steptools.com/stds/smrl/data/modules/curve_appearance/sys/4_info_reqs.htm#curve_appearance_arm.externally_defined_marker
外部定义终止符,Externally_defined_terminator,externally_defined_terminator,curve_appearance,ap242,0,https://www.steptools.com/stds/smrl/data/modules/curve_appearance/sys/4_info_reqs.htm#curve_appearance_arm.externally_defined_terminator
标记,Marker,marker,curve_appearance,ap242,2,https://www.steptools.com/stds/smrl/data/modules/curve_appearance/sys/4_info_reqs.htm#curve_appearance_arm.marker
点外观,Point_appearance,point_appearance,curve_appearance,ap242,0,https://www.steptools.com/stds/smrl/data/modules/curve_appearance/sys/4_info_reqs.htm#curve_appearance_arm.point_appearance
预定义标记,Predefined_marker,predefined_marker,curve_appearance,ap242,0,https://www.steptools.com/stds/smrl/data/modules/curve_appearance/sys/4_info_reqs.htm#curve_appearance_arm.predefined_marker
预定义终止符,Predefined_terminator,predefined_terminator,curve_appearance,ap242,0,https://www.steptools.com/stds/smrl/data/modules/curve_appearance/sys/4_info_reqs.htm#curve_appearance_arm.predefined_terminator
终止符,Terminator,terminator,curve_appearance,ap242,2,https://www.steptools.com/stds/smrl/data/modules/curve_appearance/sys/4_info_reqs.htm#curve_appearance_arm.terminator
用户定义标记,User_defined_marker,user_defined_marker,curve_appearance,ap242,0,https://www.steptools.com/stds/smrl/data/modules/curve_appearance/sys/4_info_reqs.htm#curve_appearance_arm.user_defined_marker
用户定义终止符,User_defined_terminator,user_defined_terminator,curve_appearance,ap242,0,https://www.steptools.com/stds/smrl/data/modules/curve_appearance/sys/4_info_reqs.htm#curve_appearance_arm.user_defined_terminator
向量外观,Vector_appearance,vector_appearance,curve_appearance,ap242,0,https://www.steptools.com/stds/smrl/data/modules/curve_appearance/sys/4_info_reqs.htm#curve_appearance_arm.vector_appearance
曲线扫掠实体,Curve_swept_solid,curve_swept_solid,curve_swept_solid,ap242,0,https://www.steptools.com/stds/smrl/data/modules/curve_swept_solid/sys/4_info_reqs.htm#curve_swept_solid_arm.curve_swept_solid
日历日期,Calendar_date,calendar_date,date_time,ap242,3,https://www.steptools.com/stds/smrl/data/modules/date_time/sys/4_info_reqs.htm#date_time_arm.calendar_date
日期时间,Date_time,date_time,date_time,ap242,6,https://www.steptools.com/stds/smrl/data/modules/date_time/sys/4_info_reqs.htm#date_time_arm.date_time
局部时间,Local_time,local_time,date_time,ap242,0,https://www.steptools.com/stds/smrl/data/modules/date_time/sys/4_info_reqs.htm#date_time_arm.local_time
时间偏置,Time_offset,time_offset,date_time,ap242,0,https://www.steptools.com/stds/smrl/data/modules/date_time/sys/4_info_reqs.htm#date_time_arm.time_offset
日期或日期时间赋值,Date_or_date_time_assignment,date_or_date_time_assignment,date_time_assignment,ap242,9,https://www.steptools.com/stds/smrl/data/modules/date_time_assignment/sys/4_info_reqs.htm#date_time_assignment_arm.date_or_date_time_assignment
轴放置形状元素,Axis_placement_shape_element,axis_placement_shape_element,datum_and_datum_systems,ap242,3,https://www.steptools.com/stds/smrl/data/modules/datum_and_datum_systems/sys/4_info_reqs.htm#datum_and_datum_systems_arm.axis_placement_shape_element
接触特征,Contacting_feature,contacting_feature,datum_and_datum_systems,ap242,0,https://www.steptools.com/stds/smrl/data/modules/datum_and_datum_systems/sys/4_info_reqs.htm#datum_and_datum_systems_arm.contacting_feature
基准,Datum,datum,datum_and_datum_systems,ap242,2,https://www.steptools.com/stds/smrl/data/modules/datum_and_datum_systems/sys/4_info_reqs.htm#datum_and_datum_systems_arm.datum
基准特征,Datum_feature,datum_feature,datum_and_datum_systems,ap242,0,https://www.steptools.com/stds/smrl/data/modules/datum_and_datum_systems/sys/4_info_reqs.htm#datum_and_datum_systems_arm.datum_feature
基准引用格,Datum_reference_compartment,datum_reference_compartment,datum_and_datum_systems,ap242,1,https://www.steptools.com/stds/smrl/data/modules/datum_and_datum_systems/sys/4_info_reqs.htm#datum_and_datum_systems_arm.datum_reference_compartment
基准引用元素,Datum_reference_element,datum_reference_element,datum_and_datum_systems,ap242,0,https://www.steptools.com/stds/smrl/data/modules/datum_and_datum_systems/sys/4_info_reqs.htm#datum_and_datum_systems_arm.datum_reference_element
基准引用修饰符带值,Datum_reference_modifier_with_value,datum_reference_modifier_with_value,datum_and_datum_systems,ap242,0,https://www.steptools.com/stds/smrl/data/modules/datum_and_datum_systems/sys/4_info_reqs.htm#datum_and_datum_systems_arm.datum_reference_modifier_with_value
基准系统,Datum_system,datum_system,datum_and_datum_systems,ap242,14,https://www.steptools.com/stds/smrl/data/modules/datum_and_datum_systems/sys/4_info_reqs.htm#datum_and_datum_systems_arm.datum_system
基准系统带关联模型坐标系统,Datum_system_with_associated_model_coordinate_system,datum_system_with_associated_model_coordinate_system,datum_and_datum_systems,ap242,1,https://www.steptools.com/stds/smrl/data/modules/datum_and_datum_systems/sys/4_info_reqs.htm#datum_and_datum_systems_arm.datum_system_with_associated_model_coordinate_system
基准目标,Datum_target,datum_target,datum_and_datum_systems,ap242,0,https://www.steptools.com/stds/smrl/data/modules/datum_and_datum_systems/sys/4_info_reqs.htm#datum_and_datum_systems_arm.datum_target
通用基准引用,General_datum_reference,general_datum_reference,datum_and_datum_systems,ap242,1,https://www.steptools.com/stds/smrl/data/modules/datum_and_datum_systems/sys/4_info_reqs.htm#datum_and_datum_systems_arm.general_datum_reference
放置目标,Placed_target,placed_target,datum_and_datum_systems,ap242,0,https://www.steptools.com/stds/smrl/data/modules/datum_and_datum_systems/sys/4_info_reqs.htm#datum_and_datum_systems_arm.placed_target
平面形状元素,Plane_shape_element,plane_shape_element,datum_and_datum_systems,ap242,1,https://www.steptools.com/stds/smrl/data/modules/datum_and_datum_systems/sys/4_info_reqs.htm#datum_and_datum_systems_arm.plane_shape_element
点形状元素,Point_shape_element,point_shape_element,datum_and_datum_systems,ap242,1,https://www.steptools.com/stds/smrl/data/modules/datum_and_datum_systems/sys/4_info_reqs.htm#datum_and_datum_systems_arm.point_shape_element
目标面积,Target_area,target_area,datum_and_datum_systems,ap242,0,https://www.steptools.com/stds/smrl/data/modules/datum_and_datum_systems/sys/4_info_reqs.htm#datum_and_datum_systems_arm.target_area
目标圆,Target_circle,target_circle,datum_and_datum_systems,ap242,0,https://www.steptools.com/stds/smrl/data/modules/datum_and_datum_systems/sys/4_info_reqs.htm#datum_and_datum_systems_arm.target_circle
目标圆形曲线,Target_circular_curve,target_circular_curve,datum_and_datum_systems,ap242,0,https://www.steptools.com/stds/smrl/data/modules/datum_and_datum_systems/sys/4_info_reqs.htm#datum_and_datum_systems_arm.target_circular_curve
目标曲线,Target_curve,target_curve,datum_and_datum_systems,ap242,0,https://www.steptools.com/stds/smrl/data/modules/datum_and_datum_systems/sys/4_info_reqs.htm#datum_and_datum_systems_arm.target_curve
目标点,Target_point,target_point,datum_and_datum_systems,ap242,0,https://www.steptools.com/stds/smrl/data/modules/datum_and_datum_systems/sys/4_info_reqs.htm#datum_and_datum_systems_arm.target_point
目标矩形,Target_rectangle,target_rectangle,datum_and_datum_systems,ap242,0,https://www.steptools.com/stds/smrl/data/modules/datum_and_datum_systems/sys/4_info_reqs.htm#datum_and_datum_systems_arm.target_rectangle
目标直线线,Target_straight_line,target_straight_line,datum_and_datum_systems,ap242,0,https://www.steptools.com/stds/smrl/data/modules/datum_and_datum_systems/sys/4_info_reqs.htm#datum_and_datum_systems_arm.target_straight_line
默认倒角,Default_chamfer,default_chamfer,default_setting_association,ap242,0,https://www.steptools.com/stds/smrl/data/modules/default_setting_association/sys/4_info_reqs.htm#default_setting_association_arm.default_chamfer
默认草图角,Default_draft_angle,default_draft_angle,default_setting_association,ap242,0,https://www.steptools.com/stds/smrl/data/modules/default_setting_association/sys/4_info_reqs.htm#default_setting_association_arm.default_draft_angle
默认边圆,Default_edge_round,default_edge_round,default_setting_association,ap242,0,https://www.steptools.com/stds/smrl/data/modules/default_setting_association/sys/4_info_reqs.htm#default_setting_association_arm.default_edge_round
默认圆角,Default_fillet,default_fillet,default_setting_association,ap242,0,https://www.steptools.com/stds/smrl/data/modules/default_setting_association/sys/4_info_reqs.htm#default_setting_association_arm.default_fillet
默认形状属性,Default_shape_property,default_shape_property,default_setting_association,ap242,0,https://www.steptools.com/stds/smrl/data/modules/default_setting_association/sys/4_info_reqs.htm#default_setting_association_arm.default_shape_property
默认厚度,Default_thickness,default_thickness,default_setting_association,ap242,0,https://www.steptools.com/stds/smrl/data/modules/default_setting_association/sys/4_info_reqs.htm#default_setting_association_arm.default_thickness
通用公差表,General_tolerance_table,general_tolerance_table,default_tolerance,ap242,0,https://www.steptools.com/stds/smrl/data/modules/default_tolerance/sys/4_info_reqs.htm#default_tolerance_arm.general_tolerance_table
通用公差,General_tolerances,general_tolerances,default_tolerance,ap242,0,https://www.steptools.com/stds/smrl/data/modules/default_tolerance/sys/4_info_reqs.htm#default_tolerance_arm.general_tolerances
编号的十进制位,Number_of_decimal_places,number_of_decimal_places,default_tolerance,ap242,0,https://www.steptools.com/stds/smrl/data/modules/default_tolerance/sys/4_info_reqs.htm#default_tolerance_arm.number_of_decimal_places
加减带公差基准,Plus_minus_toleranced_datum,plus_minus_toleranced_datum,default_tolerance,ap242,0,https://www.steptools.com/stds/smrl/data/modules/default_tolerance/sys/4_info_reqs.htm#default_tolerance_arm.plus_minus_toleranced_datum
有效编号的数字,Significant_number_of_digits,significant_number_of_digits,default_tolerance,ap242,0,https://www.steptools.com/stds/smrl/data/modules/default_tolerance/sys/4_info_reqs.htm#default_tolerance_arm.significant_number_of_digits
公差表单元,Tolerance_table_cell,tolerance_table_cell,default_tolerance,ap242,0,https://www.steptools.com/stds/smrl/data/modules/default_tolerance/sys/4_info_reqs.htm#default_tolerance_arm.tolerance_table_cell
上下极限,Upper_lower_limit,upper_lower_limit,default_tolerance,ap242,0,https://www.steptools.com/stds/smrl/data/modules/default_tolerance/sys/4_info_reqs.htm#default_tolerance_arm.upper_lower_limit
上下带公差基准,Upper_lower_toleranced_datum,upper_lower_toleranced_datum,default_tolerance,ap242,0,https://www.steptools.com/stds/smrl/data/modules/default_tolerance/sys/4_info_reqs.htm#default_tolerance_arm.upper_lower_toleranced_datum
顶点,Apex,apex,derived_shape_element,ap242,0,https://www.steptools.com/stds/smrl/data/modules/derived_shape_element/sys/4_info_reqs.htm#derived_shape_element_arm.apex
中心轴,Centre_axis,centre_axis,derived_shape_element,ap242,0,https://www.steptools.com/stds/smrl/data/modules/derived_shape_element/sys/4_info_reqs.htm#derived_shape_element_arm.centre_axis
中心的对称度,Centre_of_symmetry,centre_of_symmetry,derived_shape_element,ap242,0,https://www.steptools.com/stds/smrl/data/modules/derived_shape_element/sys/4_info_reqs.htm#derived_shape_element_arm.centre_of_symmetry
中心平面,Centre_plane,centre_plane,derived_shape_element,ap242,0,https://www.steptools.com/stds/smrl/data/modules/derived_shape_element/sys/4_info_reqs.htm#derived_shape_element_arm.centre_plane
中心点,Centre_point,centre_point,derived_shape_element,ap242,0,https://www.steptools.com/stds/smrl/data/modules/derived_shape_element/sys/4_info_reqs.htm#derived_shape_element_arm.centre_point
派生形状元素,Derived_shape_element,derived_shape_element,derived_shape_element,ap242,0,https://www.steptools.com/stds/smrl/data/modules/derived_shape_element/sys/4_info_reqs.htm#derived_shape_element_arm.derived_shape_element
扩展,Extension,extension,derived_shape_element,ap242,0,https://www.steptools.com/stds/smrl/data/modules/derived_shape_element/sys/4_info_reqs.htm#derived_shape_element_arm.extension
几何对齐,Geometric_alignment,geometric_alignment,derived_shape_element,ap242,0,https://www.steptools.com/stds/smrl/data/modules/derived_shape_element/sys/4_info_reqs.htm#derived_shape_element_arm.geometric_alignment
几何接触,Geometric_contact,geometric_contact,derived_shape_element,ap242,0,https://www.steptools.com/stds/smrl/data/modules/derived_shape_element/sys/4_info_reqs.htm#derived_shape_element_arm.geometric_contact
几何相交,Geometric_intersection,geometric_intersection,derived_shape_element,ap242,0,https://www.steptools.com/stds/smrl/data/modules/derived_shape_element/sys/4_info_reqs.htm#derived_shape_element_arm.geometric_intersection
中位曲线,Median_curve,median_curve,derived_shape_element,ap242,0,https://www.steptools.com/stds/smrl/data/modules/derived_shape_element/sys/4_info_reqs.htm#derived_shape_element_arm.median_curve
中位曲面,Median_surface,median_surface,derived_shape_element,ap242,0,https://www.steptools.com/stds/smrl/data/modules/derived_shape_element/sys/4_info_reqs.htm#derived_shape_element_arm.median_surface
偏置形状元素,Offset_shape_element,offset_shape_element,derived_shape_element,ap242,0,https://www.steptools.com/stds/smrl/data/modules/derived_shape_element/sys/4_info_reqs.htm#derived_shape_element_arm.offset_shape_element
平行偏置,Parallel_offset,parallel_offset,derived_shape_element,ap242,0,https://www.steptools.com/stds/smrl/data/modules/derived_shape_element/sys/4_info_reqs.htm#derived_shape_element_arm.parallel_offset
垂直到,Perpendicular_to,perpendicular_to,derived_shape_element,ap242,0,https://www.steptools.com/stds/smrl/data/modules/derived_shape_element/sys/4_info_reqs.htm#derived_shape_element_arm.perpendicular_to
相切,Tangent,tangent,derived_shape_element,ap242,0,https://www.steptools.com/stds/smrl/data/modules/derived_shape_element/sys/4_info_reqs.htm#derived_shape_element_arm.tangent
相切平面,Tangent_plane,tangent_plane,derived_shape_element,ap242,0,https://www.steptools.com/stds/smrl/data/modules/derived_shape_element/sys/4_info_reqs.htm#derived_shape_element_arm.tangent_plane
文档带附加类别,Document_with_additional_categories,document_with_additional_categories,design_product_data_management,ap242,0,https://www.steptools.com/stds/smrl/data/modules/design_product_data_management/sys/4_info_reqs.htm#design_product_data_management_arm.document_with_additional_categories
零件带附加类别,Part_with_additional_categories,part_with_additional_categories,design_product_data_management,ap242,0,https://www.steptools.com/stds/smrl/data/modules/design_product_data_management/sys/4_info_reqs.htm#design_product_data_management_arm.part_with_additional_categories
标注占位符实例,Annotation_placeholder_occurrence,annotation_placeholder_occurrence,dimension_and_tolerance_callouts,ap242,1,https://www.steptools.com/stds/smrl/data/modules/dimension_and_tolerance_callouts/sys/4_info_reqs.htm#dimension_and_tolerance_callouts_arm.annotation_placeholder_occurrence
关联尺寸文本,Associated_dimension_text,associated_dimension_text,dimension_and_tolerance_callouts,ap242,0,https://www.steptools.com/stds/smrl/data/modules/dimension_and_tolerance_callouts/sys/4_info_reqs.htm#dimension_and_tolerance_callouts_arm.associated_dimension_text
尺寸曲线终止符到投影曲线关联性,Dimension_curve_terminator_to_projection_curve_associativity,dimension_curve_terminator_to_projection_curve_associativity,dimension_and_tolerance_callouts,ap242,0,https://www.steptools.com/stds/smrl/data/modules/dimension_and_tolerance_callouts/sys/4_info_reqs.htm#dimension_and_tolerance_callouts_arm.dimension_curve_terminator_to_projection_curve_associativity
制图模型项关联带占位符,Draughting_model_item_association_with_placeholder,draughting_model_item_association_with_placeholder,dimension_and_tolerance_callouts,ap242,0,https://www.steptools.com/stds/smrl/data/modules/dimension_and_tolerance_callouts/sys/4_info_reqs.htm#dimension_and_tolerance_callouts_arm.draughting_model_item_association_with_placeholder
几何占位符集合,Geometric_placeholder_set,geometric_placeholder_set,dimension_and_tolerance_callouts,ap242,1,https://www.steptools.com/stds/smrl/data/modules/dimension_and_tolerance_callouts/sys/4_info_reqs.htm#dimension_and_tolerance_callouts_arm.geometric_placeholder_set
角加减边界,Angle_plus_minus_bounds,angle_plus_minus_bounds,dimension_tolerance,ap242,2,https://www.steptools.com/stds/smrl/data/modules/dimension_tolerance/sys/4_info_reqs.htm#dimension_tolerance_arm.angle_plus_minus_bounds
角度位置,Angular_location,angular_location,dimension_tolerance,ap242,0,https://www.steptools.com/stds/smrl/data/modules/dimension_tolerance/sys/4_info_reqs.htm#dimension_tolerance_arm.angular_location
角度尺寸,Angular_size,angular_size,dimension_tolerance,ap242,0,https://www.steptools.com/stds/smrl/data/modules/dimension_tolerance/sys/4_info_reqs.htm#dimension_tolerance_arm.angular_size
曲线距离,Curved_distance,curved_distance,dimension_tolerance,ap242,0,https://www.steptools.com/stds/smrl/data/modules/dimension_tolerance/sys/4_info_reqs.htm#dimension_tolerance_arm.curved_distance
曲线尺寸,Curved_size,curved_size,dimension_tolerance,ap242,0,https://www.steptools.com/stds/smrl/data/modules/dimension_tolerance/sys/4_info_reqs.htm#dimension_tolerance_arm.curved_size
直径尺寸,Diameter_size,diameter_size,dimension_tolerance,ap242,0,https://www.steptools.com/stds/smrl/data/modules/dimension_tolerance/sys/4_info_reqs.htm#dimension_tolerance_arm.diameter_size
尺寸值带限制,Dimension_value_with_limitation,dimension_value_with_limitation,dimension_tolerance,ap242,0,https://www.steptools.com/stds/smrl/data/modules/dimension_tolerance/sys/4_info_reqs.htm#dimension_tolerance_arm.dimension_value_with_limitation
尺寸位置,Dimensional_location,dimensional_location,dimension_tolerance,ap242,4,https://www.steptools.com/stds/smrl/data/modules/dimension_tolerance/sys/4_info_reqs.htm#dimension_tolerance_arm.dimensional_location
尺寸位置带基准特征,Dimensional_location_with_datum_feature,dimensional_location_with_datum_feature,dimension_tolerance,ap242,1,https://www.steptools.com/stds/smrl/data/modules/dimension_tolerance/sys/4_info_reqs.htm#dimension_tolerance_arm.dimensional_location_with_datum_feature
尺寸尺寸,Dimensional_size,dimensional_size,dimension_tolerance,ap242,4,https://www.steptools.com/stds/smrl/data/modules/dimension_tolerance/sys/4_info_reqs.htm#dimension_tolerance_arm.dimensional_size
尺寸尺寸带基准特征,Dimensional_size_with_datum_feature,dimensional_size_with_datum_feature,dimension_tolerance,ap242,1,https://www.steptools.com/stds/smrl/data/modules/dimension_tolerance/sys/4_info_reqs.htm#dimension_tolerance_arm.dimensional_size_with_datum_feature
边的未定义形状尺寸,Edge_of_undefined_shape_size,edge_of_undefined_shape_size,dimension_tolerance,ap242,0,https://www.steptools.com/stds/smrl/data/modules/dimension_tolerance/sys/4_info_reqs.htm#dimension_tolerance_arm.edge_of_undefined_shape_size
几何尺寸,Geometric_dimension,geometric_dimension,dimension_tolerance,ap242,3,https://www.steptools.com/stds/smrl/data/modules/dimension_tolerance/sys/4_info_reqs.htm#dimension_tolerance_arm.geometric_dimension
长度加减边界,Length_plus_minus_bounds,length_plus_minus_bounds,dimension_tolerance,ap242,7,https://www.steptools.com/stds/smrl/data/modules/dimension_tolerance/sys/4_info_reqs.htm#dimension_tolerance_arm.length_plus_minus_bounds
极限与配合,Limits_and_fits,limits_and_fits,dimension_tolerance,ap242,1,https://www.steptools.com/stds/smrl/data/modules/dimension_tolerance/sys/4_info_reqs.htm#dimension_tolerance_arm.limits_and_fits
线性距离,Linear_distance,linear_distance,dimension_tolerance,ap242,0,https://www.steptools.com/stds/smrl/data/modules/dimension_tolerance/sys/4_info_reqs.htm#dimension_tolerance_arm.linear_distance
加工特征尺寸,Machining_feature_size,machining_feature_size,dimension_tolerance,ap242,0,https://www.steptools.com/stds/smrl/data/modules/dimension_tolerance/sys/4_info_reqs.htm#dimension_tolerance_arm.machining_feature_size
测量路径,Measurement_path,measurement_path,dimension_tolerance,ap242,2,https://www.steptools.com/stds/smrl/data/modules/dimension_tolerance/sys/4_info_reqs.htm#dimension_tolerance_arm.measurement_path
加减边界,Plus_minus_bounds,plus_minus_bounds,dimension_tolerance,ap242,1,https://www.steptools.com/stds/smrl/data/modules/dimension_tolerance/sys/4_info_reqs.htm#dimension_tolerance_arm.plus_minus_bounds
径向尺寸,Radial_size,radial_size,dimension_tolerance,ap242,0,https://www.steptools.com/stds/smrl/data/modules/dimension_tolerance/sys/4_info_reqs.htm#dimension_tolerance_arm.radial_size
厚度尺寸,Thickness_size,thickness_size,dimension_tolerance,ap242,1,https://www.steptools.com/stds/smrl/data/modules/dimension_tolerance/sys/4_info_reqs.htm#dimension_tolerance_arm.thickness_size
公差范围,Tolerance_range,tolerance_range,dimension_tolerance,ap242,0,https://www.steptools.com/stds/smrl/data/modules/dimension_tolerance/sys/4_info_reqs.htm#dimension_tolerance_arm.tolerance_range
文档,Document,document,document_and_version_identification,ap242,6,https://www.steptools.com/stds/smrl/data/modules/document_and_version_identification/sys/4_info_reqs.htm#document_and_version_identification_arm.document
文档版本,Document_version,document_version,document_and_version_identification,ap242,9,https://www.steptools.com/stds/smrl/data/modules/document_and_version_identification/sys/4_info_reqs.htm#document_and_version_identification_arm.document_version
文档赋值,Document_assignment,document_assignment,document_assignment,ap242,3,https://www.steptools.com/stds/smrl/data/modules/document_assignment/sys/4_info_reqs.htm#document_assignment_arm.document_assignment
部分文档赋值,Partial_document_assignment,partial_document_assignment,document_assignment,ap242,0,https://www.steptools.com/stds/smrl/data/modules/document_assignment/sys/4_info_reqs.htm#document_assignment_arm.partial_document_assignment
数字文档定义,Digital_document_definition,digital_document_definition,document_definition,ap242,7,https://www.steptools.com/stds/smrl/data/modules/document_definition/sys/4_info_reqs.htm#document_definition_arm.digital_document_definition
文档定义,Document_definition,document_definition,document_definition,ap242,7,https://www.steptools.com/stds/smrl/data/modules/document_definition/sys/4_info_reqs.htm#document_definition_arm.document_definition
文档位置标识,Document_location_identification,document_location_identification,document_definition,ap242,0,https://www.steptools.com/stds/smrl/data/modules/document_definition/sys/4_info_reqs.htm#document_definition_arm.document_location_identification
物理文档定义,Physical_document_definition,physical_document_definition,document_definition,ap242,6,https://www.steptools.com/stds/smrl/data/modules/document_definition/sys/4_info_reqs.htm#document_definition_arm.physical_document_definition
赋值文档属性,Assigned_document_property,assigned_document_property,document_properties,ap242,0,https://www.steptools.com/stds/smrl/data/modules/document_properties/sys/4_info_reqs.htm#document_properties_arm.assigned_document_property
描述文档属性,Descriptive_document_property,descriptive_document_property,document_properties,ap242,1,https://www.steptools.com/stds/smrl/data/modules/document_properties/sys/4_info_reqs.htm#document_properties_arm.descriptive_document_property
文档属性表示,Document_property_representation,document_property_representation,document_properties,ap242,2,https://www.steptools.com/stds/smrl/data/modules/document_properties/sys/4_info_reqs.htm#document_properties_arm.document_property_representation
数值文档属性,Numerical_document_property,numerical_document_property,document_properties,ap242,0,https://www.steptools.com/stds/smrl/data/modules/document_properties/sys/4_info_reqs.htm#document_properties_arm.numerical_document_property
文档定义关系,Document_definition_relationship,document_definition_relationship,document_structure,ap242,4,https://www.steptools.com/stds/smrl/data/modules/document_structure/sys/4_info_reqs.htm#document_structure_arm.document_definition_relationship
文件关系,File_relationship,file_relationship,document_structure,ap242,3,https://www.steptools.com/stds/smrl/data/modules/document_structure/sys/4_info_reqs.htm#document_structure_arm.file_relationship
标注子图,Annotation_subfigure,annotation_subfigure,draughting_annotation,ap242,1,https://www.steptools.com/stds/smrl/data/modules/draughting_annotation/sys/4_info_reqs.htm#draughting_annotation_arm.annotation_subfigure
标注符号,Annotation_symbol,annotation_symbol,draughting_annotation,ap242,1,https://www.steptools.com/stds/smrl/data/modules/draughting_annotation/sys/4_info_reqs.htm#draughting_annotation_arm.annotation_symbol
尺寸曲线终止符,Dimension_curve_terminator,dimension_curve_terminator,draughting_annotation,ap242,0,https://www.steptools.com/stds/smrl/data/modules/draughting_annotation/sys/4_info_reqs.htm#draughting_annotation_arm.dimension_curve_terminator
尺寸符号,Dimension_symbol,dimension_symbol,draughting_annotation,ap242,0,https://www.steptools.com/stds/smrl/data/modules/draughting_annotation/sys/4_info_reqs.htm#draughting_annotation_arm.dimension_symbol
通用符号,General_symbol,general_symbol,draughting_annotation,ap242,1,https://www.steptools.com/stds/smrl/data/modules/draughting_annotation/sys/4_info_reqs.htm#draughting_annotation_arm.general_symbol
几何公差符号,Geometric_tolerance_symbol,geometric_tolerance_symbol,draughting_annotation,ap242,0,https://www.steptools.com/stds/smrl/data/modules/draughting_annotation/sys/4_info_reqs.htm#draughting_annotation_arm.geometric_tolerance_symbol
曲面条件符号,Surface_condition_symbol,surface_condition_symbol,draughting_annotation,ap242,0,https://www.steptools.com/stds/smrl/data/modules/draughting_annotation/sys/4_info_reqs.htm#draughting_annotation_arm.surface_condition_symbol
终止符符号,Terminator_symbol,terminator_symbol,draughting_annotation,ap242,0,https://www.steptools.com/stds/smrl/data/modules/draughting_annotation/sys/4_info_reqs.htm#draughting_annotation_arm.terminator_symbol
标注填充面积,Annotation_fill_area,annotation_fill_area,draughting_element,ap242,0,https://www.steptools.com/stds/smrl/data/modules/draughting_element/sys/4_info_reqs.htm#draughting_element_arm.annotation_fill_area
标注平面,Annotation_plane,annotation_plane,draughting_element,ap242,0,https://www.steptools.com/stds/smrl/data/modules/draughting_element/sys/4_info_reqs.htm#draughting_element_arm.annotation_plane
尺寸曲线,Dimension_curve,dimension_curve,draughting_element,ap242,1,https://www.steptools.com/stds/smrl/data/modules/draughting_element/sys/4_info_reqs.htm#draughting_element_arm.dimension_curve
尺寸曲线有向注记,Dimension_curve_directed_callout,dimension_curve_directed_callout,draughting_element,ap242,0,https://www.steptools.com/stds/smrl/data/modules/draughting_element/sys/4_info_reqs.htm#draughting_element_arm.dimension_curve_directed_callout
制图注记,Draughting_callout,draughting_callout,draughting_element,ap242,5,https://www.steptools.com/stds/smrl/data/modules/draughting_element/sys/4_info_reqs.htm#draughting_element_arm.draughting_callout
填充面积,Fill_area,fill_area,draughting_element,ap242,1,https://www.steptools.com/stds/smrl/data/modules/draughting_element/sys/4_info_reqs.htm#draughting_element_arm.fill_area
通用标注曲线,Generic_annotation_curve,generic_annotation_curve,draughting_element,ap242,0,https://www.steptools.com/stds/smrl/data/modules/draughting_element/sys/4_info_reqs.htm#draughting_element_arm.generic_annotation_curve
指引线,Leader,leader,draughting_element,ap242,2,https://www.steptools.com/stds/smrl/data/modules/draughting_element/sys/4_info_reqs.htm#draughting_element_arm.leader
指引线有向注记,Leader_directed_callout,leader_directed_callout,draughting_element,ap242,0,https://www.steptools.com/stds/smrl/data/modules/draughting_element/sys/4_info_reqs.htm#draughting_element_arm.leader_directed_callout
投影曲线,Projection_curve,projection_curve,draughting_element,ap242,2,https://www.steptools.com/stds/smrl/data/modules/draughting_element/sys/4_info_reqs.htm#draughting_element_arm.projection_curve
投影有向注记,Projection_directed_callout,projection_directed_callout,draughting_element,ap242,0,https://www.steptools.com/stds/smrl/data/modules/draughting_element/sys/4_info_reqs.htm#draughting_element_arm.projection_directed_callout
基准特征注记,Datum_feature_callout,datum_feature_callout,draughting_element_specialisations,ap242,0,https://www.steptools.com/stds/smrl/data/modules/draughting_element_specialisations/sys/4_info_reqs.htm#draughting_element_specialisations_arm.datum_feature_callout
基准目标注记,Datum_target_callout,datum_target_callout,draughting_element_specialisations,ap242,0,https://www.steptools.com/stds/smrl/data/modules/draughting_element_specialisations/sys/4_info_reqs.htm#draughting_element_specialisations_arm.datum_target_callout
尺寸,Dimension,dimension,draughting_element_specialisations,ap242,0,https://www.steptools.com/stds/smrl/data/modules/draughting_element_specialisations/sys/4_info_reqs.htm#draughting_element_specialisations_arm.dimension
尺寸注记,Dimension_callout,dimension_callout,draughting_element_specialisations,ap242,0,https://www.steptools.com/stds/smrl/data/modules/draughting_element_specialisations/sys/4_info_reqs.htm#draughting_element_specialisations_arm.dimension_callout
尺寸注记关系,Dimension_callout_relationship,dimension_callout_relationship,draughting_element_specialisations,ap242,0,https://www.steptools.com/stds/smrl/data/modules/draughting_element_specialisations/sys/4_info_reqs.htm#draughting_element_specialisations_arm.dimension_callout_relationship
尺寸前缀,Dimension_prefix,dimension_prefix,draughting_element_specialisations,ap242,1,https://www.steptools.com/stds/smrl/data/modules/draughting_element_specialisations/sys/4_info_reqs.htm#draughting_element_specialisations_arm.dimension_prefix
尺寸序列副,Dimension_sequence_pair,dimension_sequence_pair,draughting_element_specialisations,ap242,0,https://www.steptools.com/stds/smrl/data/modules/draughting_element_specialisations/sys/4_info_reqs.htm#draughting_element_specialisations_arm.dimension_sequence_pair
尺寸后缀,Dimension_suffix,dimension_suffix,draughting_element_specialisations,ap242,1,https://www.steptools.com/stds/smrl/data/modules/draughting_element_specialisations/sys/4_info_reqs.htm#draughting_element_specialisations_arm.dimension_suffix
尺寸值,Dimension_value,dimension_value,draughting_element_specialisations,ap242,0,https://www.steptools.com/stds/smrl/data/modules/draughting_element_specialisations/sys/4_info_reqs.htm#draughting_element_specialisations_arm.dimension_value
制图元素,Draughting_element,draughting_element,draughting_element_specialisations,ap242,0,https://www.steptools.com/stds/smrl/data/modules/draughting_element_specialisations/sys/4_info_reqs.htm#draughting_element_specialisations_arm.draughting_element
几何公差注记,Geometric_tolerance_callout,geometric_tolerance_callout,draughting_element_specialisations,ap242,0,https://www.steptools.com/stds/smrl/data/modules/draughting_element_specialisations/sys/4_info_reqs.htm#draughting_element_specialisations_arm.geometric_tolerance_callout
结构化尺寸注记,Structured_dimension_callout,structured_dimension_callout,draughting_element_specialisations,ap242,2,https://www.steptools.com/stds/smrl/data/modules/draughting_element_specialisations/sys/4_info_reqs.htm#draughting_element_specialisations_arm.structured_dimension_callout
曲面条件注记,Surface_condition_callout,surface_condition_callout,draughting_element_specialisations,ap242,0,https://www.steptools.com/stds/smrl/data/modules/draughting_element_specialisations/sys/4_info_reqs.htm#draughting_element_specialisations_arm.surface_condition_callout
边基于线框形状表示,Edge_based_wireframe_shape_representation,edge_based_wireframe_shape_representation,edge_based_wireframe,ap242,1,https://www.steptools.com/stds/smrl/data/modules/edge_based_wireframe/sys/4_info_reqs.htm#edge_based_wireframe_arm.edge_based_wireframe_shape_representation
注明日期有效性,Dated_effectivity,dated_effectivity,effectivity,ap242,0,https://www.steptools.com/stds/smrl/data/modules/effectivity/sys/4_info_reqs.htm#effectivity_arm.dated_effectivity
有效性,Effectivity,effectivity,effectivity,ap242,3,https://www.steptools.com/stds/smrl/data/modules/effectivity/sys/4_info_reqs.htm#effectivity_arm.effectivity
有效性关系,Effectivity_relationship,effectivity_relationship,effectivity,ap242,0,https://www.steptools.com/stds/smrl/data/modules/effectivity/sys/4_info_reqs.htm#effectivity_arm.effectivity_relationship
批次有效性,Lot_effectivity,lot_effectivity,effectivity,ap242,0,https://www.steptools.com/stds/smrl/data/modules/effectivity/sys/4_info_reqs.htm#effectivity_arm.lot_effectivity
串行有效性,Serial_effectivity,serial_effectivity,effectivity,ap242,0,https://www.steptools.com/stds/smrl/data/modules/effectivity/sys/4_info_reqs.htm#effectivity_arm.serial_effectivity
时间区间有效性,Time_interval_effectivity,time_interval_effectivity,effectivity,ap242,0,https://www.steptools.com/stds/smrl/data/modules/effectivity/sys/4_info_reqs.htm#effectivity_arm.time_interval_effectivity
有效性赋值,Effectivity_assignment,effectivity_assignment,effectivity_application,ap242,1,https://www.steptools.com/stds/smrl/data/modules/effectivity_application/sys/4_info_reqs.htm#effectivity_application_arm.effectivity_assignment
无效性赋值,Ineffectivity_assignment,ineffectivity_assignment,effectivity_application,ap242,0,https://www.steptools.com/stds/smrl/data/modules/effectivity_application/sys/4_info_reqs.htm#effectivity_application_arm.ineffectivity_assignment
轴1放置,Axis1_placement,axis1_placement,elemental_geometric_shape,ap242,0,https://www.steptools.com/stds/smrl/data/modules/elemental_geometric_shape/sys/4_info_reqs.htm#elemental_geometric_shape_arm.axis1_placement
轴放置,Axis_placement,axis_placement,elemental_geometric_shape,ap242,26,https://www.steptools.com/stds/smrl/data/modules/elemental_geometric_shape/sys/4_info_reqs.htm#elemental_geometric_shape_arm.axis_placement
轴放置二维,Axis_placement_2d,axis_placement_2d,elemental_geometric_shape,ap242,2,https://www.steptools.com/stds/smrl/data/modules/elemental_geometric_shape/sys/4_info_reqs.htm#elemental_geometric_shape_arm.axis_placement_2d
三维轴系布置,Axis_placement_3d,axis_placement_3d,elemental_geometric_shape,ap242,27,https://www.steptools.com/stds/smrl/data/modules/elemental_geometric_shape/sys/4_info_reqs.htm#elemental_geometric_shape_arm.axis_placement_3d
笛卡儿点,Cartesian_point,cartesian_point,elemental_geometric_shape,ap242,21,https://www.steptools.com/stds/smrl/data/modules/elemental_geometric_shape/sys/4_info_reqs.htm#elemental_geometric_shape_arm.cartesian_point
笛卡儿变换二维,Cartesian_transformation_2d,cartesian_transformation_2d,elemental_geometric_shape,ap242,1,https://www.steptools.com/stds/smrl/data/modules/elemental_geometric_shape/sys/4_info_reqs.htm#elemental_geometric_shape_arm.cartesian_transformation_2d
笛卡儿变换三维,Cartesian_transformation_3d,cartesian_transformation_3d,elemental_geometric_shape,ap242,1,https://www.steptools.com/stds/smrl/data/modules/elemental_geometric_shape/sys/4_info_reqs.htm#elemental_geometric_shape_arm.cartesian_transformation_3d
详细几何模型元素,Detailed_geometric_model_element,detailed_geometric_model_element,elemental_geometric_shape,ap242,5,https://www.steptools.com/stds/smrl/data/modules/elemental_geometric_shape/sys/4_info_reqs.htm#elemental_geometric_shape_arm.detailed_geometric_model_element
方向,Direction,direction,elemental_geometric_shape,ap242,38,https://www.steptools.com/stds/smrl/data/modules/elemental_geometric_shape/sys/4_info_reqs.htm#elemental_geometric_shape_arm.direction
几何坐标空间,Geometric_coordinate_space,geometric_coordinate_space,elemental_geometric_shape,ap242,4,https://www.steptools.com/stds/smrl/data/modules/elemental_geometric_shape/sys/4_info_reqs.htm#elemental_geometric_shape_arm.geometric_coordinate_space
几何模型,Geometric_model,geometric_model,elemental_geometric_shape,ap242,18,https://www.steptools.com/stds/smrl/data/modules/elemental_geometric_shape/sys/4_info_reqs.htm#elemental_geometric_shape_arm.geometric_model
几何运算符变换,Geometric_operator_transformation,geometric_operator_transformation,elemental_geometric_shape,ap242,0,https://www.steptools.com/stds/smrl/data/modules/elemental_geometric_shape/sys/4_info_reqs.htm#elemental_geometric_shape_arm.geometric_operator_transformation
几何放置,Geometric_placement,geometric_placement,elemental_geometric_shape,ap242,0,https://www.steptools.com/stds/smrl/data/modules/elemental_geometric_shape/sys/4_info_reqs.htm#elemental_geometric_shape_arm.geometric_placement
几何放置操作,Geometric_placement_operation,geometric_placement_operation,elemental_geometric_shape,ap242,7,https://www.steptools.com/stds/smrl/data/modules/elemental_geometric_shape/sys/4_info_reqs.htm#elemental_geometric_shape_arm.geometric_placement_operation
点,Point,point,elemental_geometric_shape,ap242,4,https://www.steptools.com/stds/smrl/data/modules/elemental_geometric_shape/sys/4_info_reqs.htm#elemental_geometric_shape_arm.point
连接边集合,Connected_edge_set,connected_edge_set,elemental_topology,ap242,1,https://www.steptools.com/stds/smrl/data/modules/elemental_topology/sys/4_info_reqs.htm#elemental_topology_arm.connected_edge_set
连接边子集合,Connected_edge_sub_set,connected_edge_sub_set,elemental_topology,ap242,0,https://www.steptools.com/stds/smrl/data/modules/elemental_topology/sys/4_info_reqs.htm#elemental_topology_arm.connected_edge_sub_set
连接面集合,Connected_face_set,connected_face_set,elemental_topology,ap242,4,https://www.steptools.com/stds/smrl/data/modules/elemental_topology/sys/4_info_reqs.htm#elemental_topology_arm.connected_face_set
连接面子集合,Connected_face_sub_set,connected_face_sub_set,elemental_topology,ap242,0,https://www.steptools.com/stds/smrl/data/modules/elemental_topology/sys/4_info_reqs.htm#elemental_topology_arm.connected_face_sub_set
详细拓扑模型元素,Detailed_topological_model_element,detailed_topological_model_element,elemental_topology,ap242,3,https://www.steptools.com/stds/smrl/data/modules/elemental_topology/sys/4_info_reqs.htm#elemental_topology_arm.detailed_topological_model_element
边,Edge,edge,elemental_topology,ap242,1,https://www.steptools.com/stds/smrl/data/modules/elemental_topology/sys/4_info_reqs.htm#elemental_topology_arm.edge
边环,Edge_loop,edge_loop,elemental_topology,ap242,1,https://www.steptools.com/stds/smrl/data/modules/elemental_topology/sys/4_info_reqs.htm#elemental_topology_arm.edge_loop
面,Face,face,elemental_topology,ap242,1,https://www.steptools.com/stds/smrl/data/modules/elemental_topology/sys/4_info_reqs.htm#elemental_topology_arm.face
面界,Face_bound,face_bound,elemental_topology,ap242,0,https://www.steptools.com/stds/smrl/data/modules/elemental_topology/sys/4_info_reqs.htm#elemental_topology_arm.face_bound
面外界,Face_outer_bound,face_outer_bound,elemental_topology,ap242,0,https://www.steptools.com/stds/smrl/data/modules/elemental_topology/sys/4_info_reqs.htm#elemental_topology_arm.face_outer_bound
环,Loop,loop,elemental_topology,ap242,0,https://www.steptools.com/stds/smrl/data/modules/elemental_topology/sys/4_info_reqs.htm#elemental_topology_arm.loop
有向边,Oriented_edge,oriented_edge,elemental_topology,ap242,0,https://www.steptools.com/stds/smrl/data/modules/elemental_topology/sys/4_info_reqs.htm#elemental_topology_arm.oriented_edge
路径,Path,path,elemental_topology,ap242,1,https://www.steptools.com/stds/smrl/data/modules/elemental_topology/sys/4_info_reqs.htm#elemental_topology_arm.path
子边,Subedge,subedge,elemental_topology,ap242,0,https://www.steptools.com/stds/smrl/data/modules/elemental_topology/sys/4_info_reqs.htm#elemental_topology_arm.subedge
子路径,Subpath,subpath,elemental_topology,ap242,0,https://www.steptools.com/stds/smrl/data/modules/elemental_topology/sys/4_info_reqs.htm#elemental_topology_arm.subpath
顶点,Vertex,vertex,elemental_topology,ap242,0,https://www.steptools.com/stds/smrl/data/modules/elemental_topology/sys/4_info_reqs.htm#elemental_topology_arm.vertex
顶点环,Vertex_loop,vertex_loop,elemental_topology,ap242,0,https://www.steptools.com/stds/smrl/data/modules/elemental_topology/sys/4_info_reqs.htm#elemental_topology_arm.vertex_loop
基本边界表示形状表示,Elementary_brep_shape_representation,elementary_brep_shape_representation,elementary_boundary_representation,ap242,0,https://www.steptools.com/stds/smrl/data/modules/elementary_boundary_representation/sys/4_info_reqs.htm#elementary_boundary_representation_arm.elementary_brep_shape_representation
绝对值函数,Abs_function,abs_function,elementary_function,ap242,0,https://www.steptools.com/stds/smrl/data/modules/elementary_function/sys/4_info_reqs.htm#elementary_function_arm.abs_function
反余弦函数,Acos_function,acos_function,elementary_function,ap242,0,https://www.steptools.com/stds/smrl/data/modules/elementary_function/sys/4_info_reqs.htm#elementary_function_arm.acos_function
反正弦函数,Asin_function,asin_function,elementary_function,ap242,0,https://www.steptools.com/stds/smrl/data/modules/elementary_function/sys/4_info_reqs.htm#elementary_function_arm.asin_function
反正切函数,Atan_function,atan_function,elementary_function,ap242,0,https://www.steptools.com/stds/smrl/data/modules/elementary_function/sys/4_info_reqs.htm#elementary_function_arm.atan_function
二元函数调用,Binary_function_call,binary_function_call,elementary_function,ap242,0,https://www.steptools.com/stds/smrl/data/modules/elementary_function/sys/4_info_reqs.htm#elementary_function_arm.binary_function_call
余弦函数,Cos_function,cos_function,elementary_function,ap242,0,https://www.steptools.com/stds/smrl/data/modules/elementary_function/sys/4_info_reqs.htm#elementary_function_arm.cos_function
指数函数,Exp_function,exp_function,elementary_function,ap242,0,https://www.steptools.com/stds/smrl/data/modules/elementary_function/sys/4_info_reqs.htm#elementary_function_arm.exp_function
整数定义函数,Integer_defined_function,integer_defined_function,elementary_function,ap242,0,https://www.steptools.com/stds/smrl/data/modules/elementary_function/sys/4_info_reqs.htm#elementary_function_arm.integer_defined_function
常用对数函数,Log10_function,log10_function,elementary_function,ap242,0,https://www.steptools.com/stds/smrl/data/modules/elementary_function/sys/4_info_reqs.htm#elementary_function_arm.log10_function
底2对数函数,Log2_function,log2_function,elementary_function,ap242,0,https://www.steptools.com/stds/smrl/data/modules/elementary_function/sys/4_info_reqs.htm#elementary_function_arm.log2_function
对数函数,Log_function,log_function,elementary_function,ap242,0,https://www.steptools.com/stds/smrl/data/modules/elementary_function/sys/4_info_reqs.htm#elementary_function_arm.log_function
最大函数,Maximum_function,maximum_function,elementary_function,ap242,0,https://www.steptools.com/stds/smrl/data/modules/elementary_function/sys/4_info_reqs.htm#elementary_function_arm.maximum_function
最小函数,Minimum_function,minimum_function,elementary_function,ap242,0,https://www.steptools.com/stds/smrl/data/modules/elementary_function/sys/4_info_reqs.htm#elementary_function_arm.minimum_function
减法函数,Minus_function,minus_function,elementary_function,ap242,0,https://www.steptools.com/stds/smrl/data/modules/elementary_function/sys/4_info_reqs.htm#elementary_function_arm.minus_function
数值定义函数,Numeric_defined_function,numeric_defined_function,elementary_function,ap242,0,https://www.steptools.com/stds/smrl/data/modules/elementary_function/sys/4_info_reqs.htm#elementary_function_arm.numeric_defined_function
实数定义函数,Real_defined_function,real_defined_function,elementary_function,ap242,0,https://www.steptools.com/stds/smrl/data/modules/elementary_function/sys/4_info_reqs.htm#elementary_function_arm.real_defined_function
正弦函数,Sin_function,sin_function,elementary_function,ap242,0,https://www.steptools.com/stds/smrl/data/modules/elementary_function/sys/4_info_reqs.htm#elementary_function_arm.sin_function
方形根函数,Square_root_function,square_root_function,elementary_function,ap242,0,https://www.steptools.com/stds/smrl/data/modules/elementary_function/sys/4_info_reqs.htm#elementary_function_arm.square_root_function
正切函数,Tan_function,tan_function,elementary_function,ap242,0,https://www.steptools.com/stds/smrl/data/modules/elementary_function/sys/4_info_reqs.htm#elementary_function_arm.tan_function
一元函数调用,Unary_function_call,unary_function_call,elementary_function,ap242,0,https://www.steptools.com/stds/smrl/data/modules/elementary_function/sys/4_info_reqs.htm#elementary_function_arm.unary_function_call
事件,Event,event,event,ap242,3,https://www.steptools.com/stds/smrl/data/modules/event/sys/4_info_reqs.htm#event_arm.event
事件关系,Event_relationship,event_relationship,event,ap242,1,https://www.steptools.com/stds/smrl/data/modules/event/sys/4_info_reqs.htm#event_arm.event_relationship
相对事件,Relative_event,relative_event,event,ap242,0,https://www.steptools.com/stds/smrl/data/modules/event/sys/4_info_reqs.htm#event_arm.relative_event
事件赋值,Event_assignment,event_assignment,event_assignment,ap242,2,https://www.steptools.com/stds/smrl/data/modules/event_assignment/sys/4_info_reqs.htm#event_assignment_arm.event_assignment
连接表达式,Concat_expression,concat_expression,expression,ap242,1,https://www.steptools.com/stds/smrl/data/modules/expression/sys/4_info_reqs.htm#expression_arm.concat_expression
格式函数,Format_function,format_function,expression,ap242,1,https://www.steptools.com/stds/smrl/data/modules/expression/sys/4_info_reqs.htm#expression_arm.format_function
索引表达式,Index_expression,index_expression,expression,ap242,1,https://www.steptools.com/stds/smrl/data/modules/expression/sys/4_info_reqs.htm#expression_arm.index_expression
类似表达式,Like_expression,like_expression,expression,ap242,0,https://www.steptools.com/stds/smrl/data/modules/expression/sys/4_info_reqs.htm#expression_arm.like_expression
简单字符串表达式,Simple_string_expression,simple_string_expression,expression,ap242,1,https://www.steptools.com/stds/smrl/data/modules/expression/sys/4_info_reqs.htm#expression_arm.simple_string_expression
SQL可映射定义函数,Sql_mappable_defined_function,sql_mappable_defined_function,expression,ap242,0,https://www.steptools.com/stds/smrl/data/modules/expression/sys/4_info_reqs.htm#expression_arm.sql_mappable_defined_function
字符串定义函数,String_defined_function,string_defined_function,expression,ap242,0,https://www.steptools.com/stds/smrl/data/modules/expression/sys/4_info_reqs.htm#expression_arm.string_defined_function
字符串表达式,String_expression,string_expression,expression,ap242,0,https://www.steptools.com/stds/smrl/data/modules/expression/sys/4_info_reqs.htm#expression_arm.string_expression
字符串字面量,String_literal,string_literal,expression,ap242,0,https://www.steptools.com/stds/smrl/data/modules/expression/sys/4_info_reqs.htm#expression_arm.string_literal
字符串变量,String_variable,string_variable,expression,ap242,1,https://www.steptools.com/stds/smrl/data/modules/expression/sys/4_info_reqs.htm#expression_arm.string_variable
子串表达式,Substring_expression,substring_expression,expression,ap242,1,https://www.steptools.com/stds/smrl/data/modules/expression/sys/4_info_reqs.htm#expression_arm.substring_expression
详细几何模型元素关系,Detailed_geometric_model_element_relationship,detailed_geometric_model_element_relationship,extended_basic_geometry,ap242,0,https://www.steptools.com/stds/smrl/data/modules/extended_basic_geometry/sys/4_info_reqs.htm#extended_basic_geometry_arm.detailed_geometric_model_element_relationship
几何模型元素关系,Geometric_model_element_relationship,geometric_model_element_relationship,extended_basic_geometry,ap242,1,https://www.steptools.com/stds/smrl/data/modules/extended_basic_geometry/sys/4_info_reqs.htm#extended_basic_geometry_arm.geometric_model_element_relationship
向量,Vector,vector,extended_basic_geometry,ap242,3,https://www.steptools.com/stds/smrl/data/modules/extended_basic_geometry/sys/4_info_reqs.htm#extended_basic_geometry_arm.vector
日期,Date,date,extended_date,ap242,1,https://www.steptools.com/stds/smrl/data/modules/extended_date/sys/4_info_reqs.htm#extended_date_arm.date
序数日期,Ordinal_date,ordinal_date,extended_date,ap242,1,https://www.steptools.com/stds/smrl/data/modules/extended_date/sys/4_info_reqs.htm#extended_date_arm.ordinal_date
周的年与日日期,Week_of_year_and_day_date,week_of_year_and_day_date,extended_date,ap242,0,https://www.steptools.com/stds/smrl/data/modules/extended_date/sys/4_info_reqs.htm#extended_date_arm.week_of_year_and_day_date
年月,Year_month,year_month,extended_date,ap242,1,https://www.steptools.com/stds/smrl/data/modules/extended_date/sys/4_info_reqs.htm#extended_date_arm.year_month
量项带精度,Measure_item_with_precision,measure_item_with_precision,extended_measure_representation,ap242,0,https://www.steptools.com/stds/smrl/data/modules/extended_measure_representation/sys/4_info_reqs.htm#extended_measure_representation_arm.measure_item_with_precision
值极限,Value_limit,value_limit,extended_measure_representation,ap242,2,https://www.steptools.com/stds/smrl/data/modules/extended_measure_representation/sys/4_info_reqs.htm#extended_measure_representation_arm.value_limit
值列表,Value_list,value_list,extended_measure_representation,ap242,2,https://www.steptools.com/stds/smrl/data/modules/extended_measure_representation/sys/4_info_reqs.htm#extended_measure_representation_arm.value_list
值范围,Value_range,value_range,extended_measure_representation,ap242,2,https://www.steptools.com/stds/smrl/data/modules/extended_measure_representation/sys/4_info_reqs.htm#extended_measure_representation_arm.value_range
值范围带全局单位,Value_range_with_global_unit,value_range_with_global_unit,extended_measure_representation,ap242,0,https://www.steptools.com/stds/smrl/data/modules/extended_measure_representation/sys/4_info_reqs.htm#extended_measure_representation_arm.value_range_with_global_unit
值集合,Value_set,value_set,extended_measure_representation,ap242,2,https://www.steptools.com/stds/smrl/data/modules/extended_measure_representation/sys/4_info_reqs.htm#extended_measure_representation_arm.value_set
值带公差,Value_with_tolerances,value_with_tolerances,extended_measure_representation,ap242,0,https://www.steptools.com/stds/smrl/data/modules/extended_measure_representation/sys/4_info_reqs.htm#extended_measure_representation_arm.value_with_tolerances
外部类,External_class,external_class,external_class,ap242,1,https://www.steptools.com/stds/smrl/data/modules/external_class/sys/4_info_reqs.htm#external_class_arm.external_class
外部类库,External_class_library,external_class_library,external_class,ap242,2,https://www.steptools.com/stds/smrl/data/modules/external_class/sys/4_info_reqs.htm#external_class_arm.external_class_library
外部项标识,External_item_identification,external_item_identification,external_item_identification_assignment,ap242,5,https://www.steptools.com/stds/smrl/data/modules/external_item_identification_assignment/sys/4_info_reqs.htm#external_item_identification_assignment_arm.external_item_identification
外部项标识关系,External_item_identification_relationship,external_item_identification_relationship,external_item_identification_assignment,ap242,0,https://www.steptools.com/stds/smrl/data/modules/external_item_identification_assignment/sys/4_info_reqs.htm#external_item_identification_assignment_arm.external_item_identification_relationship
外部源标识,External_source_identification,external_source_identification,external_item_identification_assignment,ap242,13,https://www.steptools.com/stds/smrl/data/modules/external_item_identification_assignment/sys/4_info_reqs.htm#external_item_identification_assignment_arm.external_source_identification
ISO 159264RDL,Iso15926_4_rdl,iso15926_4_rdl,external_library,ap242,0,https://www.steptools.com/stds/smrl/data/modules/external_library/sys/4_info_reqs.htm#external_library_arm.iso15926_4_rdl
已知源,Known_source,known_source,external_library,ap242,0,https://www.steptools.com/stds/smrl/data/modules/external_library/sys/4_info_reqs.htm#external_library_arm.known_source
OTD目录,Otd_catalogue,otd_catalogue,external_library,ap242,0,https://www.steptools.com/stds/smrl/data/modules/external_library/sys/4_info_reqs.htm#external_library_arm.otd_catalogue
OTD字典,Otd_dictionary,otd_dictionary,external_library,ap242,0,https://www.steptools.com/stds/smrl/data/modules/external_library/sys/4_info_reqs.htm#external_library_arm.otd_dictionary
PLIB字典,Plib_dictionary,plib_dictionary,external_library,ap242,0,https://www.steptools.com/stds/smrl/data/modules/external_library/sys/4_info_reqs.htm#external_library_arm.plib_dictionary
PLIB库,Plib_library,plib_library,external_library,ap242,0,https://www.steptools.com/stds/smrl/data/modules/external_library/sys/4_info_reqs.htm#external_library_arm.plib_library
用户定义库或字典,User_defined_library_or_dictionary,user_defined_library_or_dictionary,external_library,ap242,0,https://www.steptools.com/stds/smrl/data/modules/external_library/sys/4_info_reqs.htm#external_library_arm.user_defined_library_or_dictionary
外部几何模型,External_geometric_model,external_geometric_model,external_model,ap242,1,https://www.steptools.com/stds/smrl/data/modules/external_model/sys/4_info_reqs.htm#external_model_arm.external_geometric_model
外部库属性,External_library_property,external_library_property,external_properties,ap242,0,https://www.steptools.com/stds/smrl/data/modules/external_properties/sys/4_info_reqs.htm#external_properties_arm.external_library_property
PLIB属性引用,Plib_property_reference,plib_property_reference,external_properties,ap242,0,https://www.steptools.com/stds/smrl/data/modules/external_properties/sys/4_info_reqs.htm#external_properties_arm.plib_property_reference
外部表示项,External_representation_item,external_representation_item,external_representation_item,ap242,0,https://www.steptools.com/stds/smrl/data/modules/external_representation_item/sys/4_info_reqs.htm#external_representation_item_arm.external_representation_item
外部字符串表示项,External_string_representation_item,external_string_representation_item,external_representation_item,ap242,0,https://www.steptools.com/stds/smrl/data/modules/external_representation_item/sys/4_info_reqs.htm#external_representation_item_arm.external_string_representation_item
外部定义表示,Externally_defined_representation,externally_defined_representation,external_representation_item,ap242,1,https://www.steptools.com/stds/smrl/data/modules/external_representation_item/sys/4_info_reqs.htm#external_representation_item_arm.externally_defined_representation
外部源,External_source,external_source,external_source,ap242,4,https://www.steptools.com/stds/smrl/data/modules/external_source/sys/4_info_reqs.htm#external_source_arm.external_source
分面边界表示形状表示,Faceted_brep_shape_representation,faceted_brep_shape_representation,faceted_boundary_representation,ap242,1,https://www.steptools.com/stds/smrl/data/modules/faceted_boundary_representation/sys/4_info_reqs.htm#faceted_boundary_representation_arm.faceted_brep_shape_representation
连接区域,Connection_zone,connection_zone,feature_and_connection_zone,ap242,1,https://www.steptools.com/stds/smrl/data/modules/feature_and_connection_zone/sys/4_info_reqs.htm#feature_and_connection_zone_arm.connection_zone
特征定义带连接面积,Feature_definition_with_connection_area,feature_definition_with_connection_area,feature_and_connection_zone,ap242,0,https://www.steptools.com/stds/smrl/data/modules/feature_and_connection_zone/sys/4_info_reqs.htm#feature_and_connection_zone_arm.feature_definition_with_connection_area
数字文件,Digital_file,digital_file,file_identification,ap242,8,https://www.steptools.com/stds/smrl/data/modules/file_identification/sys/4_info_reqs.htm#file_identification_arm.digital_file
文档类型,Document_type,document_type,file_identification,ap242,3,https://www.steptools.com/stds/smrl/data/modules/file_identification/sys/4_info_reqs.htm#file_identification_arm.document_type
文件,File,file,file_identification,ap242,5,https://www.steptools.com/stds/smrl/data/modules/file_identification/sys/4_info_reqs.htm#file_identification_arm.file
文件位置标识,File_location_identification,file_location_identification,file_identification,ap242,0,https://www.steptools.com/stds/smrl/data/modules/file_identification/sys/4_info_reqs.htm#file_identification_arm.file_location_identification
硬拷贝,Hardcopy,hardcopy,file_identification,ap242,5,https://www.steptools.com/stds/smrl/data/modules/file_identification/sys/4_info_reqs.htm#file_identification_arm.hardcopy
外部定义剖面线样式,Externally_defined_hatch_style,externally_defined_hatch_style,fill_area_style,ap242,0,https://www.steptools.com/stds/smrl/data/modules/fill_area_style/sys/4_info_reqs.htm#fill_area_style_arm.externally_defined_hatch_style
外部定义瓦片样式,Externally_defined_tile_style,externally_defined_tile_style,fill_area_style,ap242,0,https://www.steptools.com/stds/smrl/data/modules/fill_area_style/sys/4_info_reqs.htm#fill_area_style_arm.externally_defined_tile_style
剖面线样式,Hatch_style,hatch_style,fill_area_style,ap242,1,https://www.steptools.com/stds/smrl/data/modules/fill_area_style/sys/4_info_reqs.htm#fill_area_style_arm.hatch_style
实体填充面积样式,Solid_fill_area_style,solid_fill_area_style,fill_area_style,ap242,0,https://www.steptools.com/stds/smrl/data/modules/fill_area_style/sys/4_info_reqs.htm#fill_area_style_arm.solid_fill_area_style
瓦片样式,Tile_style,tile_style,fill_area_style,ap242,1,https://www.steptools.com/stds/smrl/data/modules/fill_area_style/sys/4_info_reqs.htm#fill_area_style_arm.tile_style
用户定义剖面线样式,User_defined_hatch_style,user_defined_hatch_style,fill_area_style,ap242,0,https://www.steptools.com/stds/smrl/data/modules/fill_area_style/sys/4_info_reqs.htm#fill_area_style_arm.user_defined_hatch_style
用户定义瓦片样式,User_defined_tile_style,user_defined_tile_style,fill_area_style,ap242,0,https://www.steptools.com/stds/smrl/data/modules/fill_area_style/sys/4_info_reqs.htm#fill_area_style_arm.user_defined_tile_style
数值表示上下文,Numerical_representation_context,numerical_representation_context,foundation_representation,ap242,0,https://www.steptools.com/stds/smrl/data/modules/foundation_representation/sys/4_info_reqs.htm#foundation_representation_arm.numerical_representation_context
表示,Representation,representation,foundation_representation,ap242,12,https://www.steptools.com/stds/smrl/data/modules/foundation_representation/sys/4_info_reqs.htm#foundation_representation_arm.representation
表示上下文,Representation_context,representation_context,foundation_representation,ap242,3,https://www.steptools.com/stds/smrl/data/modules/foundation_representation/sys/4_info_reqs.htm#foundation_representation_arm.representation_context
表示上下文引用,Representation_context_reference,representation_context_reference,foundation_representation,ap242,0,https://www.steptools.com/stds/smrl/data/modules/foundation_representation/sys/4_info_reqs.htm#foundation_representation_arm.representation_context_reference
表示项,Representation_item,representation_item,foundation_representation,ap242,10,https://www.steptools.com/stds/smrl/data/modules/foundation_representation/sys/4_info_reqs.htm#foundation_representation_arm.representation_item
表示项关系,Representation_item_relationship,representation_item_relationship,foundation_representation,ap242,0,https://www.steptools.com/stds/smrl/data/modules/foundation_representation/sys/4_info_reqs.htm#foundation_representation_arm.representation_item_relationship
表示引用,Representation_reference,representation_reference,foundation_representation,ap242,0,https://www.steptools.com/stds/smrl/data/modules/foundation_representation/sys/4_info_reqs.htm#foundation_representation_arm.representation_reference
表示关系,Representation_relationship,representation_relationship,foundation_representation,ap242,1,https://www.steptools.com/stds/smrl/data/modules/foundation_representation/sys/4_info_reqs.htm#foundation_representation_arm.representation_relationship
字符串表示项,String_representation_item,string_representation_item,foundation_representation,ap242,4,https://www.steptools.com/stds/smrl/data/modules/foundation_representation/sys/4_info_reqs.htm#foundation_representation_arm.string_representation_item
功能分解,Functional_breakdown,functional_breakdown,functional_breakdown,ap242,0,https://www.steptools.com/stds/smrl/data/modules/functional_breakdown/sys/4_info_reqs.htm#functional_breakdown_arm.functional_breakdown
功能分解上下文,Functional_breakdown_context,functional_breakdown_context,functional_breakdown,ap242,0,https://www.steptools.com/stds/smrl/data/modules/functional_breakdown/sys/4_info_reqs.htm#functional_breakdown_arm.functional_breakdown_context
功能分解版本,Functional_breakdown_version,functional_breakdown_version,functional_breakdown,ap242,0,https://www.steptools.com/stds/smrl/data/modules/functional_breakdown/sys/4_info_reqs.htm#functional_breakdown_arm.functional_breakdown_version
功能元素,Functional_element,functional_element,functional_breakdown,ap242,0,https://www.steptools.com/stds/smrl/data/modules/functional_breakdown/sys/4_info_reqs.htm#functional_breakdown_arm.functional_element
功能元素定义,Functional_element_definition,functional_element_definition,functional_breakdown,ap242,2,https://www.steptools.com/stds/smrl/data/modules/functional_breakdown/sys/4_info_reqs.htm#functional_breakdown_arm.functional_element_definition
功能元素用法,Functional_element_usage,functional_element_usage,functional_breakdown,ap242,0,https://www.steptools.com/stds/smrl/data/modules/functional_breakdown/sys/4_info_reqs.htm#functional_breakdown_arm.functional_element_usage
功能元素版本,Functional_element_version,functional_element_version,functional_breakdown,ap242,0,https://www.steptools.com/stds/smrl/data/modules/functional_breakdown/sys/4_info_reqs.htm#functional_breakdown_arm.functional_element_version
边界曲线外观,Boundary_curve_appearance,boundary_curve_appearance,general_surface_appearance,ap242,0,https://www.steptools.com/stds/smrl/data/modules/general_surface_appearance/sys/4_info_reqs.htm#general_surface_appearance_arm.boundary_curve_appearance
控制网格外观,Control_grid_appearance,control_grid_appearance,general_surface_appearance,ap242,0,https://www.steptools.com/stds/smrl/data/modules/general_surface_appearance/sys/4_info_reqs.htm#general_surface_appearance_arm.control_grid_appearance
参数线外观,Parameter_line_appearance,parameter_line_appearance,general_surface_appearance,ap242,0,https://www.steptools.com/stds/smrl/data/modules/general_surface_appearance/sys/4_info_reqs.htm#general_surface_appearance_arm.parameter_line_appearance
分段曲线外观,Segmentation_curve_appearance,segmentation_curve_appearance,general_surface_appearance,ap242,0,https://www.steptools.com/stds/smrl/data/modules/general_surface_appearance/sys/4_info_reqs.htm#general_surface_appearance_arm.segmentation_curve_appearance
轮廓曲线外观,Silhouette_curve_appearance,silhouette_curve_appearance,general_surface_appearance,ap242,0,https://www.steptools.com/stds/smrl/data/modules/general_surface_appearance/sys/4_info_reqs.htm#general_surface_appearance_arm.silhouette_curve_appearance
曲面外观,Surface_appearance,surface_appearance,general_surface_appearance,ap242,0,https://www.steptools.com/stds/smrl/data/modules/general_surface_appearance/sys/4_info_reqs.htm#general_surface_appearance_arm.surface_appearance
曲面外观元素,Surface_appearance_element,surface_appearance_element,general_surface_appearance,ap242,0,https://www.steptools.com/stds/smrl/data/modules/general_surface_appearance/sys/4_info_reqs.htm#general_surface_appearance_arm.surface_appearance_element
曲面颜色,Surface_colour,surface_colour,general_surface_appearance,ap242,0,https://www.steptools.com/stds/smrl/data/modules/general_surface_appearance/sys/4_info_reqs.htm#general_surface_appearance_arm.surface_colour
曲面相关曲线外观,Surface_related_curve_appearance,surface_related_curve_appearance,general_surface_appearance,ap242,0,https://www.steptools.com/stds/smrl/data/modules/general_surface_appearance/sys/4_info_reqs.htm#general_surface_appearance_arm.surface_related_curve_appearance
二元通用表达式,Binary_generic_expression,binary_generic_expression,generic_expression,ap242,0,https://www.steptools.com/stds/smrl/data/modules/generic_expression/sys/4_info_reqs.htm#generic_expression_arm.binary_generic_expression
环境,Environment,environment,generic_expression,ap242,0,https://www.steptools.com/stds/smrl/data/modules/generic_expression/sys/4_info_reqs.htm#generic_expression_arm.environment
通用表达式,Generic_expression,generic_expression,generic_expression,ap242,4,https://www.steptools.com/stds/smrl/data/modules/generic_expression/sys/4_info_reqs.htm#generic_expression_arm.generic_expression
通用字面量,Generic_literal,generic_literal,generic_expression,ap242,0,https://www.steptools.com/stds/smrl/data/modules/generic_expression/sys/4_info_reqs.htm#generic_expression_arm.generic_literal
通用变量,Generic_variable,generic_variable,generic_expression,ap242,0,https://www.steptools.com/stds/smrl/data/modules/generic_expression/sys/4_info_reqs.htm#generic_expression_arm.generic_variable
多元通用表达式,Multiple_arity_generic_expression,multiple_arity_generic_expression,generic_expression,ap242,0,https://www.steptools.com/stds/smrl/data/modules/generic_expression/sys/4_info_reqs.htm#generic_expression_arm.multiple_arity_generic_expression
简单通用表达式,Simple_generic_expression,simple_generic_expression,generic_expression,ap242,0,https://www.steptools.com/stds/smrl/data/modules/generic_expression/sys/4_info_reqs.htm#generic_expression_arm.simple_generic_expression
一元通用表达式,Unary_generic_expression,unary_generic_expression,generic_expression,ap242,0,https://www.steptools.com/stds/smrl/data/modules/generic_expression/sys/4_info_reqs.htm#generic_expression_arm.unary_generic_expression
变量,Variable,variable,generic_expression,ap242,0,https://www.steptools.com/stds/smrl/data/modules/generic_expression/sys/4_info_reqs.htm#generic_expression_arm.variable
变量语义,Variable_semantics,variable_semantics,generic_expression,ap242,0,https://www.steptools.com/stds/smrl/data/modules/generic_expression/sys/4_info_reqs.htm#generic_expression_arm.variable_semantics
应用独立材料属性,Applied_independent_material_property,applied_independent_material_property,generic_material_aspects,ap242,0,https://www.steptools.com/stds/smrl/data/modules/generic_material_aspects/sys/4_info_reqs.htm#generic_material_aspects_arm.applied_independent_material_property
数据环境,Data_environment,data_environment,generic_material_aspects,ap242,0,https://www.steptools.com/stds/smrl/data/modules/generic_material_aspects/sys/4_info_reqs.htm#generic_material_aspects_arm.data_environment
通用材料属性,General_material_property,general_material_property,generic_material_aspects,ap242,0,https://www.steptools.com/stds/smrl/data/modules/generic_material_aspects/sys/4_info_reqs.htm#generic_material_aspects_arm.general_material_property
材料标识,Material_identification,material_identification,generic_material_aspects,ap242,7,https://www.steptools.com/stds/smrl/data/modules/generic_material_aspects/sys/4_info_reqs.htm#generic_material_aspects_arm.material_identification
材料属性,Material_property,material_property,generic_material_aspects,ap242,1,https://www.steptools.com/stds/smrl/data/modules/generic_material_aspects/sys/4_info_reqs.htm#generic_material_aspects_arm.material_property
材料属性关联,Material_property_association,material_property_association,generic_material_aspects,ap242,0,https://www.steptools.com/stds/smrl/data/modules/generic_material_aspects/sys/4_info_reqs.htm#generic_material_aspects_arm.material_property_association
材料属性值表示,Material_property_value_representation,material_property_value_representation,generic_material_aspects,ap242,1,https://www.steptools.com/stds/smrl/data/modules/generic_material_aspects/sys/4_info_reqs.htm#generic_material_aspects_arm.material_property_value_representation
定义性表示关系,Definitional_representation_relationship,definitional_representation_relationship,geometric_model_relationship,ap242,0,https://www.steptools.com/stds/smrl/data/modules/geometric_model_relationship/sys/4_info_reqs.htm#geometric_model_relationship_arm.definitional_representation_relationship
几何模型关系,Geometric_model_relationship,geometric_model_relationship,geometric_model_relationship,ap242,4,https://www.steptools.com/stds/smrl/data/modules/geometric_model_relationship/sys/4_info_reqs.htm#geometric_model_relationship_arm.geometric_model_relationship
受影响平面公差区域,Affected_plane_tolerance_zone,affected_plane_tolerance_zone,geometric_tolerance,ap242,0,https://www.steptools.com/stds/smrl/data/modules/geometric_tolerance/sys/4_info_reqs.htm#geometric_tolerance_arm.affected_plane_tolerance_zone
全部绕形状元素,All_around_shape_element,all_around_shape_element,geometric_tolerance,ap242,0,https://www.steptools.com/stds/smrl/data/modules/geometric_tolerance/sys/4_info_reqs.htm#geometric_tolerance_arm.all_around_shape_element
全部绕形状元素沿集合平面,All_around_shape_element_along_collection_plane,all_around_shape_element_along_collection_plane,geometric_tolerance,ap242,0,https://www.steptools.com/stds/smrl/data/modules/geometric_tolerance/sys/4_info_reqs.htm#geometric_tolerance_arm.all_around_shape_element_along_collection_plane
倾斜度公差,Angularity_tolerance,angularity_tolerance,geometric_tolerance,ap242,0,https://www.steptools.com/stds/smrl/data/modules/geometric_tolerance/sys/4_info_reqs.htm#geometric_tolerance_arm.angularity_tolerance
介于形状元素,Between_shape_element,between_shape_element,geometric_tolerance,ap242,0,https://www.steptools.com/stds/smrl/data/modules/geometric_tolerance/sys/4_info_reqs.htm#geometric_tolerance_arm.between_shape_element
圆形跳动公差,Circular_runout_tolerance,circular_runout_tolerance,geometric_tolerance,ap242,0,https://www.steptools.com/stds/smrl/data/modules/geometric_tolerance/sys/4_info_reqs.htm#geometric_tolerance_arm.circular_runout_tolerance
同轴度公差,Coaxiality_tolerance,coaxiality_tolerance,geometric_tolerance,ap242,0,https://www.steptools.com/stds/smrl/data/modules/geometric_tolerance/sys/4_info_reqs.htm#geometric_tolerance_arm.coaxiality_tolerance
同轴度公差,Concentricity_tolerance,concentricity_tolerance,geometric_tolerance,ap242,0,https://www.steptools.com/stds/smrl/data/modules/geometric_tolerance/sys/4_info_reqs.htm#geometric_tolerance_arm.concentricity_tolerance
连续形状元素,Continuous_shape_element,continuous_shape_element,geometric_tolerance,ap242,0,https://www.steptools.com/stds/smrl/data/modules/geometric_tolerance/sys/4_info_reqs.htm#geometric_tolerance_arm.continuous_shape_element
圆柱度公差,Cylindricity_tolerance,cylindricity_tolerance,geometric_tolerance,ap242,0,https://www.steptools.com/stds/smrl/data/modules/geometric_tolerance/sys/4_info_reqs.htm#geometric_tolerance_arm.cylindricity_tolerance
有向或有向公差区域,Directed_or_oriented_tolerance_zone,directed_or_oriented_tolerance_zone,geometric_tolerance,ap242,6,https://www.steptools.com/stds/smrl/data/modules/geometric_tolerance/sys/4_info_reqs.htm#geometric_tolerance_arm.directed_or_oriented_tolerance_zone
有向公差区域,Directed_tolerance_zone,directed_tolerance_zone,geometric_tolerance,ap242,0,https://www.steptools.com/stds/smrl/data/modules/geometric_tolerance/sys/4_info_reqs.htm#geometric_tolerance_arm.directed_tolerance_zone
平面度公差,Flatness_tolerance,flatness_tolerance,geometric_tolerance,ap242,0,https://www.steptools.com/stds/smrl/data/modules/geometric_tolerance/sys/4_info_reqs.htm#geometric_tolerance_arm.flatness_tolerance
几何公差,Geometric_tolerance,geometric_tolerance,geometric_tolerance,ap242,5,https://www.steptools.com/stds/smrl/data/modules/geometric_tolerance/sys/4_info_reqs.htm#geometric_tolerance_arm.geometric_tolerance
几何公差辅助分类,Geometric_tolerance_auxiliary_classification,geometric_tolerance_auxiliary_classification,geometric_tolerance,ap242,0,https://www.steptools.com/stds/smrl/data/modules/geometric_tolerance/sys/4_info_reqs.htm#geometric_tolerance_arm.geometric_tolerance_auxiliary_classification
几何公差关系,Geometric_tolerance_relationship,geometric_tolerance_relationship,geometric_tolerance,ap242,0,https://www.steptools.com/stds/smrl/data/modules/geometric_tolerance/sys/4_info_reqs.htm#geometric_tolerance_arm.geometric_tolerance_relationship
GPS过滤,Gps_filter,gps_filter,geometric_tolerance,ap242,0,https://www.steptools.com/stds/smrl/data/modules/geometric_tolerance/sys/4_info_reqs.htm#geometric_tolerance_arm.gps_filter
GPS过滤规范,Gps_filtration_specification,gps_filtration_specification,geometric_tolerance,ap242,0,https://www.steptools.com/stds/smrl/data/modules/geometric_tolerance/sys/4_info_reqs.htm#geometric_tolerance_arm.gps_filtration_specification
线轮廓公差,Line_profile_tolerance,line_profile_tolerance,geometric_tolerance,ap242,1,https://www.steptools.com/stds/smrl/data/modules/geometric_tolerance/sys/4_info_reqs.htm#geometric_tolerance_arm.line_profile_tolerance
非均匀区域定义,Non_uniform_zone_definition,non_uniform_zone_definition,geometric_tolerance,ap242,0,https://www.steptools.com/stds/smrl/data/modules/geometric_tolerance/sys/4_info_reqs.htm#geometric_tolerance_arm.non_uniform_zone_definition
有向公差区域,Oriented_tolerance_zone,oriented_tolerance_zone,geometric_tolerance,ap242,0,https://www.steptools.com/stds/smrl/data/modules/geometric_tolerance/sys/4_info_reqs.htm#geometric_tolerance_arm.oriented_tolerance_zone
平行度公差,Parallelism_tolerance,parallelism_tolerance,geometric_tolerance,ap242,1,https://www.steptools.com/stds/smrl/data/modules/geometric_tolerance/sys/4_info_reqs.htm#geometric_tolerance_arm.parallelism_tolerance
垂直度公差,Perpendicularity_tolerance,perpendicularity_tolerance,geometric_tolerance,ap242,1,https://www.steptools.com/stds/smrl/data/modules/geometric_tolerance/sys/4_info_reqs.htm#geometric_tolerance_arm.perpendicularity_tolerance
位置公差,Position_tolerance,position_tolerance,geometric_tolerance,ap242,1,https://www.steptools.com/stds/smrl/data/modules/geometric_tolerance/sys/4_info_reqs.htm#geometric_tolerance_arm.position_tolerance
投影区域定义,Projected_zone_definition,projected_zone_definition,geometric_tolerance,ap242,0,https://www.steptools.com/stds/smrl/data/modules/geometric_tolerance/sys/4_info_reqs.htm#geometric_tolerance_arm.projected_zone_definition
投影区域定义带偏置,Projected_zone_definition_with_offset,projected_zone_definition_with_offset,geometric_tolerance,ap242,0,https://www.steptools.com/stds/smrl/data/modules/geometric_tolerance/sys/4_info_reqs.htm#geometric_tolerance_arm.projected_zone_definition_with_offset
圆度公差,Roundness_tolerance,roundness_tolerance,geometric_tolerance,ap242,0,https://www.steptools.com/stds/smrl/data/modules/geometric_tolerance/sys/4_info_reqs.htm#geometric_tolerance_arm.roundness_tolerance
跳动区域定义,Runout_zone_definition,runout_zone_definition,geometric_tolerance,ap242,0,https://www.steptools.com/stds/smrl/data/modules/geometric_tolerance/sys/4_info_reqs.htm#geometric_tolerance_arm.runout_zone_definition
直线度公差,Straightness_tolerance,straightness_tolerance,geometric_tolerance,ap242,1,https://www.steptools.com/stds/smrl/data/modules/geometric_tolerance/sys/4_info_reqs.htm#geometric_tolerance_arm.straightness_tolerance
曲面轮廓公差,Surface_profile_tolerance,surface_profile_tolerance,geometric_tolerance,ap242,0,https://www.steptools.com/stds/smrl/data/modules/geometric_tolerance/sys/4_info_reqs.htm#geometric_tolerance_arm.surface_profile_tolerance
对称度公差,Symmetry_tolerance,symmetry_tolerance,geometric_tolerance,ap242,1,https://www.steptools.com/stds/smrl/data/modules/geometric_tolerance/sys/4_info_reqs.htm#geometric_tolerance_arm.symmetry_tolerance
公差区域,Tolerance_zone,tolerance_zone,geometric_tolerance,ap242,0,https://www.steptools.com/stds/smrl/data/modules/geometric_tolerance/sys/4_info_reqs.htm#geometric_tolerance_arm.tolerance_zone
公差区域定义,Tolerance_zone_definition,tolerance_zone_definition,geometric_tolerance,ap242,0,https://www.steptools.com/stds/smrl/data/modules/geometric_tolerance/sys/4_info_reqs.htm#geometric_tolerance_arm.tolerance_zone_definition
公差区域带基准,Tolerance_zone_with_datum,tolerance_zone_with_datum,geometric_tolerance,ap242,0,https://www.steptools.com/stds/smrl/data/modules/geometric_tolerance/sys/4_info_reqs.htm#geometric_tolerance_arm.tolerance_zone_with_datum
总跳动公差,Total_runout_tolerance,total_runout_tolerance,geometric_tolerance,ap242,0,https://www.steptools.com/stds/smrl/data/modules/geometric_tolerance/sys/4_info_reqs.htm#geometric_tolerance_arm.total_runout_tolerance
几何验证属性,Geometric_validation_property,geometric_validation_property,geometric_validation_property_representation,ap242,0,https://www.steptools.com/stds/smrl/data/modules/geometric_validation_property_representation/sys/4_info_reqs.htm#geometric_validation_property_representation_arm.geometric_validation_property
边界曲线,Boundary_curve,boundary_curve,geometrically_bounded_surface,ap242,1,https://www.steptools.com/stds/smrl/data/modules/geometrically_bounded_surface/sys/4_info_reqs.htm#geometrically_bounded_surface_arm.boundary_curve
曲线有界曲面,Curve_bounded_surface,curve_bounded_surface,geometrically_bounded_surface,ap242,0,https://www.steptools.com/stds/smrl/data/modules/geometrically_bounded_surface/sys/4_info_reqs.htm#geometrically_bounded_surface_arm.curve_bounded_surface
几何有界曲面形状表示,Geometrically_bounded_surface_shape_representation,geometrically_bounded_surface_shape_representation,geometrically_bounded_surface,ap242,1,https://www.steptools.com/stds/smrl/data/modules/geometrically_bounded_surface/sys/4_info_reqs.htm#geometrically_bounded_surface_arm.geometrically_bounded_surface_shape_representation
曲面集合,Surface_set,surface_set,geometrically_bounded_surface,ap242,2,https://www.steptools.com/stds/smrl/data/modules/geometrically_bounded_surface/sys/4_info_reqs.htm#geometrically_bounded_surface_arm.surface_set
几何有界线框形状表示,Geometrically_bounded_wireframe_shape_representation,geometrically_bounded_wireframe_shape_representation,geometrically_bounded_wireframe,ap242,1,https://www.steptools.com/stds/smrl/data/modules/geometrically_bounded_wireframe/sys/4_info_reqs.htm#geometrically_bounded_wireframe_arm.geometrically_bounded_wireframe_shape_representation
组,Group,group,group,ap242,8,https://www.steptools.com/stds/smrl/data/modules/group/sys/4_info_reqs.htm#group_arm.group
组关系,Group_relationship,group_relationship,group,ap242,4,https://www.steptools.com/stds/smrl/data/modules/group/sys/4_info_reqs.htm#group_arm.group_relationship
标识赋值,Identification_assignment,identification_assignment,identification_assignment,ap242,5,https://www.steptools.com/stds/smrl/data/modules/identification_assignment/sys/4_info_reqs.htm#identification_assignment_arm.identification_assignment
不完整引用标记,Incomplete_reference_marking,incomplete_reference_marking,incomplete_data_reference_mechanism,ap242,0,https://www.steptools.com/stds/smrl/data/modules/incomplete_data_reference_mechanism/sys/4_info_reqs.htm#incomplete_data_reference_mechanism_arm.incomplete_reference_marking
独立属性,Independent_property,independent_property,independent_property,ap242,7,https://www.steptools.com/stds/smrl/data/modules/independent_property/sys/4_info_reqs.htm#independent_property_arm.independent_property
独立属性关系,Independent_property_relationship,independent_property_relationship,independent_property,ap242,3,https://www.steptools.com/stds/smrl/data/modules/independent_property/sys/4_info_reqs.htm#independent_property_arm.independent_property_relationship
独立属性表示,Independent_property_representation,independent_property_representation,independent_property_representation,ap242,2,https://www.steptools.com/stds/smrl/data/modules/independent_property_representation/sys/4_info_reqs.htm#independent_property_representation_arm.independent_property_representation
应用信息用法右,Applied_information_usage_right,applied_information_usage_right,information_rights,ap242,1,https://www.steptools.com/stds/smrl/data/modules/information_rights/sys/4_info_reqs.htm#information_rights_arm.applied_information_usage_right
信息右,Information_right,information_right,information_rights,ap242,5,https://www.steptools.com/stds/smrl/data/modules/information_rights/sys/4_info_reqs.htm#information_rights_arm.information_right
信息用法右,Information_usage_right,information_usage_right,information_rights,ap242,9,https://www.steptools.com/stds/smrl/data/modules/information_rights/sys/4_info_reqs.htm#information_rights_arm.information_usage_right
信息用法右关系,Information_usage_right_relationship,information_usage_right_relationship,information_rights,ap242,5,https://www.steptools.com/stds/smrl/data/modules/information_rights/sys/4_info_reqs.htm#information_rights_arm.information_usage_right_relationship
装配零件关联,Assembled_part_association,assembled_part_association,item_definition_structure,ap242,0,https://www.steptools.com/stds/smrl/data/modules/item_definition_structure/sys/4_info_reqs.htm#item_definition_structure_arm.assembled_part_association
装配定义,Assembly_definition,assembly_definition,item_definition_structure,ap242,0,https://www.steptools.com/stds/smrl/data/modules/item_definition_structure/sys/4_info_reqs.htm#item_definition_structure_arm.assembly_definition
有效性受控装配定义,Effectivity_controlled_assembly_definition,effectivity_controlled_assembly_definition,item_definition_structure,ap242,0,https://www.steptools.com/stds/smrl/data/modules/item_definition_structure/sys/4_info_reqs.htm#item_definition_structure_arm.effectivity_controlled_assembly_definition
几何关系,Geometrical_relationship,geometrical_relationship,item_definition_structure,ap242,1,https://www.steptools.com/stds/smrl/data/modules/item_definition_structure/sys/4_info_reqs.htm#item_definition_structure_arm.geometrical_relationship
零件定义关系,Part_definition_relationship,part_definition_relationship,item_definition_structure,ap242,1,https://www.steptools.com/stds/smrl/data/modules/item_definition_structure/sys/4_info_reqs.htm#item_definition_structure_arm.part_definition_relationship
运动学分析一致性,Kinematic_analysis_consistency,kinematic_analysis_consistency,kinematic_analysis_control_and_result,ap242,0,https://www.steptools.com/stds/smrl/data/modules/kinematic_analysis_control_and_result/sys/4_info_reqs.htm#kinematic_analysis_control_and_result_arm.kinematic_analysis_consistency
运动学分析结果,Kinematic_analysis_result,kinematic_analysis_result,kinematic_analysis_control_and_result,ap242,0,https://www.steptools.com/stds/smrl/data/modules/kinematic_analysis_control_and_result/sys/4_info_reqs.htm#kinematic_analysis_control_and_result_arm.kinematic_analysis_result
运动学控制,Kinematic_control,kinematic_control,kinematic_analysis_control_and_result,ap242,0,https://www.steptools.com/stds/smrl/data/modules/kinematic_analysis_control_and_result/sys/4_info_reqs.htm#kinematic_analysis_control_and_result_arm.kinematic_control
规定路径,Prescribed_path,prescribed_path,kinematic_analysis_control_and_result,ap242,1,https://www.steptools.com/stds/smrl/data/modules/kinematic_analysis_control_and_result/sys/4_info_reqs.htm#kinematic_analysis_control_and_result_arm.prescribed_path
结果路径,Resulting_path,resulting_path,kinematic_analysis_control_and_result,ap242,1,https://www.steptools.com/stds/smrl/data/modules/kinematic_analysis_control_and_result/sys/4_info_reqs.htm#kinematic_analysis_control_and_result_arm.resulting_path
圆形路径,Circular_path,circular_path,kinematic_motion_representation,ap242,0,https://www.steptools.com/stds/smrl/data/modules/kinematic_motion_representation/sys/4_info_reqs.htm#kinematic_motion_representation_arm.circular_path
曲线基于路径,Curve_based_path,curve_based_path,kinematic_motion_representation,ap242,0,https://www.steptools.com/stds/smrl/data/modules/kinematic_motion_representation/sys/4_info_reqs.htm#kinematic_motion_representation_arm.curve_based_path
曲线基于路径带定向,Curve_based_path_with_orientation,curve_based_path_with_orientation,kinematic_motion_representation,ap242,0,https://www.steptools.com/stds/smrl/data/modules/kinematic_motion_representation/sys/4_info_reqs.htm#kinematic_motion_representation_arm.curve_based_path_with_orientation
曲线基于路径带定向与参数,Curve_based_path_with_orientation_and_parameters,curve_based_path_with_orientation_and_parameters,kinematic_motion_representation,ap242,0,https://www.steptools.com/stds/smrl/data/modules/kinematic_motion_representation/sys/4_info_reqs.htm#kinematic_motion_representation_arm.curve_based_path_with_orientation_and_parameters
几何表示上下文带参数,Geometric_representation_context_with_parameter,geometric_representation_context_with_parameter,kinematic_motion_representation,ap242,0,https://www.steptools.com/stds/smrl/data/modules/kinematic_motion_representation/sys/4_info_reqs.htm#kinematic_motion_representation_arm.geometric_representation_context_with_parameter
插值配置表示,Interpolated_configuration_representation,interpolated_configuration_representation,kinematic_motion_representation,ap242,0,https://www.steptools.com/stds/smrl/data/modules/kinematic_motion_representation/sys/4_info_reqs.htm#kinematic_motion_representation_arm.interpolated_configuration_representation
插值配置段,Interpolated_configuration_segment,interpolated_configuration_segment,kinematic_motion_representation,ap242,0,https://www.steptools.com/stds/smrl/data/modules/kinematic_motion_representation/sys/4_info_reqs.htm#kinematic_motion_representation_arm.interpolated_configuration_segment
插值配置序列,Interpolated_configuration_sequence,interpolated_configuration_sequence,kinematic_motion_representation,ap242,1,https://www.steptools.com/stds/smrl/data/modules/kinematic_motion_representation/sys/4_info_reqs.htm#kinematic_motion_representation_arm.interpolated_configuration_sequence
项链接运动关系,Item_link_motion_relationship,item_link_motion_relationship,kinematic_motion_representation,ap242,0,https://www.steptools.com/stds/smrl/data/modules/kinematic_motion_representation/sys/4_info_reqs.htm#kinematic_motion_representation_arm.item_link_motion_relationship
运动学路径,Kinematic_path,kinematic_path,kinematic_motion_representation,ap242,2,https://www.steptools.com/stds/smrl/data/modules/kinematic_motion_representation/sys/4_info_reqs.htm#kinematic_motion_representation_arm.kinematic_path
运动学路径定义按曲线,Kinematic_path_defined_by_curves,kinematic_path_defined_by_curves,kinematic_motion_representation,ap242,0,https://www.steptools.com/stds/smrl/data/modules/kinematic_motion_representation/sys/4_info_reqs.htm#kinematic_motion_representation_arm.kinematic_path_defined_by_curves
运动学路径定义按节点,Kinematic_path_defined_by_nodes,kinematic_path_defined_by_nodes,kinematic_motion_representation,ap242,0,https://www.steptools.com/stds/smrl/data/modules/kinematic_motion_representation/sys/4_info_reqs.htm#kinematic_motion_representation_arm.kinematic_path_defined_by_nodes
运动学路径段,Kinematic_path_segment,kinematic_path_segment,kinematic_motion_representation,ap242,0,https://www.steptools.com/stds/smrl/data/modules/kinematic_motion_representation/sys/4_info_reqs.htm#kinematic_motion_representation_arm.kinematic_path_segment
线性路径,Linear_path,linear_path,kinematic_motion_representation,ap242,0,https://www.steptools.com/stds/smrl/data/modules/kinematic_motion_representation/sys/4_info_reqs.htm#kinematic_motion_representation_arm.linear_path
链接运动关系,Link_motion_relationship,link_motion_relationship,kinematic_motion_representation,ap242,1,https://www.steptools.com/stds/smrl/data/modules/kinematic_motion_representation/sys/4_info_reqs.htm#kinematic_motion_representation_arm.link_motion_relationship
链接运动表示沿路径,Link_motion_representation_along_path,link_motion_representation_along_path,kinematic_motion_representation,ap242,1,https://www.steptools.com/stds/smrl/data/modules/kinematic_motion_representation/sys/4_info_reqs.htm#kinematic_motion_representation_arm.link_motion_representation_along_path
链接运动变换,Link_motion_transformation,link_motion_transformation,kinematic_motion_representation,ap242,0,https://www.steptools.com/stds/smrl/data/modules/kinematic_motion_representation/sys/4_info_reqs.htm#kinematic_motion_representation_arm.link_motion_transformation
路径节点,Path_node,path_node,kinematic_motion_representation,ap242,0,https://www.steptools.com/stds/smrl/data/modules/kinematic_motion_representation/sys/4_info_reqs.htm#kinematic_motion_representation_arm.path_node
路径参数表示,Path_parameter_representation,path_parameter_representation,kinematic_motion_representation,ap242,1,https://www.steptools.com/stds/smrl/data/modules/kinematic_motion_representation/sys/4_info_reqs.htm#kinematic_motion_representation_arm.path_parameter_representation
路径参数表示上下文,Path_parameter_representation_context,path_parameter_representation_context,kinematic_motion_representation,ap242,0,https://www.steptools.com/stds/smrl/data/modules/kinematic_motion_representation/sys/4_info_reqs.htm#kinematic_motion_representation_arm.path_parameter_representation_context
点到点路径,Point_to_point_path,point_to_point_path,kinematic_motion_representation,ap242,0,https://www.steptools.com/stds/smrl/data/modules/kinematic_motion_representation/sys/4_info_reqs.htm#kinematic_motion_representation_arm.point_to_point_path
产品结构链接运动关联,Product_structure_link_motion_association,product_structure_link_motion_association,kinematic_motion_representation,ap242,0,https://www.steptools.com/stds/smrl/data/modules/kinematic_motion_representation/sys/4_info_reqs.htm#kinematic_motion_representation_arm.product_structure_link_motion_association
圆柱副值,Cylindrical_pair_value,cylindrical_pair_value,kinematic_state,ap242,0,https://www.steptools.com/stds/smrl/data/modules/kinematic_state/sys/4_info_reqs.htm#kinematic_state_arm.cylindrical_pair_value
齿轮副值,Gear_pair_value,gear_pair_value,kinematic_state,ap242,0,https://www.steptools.com/stds/smrl/data/modules/kinematic_state/sys/4_info_reqs.htm#kinematic_state_arm.gear_pair_value
机构状态表示,Mechanism_state_representation,mechanism_state_representation,kinematic_state,ap242,1,https://www.steptools.com/stds/smrl/data/modules/kinematic_state/sys/4_info_reqs.htm#kinematic_state_arm.mechanism_state_representation
副值,Pair_value,pair_value,kinematic_state,ap242,1,https://www.steptools.com/stds/smrl/data/modules/kinematic_state/sys/4_info_reqs.htm#kinematic_state_arm.pair_value
平面副值,Planar_pair_value,planar_pair_value,kinematic_state,ap242,0,https://www.steptools.com/stds/smrl/data/modules/kinematic_state/sys/4_info_reqs.htm#kinematic_state_arm.planar_pair_value
点在平面曲线副值,Point_on_planar_curve_pair_value,point_on_planar_curve_pair_value,kinematic_state,ap242,0,https://www.steptools.com/stds/smrl/data/modules/kinematic_state/sys/4_info_reqs.htm#kinematic_state_arm.point_on_planar_curve_pair_value
点在曲面副值,Point_on_surface_pair_value,point_on_surface_pair_value,kinematic_state,ap242,0,https://www.steptools.com/stds/smrl/data/modules/kinematic_state/sys/4_info_reqs.htm#kinematic_state_arm.point_on_surface_pair_value
棱柱副值,Prismatic_pair_value,prismatic_pair_value,kinematic_state,ap242,0,https://www.steptools.com/stds/smrl/data/modules/kinematic_state/sys/4_info_reqs.htm#kinematic_state_arm.prismatic_pair_value
齿条与小齿轮副值,Rack_and_pinion_pair_value,rack_and_pinion_pair_value,kinematic_state,ap242,0,https://www.steptools.com/stds/smrl/data/modules/kinematic_state/sys/4_info_reqs.htm#kinematic_state_arm.rack_and_pinion_pair_value
旋转副值,Revolute_pair_value,revolute_pair_value,kinematic_state,ap242,0,https://www.steptools.com/stds/smrl/data/modules/kinematic_state/sys/4_info_reqs.htm#kinematic_state_arm.revolute_pair_value
滚动曲线副值,Rolling_curve_pair_value,rolling_curve_pair_value,kinematic_state,ap242,0,https://www.steptools.com/stds/smrl/data/modules/kinematic_state/sys/4_info_reqs.htm#kinematic_state_arm.rolling_curve_pair_value
滚动曲面副值,Rolling_surface_pair_value,rolling_surface_pair_value,kinematic_state,ap242,0,https://www.steptools.com/stds/smrl/data/modules/kinematic_state/sys/4_info_reqs.htm#kinematic_state_arm.rolling_surface_pair_value
旋转关于方向,Rotation_about_direction,rotation_about_direction,kinematic_state,ap242,1,https://www.steptools.com/stds/smrl/data/modules/kinematic_state/sys/4_info_reqs.htm#kinematic_state_arm.rotation_about_direction
螺旋副值,Screw_pair_value,screw_pair_value,kinematic_state,ap242,0,https://www.steptools.com/stds/smrl/data/modules/kinematic_state/sys/4_info_reqs.htm#kinematic_state_arm.screw_pair_value
滑动曲线副值,Sliding_curve_pair_value,sliding_curve_pair_value,kinematic_state,ap242,0,https://www.steptools.com/stds/smrl/data/modules/kinematic_state/sys/4_info_reqs.htm#kinematic_state_arm.sliding_curve_pair_value
滑动曲面副值,Sliding_surface_pair_value,sliding_surface_pair_value,kinematic_state,ap242,0,https://www.steptools.com/stds/smrl/data/modules/kinematic_state/sys/4_info_reqs.htm#kinematic_state_arm.sliding_surface_pair_value
球形副值,Spherical_pair_value,spherical_pair_value,kinematic_state,ap242,0,https://www.steptools.com/stds/smrl/data/modules/kinematic_state/sys/4_info_reqs.htm#kinematic_state_arm.spherical_pair_value
无约束副值,Unconstrained_pair_value,unconstrained_pair_value,kinematic_state,ap242,0,https://www.steptools.com/stds/smrl/data/modules/kinematic_state/sys/4_info_reqs.htm#kinematic_state_arm.unconstrained_pair_value
通用副值,Universal_pair_value,universal_pair_value,kinematic_state,ap242,0,https://www.steptools.com/stds/smrl/data/modules/kinematic_state/sys/4_info_reqs.htm#kinematic_state_arm.universal_pair_value
受驱动运动副对,Actuated_kinematic_pair,actuated_kinematic_pair,kinematic_structure,ap242,0,https://www.steptools.com/stds/smrl/data/modules/kinematic_structure/sys/4_info_reqs.htm#kinematic_structure_arm.actuated_kinematic_pair
上下文相关运动学链接表示,Context_dependent_kinematic_link_representation,context_dependent_kinematic_link_representation,kinematic_structure,ap242,0,https://www.steptools.com/stds/smrl/data/modules/kinematic_structure/sys/4_info_reqs.htm#kinematic_structure_arm.context_dependent_kinematic_link_representation
圆柱副,Cylindrical_pair,cylindrical_pair,kinematic_structure,ap242,0,https://www.steptools.com/stds/smrl/data/modules/kinematic_structure/sys/4_info_reqs.htm#kinematic_structure_arm.cylindrical_pair
圆柱副带范围,Cylindrical_pair_with_range,cylindrical_pair_with_range,kinematic_structure,ap242,0,https://www.steptools.com/stds/smrl/data/modules/kinematic_structure/sys/4_info_reqs.htm#kinematic_structure_arm.cylindrical_pair_with_range
完全受约束副,Fully_constrained_pair,fully_constrained_pair,kinematic_structure,ap242,0,https://www.steptools.com/stds/smrl/data/modules/kinematic_structure/sys/4_info_reqs.htm#kinematic_structure_arm.fully_constrained_pair
齿轮副,Gear_pair,gear_pair,kinematic_structure,ap242,0,https://www.steptools.com/stds/smrl/data/modules/kinematic_structure/sys/4_info_reqs.htm#kinematic_structure_arm.gear_pair
齿轮副带范围,Gear_pair_with_range,gear_pair_with_range,kinematic_structure,ap242,0,https://www.steptools.com/stds/smrl/data/modules/kinematic_structure/sys/4_info_reqs.htm#kinematic_structure_arm.gear_pair_with_range
高次序运动学副,High_order_kinematic_pair,high_order_kinematic_pair,kinematic_structure,ap242,0,https://www.steptools.com/stds/smrl/data/modules/kinematic_structure/sys/4_info_reqs.htm#kinematic_structure_arm.high_order_kinematic_pair
等速副,Homokinetic_pair,homokinetic_pair,kinematic_structure,ap242,0,https://www.steptools.com/stds/smrl/data/modules/kinematic_structure/sys/4_info_reqs.htm#kinematic_structure_arm.homokinetic_pair
运动学链接表示,Kinematic_link_representation,kinematic_link_representation,kinematic_structure,ap242,3,https://www.steptools.com/stds/smrl/data/modules/kinematic_structure/sys/4_info_reqs.htm#kinematic_structure_arm.kinematic_link_representation
运动学链接表示关联,Kinematic_link_representation_association,kinematic_link_representation_association,kinematic_structure,ap242,2,https://www.steptools.com/stds/smrl/data/modules/kinematic_structure/sys/4_info_reqs.htm#kinematic_structure_arm.kinematic_link_representation_association
运动副对,Kinematic_pair,kinematic_pair,kinematic_structure,ap242,1,https://www.steptools.com/stds/smrl/data/modules/kinematic_structure/sys/4_info_reqs.htm#kinematic_structure_arm.kinematic_pair
运动学属性机构表示,Kinematic_property_mechanism_representation,kinematic_property_mechanism_representation,kinematic_structure,ap242,0,https://www.steptools.com/stds/smrl/data/modules/kinematic_structure/sys/4_info_reqs.htm#kinematic_structure_arm.kinematic_property_mechanism_representation
线性柔性与小齿轮副,Linear_flexible_and_pinion_pair,linear_flexible_and_pinion_pair,kinematic_structure,ap242,0,https://www.steptools.com/stds/smrl/data/modules/kinematic_structure/sys/4_info_reqs.htm#kinematic_structure_arm.linear_flexible_and_pinion_pair
线性柔性与平面曲线副,Linear_flexible_and_planar_curve_pair,linear_flexible_and_planar_curve_pair,kinematic_structure,ap242,0,https://www.steptools.com/stds/smrl/data/modules/kinematic_structure/sys/4_info_reqs.htm#kinematic_structure_arm.linear_flexible_and_planar_curve_pair
线性柔性链接表示,Linear_flexible_link_representation,linear_flexible_link_representation,kinematic_structure,ap242,0,https://www.steptools.com/stds/smrl/data/modules/kinematic_structure/sys/4_info_reqs.htm#kinematic_structure_arm.linear_flexible_link_representation
低次序运动学副,Low_order_kinematic_pair,low_order_kinematic_pair,kinematic_structure,ap242,0,https://www.steptools.com/stds/smrl/data/modules/kinematic_structure/sys/4_info_reqs.htm#kinematic_structure_arm.low_order_kinematic_pair
低次序运动学副带运动耦合,Low_order_kinematic_pair_with_motion_coupling,low_order_kinematic_pair_with_motion_coupling,kinematic_structure,ap242,0,https://www.steptools.com/stds/smrl/data/modules/kinematic_structure/sys/4_info_reqs.htm#kinematic_structure_arm.low_order_kinematic_pair_with_motion_coupling
机构表示,Mechanism_representation,mechanism_representation,kinematic_structure,ap242,3,https://www.steptools.com/stds/smrl/data/modules/kinematic_structure/sys/4_info_reqs.htm#kinematic_structure_arm.mechanism_representation
副表示关系,Pair_representation_relationship,pair_representation_relationship,kinematic_structure,ap242,2,https://www.steptools.com/stds/smrl/data/modules/kinematic_structure/sys/4_info_reqs.htm#kinematic_structure_arm.pair_representation_relationship
平面曲线副,Planar_curve_pair,planar_curve_pair,kinematic_structure,ap242,0,https://www.steptools.com/stds/smrl/data/modules/kinematic_structure/sys/4_info_reqs.htm#kinematic_structure_arm.planar_curve_pair
平面曲线副范围,Planar_curve_pair_range,planar_curve_pair_range,kinematic_structure,ap242,0,https://www.steptools.com/stds/smrl/data/modules/kinematic_structure/sys/4_info_reqs.htm#kinematic_structure_arm.planar_curve_pair_range
平面副,Planar_pair,planar_pair,kinematic_structure,ap242,0,https://www.steptools.com/stds/smrl/data/modules/kinematic_structure/sys/4_info_reqs.htm#kinematic_structure_arm.planar_pair
平面副带范围,Planar_pair_with_range,planar_pair_with_range,kinematic_structure,ap242,0,https://www.steptools.com/stds/smrl/data/modules/kinematic_structure/sys/4_info_reqs.htm#kinematic_structure_arm.planar_pair_with_range
点在平面曲线副,Point_on_planar_curve_pair,point_on_planar_curve_pair,kinematic_structure,ap242,0,https://www.steptools.com/stds/smrl/data/modules/kinematic_structure/sys/4_info_reqs.htm#kinematic_structure_arm.point_on_planar_curve_pair
点在平面曲线副带范围,Point_on_planar_curve_pair_with_range,point_on_planar_curve_pair_with_range,kinematic_structure,ap242,0,https://www.steptools.com/stds/smrl/data/modules/kinematic_structure/sys/4_info_reqs.htm#kinematic_structure_arm.point_on_planar_curve_pair_with_range
点在曲面副,Point_on_surface_pair,point_on_surface_pair,kinematic_structure,ap242,0,https://www.steptools.com/stds/smrl/data/modules/kinematic_structure/sys/4_info_reqs.htm#kinematic_structure_arm.point_on_surface_pair
点在曲面副带范围,Point_on_surface_pair_with_range,point_on_surface_pair_with_range,kinematic_structure,ap242,0,https://www.steptools.com/stds/smrl/data/modules/kinematic_structure/sys/4_info_reqs.htm#kinematic_structure_arm.point_on_surface_pair_with_range
棱柱副,Prismatic_pair,prismatic_pair,kinematic_structure,ap242,0,https://www.steptools.com/stds/smrl/data/modules/kinematic_structure/sys/4_info_reqs.htm#kinematic_structure_arm.prismatic_pair
棱柱副带范围,Prismatic_pair_with_range,prismatic_pair_with_range,kinematic_structure,ap242,0,https://www.steptools.com/stds/smrl/data/modules/kinematic_structure/sys/4_info_reqs.htm#kinematic_structure_arm.prismatic_pair_with_range
产品定义关系运动学,Product_definition_relationship_kinematics,product_definition_relationship_kinematics,kinematic_structure,ap242,0,https://www.steptools.com/stds/smrl/data/modules/kinematic_structure/sys/4_info_reqs.htm#kinematic_structure_arm.product_definition_relationship_kinematics
齿条与小齿轮副,Rack_and_pinion_pair,rack_and_pinion_pair,kinematic_structure,ap242,0,https://www.steptools.com/stds/smrl/data/modules/kinematic_structure/sys/4_info_reqs.htm#kinematic_structure_arm.rack_and_pinion_pair
齿条与小齿轮副带范围,Rack_and_pinion_pair_with_range,rack_and_pinion_pair_with_range,kinematic_structure,ap242,0,https://www.steptools.com/stds/smrl/data/modules/kinematic_structure/sys/4_info_reqs.htm#kinematic_structure_arm.rack_and_pinion_pair_with_range
旋转副,Revolute_pair,revolute_pair,kinematic_structure,ap242,0,https://www.steptools.com/stds/smrl/data/modules/kinematic_structure/sys/4_info_reqs.htm#kinematic_structure_arm.revolute_pair
旋转副带范围,Revolute_pair_with_range,revolute_pair_with_range,kinematic_structure,ap242,0,https://www.steptools.com/stds/smrl/data/modules/kinematic_structure/sys/4_info_reqs.htm#kinematic_structure_arm.revolute_pair_with_range
刚性链接表示,Rigid_link_representation,rigid_link_representation,kinematic_structure,ap242,0,https://www.steptools.com/stds/smrl/data/modules/kinematic_structure/sys/4_info_reqs.htm#kinematic_structure_arm.rigid_link_representation
滚动曲线副,Rolling_curve_pair,rolling_curve_pair,kinematic_structure,ap242,0,https://www.steptools.com/stds/smrl/data/modules/kinematic_structure/sys/4_info_reqs.htm#kinematic_structure_arm.rolling_curve_pair
滚动曲面副,Rolling_surface_pair,rolling_surface_pair,kinematic_structure,ap242,0,https://www.steptools.com/stds/smrl/data/modules/kinematic_structure/sys/4_info_reqs.htm#kinematic_structure_arm.rolling_surface_pair
螺旋副,Screw_pair,screw_pair,kinematic_structure,ap242,0,https://www.steptools.com/stds/smrl/data/modules/kinematic_structure/sys/4_info_reqs.htm#kinematic_structure_arm.screw_pair
螺旋副带范围,Screw_pair_with_range,screw_pair_with_range,kinematic_structure,ap242,0,https://www.steptools.com/stds/smrl/data/modules/kinematic_structure/sys/4_info_reqs.htm#kinematic_structure_arm.screw_pair_with_range
滑动曲线副,Sliding_curve_pair,sliding_curve_pair,kinematic_structure,ap242,0,https://www.steptools.com/stds/smrl/data/modules/kinematic_structure/sys/4_info_reqs.htm#kinematic_structure_arm.sliding_curve_pair
滑动曲面副,Sliding_surface_pair,sliding_surface_pair,kinematic_structure,ap242,0,https://www.steptools.com/stds/smrl/data/modules/kinematic_structure/sys/4_info_reqs.htm#kinematic_structure_arm.sliding_surface_pair
球形副,Spherical_pair,spherical_pair,kinematic_structure,ap242,0,https://www.steptools.com/stds/smrl/data/modules/kinematic_structure/sys/4_info_reqs.htm#kinematic_structure_arm.spherical_pair
球形副带销,Spherical_pair_with_pin,spherical_pair_with_pin,kinematic_structure,ap242,0,https://www.steptools.com/stds/smrl/data/modules/kinematic_structure/sys/4_info_reqs.htm#kinematic_structure_arm.spherical_pair_with_pin
球形副带销与范围,Spherical_pair_with_pin_and_range,spherical_pair_with_pin_and_range,kinematic_structure,ap242,0,https://www.steptools.com/stds/smrl/data/modules/kinematic_structure/sys/4_info_reqs.htm#kinematic_structure_arm.spherical_pair_with_pin_and_range
球形副带范围,Spherical_pair_with_range,spherical_pair_with_range,kinematic_structure,ap242,0,https://www.steptools.com/stds/smrl/data/modules/kinematic_structure/sys/4_info_reqs.htm#kinematic_structure_arm.spherical_pair_with_range
SU参数,Su_parameters,su_parameters,kinematic_structure,ap242,1,https://www.steptools.com/stds/smrl/data/modules/kinematic_structure/sys/4_info_reqs.htm#kinematic_structure_arm.su_parameters
曲面副,Surface_pair,surface_pair,kinematic_structure,ap242,0,https://www.steptools.com/stds/smrl/data/modules/kinematic_structure/sys/4_info_reqs.htm#kinematic_structure_arm.surface_pair
曲面副带范围,Surface_pair_with_range,surface_pair_with_range,kinematic_structure,ap242,0,https://www.steptools.com/stds/smrl/data/modules/kinematic_structure/sys/4_info_reqs.htm#kinematic_structure_arm.surface_pair_with_range
刀具附件点框架,Tool_attachment_point_frame,tool_attachment_point_frame,kinematic_structure,ap242,0,https://www.steptools.com/stds/smrl/data/modules/kinematic_structure/sys/4_info_reqs.htm#kinematic_structure_arm.tool_attachment_point_frame
刀具中心点框架,Tool_centre_point_frame,tool_centre_point_frame,kinematic_structure,ap242,0,https://www.steptools.com/stds/smrl/data/modules/kinematic_structure/sys/4_info_reqs.htm#kinematic_structure_arm.tool_centre_point_frame
无约束副,Unconstrained_pair,unconstrained_pair,kinematic_structure,ap242,0,https://www.steptools.com/stds/smrl/data/modules/kinematic_structure/sys/4_info_reqs.htm#kinematic_structure_arm.unconstrained_pair
通用副,Universal_pair,universal_pair,kinematic_structure,ap242,0,https://www.steptools.com/stds/smrl/data/modules/kinematic_structure/sys/4_info_reqs.htm#kinematic_structure_arm.universal_pair
通用副带范围,Universal_pair_with_range,universal_pair_with_range,kinematic_structure,ap242,0,https://www.steptools.com/stds/smrl/data/modules/kinematic_structure/sys/4_info_reqs.htm#kinematic_structure_arm.universal_pair_with_range
运动副,Kinematic_joint,kinematic_joint,kinematic_topology,ap242,3,https://www.steptools.com/stds/smrl/data/modules/kinematic_topology/sys/4_info_reqs.htm#kinematic_topology_arm.kinematic_joint
运动学链接,Kinematic_link,kinematic_link,kinematic_topology,ap242,2,https://www.steptools.com/stds/smrl/data/modules/kinematic_topology/sys/4_info_reqs.htm#kinematic_topology_arm.kinematic_link
运动学环,Kinematic_loop,kinematic_loop,kinematic_topology,ap242,0,https://www.steptools.com/stds/smrl/data/modules/kinematic_topology/sys/4_info_reqs.htm#kinematic_topology_arm.kinematic_loop
运动学属性定义表示,Kinematic_property_definition_representation,kinematic_property_definition_representation,kinematic_topology,ap242,1,https://www.steptools.com/stds/smrl/data/modules/kinematic_topology/sys/4_info_reqs.htm#kinematic_topology_arm.kinematic_property_definition_representation
运动学属性拓扑表示,Kinematic_property_topology_representation,kinematic_property_topology_representation,kinematic_topology,ap242,0,https://www.steptools.com/stds/smrl/data/modules/kinematic_topology/sys/4_info_reqs.htm#kinematic_topology_arm.kinematic_property_topology_representation
运动学拓扑有向结构,Kinematic_topology_directed_structure,kinematic_topology_directed_structure,kinematic_topology,ap242,0,https://www.steptools.com/stds/smrl/data/modules/kinematic_topology/sys/4_info_reqs.htm#kinematic_topology_arm.kinematic_topology_directed_structure
运动学拓扑网络结构,Kinematic_topology_network_structure,kinematic_topology_network_structure,kinematic_topology,ap242,0,https://www.steptools.com/stds/smrl/data/modules/kinematic_topology/sys/4_info_reqs.htm#kinematic_topology_arm.kinematic_topology_network_structure
运动学拓扑结构,Kinematic_topology_structure,kinematic_topology_structure,kinematic_topology,ap242,0,https://www.steptools.com/stds/smrl/data/modules/kinematic_topology/sys/4_info_reqs.htm#kinematic_topology_arm.kinematic_topology_structure
运动学拓扑子结构,Kinematic_topology_substructure,kinematic_topology_substructure,kinematic_topology,ap242,0,https://www.steptools.com/stds/smrl/data/modules/kinematic_topology/sys/4_info_reqs.htm#kinematic_topology_arm.kinematic_topology_substructure
运动学拓扑树结构,Kinematic_topology_tree_structure,kinematic_topology_tree_structure,kinematic_topology,ap242,0,https://www.steptools.com/stds/smrl/data/modules/kinematic_topology/sys/4_info_reqs.htm#kinematic_topology_arm.kinematic_topology_tree_structure
有向关节,Oriented_joint,oriented_joint,kinematic_topology,ap242,0,https://www.steptools.com/stds/smrl/data/modules/kinematic_topology/sys/4_info_reqs.htm#kinematic_topology_arm.oriented_joint
产品定义运动学,Product_definition_kinematics,product_definition_kinematics,kinematic_topology,ap242,0,https://www.steptools.com/stds/smrl/data/modules/kinematic_topology/sys/4_info_reqs.htm#kinematic_topology_arm.product_definition_kinematics
层,Layer,layer,layer_assignment,ap242,1,https://www.steptools.com/stds/smrl/data/modules/layer_assignment/sys/4_info_reqs.htm#layer_assignment_arm.layer
结构化方法层次,Structuring_method_hierarchy,structuring_method_hierarchy,layer_assignment,ap242,0,https://www.steptools.com/stds/smrl/data/modules/layer_assignment/sys/4_info_reqs.htm#layer_assignment_arm.structuring_method_hierarchy
角锥度,Angle_taper,angle_taper,machining_features,ap242,0,https://www.steptools.com/stds/smrl/data/modules/machining_features/sys/4_info_reqs.htm#machining_features_arm.angle_taper
锥齿轮,Bevel_gear,bevel_gear,machining_features,ap242,0,https://www.steptools.com/stds/smrl/data/modules/machining_features/sys/4_info_reqs.htm#machining_features_arm.bevel_gear
盲孔底部条件,Blind_bottom_condition,blind_bottom_condition,machining_features,ap242,0,https://www.steptools.com/stds/smrl/data/modules/machining_features/sys/4_info_reqs.htm#machining_features_arm.blind_bottom_condition
凸台,Boss,boss,machining_features,ap242,1,https://www.steptools.com/stds/smrl/data/modules/machining_features/sys/4_info_reqs.htm#machining_features_arm.boss
凸台顶部条件,Boss_top_condition,boss_top_condition,machining_features,ap242,0,https://www.steptools.com/stds/smrl/data/modules/machining_features/sys/4_info_reqs.htm#machining_features_arm.boss_top_condition
标准齿轮,Catalogue_gear,catalogue_gear,machining_features,ap242,0,https://www.steptools.com/stds/smrl/data/modules/machining_features/sys/4_info_reqs.htm#machining_features_arm.catalogue_gear
标准滚花,Catalogue_knurl,catalogue_knurl,machining_features,ap242,0,https://www.steptools.com/stds/smrl/data/modules/machining_features/sys/4_info_reqs.htm#machining_features_arm.catalogue_knurl
标准标记,Catalogue_marking,catalogue_marking,machining_features,ap242,0,https://www.steptools.com/stds/smrl/data/modules/machining_features/sys/4_info_reqs.htm#machining_features_arm.catalogue_marking
标准螺纹,Catalogue_thread,catalogue_thread,machining_features,ap242,0,https://www.steptools.com/stds/smrl/data/modules/machining_features/sys/4_info_reqs.htm#machining_features_arm.catalogue_thread
倒角,Chamfer,chamfer,machining_features,ap242,0,https://www.steptools.com/stds/smrl/data/modules/machining_features/sys/4_info_reqs.htm#machining_features_arm.chamfer
倒角角,Chamfer_angle,chamfer_angle,machining_features,ap242,0,https://www.steptools.com/stds/smrl/data/modules/machining_features/sys/4_info_reqs.htm#machining_features_arm.chamfer_angle
圆形凸台,Circular_boss,circular_boss,machining_features,ap242,0,https://www.steptools.com/stds/smrl/data/modules/machining_features/sys/4_info_reqs.htm#machining_features_arm.circular_boss
圆形闭合轮廓,Circular_closed_profile,circular_closed_profile,machining_features,ap242,4,https://www.steptools.com/stds/smrl/data/modules/machining_features/sys/4_info_reqs.htm#machining_features_arm.circular_closed_profile
圆形闭合形状轮廓,Circular_closed_shape_profile,circular_closed_shape_profile,machining_features,ap242,0,https://www.steptools.com/stds/smrl/data/modules/machining_features/sys/4_info_reqs.htm#machining_features_arm.circular_closed_shape_profile
圆形切口,Circular_cutout,circular_cutout,machining_features,ap242,0,https://www.steptools.com/stds/smrl/data/modules/machining_features/sys/4_info_reqs.htm#machining_features_arm.circular_cutout
圆形偏置阵列,Circular_offset_pattern,circular_offset_pattern,machining_features,ap242,0,https://www.steptools.com/stds/smrl/data/modules/machining_features/sys/4_info_reqs.htm#machining_features_arm.circular_offset_pattern
圆形省略阵列,Circular_omit_pattern,circular_omit_pattern,machining_features,ap242,0,https://www.steptools.com/stds/smrl/data/modules/machining_features/sys/4_info_reqs.htm#machining_features_arm.circular_omit_pattern
圆形路径特征组件,Circular_path_feature_component,circular_path_feature_component,machining_features,ap242,0,https://www.steptools.com/stds/smrl/data/modules/machining_features/sys/4_info_reqs.htm#machining_features_arm.circular_path_feature_component
圆形阵列,Circular_pattern,circular_pattern,machining_features,ap242,0,https://www.steptools.com/stds/smrl/data/modules/machining_features/sys/4_info_reqs.htm#machining_features_arm.circular_pattern
闭合轮廓,Closed_profile,closed_profile,machining_features,ap242,3,https://www.steptools.com/stds/smrl/data/modules/machining_features/sys/4_info_reqs.htm#machining_features_arm.closed_profile
闭合槽,Closed_slot,closed_slot,machining_features,ap242,0,https://www.steptools.com/stds/smrl/data/modules/machining_features/sys/4_info_reqs.htm#machining_features_arm.closed_slot
完整圆形路径特征组件,Complete_circular_path_feature_component,complete_circular_path_feature_component,machining_features,ap242,1,https://www.steptools.com/stds/smrl/data/modules/machining_features/sys/4_info_reqs.htm#machining_features_arm.complete_circular_path_feature_component
复合特征,Compound_feature,compound_feature,machining_features,ap242,0,https://www.steptools.com/stds/smrl/data/modules/machining_features/sys/4_info_reqs.htm#machining_features_arm.compound_feature
复合特征元素,Compound_feature_element,compound_feature_element,machining_features,ap242,0,https://www.steptools.com/stds/smrl/data/modules/machining_features/sys/4_info_reqs.htm#machining_features_arm.compound_feature_element
复合特征关系,Compound_feature_relationship,compound_feature_relationship,machining_features,ap242,0,https://www.steptools.com/stds/smrl/data/modules/machining_features/sys/4_info_reqs.htm#machining_features_arm.compound_feature_relationship
圆锥面孔底部,Conical_hole_bottom,conical_hole_bottom,machining_features,ap242,0,https://www.steptools.com/stds/smrl/data/modules/machining_features/sys/4_info_reqs.htm#machining_features_arm.conical_hole_bottom
常量半径边圆,Constant_radius_edge_round,constant_radius_edge_round,machining_features,ap242,0,https://www.steptools.com/stds/smrl/data/modules/machining_features/sys/4_info_reqs.htm#machining_features_arm.constant_radius_edge_round
常量半径圆角,Constant_radius_fillet,constant_radius_fillet,machining_features,ap242,0,https://www.steptools.com/stds/smrl/data/modules/machining_features/sys/4_info_reqs.htm#machining_features_arm.constant_radius_fillet
沉孔孔,Counterbore_hole,counterbore_hole,machining_features,ap242,0,https://www.steptools.com/stds/smrl/data/modules/machining_features/sys/4_info_reqs.htm#machining_features_arm.counterbore_hole
锥形沉孔孔,Countersunk_hole,countersunk_hole,machining_features,ap242,0,https://www.steptools.com/stds/smrl/data/modules/machining_features/sys/4_info_reqs.htm#machining_features_arm.countersunk_hole
切口特征,Cutout_feature,cutout_feature,machining_features,ap242,0,https://www.steptools.com/stds/smrl/data/modules/machining_features/sys/4_info_reqs.htm#machining_features_arm.cutout_feature
定义齿轮,Defined_gear,defined_gear,machining_features,ap242,0,https://www.steptools.com/stds/smrl/data/modules/machining_features/sys/4_info_reqs.htm#machining_features_arm.defined_gear
定义标记,Defined_marking,defined_marking,machining_features,ap242,0,https://www.steptools.com/stds/smrl/data/modules/machining_features/sys/4_info_reqs.htm#machining_features_arm.defined_marking
定义螺纹,Defined_thread,defined_thread,machining_features,ap242,0,https://www.steptools.com/stds/smrl/data/modules/machining_features/sys/4_info_reqs.htm#machining_features_arm.defined_thread
对角滚花,Diagonal_knurl,diagonal_knurl,machining_features,ap242,0,https://www.steptools.com/stds/smrl/data/modules/machining_features/sys/4_info_reqs.htm#machining_features_arm.diagonal_knurl
直径锥度,Diameter_taper,diameter_taper,machining_features,ap242,0,https://www.steptools.com/stds/smrl/data/modules/machining_features/sys/4_info_reqs.htm#machining_features_arm.diameter_taper
菱形滚花,Diamond_knurl,diamond_knurl,machining_features,ap242,0,https://www.steptools.com/stds/smrl/data/modules/machining_features/sys/4_info_reqs.htm#machining_features_arm.diamond_knurl
有向锥度,Directed_taper,directed_taper,machining_features,ap242,0,https://www.steptools.com/stds/smrl/data/modules/machining_features/sys/4_info_reqs.htm#machining_features_arm.directed_taper
方向元素,Direction_element,direction_element,machining_features,ap242,10,https://www.steptools.com/stds/smrl/data/modules/machining_features/sys/4_info_reqs.htm#machining_features_arm.direction_element
边圆,Edge_round,edge_round,machining_features,ap242,0,https://www.steptools.com/stds/smrl/data/modules/machining_features/sys/4_info_reqs.htm#machining_features_arm.edge_round
面形状元素,Face_shape_element,face_shape_element,machining_features,ap242,13,https://www.steptools.com/stds/smrl/data/modules/machining_features/sys/4_info_reqs.htm#machining_features_arm.face_shape_element
面形状元素关系,Face_shape_element_relationship,face_shape_element_relationship,machining_features,ap242,0,https://www.steptools.com/stds/smrl/data/modules/machining_features/sys/4_info_reqs.htm#machining_features_arm.face_shape_element_relationship
圆角,Fillet,fillet,machining_features,ap242,0,https://www.steptools.com/stds/smrl/data/modules/machining_features/sys/4_info_reqs.htm#machining_features_arm.fillet
第一倒角偏置,First_chamfer_offset,first_chamfer_offset,machining_features,ap242,0,https://www.steptools.com/stds/smrl/data/modules/machining_features/sys/4_info_reqs.htm#machining_features_arm.first_chamfer_offset
平面孔底部,Flat_hole_bottom,flat_hole_bottom,machining_features,ap242,0,https://www.steptools.com/stds/smrl/data/modules/machining_features/sys/4_info_reqs.htm#machining_features_arm.flat_hole_bottom
平面槽端类型,Flat_slot_end_type,flat_slot_end_type,machining_features,ap242,0,https://www.steptools.com/stds/smrl/data/modules/machining_features/sys/4_info_reqs.htm#machining_features_arm.flat_slot_end_type
平面带半径孔底部,Flat_with_radius_hole_bottom,flat_with_radius_hole_bottom,machining_features,ap242,0,https://www.steptools.com/stds/smrl/data/modules/machining_features/sys/4_info_reqs.htm#machining_features_arm.flat_with_radius_hole_bottom
平面带锥度孔底部,Flat_with_taper_hole_bottom,flat_with_taper_hole_bottom,machining_features,ap242,0,https://www.steptools.com/stds/smrl/data/modules/machining_features/sys/4_info_reqs.htm#machining_features_arm.flat_with_taper_hole_bottom
齿轮,Gear,gear,machining_features,ap242,1,https://www.steptools.com/stds/smrl/data/modules/machining_features/sys/4_info_reqs.htm#machining_features_arm.gear
通用凸台,General_boss,general_boss,machining_features,ap242,0,https://www.steptools.com/stds/smrl/data/modules/machining_features/sys/4_info_reqs.htm#machining_features_arm.general_boss
通用闭合轮廓,General_closed_profile,general_closed_profile,machining_features,ap242,0,https://www.steptools.com/stds/smrl/data/modules/machining_features/sys/4_info_reqs.htm#machining_features_arm.general_closed_profile
通用切口,General_cutout,general_cutout,machining_features,ap242,0,https://www.steptools.com/stds/smrl/data/modules/machining_features/sys/4_info_reqs.htm#machining_features_arm.general_cutout
通用开放轮廓,General_open_profile,general_open_profile,machining_features,ap242,1,https://www.steptools.com/stds/smrl/data/modules/machining_features/sys/4_info_reqs.htm#machining_features_arm.general_open_profile
通用外部轮廓,General_outside_profile,general_outside_profile,machining_features,ap242,0,https://www.steptools.com/stds/smrl/data/modules/machining_features/sys/4_info_reqs.htm#machining_features_arm.general_outside_profile
通用路径特征组件,General_path_feature_component,general_path_feature_component,machining_features,ap242,1,https://www.steptools.com/stds/smrl/data/modules/machining_features/sys/4_info_reqs.htm#machining_features_arm.general_path_feature_component
通用阵列,General_pattern,general_pattern,machining_features,ap242,0,https://www.steptools.com/stds/smrl/data/modules/machining_features/sys/4_info_reqs.htm#machining_features_arm.general_pattern
通用凹槽,General_pocket,general_pocket,machining_features,ap242,0,https://www.steptools.com/stds/smrl/data/modules/machining_features/sys/4_info_reqs.htm#machining_features_arm.general_pocket
通用凹槽底部条件,General_pocket_bottom_condition,general_pocket_bottom_condition,machining_features,ap242,0,https://www.steptools.com/stds/smrl/data/modules/machining_features/sys/4_info_reqs.htm#machining_features_arm.general_pocket_bottom_condition
通用轮廓底,General_profile_floor,general_profile_floor,machining_features,ap242,0,https://www.steptools.com/stds/smrl/data/modules/machining_features/sys/4_info_reqs.htm#machining_features_arm.general_profile_floor
通用移除体积,General_removal_volume,general_removal_volume,machining_features,ap242,0,https://www.steptools.com/stds/smrl/data/modules/machining_features/sys/4_info_reqs.htm#machining_features_arm.general_removal_volume
通用回转,General_revolution,general_revolution,machining_features,ap242,0,https://www.steptools.com/stds/smrl/data/modules/machining_features/sys/4_info_reqs.htm#machining_features_arm.general_revolution
通用加强筋顶部底,General_rib_top_floor,general_rib_top_floor,machining_features,ap242,0,https://www.steptools.com/stds/smrl/data/modules/machining_features/sys/4_info_reqs.htm#machining_features_arm.general_rib_top_floor
通用形状轮廓,General_shape_profile,general_shape_profile,machining_features,ap242,0,https://www.steptools.com/stds/smrl/data/modules/machining_features/sys/4_info_reqs.htm#machining_features_arm.general_shape_profile
通用顶部条件,General_top_condition,general_top_condition,machining_features,ap242,0,https://www.steptools.com/stds/smrl/data/modules/machining_features/sys/4_info_reqs.htm#machining_features_arm.general_top_condition
槽,Groove,groove,machining_features,ap242,0,https://www.steptools.com/stds/smrl/data/modules/machining_features/sys/4_info_reqs.htm#machining_features_arm.groove
螺旋锥齿轮,Helical_bevel_gear,helical_bevel_gear,machining_features,ap242,0,https://www.steptools.com/stds/smrl/data/modules/machining_features/sys/4_info_reqs.htm#machining_features_arm.helical_bevel_gear
螺旋齿轮,Helical_gear,helical_gear,machining_features,ap242,0,https://www.steptools.com/stds/smrl/data/modules/machining_features/sys/4_info_reqs.htm#machining_features_arm.helical_gear
孔,Hole,hole,machining_features,ap242,1,https://www.steptools.com/stds/smrl/data/modules/machining_features/sys/4_info_reqs.htm#machining_features_arm.hole
实例化制造特征,Instanced_manufacturing_feature,instanced_manufacturing_feature,machining_features,ap242,0,https://www.steptools.com/stds/smrl/data/modules/machining_features/sys/4_info_reqs.htm#machining_features_arm.instanced_manufacturing_feature
滚花,Knurl,knurl,machining_features,ap242,1,https://www.steptools.com/stds/smrl/data/modules/machining_features/sys/4_info_reqs.htm#machining_features_arm.knurl
线性路径特征组件,Linear_path_feature_component,linear_path_feature_component,machining_features,ap242,7,https://www.steptools.com/stds/smrl/data/modules/machining_features/sys/4_info_reqs.htm#machining_features_arm.linear_path_feature_component
线性轮廓,Linear_profile,linear_profile,machining_features,ap242,2,https://www.steptools.com/stds/smrl/data/modules/machining_features/sys/4_info_reqs.htm#machining_features_arm.linear_profile
位置元素,Location_element,location_element,machining_features,ap242,2,https://www.steptools.com/stds/smrl/data/modules/machining_features/sys/4_info_reqs.htm#machining_features_arm.location_element
环槽端类型,Loop_slot_end_type,loop_slot_end_type,machining_features,ap242,0,https://www.steptools.com/stds/smrl/data/modules/machining_features/sys/4_info_reqs.htm#machining_features_arm.loop_slot_end_type
加工特征,Machining_feature,machining_feature,machining_features,ap242,2,https://www.steptools.com/stds/smrl/data/modules/machining_features/sys/4_info_reqs.htm#machining_features_arm.machining_feature
制造特征,Manufacturing_feature,manufacturing_feature,machining_features,ap242,8,https://www.steptools.com/stds/smrl/data/modules/machining_features/sys/4_info_reqs.htm#machining_features_arm.manufacturing_feature
制造特征组,Manufacturing_feature_group,manufacturing_feature_group,machining_features,ap242,0,https://www.steptools.com/stds/smrl/data/modules/machining_features/sys/4_info_reqs.htm#machining_features_arm.manufacturing_feature_group
标记特征,Marking_feature,marking_feature,machining_features,ap242,1,https://www.steptools.com/stds/smrl/data/modules/machining_features/sys/4_info_reqs.htm#machining_features_arm.marking_feature
多轴特征,Multi_axis_feature,multi_axis_feature,machining_features,ap242,0,https://www.steptools.com/stds/smrl/data/modules/machining_features/sys/4_info_reqs.htm#machining_features_arm.multi_axis_feature
多边形轮廓,Ngon_profile,ngon_profile,machining_features,ap242,0,https://www.steptools.com/stds/smrl/data/modules/machining_features/sys/4_info_reqs.htm#machining_features_arm.ngon_profile
开放轮廓,Open_profile,open_profile,machining_features,ap242,2,https://www.steptools.com/stds/smrl/data/modules/machining_features/sys/4_info_reqs.htm#machining_features_arm.open_profile
开放槽,Open_slot,open_slot,machining_features,ap242,0,https://www.steptools.com/stds/smrl/data/modules/machining_features/sys/4_info_reqs.htm#machining_features_arm.open_slot
开放槽端类型,Open_slot_end_type,open_slot_end_type,machining_features,ap242,0,https://www.steptools.com/stds/smrl/data/modules/machining_features/sys/4_info_reqs.htm#machining_features_arm.open_slot_end_type
外直径,Outer_diameter,outer_diameter,machining_features,ap242,0,https://www.steptools.com/stds/smrl/data/modules/machining_features/sys/4_info_reqs.htm#machining_features_arm.outer_diameter
外直径到台肩,Outer_diameter_to_shoulder,outer_diameter_to_shoulder,machining_features,ap242,0,https://www.steptools.com/stds/smrl/data/modules/machining_features/sys/4_info_reqs.htm#machining_features_arm.outer_diameter_to_shoulder
外圆,Outer_round,outer_round,machining_features,ap242,1,https://www.steptools.com/stds/smrl/data/modules/machining_features/sys/4_info_reqs.htm#machining_features_arm.outer_round
部分面积定义,Partial_area_definition,partial_area_definition,machining_features,ap242,0,https://www.steptools.com/stds/smrl/data/modules/machining_features/sys/4_info_reqs.htm#machining_features_arm.partial_area_definition
部分圆形路径特征组件,Partial_circular_path_feature_component,partial_circular_path_feature_component,machining_features,ap242,0,https://www.steptools.com/stds/smrl/data/modules/machining_features/sys/4_info_reqs.htm#machining_features_arm.partial_circular_path_feature_component
部分圆形轮廓,Partial_circular_profile,partial_circular_profile,machining_features,ap242,3,https://www.steptools.com/stds/smrl/data/modules/machining_features/sys/4_info_reqs.htm#machining_features_arm.partial_circular_profile
部分圆形形状轮廓,Partial_circular_shape_profile,partial_circular_shape_profile,machining_features,ap242,0,https://www.steptools.com/stds/smrl/data/modules/machining_features/sys/4_info_reqs.htm#machining_features_arm.partial_circular_shape_profile
路径元素,Path_element,path_element,machining_features,ap242,3,https://www.steptools.com/stds/smrl/data/modules/machining_features/sys/4_info_reqs.htm#machining_features_arm.path_element
路径特征组件,Path_feature_component,path_feature_component,machining_features,ap242,2,https://www.steptools.com/stds/smrl/data/modules/machining_features/sys/4_info_reqs.htm#machining_features_arm.path_feature_component
平面元素,Planar_element,planar_element,machining_features,ap242,4,https://www.steptools.com/stds/smrl/data/modules/machining_features/sys/4_info_reqs.htm#machining_features_arm.planar_element
平面面,Planar_face,planar_face,machining_features,ap242,0,https://www.steptools.com/stds/smrl/data/modules/machining_features/sys/4_info_reqs.htm#machining_features_arm.planar_face
平面凹槽底部条件,Planar_pocket_bottom_condition,planar_pocket_bottom_condition,machining_features,ap242,0,https://www.steptools.com/stds/smrl/data/modules/machining_features/sys/4_info_reqs.htm#machining_features_arm.planar_pocket_bottom_condition
平面轮廓底,Planar_profile_floor,planar_profile_floor,machining_features,ap242,0,https://www.steptools.com/stds/smrl/data/modules/machining_features/sys/4_info_reqs.htm#machining_features_arm.planar_profile_floor
平面加强筋顶部底,Planar_rib_top_floor,planar_rib_top_floor,machining_features,ap242,0,https://www.steptools.com/stds/smrl/data/modules/machining_features/sys/4_info_reqs.htm#machining_features_arm.planar_rib_top_floor
平面顶部条件,Planar_top_condition,planar_top_condition,machining_features,ap242,0,https://www.steptools.com/stds/smrl/data/modules/machining_features/sys/4_info_reqs.htm#machining_features_arm.planar_top_condition
凹槽,Pocket,pocket,machining_features,ap242,0,https://www.steptools.com/stds/smrl/data/modules/machining_features/sys/4_info_reqs.htm#machining_features_arm.pocket
凹槽底部条件,Pocket_bottom_condition,pocket_bottom_condition,machining_features,ap242,0,https://www.steptools.com/stds/smrl/data/modules/machining_features/sys/4_info_reqs.htm#machining_features_arm.pocket_bottom_condition
轮廓,Profile,profile,machining_features,ap242,5,https://www.steptools.com/stds/smrl/data/modules/machining_features/sys/4_info_reqs.htm#machining_features_arm.profile
轮廓特征,Profile_feature,profile_feature,machining_features,ap242,0,https://www.steptools.com/stds/smrl/data/modules/machining_features/sys/4_info_reqs.htm#machining_features_arm.profile_feature
轮廓底,Profile_floor,profile_floor,machining_features,ap242,0,https://www.steptools.com/stds/smrl/data/modules/machining_features/sys/4_info_reqs.htm#machining_features_arm.profile_floor
凸起,Protrusion,protrusion,machining_features,ap242,1,https://www.steptools.com/stds/smrl/data/modules/machining_features/sys/4_info_reqs.htm#machining_features_arm.protrusion
圆角槽端类型,Radiused_slot_end_type,radiused_slot_end_type,machining_features,ap242,0,https://www.steptools.com/stds/smrl/data/modules/machining_features/sys/4_info_reqs.htm#machining_features_arm.radiused_slot_end_type
凹槽,Recess,recess,machining_features,ap242,0,https://www.steptools.com/stds/smrl/data/modules/machining_features/sys/4_info_reqs.htm#machining_features_arm.recess
矩形凸台,Rectangular_boss,rectangular_boss,machining_features,ap242,0,https://www.steptools.com/stds/smrl/data/modules/machining_features/sys/4_info_reqs.htm#machining_features_arm.rectangular_boss
矩形闭合凹槽,Rectangular_closed_pocket,rectangular_closed_pocket,machining_features,ap242,0,https://www.steptools.com/stds/smrl/data/modules/machining_features/sys/4_info_reqs.htm#machining_features_arm.rectangular_closed_pocket
矩形闭合轮廓,Rectangular_closed_profile,rectangular_closed_profile,machining_features,ap242,3,https://www.steptools.com/stds/smrl/data/modules/machining_features/sys/4_info_reqs.htm#machining_features_arm.rectangular_closed_profile
矩形闭合形状轮廓,Rectangular_closed_shape_profile,rectangular_closed_shape_profile,machining_features,ap242,0,https://www.steptools.com/stds/smrl/data/modules/machining_features/sys/4_info_reqs.htm#machining_features_arm.rectangular_closed_shape_profile
矩形偏置阵列,Rectangular_offset_pattern,rectangular_offset_pattern,machining_features,ap242,0,https://www.steptools.com/stds/smrl/data/modules/machining_features/sys/4_info_reqs.htm#machining_features_arm.rectangular_offset_pattern
矩形省略阵列,Rectangular_omit_pattern,rectangular_omit_pattern,machining_features,ap242,0,https://www.steptools.com/stds/smrl/data/modules/machining_features/sys/4_info_reqs.htm#machining_features_arm.rectangular_omit_pattern
矩形开放凹槽,Rectangular_open_pocket,rectangular_open_pocket,machining_features,ap242,0,https://www.steptools.com/stds/smrl/data/modules/machining_features/sys/4_info_reqs.htm#machining_features_arm.rectangular_open_pocket
矩形开放形状轮廓,Rectangular_open_shape_profile,rectangular_open_shape_profile,machining_features,ap242,0,https://www.steptools.com/stds/smrl/data/modules/machining_features/sys/4_info_reqs.htm#machining_features_arm.rectangular_open_shape_profile
矩形阵列,Rectangular_pattern,rectangular_pattern,machining_features,ap242,0,https://www.steptools.com/stds/smrl/data/modules/machining_features/sys/4_info_reqs.htm#machining_features_arm.rectangular_pattern
复制基础,Replicate_base,replicate_base,machining_features,ap242,0,https://www.steptools.com/stds/smrl/data/modules/machining_features/sys/4_info_reqs.htm#machining_features_arm.replicate_base
复制特征,Replicate_feature,replicate_feature,machining_features,ap242,1,https://www.steptools.com/stds/smrl/data/modules/machining_features/sys/4_info_reqs.htm#machining_features_arm.replicate_feature
回转特征,Revolved_feature,revolved_feature,machining_features,ap242,0,https://www.steptools.com/stds/smrl/data/modules/machining_features/sys/4_info_reqs.htm#machining_features_arm.revolved_feature
回转平面,Revolved_flat,revolved_flat,machining_features,ap242,0,https://www.steptools.com/stds/smrl/data/modules/machining_features/sys/4_info_reqs.htm#machining_features_arm.revolved_flat
回转圆,Revolved_round,revolved_round,machining_features,ap242,0,https://www.steptools.com/stds/smrl/data/modules/machining_features/sys/4_info_reqs.htm#machining_features_arm.revolved_round
加强筋顶部,Rib_top,rib_top,machining_features,ap242,1,https://www.steptools.com/stds/smrl/data/modules/machining_features/sys/4_info_reqs.htm#machining_features_arm.rib_top
加强筋顶部底,Rib_top_floor,rib_top_floor,machining_features,ap242,0,https://www.steptools.com/stds/smrl/data/modules/machining_features/sys/4_info_reqs.htm#machining_features_arm.rib_top_floor
圆孔,Round_hole,round_hole,machining_features,ap242,0,https://www.steptools.com/stds/smrl/data/modules/machining_features/sys/4_info_reqs.htm#machining_features_arm.round_hole
圆角端,Rounded_end,rounded_end,machining_features,ap242,1,https://www.steptools.com/stds/smrl/data/modules/machining_features/sys/4_info_reqs.htm#machining_features_arm.rounded_end
圆角U轮廓,Rounded_u_profile,rounded_u_profile,machining_features,ap242,0,https://www.steptools.com/stds/smrl/data/modules/machining_features/sys/4_info_reqs.htm#machining_features_arm.rounded_u_profile
秒倒角偏置,Second_chamfer_offset,second_chamfer_offset,machining_features,ap242,0,https://www.steptools.com/stds/smrl/data/modules/machining_features/sys/4_info_reqs.htm#machining_features_arm.second_chamfer_offset
秒倒角参数,Second_chamfer_parameter,second_chamfer_parameter,machining_features,ap242,0,https://www.steptools.com/stds/smrl/data/modules/machining_features/sys/4_info_reqs.htm#machining_features_arm.second_chamfer_parameter
形状轮廓,Shape_profile,shape_profile,machining_features,ap242,0,https://www.steptools.com/stds/smrl/data/modules/machining_features/sys/4_info_reqs.htm#machining_features_arm.shape_profile
槽,Slot,slot,machining_features,ap242,0,https://www.steptools.com/stds/smrl/data/modules/machining_features/sys/4_info_reqs.htm#machining_features_arm.slot
槽端类型,Slot_end_type,slot_end_type,machining_features,ap242,0,https://www.steptools.com/stds/smrl/data/modules/machining_features/sys/4_info_reqs.htm#machining_features_arm.slot_end_type
球形盖,Spherical_cap,spherical_cap,machining_features,ap242,0,https://www.steptools.com/stds/smrl/data/modules/machining_features/sys/4_info_reqs.htm#machining_features_arm.spherical_cap
球形孔底部,Spherical_hole_bottom,spherical_hole_bottom,machining_features,ap242,0,https://www.steptools.com/stds/smrl/data/modules/machining_features/sys/4_info_reqs.htm#machining_features_arm.spherical_hole_bottom
直齿齿轮,Spur_gear,spur_gear,machining_features,ap242,0,https://www.steptools.com/stds/smrl/data/modules/machining_features/sys/4_info_reqs.htm#machining_features_arm.spur_gear
方形U轮廓,Square_u_profile,square_u_profile,machining_features,ap242,2,https://www.steptools.com/stds/smrl/data/modules/machining_features/sys/4_info_reqs.htm#machining_features_arm.square_u_profile
步,Step,step,machining_features,ap242,0,https://www.steptools.com/stds/smrl/data/modules/machining_features/sys/4_info_reqs.htm#machining_features_arm.step
直线锥齿轮,Straight_bevel_gear,straight_bevel_gear,machining_features,ap242,0,https://www.steptools.com/stds/smrl/data/modules/machining_features/sys/4_info_reqs.htm#machining_features_arm.straight_bevel_gear
直线滚花,Straight_knurl,straight_knurl,machining_features,ap242,0,https://www.steptools.com/stds/smrl/data/modules/machining_features/sys/4_info_reqs.htm#machining_features_arm.straight_knurl
T形轮廓,Tee_profile,tee_profile,machining_features,ap242,0,https://www.steptools.com/stds/smrl/data/modules/machining_features/sys/4_info_reqs.htm#machining_features_arm.tee_profile
螺纹,Thread,thread,machining_features,ap242,1,https://www.steptools.com/stds/smrl/data/modules/machining_features/sys/4_info_reqs.htm#machining_features_arm.thread
螺纹跳动,Thread_runout,thread_runout,machining_features,ap242,0,https://www.steptools.com/stds/smrl/data/modules/machining_features/sys/4_info_reqs.htm#machining_features_arm.thread_runout
通孔底部条件,Through_bottom_condition,through_bottom_condition,machining_features,ap242,0,https://www.steptools.com/stds/smrl/data/modules/machining_features/sys/4_info_reqs.htm#machining_features_arm.through_bottom_condition
通凹槽底部条件,Through_pocket_bottom_condition,through_pocket_bottom_condition,machining_features,ap242,0,https://www.steptools.com/stds/smrl/data/modules/machining_features/sys/4_info_reqs.htm#machining_features_arm.through_pocket_bottom_condition
通轮廓底,Through_profile_floor,through_profile_floor,machining_features,ap242,0,https://www.steptools.com/stds/smrl/data/modules/machining_features/sys/4_info_reqs.htm#machining_features_arm.through_profile_floor
过渡特征,Transition_feature,transition_feature,machining_features,ap242,2,https://www.steptools.com/stds/smrl/data/modules/machining_features/sys/4_info_reqs.htm#machining_features_arm.transition_feature
车削滚花,Turned_knurl,turned_knurl,machining_features,ap242,0,https://www.steptools.com/stds/smrl/data/modules/machining_features/sys/4_info_reqs.htm#machining_features_arm.turned_knurl
V形轮廓,Vee_profile,vee_profile,machining_features,ap242,2,https://www.steptools.com/stds/smrl/data/modules/machining_features/sys/4_info_reqs.htm#machining_features_arm.vee_profile
半圆槽端类型,Woodruff_slot_end_type,woodruff_slot_end_type,machining_features,ap242,0,https://www.steptools.com/stds/smrl/data/modules/machining_features/sys/4_info_reqs.htm#machining_features_arm.woodruff_slot_end_type
人员在组织关系,Person_in_organization_relationship,person_in_organization_relationship,management_resource_information,ap242,0,https://www.steptools.com/stds/smrl/data/modules/management_resource_information/sys/4_info_reqs.htm#management_resource_information_arm.person_in_organization_relationship
流形子曲面模型,Manifold_subsurface_model,manifold_subsurface_model,manifold_subsurface,ap242,1,https://www.steptools.com/stds/smrl/data/modules/manifold_subsurface/sys/4_info_reqs.htm#manifold_subsurface_arm.manifold_subsurface_model
流形曲面形状表示,Manifold_surface_shape_representation,manifold_surface_shape_representation,manifold_surface,ap242,2,https://www.steptools.com/stds/smrl/data/modules/manifold_surface/sys/4_info_reqs.htm#manifold_surface_arm.manifold_surface_shape_representation
开放壳,Open_shell,open_shell,manifold_surface,ap242,0,https://www.steptools.com/stds/smrl/data/modules/manifold_surface/sys/4_info_reqs.htm#manifold_surface_arm.open_shell
壳基于曲面模型,Shell_based_surface_model,shell_based_surface_model,manifold_surface,ap242,2,https://www.steptools.com/stds/smrl/data/modules/manifold_surface/sys/4_info_reqs.htm#manifold_surface_arm.shell_based_surface_model
注明日期配置,Dated_configuration,dated_configuration,manufacturing_configuration_effectivity,ap242,0,https://www.steptools.com/stds/smrl/data/modules/manufacturing_configuration_effectivity/sys/4_info_reqs.htm#manufacturing_configuration_effectivity_arm.dated_configuration
批次配置,Lot_configuration,lot_configuration,manufacturing_configuration_effectivity,ap242,0,https://www.steptools.com/stds/smrl/data/modules/manufacturing_configuration_effectivity/sys/4_info_reqs.htm#manufacturing_configuration_effectivity_arm.lot_configuration
制造配置,Manufacturing_configuration,manufacturing_configuration,manufacturing_configuration_effectivity,ap242,0,https://www.steptools.com/stds/smrl/data/modules/manufacturing_configuration_effectivity/sys/4_info_reqs.htm#manufacturing_configuration_effectivity_arm.manufacturing_configuration
串行配置,Serial_configuration,serial_configuration,manufacturing_configuration_effectivity,ap242,0,https://www.steptools.com/stds/smrl/data/modules/manufacturing_configuration_effectivity/sys/4_info_reqs.htm#manufacturing_configuration_effectivity_arm.serial_configuration
量项,Measure_item,measure_item,measure_representation,ap242,9,https://www.steptools.com/stds/smrl/data/modules/measure_representation/sys/4_info_reqs.htm#measure_representation_arm.measure_item
数值项带全局单位,Numerical_item_with_global_unit,numerical_item_with_global_unit,measure_representation,ap242,1,https://www.steptools.com/stds/smrl/data/modules/measure_representation/sys/4_info_reqs.htm#measure_representation_arm.numerical_item_with_global_unit
数值项带单位,Numerical_item_with_unit,numerical_item_with_unit,measure_representation,ap242,124,https://www.steptools.com/stds/smrl/data/modules/measure_representation/sys/4_info_reqs.htm#measure_representation_arm.numerical_item_with_unit
属性值表示,Property_value_representation,property_value_representation,measure_representation,ap242,2,https://www.steptools.com/stds/smrl/data/modules/measure_representation/sys/4_info_reqs.htm#measure_representation_arm.property_value_representation
基本圆孔,Basic_round_hole,basic_round_hole,mechanical_design_features_and_requirements,ap242,1,https://www.steptools.com/stds/smrl/data/modules/mechanical_design_features_and_requirements/sys/4_info_reqs.htm#mechanical_design_features_and_requirements_arm.basic_round_hole
基本圆孔实例,Basic_round_hole_occurrence,basic_round_hole_occurrence,mechanical_design_features_and_requirements,ap242,0,https://www.steptools.com/stds/smrl/data/modules/mechanical_design_features_and_requirements/sys/4_info_reqs.htm#mechanical_design_features_and_requirements_arm.basic_round_hole_occurrence
基本圆孔实例在装配,Basic_round_hole_occurrence_in_assembly,basic_round_hole_occurrence_in_assembly,mechanical_design_features_and_requirements,ap242,0,https://www.steptools.com/stds/smrl/data/modules/mechanical_design_features_and_requirements/sys/4_info_reqs.htm#mechanical_design_features_and_requirements_arm.basic_round_hole_occurrence_in_assembly
显式组合孔,Explicit_composite_hole,explicit_composite_hole,mechanical_design_features_and_requirements,ap242,0,https://www.steptools.com/stds/smrl/data/modules/mechanical_design_features_and_requirements/sys/4_info_reqs.htm#mechanical_design_features_and_requirements_arm.explicit_composite_hole
显式圆孔,Explicit_round_hole,explicit_round_hole,mechanical_design_features_and_requirements,ap242,0,https://www.steptools.com/stds/smrl/data/modules/mechanical_design_features_and_requirements/sys/4_info_reqs.htm#mechanical_design_features_and_requirements_arm.explicit_round_hole
机械设计沉孔孔定义,Md_counterbore_hole_definition,md_counterbore_hole_definition,mechanical_design_features_and_requirements,ap242,1,https://www.steptools.com/stds/smrl/data/modules/mechanical_design_features_and_requirements/sys/4_info_reqs.htm#mechanical_design_features_and_requirements_arm.md_counterbore_hole_definition
机械设计沉孔孔实例,Md_counterbore_hole_occurrence,md_counterbore_hole_occurrence,mechanical_design_features_and_requirements,ap242,0,https://www.steptools.com/stds/smrl/data/modules/mechanical_design_features_and_requirements/sys/4_info_reqs.htm#mechanical_design_features_and_requirements_arm.md_counterbore_hole_occurrence
机械设计沉孔孔实例在装配,Md_counterbore_hole_occurrence_in_assembly,md_counterbore_hole_occurrence_in_assembly,mechanical_design_features_and_requirements,ap242,0,https://www.steptools.com/stds/smrl/data/modules/mechanical_design_features_and_requirements/sys/4_info_reqs.htm#mechanical_design_features_and_requirements_arm.md_counterbore_hole_occurrence_in_assembly
机械设计沉钻孔定义,Md_counterdrill_hole_definition,md_counterdrill_hole_definition,mechanical_design_features_and_requirements,ap242,1,https://www.steptools.com/stds/smrl/data/modules/mechanical_design_features_and_requirements/sys/4_info_reqs.htm#mechanical_design_features_and_requirements_arm.md_counterdrill_hole_definition
机械设计沉钻孔实例,Md_counterdrill_hole_occurrence,md_counterdrill_hole_occurrence,mechanical_design_features_and_requirements,ap242,0,https://www.steptools.com/stds/smrl/data/modules/mechanical_design_features_and_requirements/sys/4_info_reqs.htm#mechanical_design_features_and_requirements_arm.md_counterdrill_hole_occurrence
机械设计沉钻孔实例在装配,Md_counterdrill_hole_occurrence_in_assembly,md_counterdrill_hole_occurrence_in_assembly,mechanical_design_features_and_requirements,ap242,0,https://www.steptools.com/stds/smrl/data/modules/mechanical_design_features_and_requirements/sys/4_info_reqs.htm#mechanical_design_features_and_requirements_arm.md_counterdrill_hole_occurrence_in_assembly
机械设计锥形沉孔孔定义,Md_countersink_hole_definition,md_countersink_hole_definition,mechanical_design_features_and_requirements,ap242,1,https://www.steptools.com/stds/smrl/data/modules/mechanical_design_features_and_requirements/sys/4_info_reqs.htm#mechanical_design_features_and_requirements_arm.md_countersink_hole_definition
机械设计锥形沉孔孔实例,Md_countersink_hole_occurrence,md_countersink_hole_occurrence,mechanical_design_features_and_requirements,ap242,0,https://www.steptools.com/stds/smrl/data/modules/mechanical_design_features_and_requirements/sys/4_info_reqs.htm#mechanical_design_features_and_requirements_arm.md_countersink_hole_occurrence
机械设计锥形沉孔孔实例在装配,Md_countersink_hole_occurrence_in_assembly,md_countersink_hole_occurrence_in_assembly,mechanical_design_features_and_requirements,ap242,0,https://www.steptools.com/stds/smrl/data/modules/mechanical_design_features_and_requirements/sys/4_info_reqs.htm#mechanical_design_features_and_requirements_arm.md_countersink_hole_occurrence_in_assembly
机械设计要求项关联,Mechanical_design_requirement_item_association,mechanical_design_requirement_item_association,mechanical_design_features_and_requirements,ap242,0,https://www.steptools.com/stds/smrl/data/modules/mechanical_design_features_and_requirements/sys/4_info_reqs.htm#mechanical_design_features_and_requirements_arm.mechanical_design_requirement_item_association
简化机械设计沉孔孔定义,Simplified_md_counterbore_hole_definition,simplified_md_counterbore_hole_definition,mechanical_design_features_and_requirements,ap242,0,https://www.steptools.com/stds/smrl/data/modules/mechanical_design_features_and_requirements/sys/4_info_reqs.htm#mechanical_design_features_and_requirements_arm.simplified_md_counterbore_hole_definition
简化机械设计沉钻孔定义,Simplified_md_counterdrill_hole_definition,simplified_md_counterdrill_hole_definition,mechanical_design_features_and_requirements,ap242,0,https://www.steptools.com/stds/smrl/data/modules/mechanical_design_features_and_requirements/sys/4_info_reqs.htm#mechanical_design_features_and_requirements_arm.simplified_md_counterdrill_hole_definition
简化机械设计锥形沉孔孔定义,Simplified_md_countersink_hole_definition,simplified_md_countersink_hole_definition,mechanical_design_features_and_requirements,ap242,0,https://www.steptools.com/stds/smrl/data/modules/mechanical_design_features_and_requirements/sys/4_info_reqs.htm#mechanical_design_features_and_requirements_arm.simplified_md_countersink_hole_definition
简化锪平面孔定义,Simplified_spotface_hole_definition,simplified_spotface_hole_definition,mechanical_design_features_and_requirements,ap242,0,https://www.steptools.com/stds/smrl/data/modules/mechanical_design_features_and_requirements/sys/4_info_reqs.htm#mechanical_design_features_and_requirements_arm.simplified_spotface_hole_definition
锪平面定义,Spotface_definition,spotface_definition,mechanical_design_features_and_requirements,ap242,0,https://www.steptools.com/stds/smrl/data/modules/mechanical_design_features_and_requirements/sys/4_info_reqs.htm#mechanical_design_features_and_requirements_arm.spotface_definition
锪平面孔定义,Spotface_hole_definition,spotface_hole_definition,mechanical_design_features_and_requirements,ap242,0,https://www.steptools.com/stds/smrl/data/modules/mechanical_design_features_and_requirements/sys/4_info_reqs.htm#mechanical_design_features_and_requirements_arm.spotface_hole_definition
锪平面实例,Spotface_occurrence,spotface_occurrence,mechanical_design_features_and_requirements,ap242,0,https://www.steptools.com/stds/smrl/data/modules/mechanical_design_features_and_requirements/sys/4_info_reqs.htm#mechanical_design_features_and_requirements_arm.spotface_occurrence
锪平面实例在装配,Spotface_occurrence_in_assembly,spotface_occurrence_in_assembly,mechanical_design_features_and_requirements,ap242,0,https://www.steptools.com/stds/smrl/data/modules/mechanical_design_features_and_requirements/sys/4_info_reqs.htm#mechanical_design_features_and_requirements_arm.spotface_occurrence_in_assembly
机械设计视图面积,Mechanical_design_view_area,mechanical_design_view_area,mechanical_design_geometric_presentation,ap242,0,https://www.steptools.com/stds/smrl/data/modules/mechanical_design_geometric_presentation/sys/4_info_reqs.htm#mechanical_design_geometric_presentation_arm.mechanical_design_view_area
机械表示带样式模型,Mechanical_representation_styled_model,mechanical_representation_styled_model,mechanical_design_geometric_presentation,ap242,1,https://www.steptools.com/stds/smrl/data/modules/mechanical_design_geometric_presentation/sys/4_info_reqs.htm#mechanical_design_geometric_presentation_arm.mechanical_representation_styled_model
默认模型几何视图,Default_model_geometric_view,default_model_geometric_view,mechanical_design_presentation_representation_with_draughting,ap242,1,https://www.steptools.com/stds/smrl/data/modules/mechanical_design_presentation_representation_with_draughting/sys/4_info_reqs.htm#mechanical_design_presentation_representation_with_draughting_arm.default_model_geometric_view
机械设计与制图关系,Mechanical_design_and_draughting_relationship,mechanical_design_and_draughting_relationship,mechanical_design_presentation_representation_with_draughting,ap242,0,https://www.steptools.com/stds/smrl/data/modules/mechanical_design_presentation_representation_with_draughting/sys/4_info_reqs.htm#mechanical_design_presentation_representation_with_draughting_arm.mechanical_design_and_draughting_relationship
机械设计表示表示带制图,Mechanical_design_presentation_representation_with_draughting,mechanical_design_presentation_representation_with_draughting,mechanical_design_presentation_representation_with_draughting,ap242,1,https://www.steptools.com/stds/smrl/data/modules/mechanical_design_presentation_representation_with_draughting/sys/4_info_reqs.htm#mechanical_design_presentation_representation_with_draughting_arm.mechanical_design_presentation_representation_with_draughting
模型几何视图,Model_geometric_view,model_geometric_view,mechanical_design_presentation_representation_with_draughting,ap242,0,https://www.steptools.com/stds/smrl/data/modules/mechanical_design_presentation_representation_with_draughting/sys/4_info_reqs.htm#mechanical_design_presentation_representation_with_draughting_arm.model_geometric_view
机械设计着色表示面积,Mechanical_design_shaded_presentation_area,mechanical_design_shaded_presentation_area,mechanical_design_shaded_presentation,ap242,0,https://www.steptools.com/stds/smrl/data/modules/mechanical_design_shaded_presentation/sys/4_info_reqs.htm#mechanical_design_shaded_presentation_arm.mechanical_design_shaded_presentation_area
机械设计着色带样式模型,Mechanical_design_shaded_styled_model,mechanical_design_shaded_styled_model,mechanical_design_shaded_presentation,ap242,1,https://www.steptools.com/stds/smrl/data/modules/mechanical_design_shaded_presentation/sys/4_info_reqs.htm#mechanical_design_shaded_presentation_arm.mechanical_design_shaded_styled_model
曲面样式渲染,Surface_style_rendering,surface_style_rendering,mechanical_design_shaded_presentation,ap242,0,https://www.steptools.com/stds/smrl/data/modules/mechanical_design_shaded_presentation/sys/4_info_reqs.htm#mechanical_design_shaded_presentation_arm.surface_style_rendering
名义三维派生特征,Nominal_3d_derived_feature,nominal_3d_derived_feature,model_based_3d_geometrical_dimensioning_and_tolerancing_representation,ap242,1,https://www.steptools.com/stds/smrl/data/modules/model_based_3d_geometrical_dimensioning_and_tolerancing_representation/sys/4_info_reqs.htm#model_based_3d_geometrical_dimensioning_and_tolerancing_representation_arm.nominal_3d_derived_feature
名义三维边,Nominal_3d_edge,nominal_3d_edge,model_based_3d_geometrical_dimensioning_and_tolerancing_representation,ap242,0,https://www.steptools.com/stds/smrl/data/modules/model_based_3d_geometrical_dimensioning_and_tolerancing_representation/sys/4_info_reqs.htm#model_based_3d_geometrical_dimensioning_and_tolerancing_representation_arm.nominal_3d_edge
名义三维特征,Nominal_3d_feature,nominal_3d_feature,model_based_3d_geometrical_dimensioning_and_tolerancing_representation,ap242,2,https://www.steptools.com/stds/smrl/data/modules/model_based_3d_geometrical_dimensioning_and_tolerancing_representation/sys/4_info_reqs.htm#model_based_3d_geometrical_dimensioning_and_tolerancing_representation_arm.nominal_3d_feature
名义三维积分特征,Nominal_3d_integral_feature,nominal_3d_integral_feature,model_based_3d_geometrical_dimensioning_and_tolerancing_representation,ap242,1,https://www.steptools.com/stds/smrl/data/modules/model_based_3d_geometrical_dimensioning_and_tolerancing_representation/sys/4_info_reqs.htm#model_based_3d_geometrical_dimensioning_and_tolerancing_representation_arm.nominal_3d_integral_feature
属性平移赋值,Attribute_translation_assignment,attribute_translation_assignment,multi_linguism,ap242,0,https://www.steptools.com/stds/smrl/data/modules/multi_linguism/sys/4_info_reqs.htm#multi_linguism_arm.attribute_translation_assignment
语言,Language,language,multi_linguism,ap242,2,https://www.steptools.com/stds/smrl/data/modules/multi_linguism/sys/4_info_reqs.htm#multi_linguism_arm.language
语言指示,Language_indication,language_indication,multi_linguism,ap242,0,https://www.steptools.com/stds/smrl/data/modules/multi_linguism/sys/4_info_reqs.htm#multi_linguism_arm.language_indication
名称赋值,Name_assignment,name_assignment,name_assignment,ap242,0,https://www.steptools.com/stds/smrl/data/modules/name_assignment/sys/4_info_reqs.htm#name_assignment_arm.name_assignment
非流形形状表示,Non_manifold_shape_representation,non_manifold_shape_representation,non_manifold_surface,ap242,1,https://www.steptools.com/stds/smrl/data/modules/non_manifold_surface/sys/4_info_reqs.htm#non_manifold_surface_arm.non_manifold_shape_representation
与表达式,And_expression,and_expression,numeric_expression,ap242,0,https://www.steptools.com/stds/smrl/data/modules/numeric_expression/sys/4_info_reqs.htm#numeric_expression_arm.and_expression
二进制布尔表达式,Binary_boolean_expression,binary_boolean_expression,numeric_expression,ap242,1,https://www.steptools.com/stds/smrl/data/modules/numeric_expression/sys/4_info_reqs.htm#numeric_expression_arm.binary_boolean_expression
二元数值表达式,Binary_numeric_expression,binary_numeric_expression,numeric_expression,ap242,1,https://www.steptools.com/stds/smrl/data/modules/numeric_expression/sys/4_info_reqs.htm#numeric_expression_arm.binary_numeric_expression
布尔定义函数,Boolean_defined_function,boolean_defined_function,numeric_expression,ap242,0,https://www.steptools.com/stds/smrl/data/modules/numeric_expression/sys/4_info_reqs.htm#numeric_expression_arm.boolean_defined_function
布尔表达式,Boolean_expression,boolean_expression,numeric_expression,ap242,2,https://www.steptools.com/stds/smrl/data/modules/numeric_expression/sys/4_info_reqs.htm#numeric_expression_arm.boolean_expression
布尔字面量,Boolean_literal,boolean_literal,numeric_expression,ap242,0,https://www.steptools.com/stds/smrl/data/modules/numeric_expression/sys/4_info_reqs.htm#numeric_expression_arm.boolean_literal
布尔变量,Boolean_variable,boolean_variable,numeric_expression,ap242,1,https://www.steptools.com/stds/smrl/data/modules/numeric_expression/sys/4_info_reqs.htm#numeric_expression_arm.boolean_variable
比较相等,Comparison_equal,comparison_equal,numeric_expression,ap242,0,https://www.steptools.com/stds/smrl/data/modules/numeric_expression/sys/4_info_reqs.htm#numeric_expression_arm.comparison_equal
比较表达式,Comparison_expression,comparison_expression,numeric_expression,ap242,1,https://www.steptools.com/stds/smrl/data/modules/numeric_expression/sys/4_info_reqs.htm#numeric_expression_arm.comparison_expression
比较大于,Comparison_greater,comparison_greater,numeric_expression,ap242,0,https://www.steptools.com/stds/smrl/data/modules/numeric_expression/sys/4_info_reqs.htm#numeric_expression_arm.comparison_greater
比较大于相等,Comparison_greater_equal,comparison_greater_equal,numeric_expression,ap242,0,https://www.steptools.com/stds/smrl/data/modules/numeric_expression/sys/4_info_reqs.htm#numeric_expression_arm.comparison_greater_equal
比较小于,Comparison_less,comparison_less,numeric_expression,ap242,0,https://www.steptools.com/stds/smrl/data/modules/numeric_expression/sys/4_info_reqs.htm#numeric_expression_arm.comparison_less
比较小于相等,Comparison_less_equal,comparison_less_equal,numeric_expression,ap242,0,https://www.steptools.com/stds/smrl/data/modules/numeric_expression/sys/4_info_reqs.htm#numeric_expression_arm.comparison_less_equal
比较非相等,Comparison_not_equal,comparison_not_equal,numeric_expression,ap242,0,https://www.steptools.com/stds/smrl/data/modules/numeric_expression/sys/4_info_reqs.htm#numeric_expression_arm.comparison_not_equal
定义函数,Defined_function,defined_function,numeric_expression,ap242,0,https://www.steptools.com/stds/smrl/data/modules/numeric_expression/sys/4_info_reqs.htm#numeric_expression_arm.defined_function
整除表达式,Div_expression,div_expression,numeric_expression,ap242,0,https://www.steptools.com/stds/smrl/data/modules/numeric_expression/sys/4_info_reqs.htm#numeric_expression_arm.div_expression
等于表达式,Equals_expression,equals_expression,numeric_expression,ap242,0,https://www.steptools.com/stds/smrl/data/modules/numeric_expression/sys/4_info_reqs.htm#numeric_expression_arm.equals_expression
表达式,Expression,expression,numeric_expression,ap242,0,https://www.steptools.com/stds/smrl/data/modules/numeric_expression/sys/4_info_reqs.htm#numeric_expression_arm.expression
整数字面量,Int_literal,int_literal,numeric_expression,ap242,0,https://www.steptools.com/stds/smrl/data/modules/numeric_expression/sys/4_info_reqs.htm#numeric_expression_arm.int_literal
整数数值变量,Int_numeric_variable,int_numeric_variable,numeric_expression,ap242,0,https://www.steptools.com/stds/smrl/data/modules/numeric_expression/sys/4_info_reqs.htm#numeric_expression_arm.int_numeric_variable
区间表达式,Interval_expression,interval_expression,numeric_expression,ap242,1,https://www.steptools.com/stds/smrl/data/modules/numeric_expression/sys/4_info_reqs.htm#numeric_expression_arm.interval_expression
字面量编号,Literal_number,literal_number,numeric_expression,ap242,0,https://www.steptools.com/stds/smrl/data/modules/numeric_expression/sys/4_info_reqs.htm#numeric_expression_arm.literal_number
减表达式,Minus_expression,minus_expression,numeric_expression,ap242,0,https://www.steptools.com/stds/smrl/data/modules/numeric_expression/sys/4_info_reqs.htm#numeric_expression_arm.minus_expression
取模表达式,Mod_expression,mod_expression,numeric_expression,ap242,0,https://www.steptools.com/stds/smrl/data/modules/numeric_expression/sys/4_info_reqs.htm#numeric_expression_arm.mod_expression
乘表达式,Mult_expression,mult_expression,numeric_expression,ap242,0,https://www.steptools.com/stds/smrl/data/modules/numeric_expression/sys/4_info_reqs.htm#numeric_expression_arm.mult_expression
多个元数布尔表达式,Multiple_arity_boolean_expression,multiple_arity_boolean_expression,numeric_expression,ap242,1,https://www.steptools.com/stds/smrl/data/modules/numeric_expression/sys/4_info_reqs.htm#numeric_expression_arm.multiple_arity_boolean_expression
多元函数调用,Multiple_arity_function_call,multiple_arity_function_call,numeric_expression,ap242,0,https://www.steptools.com/stds/smrl/data/modules/numeric_expression/sys/4_info_reqs.htm#numeric_expression_arm.multiple_arity_function_call
多元数值表达式,Multiple_arity_numeric_expression,multiple_arity_numeric_expression,numeric_expression,ap242,1,https://www.steptools.com/stds/smrl/data/modules/numeric_expression/sys/4_info_reqs.htm#numeric_expression_arm.multiple_arity_numeric_expression
非表达式,Not_expression,not_expression,numeric_expression,ap242,0,https://www.steptools.com/stds/smrl/data/modules/numeric_expression/sys/4_info_reqs.htm#numeric_expression_arm.not_expression
数值表达式,Numeric_expression,numeric_expression,numeric_expression,ap242,0,https://www.steptools.com/stds/smrl/data/modules/numeric_expression/sys/4_info_reqs.htm#numeric_expression_arm.numeric_expression
数值变量,Numeric_variable,numeric_variable,numeric_expression,ap242,1,https://www.steptools.com/stds/smrl/data/modules/numeric_expression/sys/4_info_reqs.htm#numeric_expression_arm.numeric_variable
或表达式,Or_expression,or_expression,numeric_expression,ap242,0,https://www.steptools.com/stds/smrl/data/modules/numeric_expression/sys/4_info_reqs.htm#numeric_expression_arm.or_expression
加表达式,Plus_expression,plus_expression,numeric_expression,ap242,0,https://www.steptools.com/stds/smrl/data/modules/numeric_expression/sys/4_info_reqs.htm#numeric_expression_arm.plus_expression
功率表达式,Power_expression,power_expression,numeric_expression,ap242,0,https://www.steptools.com/stds/smrl/data/modules/numeric_expression/sys/4_info_reqs.htm#numeric_expression_arm.power_expression
实数字面量,Real_literal,real_literal,numeric_expression,ap242,0,https://www.steptools.com/stds/smrl/data/modules/numeric_expression/sys/4_info_reqs.htm#numeric_expression_arm.real_literal
实数数值变量,Real_numeric_variable,real_numeric_variable,numeric_expression,ap242,0,https://www.steptools.com/stds/smrl/data/modules/numeric_expression/sys/4_info_reqs.htm#numeric_expression_arm.real_numeric_variable
简单布尔表达式,Simple_boolean_expression,simple_boolean_expression,numeric_expression,ap242,1,https://www.steptools.com/stds/smrl/data/modules/numeric_expression/sys/4_info_reqs.htm#numeric_expression_arm.simple_boolean_expression
简单数值表达式,Simple_numeric_expression,simple_numeric_expression,numeric_expression,ap242,1,https://www.steptools.com/stds/smrl/data/modules/numeric_expression/sys/4_info_reqs.htm#numeric_expression_arm.simple_numeric_expression
斜线表达式,Slash_expression,slash_expression,numeric_expression,ap242,0,https://www.steptools.com/stds/smrl/data/modules/numeric_expression/sys/4_info_reqs.htm#numeric_expression_arm.slash_expression
一元布尔表达式,Unary_boolean_expression,unary_boolean_expression,numeric_expression,ap242,1,https://www.steptools.com/stds/smrl/data/modules/numeric_expression/sys/4_info_reqs.htm#numeric_expression_arm.unary_boolean_expression
一元数值表达式,Unary_numeric_expression,unary_numeric_expression,numeric_expression,ap242,1,https://www.steptools.com/stds/smrl/data/modules/numeric_expression/sys/4_info_reqs.htm#numeric_expression_arm.unary_numeric_expression
异或表达式,Xor_expression,xor_expression,numeric_expression,ap242,0,https://www.steptools.com/stds/smrl/data/modules/numeric_expression/sys/4_info_reqs.htm#numeric_expression_arm.xor_expression
函数参数值,Function_parameter_value,function_parameter_value,numeric_function,ap242,1,https://www.steptools.com/stds/smrl/data/modules/numeric_function/sys/4_info_reqs.htm#numeric_function_arm.function_parameter_value
整数值函数,Int_value_function,int_value_function,numeric_function,ap242,0,https://www.steptools.com/stds/smrl/data/modules/numeric_function/sys/4_info_reqs.htm#numeric_function_arm.int_value_function
长度函数,Length_function,length_function,numeric_function,ap242,1,https://www.steptools.com/stds/smrl/data/modules/numeric_function/sys/4_info_reqs.htm#numeric_function_arm.length_function
奇数函数,Odd_function,odd_function,numeric_function,ap242,0,https://www.steptools.com/stds/smrl/data/modules/numeric_function/sys/4_info_reqs.htm#numeric_function_arm.odd_function
定义性表示,Definitional_representation,definitional_representation,parametric_representation,ap242,1,https://www.steptools.com/stds/smrl/data/modules/parametric_representation/sys/4_info_reqs.htm#parametric_representation_arm.definitional_representation
参数化表示上下文,Parametric_representation_context,parametric_representation_context,parametric_representation,ap242,0,https://www.steptools.com/stds/smrl/data/modules/parametric_representation/sys/4_info_reqs.htm#parametric_representation_arm.parametric_representation_context
零件,Part,part,part_and_version_identification,ap242,2,https://www.steptools.com/stds/smrl/data/modules/part_and_version_identification/sys/4_info_reqs.htm#part_and_version_identification_arm.part
零件版本,Part_version,part_version,part_and_version_identification,ap242,3,https://www.steptools.com/stds/smrl/data/modules/part_and_version_identification/sys/4_info_reqs.htm#part_and_version_identification_arm.part_version
收集项关联,Collected_item_association,collected_item_association,part_collection,ap242,1,https://www.steptools.com/stds/smrl/data/modules/part_collection/sys/4_info_reqs.htm#part_collection_arm.collected_item_association
集合定义,Collection_definition,collection_definition,part_collection,ap242,0,https://www.steptools.com/stds/smrl/data/modules/part_collection/sys/4_info_reqs.htm#part_collection_arm.collection_definition
定义性零件视图用法,Definitional_part_view_usage,definitional_part_view_usage,part_definition_relationship,ap242,0,https://www.steptools.com/stds/smrl/data/modules/part_definition_relationship/sys/4_info_reqs.htm#part_definition_relationship_arm.definitional_part_view_usage
制作来自关系,Make_from_relationship,make_from_relationship,part_definition_relationship,ap242,0,https://www.steptools.com/stds/smrl/data/modules/part_definition_relationship/sys/4_info_reqs.htm#part_definition_relationship_arm.make_from_relationship
通用零件特征,General_part_feature,general_part_feature,part_shape,ap242,1,https://www.steptools.com/stds/smrl/data/modules/part_shape/sys/4_info_reqs.htm#part_shape_arm.general_part_feature
零件形状元素,Part_shape_element,part_shape_element,part_shape,ap242,1,https://www.steptools.com/stds/smrl/data/modules/part_shape/sys/4_info_reqs.htm#part_shape_arm.part_shape_element
零件形状元素关系,Part_shape_element_relationship,part_shape_element_relationship,part_shape,ap242,0,https://www.steptools.com/stds/smrl/data/modules/part_shape/sys/4_info_reqs.htm#part_shape_arm.part_shape_element_relationship
附加零件视图定义上下文,Additional_part_view_definition_context,additional_part_view_definition_context,part_view_definition,ap242,0,https://www.steptools.com/stds/smrl/data/modules/part_view_definition/sys/4_info_reqs.htm#part_view_definition_arm.additional_part_view_definition_context
初始零件视图定义上下文,Initial_part_view_definition_context,initial_part_view_definition_context,part_view_definition,ap242,0,https://www.steptools.com/stds/smrl/data/modules/part_view_definition/sys/4_info_reqs.htm#part_view_definition_arm.initial_part_view_definition_context
零件视图定义,Part_view_definition,part_view_definition,part_view_definition,ap242,12,https://www.steptools.com/stds/smrl/data/modules/part_view_definition/sys/4_info_reqs.htm#part_view_definition_arm.part_view_definition
地址,Address,address,person_organization,ap242,1,https://www.steptools.com/stds/smrl/data/modules/person_organization/sys/4_info_reqs.htm#person_organization_arm.address
地址赋值,Address_assignment,address_assignment,person_organization,ap242,2,https://www.steptools.com/stds/smrl/data/modules/person_organization/sys/4_info_reqs.htm#person_organization_arm.address_assignment
组织,Organization,organization,person_organization,ap242,7,https://www.steptools.com/stds/smrl/data/modules/person_organization/sys/4_info_reqs.htm#person_organization_arm.organization
组织关系,Organization_relationship,organization_relationship,person_organization,ap242,3,https://www.steptools.com/stds/smrl/data/modules/person_organization/sys/4_info_reqs.htm#person_organization_arm.organization_relationship
人员,Person,person,person_organization,ap242,2,https://www.steptools.com/stds/smrl/data/modules/person_organization/sys/4_info_reqs.htm#person_organization_arm.person
人员在组织,Person_in_organization,person_in_organization,person_organization,ap242,4,https://www.steptools.com/stds/smrl/data/modules/person_organization/sys/4_info_reqs.htm#person_organization_arm.person_in_organization
组织或人员在组织赋值,Organization_or_person_in_organization_assignment,organization_or_person_in_organization_assignment,person_organization_assignment,ap242,9,https://www.steptools.com/stds/smrl/data/modules/person_organization_assignment/sys/4_info_reqs.htm#person_organization_assignment_arm.organization_or_person_in_organization_assignment
物理分解,Physical_breakdown,physical_breakdown,physical_breakdown,ap242,0,https://www.steptools.com/stds/smrl/data/modules/physical_breakdown/sys/4_info_reqs.htm#physical_breakdown_arm.physical_breakdown
物理分解上下文,Physical_breakdown_context,physical_breakdown_context,physical_breakdown,ap242,0,https://www.steptools.com/stds/smrl/data/modules/physical_breakdown/sys/4_info_reqs.htm#physical_breakdown_arm.physical_breakdown_context
物理分解版本,Physical_breakdown_version,physical_breakdown_version,physical_breakdown,ap242,0,https://www.steptools.com/stds/smrl/data/modules/physical_breakdown/sys/4_info_reqs.htm#physical_breakdown_arm.physical_breakdown_version
物理元素,Physical_element,physical_element,physical_breakdown,ap242,0,https://www.steptools.com/stds/smrl/data/modules/physical_breakdown/sys/4_info_reqs.htm#physical_breakdown_arm.physical_element
物理元素定义,Physical_element_definition,physical_element_definition,physical_breakdown,ap242,4,https://www.steptools.com/stds/smrl/data/modules/physical_breakdown/sys/4_info_reqs.htm#physical_breakdown_arm.physical_element_definition
物理元素用法,Physical_element_usage,physical_element_usage,physical_breakdown,ap242,0,https://www.steptools.com/stds/smrl/data/modules/physical_breakdown/sys/4_info_reqs.htm#physical_breakdown_arm.physical_element_usage
物理元素版本,Physical_element_version,physical_element_version,physical_breakdown,ap242,0,https://www.steptools.com/stds/smrl/data/modules/physical_breakdown/sys/4_info_reqs.htm#physical_breakdown_arm.physical_element_version
PLIB类引用,Plib_class_reference,plib_class_reference,plib_class_reference,ap242,1,https://www.steptools.com/stds/smrl/data/modules/plib_class_reference/sys/4_info_reqs.htm#plib_class_reference_arm.plib_class_reference
外部定义活动关系,Externally_defined_activity_relationship,externally_defined_activity_relationship,pre_defined_product_data_management_specializations,ap242,1,https://www.steptools.com/stds/smrl/data/modules/pre_defined_product_data_management_specializations/sys/4_info_reqs.htm#pre_defined_product_data_management_specializations_arm.externally_defined_activity_relationship
外部定义地址赋值,Externally_defined_address_assignment,externally_defined_address_assignment,pre_defined_product_data_management_specializations,ap242,1,https://www.steptools.com/stds/smrl/data/modules/pre_defined_product_data_management_specializations/sys/4_info_reqs.htm#pre_defined_product_data_management_specializations_arm.externally_defined_address_assignment
外部定义批准,Externally_defined_approval,externally_defined_approval,pre_defined_product_data_management_specializations,ap242,1,https://www.steptools.com/stds/smrl/data/modules/pre_defined_product_data_management_specializations/sys/4_info_reqs.htm#pre_defined_product_data_management_specializations_arm.externally_defined_approval
外部定义批准状态,Externally_defined_approval_status,externally_defined_approval_status,pre_defined_product_data_management_specializations,ap242,1,https://www.steptools.com/stds/smrl/data/modules/pre_defined_product_data_management_specializations/sys/4_info_reqs.htm#pre_defined_product_data_management_specializations_arm.externally_defined_approval_status
外部定义日期或日期时间赋值,Externally_defined_date_or_date_time_assignment,externally_defined_date_or_date_time_assignment,pre_defined_product_data_management_specializations,ap242,1,https://www.steptools.com/stds/smrl/data/modules/pre_defined_product_data_management_specializations/sys/4_info_reqs.htm#pre_defined_product_data_management_specializations_arm.externally_defined_date_or_date_time_assignment
外部定义组织或人员在组织赋值,Externally_defined_organization_or_person_in_organization_assignment,externally_defined_organization_or_person_in_organization_assignment,pre_defined_product_data_management_specializations,ap242,1,https://www.steptools.com/stds/smrl/data/modules/pre_defined_product_data_management_specializations/sys/4_info_reqs.htm#pre_defined_product_data_management_specializations_arm.externally_defined_organization_or_person_in_organization_assignment
外部定义安全分类,Externally_defined_security_classification,externally_defined_security_classification,pre_defined_product_data_management_specializations,ap242,1,https://www.steptools.com/stds/smrl/data/modules/pre_defined_product_data_management_specializations/sys/4_info_reqs.htm#pre_defined_product_data_management_specializations_arm.externally_defined_security_classification
外部定义工作请求,Externally_defined_work_request,externally_defined_work_request,pre_defined_product_data_management_specializations,ap242,1,https://www.steptools.com/stds/smrl/data/modules/pre_defined_product_data_management_specializations/sys/4_info_reqs.htm#pre_defined_product_data_management_specializations_arm.externally_defined_work_request
外部定义工作请求状态,Externally_defined_work_request_status,externally_defined_work_request_status,pre_defined_product_data_management_specializations,ap242,1,https://www.steptools.com/stds/smrl/data/modules/pre_defined_product_data_management_specializations/sys/4_info_reqs.htm#pre_defined_product_data_management_specializations_arm.externally_defined_work_request_status
预定义活动关系,Pre_defined_activity_relationship,pre_defined_activity_relationship,pre_defined_product_data_management_specializations,ap242,0,https://www.steptools.com/stds/smrl/data/modules/pre_defined_product_data_management_specializations/sys/4_info_reqs.htm#pre_defined_product_data_management_specializations_arm.pre_defined_activity_relationship
预定义地址赋值,Pre_defined_address_assignment,pre_defined_address_assignment,pre_defined_product_data_management_specializations,ap242,0,https://www.steptools.com/stds/smrl/data/modules/pre_defined_product_data_management_specializations/sys/4_info_reqs.htm#pre_defined_product_data_management_specializations_arm.pre_defined_address_assignment
预定义批准,Pre_defined_approval,pre_defined_approval,pre_defined_product_data_management_specializations,ap242,0,https://www.steptools.com/stds/smrl/data/modules/pre_defined_product_data_management_specializations/sys/4_info_reqs.htm#pre_defined_product_data_management_specializations_arm.pre_defined_approval
预定义批准状态,Pre_defined_approval_status,pre_defined_approval_status,pre_defined_product_data_management_specializations,ap242,0,https://www.steptools.com/stds/smrl/data/modules/pre_defined_product_data_management_specializations/sys/4_info_reqs.htm#pre_defined_product_data_management_specializations_arm.pre_defined_approval_status
预定义日期或日期时间赋值,Pre_defined_date_or_date_time_assignment,pre_defined_date_or_date_time_assignment,pre_defined_product_data_management_specializations,ap242,0,https://www.steptools.com/stds/smrl/data/modules/pre_defined_product_data_management_specializations/sys/4_info_reqs.htm#pre_defined_product_data_management_specializations_arm.pre_defined_date_or_date_time_assignment
预定义安全分类,Pre_defined_security_classification,pre_defined_security_classification,pre_defined_product_data_management_specializations,ap242,0,https://www.steptools.com/stds/smrl/data/modules/pre_defined_product_data_management_specializations/sys/4_info_reqs.htm#pre_defined_product_data_management_specializations_arm.pre_defined_security_classification
预定义工作请求,Pre_defined_work_request,pre_defined_work_request,pre_defined_product_data_management_specializations,ap242,0,https://www.steptools.com/stds/smrl/data/modules/pre_defined_product_data_management_specializations/sys/4_info_reqs.htm#pre_defined_product_data_management_specializations_arm.pre_defined_work_request
预定义工作请求状态,Pre_defined_work_request_status,pre_defined_work_request_status,pre_defined_product_data_management_specializations,ap242,0,https://www.steptools.com/stds/smrl/data/modules/pre_defined_product_data_management_specializations/sys/4_info_reqs.htm#pre_defined_product_data_management_specializations_arm.pre_defined_work_request_status
表示集合,Presentation_set,presentation_set,presentation_hierarchy,ap242,0,https://www.steptools.com/stds/smrl/data/modules/presentation_hierarchy/sys/4_info_reqs.htm#presentation_hierarchy_arm.presentation_set
表示集合赋值,Presentation_set_assignment,presentation_set_assignment,presentation_hierarchy,ap242,0,https://www.steptools.com/stds/smrl/data/modules/presentation_hierarchy/sys/4_info_reqs.htm#presentation_hierarchy_arm.presentation_set_assignment
视图,View,view,presentation_hierarchy,ap242,0,https://www.steptools.com/stds/smrl/data/modules/presentation_hierarchy/sys/4_info_reqs.htm#presentation_hierarchy_arm.view
视图面积,View_area,view_area,presentation_hierarchy,ap242,0,https://www.steptools.com/stds/smrl/data/modules/presentation_hierarchy/sys/4_info_reqs.htm#presentation_hierarchy_arm.view_area
视图面积赋值,View_area_assignment,view_area_assignment,presentation_hierarchy,ap242,0,https://www.steptools.com/stds/smrl/data/modules/presentation_hierarchy/sys/4_info_reqs.htm#presentation_hierarchy_arm.view_area_assignment
视图面积关系,View_area_relationship,view_area_relationship,presentation_hierarchy,ap242,0,https://www.steptools.com/stds/smrl/data/modules/presentation_hierarchy/sys/4_info_reqs.htm#presentation_hierarchy_arm.view_area_relationship
视图面积复制,View_area_replication,view_area_replication,presentation_hierarchy,ap242,1,https://www.steptools.com/stds/smrl/data/modules/presentation_hierarchy/sys/4_info_reqs.htm#presentation_hierarchy_arm.view_area_replication
视图关系,View_relationship,view_relationship,presentation_hierarchy,ap242,0,https://www.steptools.com/stds/smrl/data/modules/presentation_hierarchy/sys/4_info_reqs.htm#presentation_hierarchy_arm.view_relationship
布尔结果,Boolean_result,boolean_result,primitive_solids,ap242,0,https://www.steptools.com/stds/smrl/data/modules/primitive_solids/sys/4_info_reqs.htm#primitive_solids_arm.boolean_result
盒域,Box_domain,box_domain,primitive_solids,ap242,0,https://www.steptools.com/stds/smrl/data/modules/primitive_solids/sys/4_info_reqs.htm#primitive_solids_arm.box_domain
盒式半空间,Boxed_half_space,boxed_half_space,primitive_solids,ap242,0,https://www.steptools.com/stds/smrl/data/modules/primitive_solids/sys/4_info_reqs.htm#primitive_solids_arm.boxed_half_space
圆形圆锥,Circular_cone,circular_cone,primitive_solids,ap242,0,https://www.steptools.com/stds/smrl/data/modules/primitive_solids/sys/4_info_reqs.htm#primitive_solids_arm.circular_cone
圆形圆柱,Circular_cylinder,circular_cylinder,primitive_solids,ap242,1,https://www.steptools.com/stds/smrl/data/modules/primitive_solids/sys/4_info_reqs.htm#primitive_solids_arm.circular_cylinder
凸六面体,Convex_hexahedron,convex_hexahedron,primitive_solids,ap242,0,https://www.steptools.com/stds/smrl/data/modules/primitive_solids/sys/4_info_reqs.htm#primitive_solids_arm.convex_hexahedron
构造实体几何实体,Csg_solid,csg_solid,primitive_solids,ap242,0,https://www.steptools.com/stds/smrl/data/modules/primitive_solids/sys/4_info_reqs.htm#primitive_solids_arm.csg_solid
圆环曲面段实体,Cyclide_segment_solid,cyclide_segment_solid,primitive_solids,ap242,0,https://www.steptools.com/stds/smrl/data/modules/primitive_solids/sys/4_info_reqs.htm#primitive_solids_arm.cyclide_segment_solid
偏心圆锥,Eccentric_cone,eccentric_cone,primitive_solids,ap242,0,https://www.steptools.com/stds/smrl/data/modules/primitive_solids/sys/4_info_reqs.htm#primitive_solids_arm.eccentric_cone
椭球,Ellipsoid,ellipsoid,primitive_solids,ap242,0,https://www.steptools.com/stds/smrl/data/modules/primitive_solids/sys/4_info_reqs.htm#primitive_solids_arm.ellipsoid
拉伸面实体,Extruded_face_solid,extruded_face_solid,primitive_solids,ap242,0,https://www.steptools.com/stds/smrl/data/modules/primitive_solids/sys/4_info_reqs.htm#primitive_solids_arm.extruded_face_solid
分面基本体,Faceted_primitive,faceted_primitive,primitive_solids,ap242,0,https://www.steptools.com/stds/smrl/data/modules/primitive_solids/sys/4_info_reqs.htm#primitive_solids_arm.faceted_primitive
半空间实体,Half_space_solid,half_space_solid,primitive_solids,ap242,0,https://www.steptools.com/stds/smrl/data/modules/primitive_solids/sys/4_info_reqs.htm#primitive_solids_arm.half_space_solid
矩形块,Rectangular_block,rectangular_block,primitive_solids,ap242,1,https://www.steptools.com/stds/smrl/data/modules/primitive_solids/sys/4_info_reqs.htm#primitive_solids_arm.rectangular_block
矩形棱锥,Rectangular_pyramid,rectangular_pyramid,primitive_solids,ap242,0,https://www.steptools.com/stds/smrl/data/modules/primitive_solids/sys/4_info_reqs.htm#primitive_solids_arm.rectangular_pyramid
回转面实体,Revolved_face_solid,revolved_face_solid,primitive_solids,ap242,0,https://www.steptools.com/stds/smrl/data/modules/primitive_solids/sys/4_info_reqs.htm#primitive_solids_arm.revolved_face_solid
右角度楔,Right_angular_wedge,right_angular_wedge,primitive_solids,ap242,0,https://www.steptools.com/stds/smrl/data/modules/primitive_solids/sys/4_info_reqs.htm#primitive_solids_arm.right_angular_wedge
实体复制,Solid_replica,solid_replica,primitive_solids,ap242,0,https://www.steptools.com/stds/smrl/data/modules/primitive_solids/sys/4_info_reqs.htm#primitive_solids_arm.solid_replica
球,Sphere,sphere,primitive_solids,ap242,0,https://www.steptools.com/stds/smrl/data/modules/primitive_solids/sys/4_info_reqs.htm#primitive_solids_arm.sphere
四面体,Tetrahedron,tetrahedron,primitive_solids,ap242,0,https://www.steptools.com/stds/smrl/data/modules/primitive_solids/sys/4_info_reqs.htm#primitive_solids_arm.tetrahedron
圆环面,Torus,torus,primitive_solids,ap242,0,https://www.steptools.com/stds/smrl/data/modules/primitive_solids/sys/4_info_reqs.htm#primitive_solids_arm.torus
过程操作定义,Process_operation_definition,process_operation_definition,process_plan,ap242,0,https://www.steptools.com/stds/smrl/data/modules/process_plan/sys/4_info_reqs.htm#process_plan_arm.process_operation_definition
过程操作定义关系,Process_operation_definition_relationship,process_operation_definition_relationship,process_plan,ap242,0,https://www.steptools.com/stds/smrl/data/modules/process_plan/sys/4_info_reqs.htm#process_plan_arm.process_operation_definition_relationship
过程操作输入或输出,Process_operation_input_or_output,process_operation_input_or_output,process_plan,ap242,0,https://www.steptools.com/stds/smrl/data/modules/process_plan/sys/4_info_reqs.htm#process_plan_arm.process_operation_input_or_output
过程操作实例,Process_operation_occurrence,process_operation_occurrence,process_plan,ap242,0,https://www.steptools.com/stds/smrl/data/modules/process_plan/sys/4_info_reqs.htm#process_plan_arm.process_operation_occurrence
过程操作实例关系,Process_operation_occurrence_relationship,process_operation_occurrence_relationship,process_plan,ap242,0,https://www.steptools.com/stds/smrl/data/modules/process_plan/sys/4_info_reqs.htm#process_plan_arm.process_operation_occurrence_relationship
过程操作资源赋值,Process_operation_resource_assignment,process_operation_resource_assignment,process_plan,ap242,0,https://www.steptools.com/stds/smrl/data/modules/process_plan/sys/4_info_reqs.htm#process_plan_arm.process_operation_resource_assignment
过程计划,Process_plan,process_plan,process_plan,ap242,0,https://www.steptools.com/stds/smrl/data/modules/process_plan/sys/4_info_reqs.htm#process_plan_arm.process_plan
过程计划关系,Process_plan_relationship,process_plan_relationship,process_plan,ap242,0,https://www.steptools.com/stds/smrl/data/modules/process_plan/sys/4_info_reqs.htm#process_plan_arm.process_plan_relationship
过程状态关系,Process_state_relationship,process_state_relationship,process_plan,ap242,0,https://www.steptools.com/stds/smrl/data/modules/process_plan/sys/4_info_reqs.htm#process_plan_arm.process_state_relationship
产品资源,Product_resource,product_resource,process_plan,ap242,1,https://www.steptools.com/stds/smrl/data/modules/process_plan/sys/4_info_reqs.htm#process_plan_arm.product_resource
产品版本资源,Product_version_resource,product_version_resource,process_plan,ap242,1,https://www.steptools.com/stds/smrl/data/modules/process_plan/sys/4_info_reqs.htm#process_plan_arm.product_version_resource
产品视图资源,Product_view_resource,product_view_resource,process_plan,ap242,1,https://www.steptools.com/stds/smrl/data/modules/process_plan/sys/4_info_reqs.htm#process_plan_arm.product_view_resource
资源要求类型,Resource_requirement_type,resource_requirement_type,process_plan,ap242,0,https://www.steptools.com/stds/smrl/data/modules/process_plan/sys/4_info_reqs.htm#process_plan_arm.resource_requirement_type
相同时间加工关系,Same_time_machining_relationship,same_time_machining_relationship,process_plan,ap242,0,https://www.steptools.com/stds/smrl/data/modules/process_plan/sys/4_info_reqs.htm#process_plan_arm.same_time_machining_relationship
活动属性,Activity_property,activity_property,process_property_assignment,ap242,3,https://www.steptools.com/stds/smrl/data/modules/process_property_assignment/sys/4_info_reqs.htm#process_property_assignment_arm.activity_property
活动属性表示,Activity_property_representation,activity_property_representation,process_property_assignment,ap242,1,https://www.steptools.com/stds/smrl/data/modules/process_property_assignment/sys/4_info_reqs.htm#process_property_assignment_arm.activity_property_representation
应用独立活动属性,Applied_independent_activity_property,applied_independent_activity_property,process_property_assignment,ap242,0,https://www.steptools.com/stds/smrl/data/modules/process_property_assignment/sys/4_info_reqs.htm#process_property_assignment_arm.applied_independent_activity_property
产品作为单个,Product_as_individual,product_as_individual,product_as_individual,ap242,1,https://www.steptools.com/stds/smrl/data/modules/product_as_individual/sys/4_info_reqs.htm#product_as_individual_arm.product_as_individual
产品作为单个版本,Product_as_individual_version,product_as_individual_version,product_as_individual,ap242,1,https://www.steptools.com/stds/smrl/data/modules/product_as_individual/sys/4_info_reqs.htm#product_as_individual_arm.product_as_individual_version
产品作为单个视图,Product_as_individual_view,product_as_individual_view,product_as_individual,ap242,1,https://www.steptools.com/stds/smrl/data/modules/product_as_individual/sys/4_info_reqs.htm#product_as_individual_arm.product_as_individual_view
产品作为计划,Product_as_planned,product_as_planned,product_as_individual,ap242,0,https://www.steptools.com/stds/smrl/data/modules/product_as_individual/sys/4_info_reqs.htm#product_as_individual_arm.product_as_planned
产品作为已实现,Product_as_realized,product_as_realized,product_as_individual,ap242,0,https://www.steptools.com/stds/smrl/data/modules/product_as_individual/sys/4_info_reqs.htm#product_as_individual_arm.product_as_realized
产品设计到单个,Product_design_to_individual,product_design_to_individual,product_as_individual,ap242,0,https://www.steptools.com/stds/smrl/data/modules/product_as_individual/sys/4_info_reqs.htm#product_as_individual_arm.product_design_to_individual
产品设计版本到单个,Product_design_version_to_individual,product_design_version_to_individual,product_as_individual,ap242,0,https://www.steptools.com/stds/smrl/data/modules/product_as_individual/sys/4_info_reqs.htm#product_as_individual_arm.product_design_version_to_individual
产品设计视图到单个,Product_design_view_to_individual,product_design_view_to_individual,product_as_individual,ap242,0,https://www.steptools.com/stds/smrl/data/modules/product_as_individual/sys/4_info_reqs.htm#product_as_individual_arm.product_design_view_to_individual
产品计划到已实现,Product_planned_to_realized,product_planned_to_realized,product_as_individual,ap242,0,https://www.steptools.com/stds/smrl/data/modules/product_as_individual/sys/4_info_reqs.htm#product_as_individual_arm.product_planned_to_realized
分解,Breakdown,breakdown,product_breakdown,ap242,0,https://www.steptools.com/stds/smrl/data/modules/product_breakdown/sys/4_info_reqs.htm#product_breakdown_arm.breakdown
分解上下文,Breakdown_context,breakdown_context,product_breakdown,ap242,0,https://www.steptools.com/stds/smrl/data/modules/product_breakdown/sys/4_info_reqs.htm#product_breakdown_arm.breakdown_context
分解元素,Breakdown_element,breakdown_element,product_breakdown,ap242,1,https://www.steptools.com/stds/smrl/data/modules/product_breakdown/sys/4_info_reqs.htm#product_breakdown_arm.breakdown_element
分解元素定义,Breakdown_element_definition,breakdown_element_definition,product_breakdown,ap242,2,https://www.steptools.com/stds/smrl/data/modules/product_breakdown/sys/4_info_reqs.htm#product_breakdown_arm.breakdown_element_definition
分解元素实现,Breakdown_element_realization,breakdown_element_realization,product_breakdown,ap242,1,https://www.steptools.com/stds/smrl/data/modules/product_breakdown/sys/4_info_reqs.htm#product_breakdown_arm.breakdown_element_realization
分解元素用法,Breakdown_element_usage,breakdown_element_usage,product_breakdown,ap242,2,https://www.steptools.com/stds/smrl/data/modules/product_breakdown/sys/4_info_reqs.htm#product_breakdown_arm.breakdown_element_usage
分解元素版本,Breakdown_element_version,breakdown_element_version,product_breakdown,ap242,0,https://www.steptools.com/stds/smrl/data/modules/product_breakdown/sys/4_info_reqs.htm#product_breakdown_arm.breakdown_element_version
分解的,Breakdown_of,breakdown_of,product_breakdown,ap242,0,https://www.steptools.com/stds/smrl/data/modules/product_breakdown/sys/4_info_reqs.htm#product_breakdown_arm.breakdown_of
分解版本,Breakdown_version,breakdown_version,product_breakdown,ap242,0,https://www.steptools.com/stds/smrl/data/modules/product_breakdown/sys/4_info_reqs.htm#product_breakdown_arm.breakdown_version
产品定义元素关系,Product_definition_element_relationship,product_definition_element_relationship,product_breakdown,ap242,0,https://www.steptools.com/stds/smrl/data/modules/product_breakdown/sys/4_info_reqs.htm#product_breakdown_arm.product_definition_element_relationship
产品类别,Product_category,product_category,product_categorization,ap242,0,https://www.steptools.com/stds/smrl/data/modules/product_categorization/sys/4_info_reqs.htm#product_categorization_arm.product_category
产品类别赋值,Product_category_assignment,product_category_assignment,product_categorization,ap242,0,https://www.steptools.com/stds/smrl/data/modules/product_categorization/sys/4_info_reqs.htm#product_categorization_arm.product_category_assignment
产品类别层次,Product_category_hierarchy,product_category_hierarchy,product_categorization,ap242,0,https://www.steptools.com/stds/smrl/data/modules/product_categorization/sys/4_info_reqs.htm#product_categorization_arm.product_category_hierarchy
类类别关联,Class_category_association,class_category_association,product_class,ap242,0,https://www.steptools.com/stds/smrl/data/modules/product_class/sys/4_info_reqs.htm#product_class_arm.class_category_association
类条件关联,Class_condition_association,class_condition_association,product_class,ap242,0,https://www.steptools.com/stds/smrl/data/modules/product_class/sys/4_info_reqs.htm#product_class_arm.class_condition_association
类包含关联,Class_inclusion_association,class_inclusion_association,product_class,ap242,0,https://www.steptools.com/stds/smrl/data/modules/product_class/sys/4_info_reqs.htm#product_class_arm.class_inclusion_association
类规范关联,Class_specification_association,class_specification_association,product_class,ap242,0,https://www.steptools.com/stds/smrl/data/modules/product_class/sys/4_info_reqs.htm#product_class_arm.class_specification_association
产品类,Product_class,product_class,product_class,ap242,4,https://www.steptools.com/stds/smrl/data/modules/product_class/sys/4_info_reqs.htm#product_class_arm.product_class
产品类关系,Product_class_relationship,product_class_relationship,product_class,ap242,0,https://www.steptools.com/stds/smrl/data/modules/product_class/sys/4_info_reqs.htm#product_class_arm.product_class_relationship
规范,Specification,specification,product_class,ap242,4,https://www.steptools.com/stds/smrl/data/modules/product_class/sys/4_info_reqs.htm#product_class_arm.specification
规范类别,Specification_category,specification_category,product_class,ap242,2,https://www.steptools.com/stds/smrl/data/modules/product_class/sys/4_info_reqs.htm#product_class_arm.specification_category
规范类别层次,Specification_category_hierarchy,specification_category_hierarchy,product_class,ap242,0,https://www.steptools.com/stds/smrl/data/modules/product_class/sys/4_info_reqs.htm#product_class_arm.specification_category_hierarchy
规范表达式,Specification_expression,specification_expression,product_class,ap242,1,https://www.steptools.com/stds/smrl/data/modules/product_class/sys/4_info_reqs.htm#product_class_arm.specification_expression
规范包含,Specification_inclusion,specification_inclusion,product_class,ap242,0,https://www.steptools.com/stds/smrl/data/modules/product_class/sys/4_info_reqs.htm#product_class_arm.specification_inclusion
市场,Market,market,product_concept_identification,ap242,1,https://www.steptools.com/stds/smrl/data/modules/product_concept_identification/sys/4_info_reqs.htm#product_concept_identification_arm.market
产品概念,Product_concept,product_concept,product_concept_identification,ap242,6,https://www.steptools.com/stds/smrl/data/modules/product_concept_identification/sys/4_info_reqs.htm#product_concept_identification_arm.product_concept
产品,Product,product,product_identification,ap242,14,https://www.steptools.com/stds/smrl/data/modules/product_identification/sys/4_info_reqs.htm#product_identification_arm.product
定义基于产品实例,Definition_based_product_occurrence,definition_based_product_occurrence,product_occurrence,ap242,0,https://www.steptools.com/stds/smrl/data/modules/product_occurrence/sys/4_info_reqs.htm#product_occurrence_arm.definition_based_product_occurrence
产品实例,Product_occurrence,product_occurrence,product_occurrence,ap242,3,https://www.steptools.com/stds/smrl/data/modules/product_occurrence/sys/4_info_reqs.htm#product_occurrence_arm.product_occurrence
产品实例带数量,Product_occurrence_with_quantity,product_occurrence_with_quantity,product_occurrence,ap242,0,https://www.steptools.com/stds/smrl/data/modules/product_occurrence/sys/4_info_reqs.htm#product_occurrence_arm.product_occurrence_with_quantity
量化实例,Quantified_instance,quantified_instance,product_occurrence,ap242,0,https://www.steptools.com/stds/smrl/data/modules/product_occurrence/sys/4_info_reqs.htm#product_occurrence_arm.quantified_instance
选定实例,Selected_instance,selected_instance,product_occurrence,ap242,0,https://www.steptools.com/stds/smrl/data/modules/product_occurrence/sys/4_info_reqs.htm#product_occurrence_arm.selected_instance
单个实例,Single_instance,single_instance,product_occurrence,ap242,1,https://www.steptools.com/stds/smrl/data/modules/product_occurrence/sys/4_info_reqs.htm#product_occurrence_arm.single_instance
规范基于零件版本,Specification_based_part_version,specification_based_part_version,product_occurrence,ap242,0,https://www.steptools.com/stds/smrl/data/modules/product_occurrence/sys/4_info_reqs.htm#product_occurrence_arm.specification_based_part_version
规范基于产品实例,Specification_based_product_occurrence,specification_based_product_occurrence,product_occurrence,ap242,0,https://www.steptools.com/stds/smrl/data/modules/product_occurrence/sys/4_info_reqs.htm#product_occurrence_arm.specification_based_product_occurrence
指定实例,Specified_occurrence,specified_occurrence,product_occurrence,ap242,1,https://www.steptools.com/stds/smrl/data/modules/product_occurrence/sys/4_info_reqs.htm#product_occurrence_arm.specified_occurrence
实例放置,Occurrence_placement,occurrence_placement,product_placement,ap242,0,https://www.steptools.com/stds/smrl/data/modules/product_placement/sys/4_info_reqs.htm#product_placement_arm.occurrence_placement
零件实例放置,Part_occurrence_placement,part_occurrence_placement,product_placement,ap242,0,https://www.steptools.com/stds/smrl/data/modules/product_placement/sys/4_info_reqs.htm#product_placement_arm.part_occurrence_placement
物理元素放置,Physical_element_placement,physical_element_placement,product_placement,ap242,0,https://www.steptools.com/stds/smrl/data/modules/product_placement/sys/4_info_reqs.htm#product_placement_arm.physical_element_placement
交替产品关系,Alternate_product_relationship,alternate_product_relationship,product_replacement,ap242,2,https://www.steptools.com/stds/smrl/data/modules/product_replacement/sys/4_info_reqs.htm#product_replacement_arm.alternate_product_relationship
装配关系替换,Assembly_relationship_substitution,assembly_relationship_substitution,product_replacement,ap242,1,https://www.steptools.com/stds/smrl/data/modules/product_replacement/sys/4_info_reqs.htm#product_replacement_arm.assembly_relationship_substitution
交替零件关系,Alternate_part_relationship,alternate_part_relationship,product_structure,ap242,1,https://www.steptools.com/stds/smrl/data/modules/product_structure/sys/4_info_reqs.htm#product_structure_arm.alternate_part_relationship
产品版本,Product_version,product_version,product_version,ap242,21,https://www.steptools.com/stds/smrl/data/modules/product_version/sys/4_info_reqs.htm#product_version_arm.product_version
产品版本关系,Product_version_relationship,product_version_relationship,product_version_relationship,ap242,5,https://www.steptools.com/stds/smrl/data/modules/product_version_relationship/sys/4_info_reqs.htm#product_version_relationship_arm.product_version_relationship
供应零件关系,Supplied_part_relationship,supplied_part_relationship,product_version_relationship,ap242,2,https://www.steptools.com/stds/smrl/data/modules/product_version_relationship/sys/4_info_reqs.htm#product_version_relationship_arm.supplied_part_relationship
附加视图定义上下文,Additional_view_definition_context,additional_view_definition_context,product_view_definition,ap242,1,https://www.steptools.com/stds/smrl/data/modules/product_view_definition/sys/4_info_reqs.htm#product_view_definition_arm.additional_view_definition_context
初始视图定义上下文,Initial_view_definition_context,initial_view_definition_context,product_view_definition,ap242,1,https://www.steptools.com/stds/smrl/data/modules/product_view_definition/sys/4_info_reqs.htm#product_view_definition_arm.initial_view_definition_context
产品定义交换上下文,Product_definition_exchange_context,product_definition_exchange_context,product_view_definition,ap242,0,https://www.steptools.com/stds/smrl/data/modules/product_view_definition/sys/4_info_reqs.htm#product_view_definition_arm.product_definition_exchange_context
产品视图定义,Product_view_definition,product_view_definition,product_view_definition,ap242,41,https://www.steptools.com/stds/smrl/data/modules/product_view_definition/sys/4_info_reqs.htm#product_view_definition_arm.product_view_definition
视图定义上下文,View_definition_context,view_definition_context,product_view_definition,ap242,3,https://www.steptools.com/stds/smrl/data/modules/product_view_definition/sys/4_info_reqs.htm#product_view_definition_arm.view_definition_context
通用产品视图定义引用,Generic_product_view_definition_reference,generic_product_view_definition_reference,product_view_definition_reference,ap242,3,https://www.steptools.com/stds/smrl/data/modules/product_view_definition_reference/sys/4_info_reqs.htm#product_view_definition_reference_arm.generic_product_view_definition_reference
产品视图定义引用,Product_view_definition_reference,product_view_definition_reference,product_view_definition_reference,ap242,0,https://www.steptools.com/stds/smrl/data/modules/product_view_definition_reference/sys/4_info_reqs.htm#product_view_definition_reference_arm.product_view_definition_reference
产品视图定义引用带局部表示,Product_view_definition_reference_with_local_representation,product_view_definition_reference_with_local_representation,product_view_definition_reference,ap242,1,https://www.steptools.com/stds/smrl/data/modules/product_view_definition_reference/sys/4_info_reqs.htm#product_view_definition_reference_arm.product_view_definition_reference_with_local_representation
视图定义关系,View_definition_relationship,view_definition_relationship,product_view_definition_relationship,ap242,16,https://www.steptools.com/stds/smrl/data/modules/product_view_definition_relationship/sys/4_info_reqs.htm#product_view_definition_relationship_arm.view_definition_relationship
视图定义用法,View_definition_usage,view_definition_usage,product_view_definition_relationship,ap242,2,https://www.steptools.com/stds/smrl/data/modules/product_view_definition_relationship/sys/4_info_reqs.htm#product_view_definition_relationship_arm.view_definition_usage
项目,Project,project,project,ap242,4,https://www.steptools.com/stds/smrl/data/modules/project/sys/4_info_reqs.htm#project_arm.project
项目赋值,Project_assignment,project_assignment,project,ap242,3,https://www.steptools.com/stds/smrl/data/modules/project/sys/4_info_reqs.htm#project_arm.project_assignment
项目关系,Project_relationship,project_relationship,project,ap242,3,https://www.steptools.com/stds/smrl/data/modules/project/sys/4_info_reqs.htm#project_arm.project_relationship
单个属性是定义,Single_property_is_definition,single_property_is_definition,property_as_definition,ap242,1,https://www.steptools.com/stds/smrl/data/modules/property_as_definition/sys/4_info_reqs.htm#property_as_definition_arm.single_property_is_definition
应用独立属性,Applied_independent_property,applied_independent_property,property_assignment,ap242,2,https://www.steptools.com/stds/smrl/data/modules/property_assignment/sys/4_info_reqs.htm#property_assignment_arm.applied_independent_property
应用独立属性关系,Applied_independent_property_relationship,applied_independent_property_relationship,property_assignment,ap242,0,https://www.steptools.com/stds/smrl/data/modules/property_assignment/sys/4_info_reqs.htm#property_assignment_arm.applied_independent_property_relationship
赋值属性,Assigned_property,assigned_property,property_assignment,ap242,9,https://www.steptools.com/stds/smrl/data/modules/property_assignment/sys/4_info_reqs.htm#property_assignment_arm.assigned_property
属性定义关系,Property_definition_relationship,property_definition_relationship,property_assignment,ap242,1,https://www.steptools.com/stds/smrl/data/modules/property_assignment/sys/4_info_reqs.htm#property_assignment_arm.property_definition_relationship
属性定义表示,Property_definition_representation,property_definition_representation,property_assignment,ap242,1,https://www.steptools.com/stds/smrl/data/modules/property_assignment/sys/4_info_reqs.htm#property_assignment_arm.property_definition_representation
属性表示,Property_representation,property_representation,property_assignment,ap242,1,https://www.steptools.com/stds/smrl/data/modules/property_assignment/sys/4_info_reqs.htm#property_assignment_arm.property_representation
展开不确定度,Expanded_uncertainty,expanded_uncertainty,qualified_measure,ap242,0,https://www.steptools.com/stds/smrl/data/modules/qualified_measure/sys/4_info_reqs.htm#qualified_measure_arm.expanded_uncertainty
数学值精度限定符,Maths_value_precision_qualifier,maths_value_precision_qualifier,qualified_measure,ap242,0,https://www.steptools.com/stds/smrl/data/modules/qualified_measure/sys/4_info_reqs.htm#qualified_measure_arm.maths_value_precision_qualifier
数学值资格,Maths_value_qualification,maths_value_qualification,qualified_measure,ap242,0,https://www.steptools.com/stds/smrl/data/modules/qualified_measure/sys/4_info_reqs.htm#qualified_measure_arm.maths_value_qualification
量资格,Measure_qualification,measure_qualification,qualified_measure,ap242,0,https://www.steptools.com/stds/smrl/data/modules/qualified_measure/sys/4_info_reqs.htm#qualified_measure_arm.measure_qualification
预定义类型限定符,Pre_defined_type_qualifier,pre_defined_type_qualifier,qualified_measure,ap242,0,https://www.steptools.com/stds/smrl/data/modules/qualified_measure/sys/4_info_reqs.htm#qualified_measure_arm.pre_defined_type_qualifier
精度限定符,Precision_qualifier,precision_qualifier,qualified_measure,ap242,0,https://www.steptools.com/stds/smrl/data/modules/qualified_measure/sys/4_info_reqs.htm#qualified_measure_arm.precision_qualifier
限定数值项带单位,Qualified_numerical_item_with_unit,qualified_numerical_item_with_unit,qualified_measure,ap242,0,https://www.steptools.com/stds/smrl/data/modules/qualified_measure/sys/4_info_reqs.htm#qualified_measure_arm.qualified_numerical_item_with_unit
限定表示项,Qualified_representation_item,qualified_representation_item,qualified_measure,ap242,1,https://www.steptools.com/stds/smrl/data/modules/qualified_measure/sys/4_info_reqs.htm#qualified_measure_arm.qualified_representation_item
定性不确定度,Qualitative_uncertainty,qualitative_uncertainty,qualified_measure,ap242,0,https://www.steptools.com/stds/smrl/data/modules/qualified_measure/sys/4_info_reqs.htm#qualified_measure_arm.qualitative_uncertainty
标准不确定度,Standard_uncertainty,standard_uncertainty,qualified_measure,ap242,0,https://www.steptools.com/stds/smrl/data/modules/qualified_measure/sys/4_info_reqs.htm#qualified_measure_arm.standard_uncertainty
类型限定符,Type_qualifier,type_qualifier,qualified_measure,ap242,0,https://www.steptools.com/stds/smrl/data/modules/qualified_measure/sys/4_info_reqs.htm#qualified_measure_arm.type_qualifier
不确定度限定符,Uncertainty_qualifier,uncertainty_qualifier,qualified_measure,ap242,0,https://www.steptools.com/stds/smrl/data/modules/qualified_measure/sys/4_info_reqs.htm#qualified_measure_arm.uncertainty_qualifier
值格式类型限定符,Value_format_type_qualifier,value_format_type_qualifier,qualified_measure,ap242,0,https://www.steptools.com/stds/smrl/data/modules/qualified_measure/sys/4_info_reqs.htm#qualified_measure_arm.value_format_type_qualifier
表示带不确定度,Representation_with_uncertainty,representation_with_uncertainty,representation_with_uncertainty,ap242,0,https://www.steptools.com/stds/smrl/data/modules/representation_with_uncertainty/sys/4_info_reqs.htm#representation_with_uncertainty_arm.representation_with_uncertainty
要求赋值,Requirement_assignment,requirement_assignment,requirement_assignment,ap242,1,https://www.steptools.com/stds/smrl/data/modules/requirement_assignment/sys/4_info_reqs.htm#requirement_assignment_arm.requirement_assignment
要求被满足按,Requirement_satisfied_by,requirement_satisfied_by,requirement_assignment,ap242,0,https://www.steptools.com/stds/smrl/data/modules/requirement_assignment/sys/4_info_reqs.htm#requirement_assignment_arm.requirement_satisfied_by
要求源,Requirement_source,requirement_source,requirement_assignment,ap242,0,https://www.steptools.com/stds/smrl/data/modules/requirement_assignment/sys/4_info_reqs.htm#requirement_assignment_arm.requirement_source
要求,Requirement,requirement,requirement_identification_and_version,ap242,1,https://www.steptools.com/stds/smrl/data/modules/requirement_identification_and_version/sys/4_info_reqs.htm#requirement_identification_and_version_arm.requirement
要求版本,Requirement_version,requirement_version,requirement_identification_and_version,ap242,1,https://www.steptools.com/stds/smrl/data/modules/requirement_identification_and_version/sys/4_info_reqs.htm#requirement_identification_and_version_arm.requirement_version
要求版本关系,Requirement_version_relationship,requirement_version_relationship,requirement_identification_and_version,ap242,0,https://www.steptools.com/stds/smrl/data/modules/requirement_identification_and_version/sys/4_info_reqs.htm#requirement_identification_and_version_arm.requirement_version_relationship
要求视图定义,Requirement_view_definition,requirement_view_definition,requirement_view_definition,ap242,4,https://www.steptools.com/stds/smrl/data/modules/requirement_view_definition/sys/4_info_reqs.htm#requirement_view_definition_arm.requirement_view_definition
单个要求视图定义,Single_requirement_view_definition,single_requirement_view_definition,requirement_view_definition,ap242,0,https://www.steptools.com/stds/smrl/data/modules/requirement_view_definition/sys/4_info_reqs.htm#requirement_view_definition_arm.single_requirement_view_definition
要求集合关系,Requirement_collection_relationship,requirement_collection_relationship,requirement_view_definition_relationship,ap242,0,https://www.steptools.com/stds/smrl/data/modules/requirement_view_definition_relationship/sys/4_info_reqs.htm#requirement_view_definition_relationship_arm.requirement_collection_relationship
要求优先级关系,Requirement_precedence_relationship,requirement_precedence_relationship,requirement_view_definition_relationship,ap242,0,https://www.steptools.com/stds/smrl/data/modules/requirement_view_definition_relationship/sys/4_info_reqs.htm#requirement_view_definition_relationship_arm.requirement_precedence_relationship
要求视图定义关系,Requirement_view_definition_relationship,requirement_view_definition_relationship,requirement_view_definition_relationship,ap242,0,https://www.steptools.com/stds/smrl/data/modules/requirement_view_definition_relationship/sys/4_info_reqs.htm#requirement_view_definition_relationship_arm.requirement_view_definition_relationship
追踪关系,Tracing_relationship,tracing_relationship,requirement_view_definition_relationship,ap242,0,https://www.steptools.com/stds/smrl/data/modules/requirement_view_definition_relationship/sys/4_info_reqs.htm#requirement_view_definition_relationship_arm.tracing_relationship
资源组关系,Resource_group_relationship,resource_group_relationship,resource_item,ap242,0,https://www.steptools.com/stds/smrl/data/modules/resource_item/sys/4_info_reqs.htm#resource_item_arm.resource_group_relationship
资源项,Resource_item,resource_item,resource_item,ap242,1,https://www.steptools.com/stds/smrl/data/modules/resource_item/sys/4_info_reqs.htm#resource_item_arm.resource_item
资源项赋值,Resource_item_assignment,resource_item_assignment,resource_item,ap242,1,https://www.steptools.com/stds/smrl/data/modules/resource_item/sys/4_info_reqs.htm#resource_item_arm.resource_item_assignment
资源项实现,Resource_item_realization,resource_item_realization,resource_item,ap242,0,https://www.steptools.com/stds/smrl/data/modules/resource_item/sys/4_info_reqs.htm#resource_item_arm.resource_item_realization
资源项关系,Resource_item_relationship,resource_item_relationship,resource_item,ap242,1,https://www.steptools.com/stds/smrl/data/modules/resource_item/sys/4_info_reqs.htm#resource_item_arm.resource_item_relationship
保持周期,Retention_period,retention_period,retention_period,ap242,0,https://www.steptools.com/stds/smrl/data/modules/retention_period/sys/4_info_reqs.htm#retention_period_arm.retention_period
点点云数据集,Point_cloud_dataset,point_cloud_dataset,scan_data_3d_shape,ap242,0,https://www.steptools.com/stds/smrl/data/modules/scan_data_3d_shape/sys/4_info_reqs.htm#scan_data_3d_shape_arm.point_cloud_dataset
点点云数据集带颜色,Point_cloud_dataset_with_colours,point_cloud_dataset_with_colours,scan_data_3d_shape,ap242,0,https://www.steptools.com/stds/smrl/data/modules/scan_data_3d_shape/sys/4_info_reqs.htm#scan_data_3d_shape_arm.point_cloud_dataset_with_colours
点点云数据集带强度,Point_cloud_dataset_with_intensities,point_cloud_dataset_with_intensities,scan_data_3d_shape,ap242,0,https://www.steptools.com/stds/smrl/data/modules/scan_data_3d_shape/sys/4_info_reqs.htm#scan_data_3d_shape_arm.point_cloud_dataset_with_intensities
点点云数据集带法向量,Point_cloud_dataset_with_normals,point_cloud_dataset_with_normals,scan_data_3d_shape,ap242,0,https://www.steptools.com/stds/smrl/data/modules/scan_data_3d_shape/sys/4_info_reqs.htm#scan_data_3d_shape_arm.point_cloud_dataset_with_normals
点点云超数据集,Point_cloud_superdataset,point_cloud_superdataset,scan_data_3d_shape,ap242,0,https://www.steptools.com/stds/smrl/data/modules/scan_data_3d_shape/sys/4_info_reqs.htm#scan_data_3d_shape_arm.point_cloud_superdataset
扫描三维模型,Scan_3d_model,scan_3d_model,scan_data_3d_shape,ap242,0,https://www.steptools.com/stds/smrl/data/modules/scan_data_3d_shape/sys/4_info_reqs.htm#scan_data_3d_shape_arm.scan_3d_model
扫描数据形状表示,Scan_data_shape_representation,scan_data_shape_representation,scan_data_3d_shape,ap242,1,https://www.steptools.com/stds/smrl/data/modules/scan_data_3d_shape/sys/4_info_reqs.htm#scan_data_3d_shape_arm.scan_data_shape_representation
扫描数据项,Scanned_data_item,scanned_data_item,scan_data_3d_shape,ap242,1,https://www.steptools.com/stds/smrl/data/modules/scan_data_3d_shape/sys/4_info_reqs.htm#scan_data_3d_shape_arm.scanned_data_item
扫描仪基本属性,Scanner_basic_properties,scanner_basic_properties,scan_data_3d_shape,ap242,0,https://www.steptools.com/stds/smrl/data/modules/scan_data_3d_shape/sys/4_info_reqs.htm#scan_data_3d_shape_arm.scanner_basic_properties
扫描仪属性,Scanner_property,scanner_property,scan_data_3d_shape,ap242,1,https://www.steptools.com/stds/smrl/data/modules/scan_data_3d_shape/sys/4_info_reqs.htm#scan_data_3d_shape_arm.scanner_property
三角剖分点点云数据集,Triangulated_point_cloud_dataset,triangulated_point_cloud_dataset,scan_data_3d_shape,ap242,0,https://www.steptools.com/stds/smrl/data/modules/scan_data_3d_shape/sys/4_info_reqs.htm#scan_data_3d_shape_arm.triangulated_point_cloud_dataset
安全分类,Security_classification,security_classification,security_classification,ap242,6,https://www.steptools.com/stds/smrl/data/modules/security_classification/sys/4_info_reqs.htm#security_classification_arm.security_classification
安全分类赋值,Security_classification_assignment,security_classification_assignment,security_classification,ap242,3,https://www.steptools.com/stds/smrl/data/modules/security_classification/sys/4_info_reqs.htm#security_classification_arm.security_classification_assignment
组合组形状元素,Composite_group_shape_element,composite_group_shape_element,shape_composition,ap242,0,https://www.steptools.com/stds/smrl/data/modules/shape_composition/sys/4_info_reqs.htm#shape_composition_arm.composite_group_shape_element
组合形状元素,Composite_shape_element,composite_shape_element,shape_composition,ap242,0,https://www.steptools.com/stds/smrl/data/modules/shape_composition/sys/4_info_reqs.htm#shape_composition_arm.composite_shape_element
组合单位形状元素,Composite_unit_shape_element,composite_unit_shape_element,shape_composition,ap242,0,https://www.steptools.com/stds/smrl/data/modules/shape_composition/sys/4_info_reqs.htm#shape_composition_arm.composite_unit_shape_element
通用特征,General_feature,general_feature,shape_feature,ap242,0,https://www.steptools.com/stds/smrl/data/modules/shape_feature/sys/4_info_reqs.htm#shape_feature_arm.general_feature
实例化特征,Instanced_feature,instanced_feature,shape_feature,ap242,1,https://www.steptools.com/stds/smrl/data/modules/shape_feature/sys/4_info_reqs.htm#shape_feature_arm.instanced_feature
放置特征,Placed_feature,placed_feature,shape_feature,ap242,0,https://www.steptools.com/stds/smrl/data/modules/shape_feature/sys/4_info_reqs.htm#shape_feature_arm.placed_feature
形状特征定义,Shape_feature_definition,shape_feature_definition,shape_feature,ap242,5,https://www.steptools.com/stds/smrl/data/modules/shape_feature/sys/4_info_reqs.htm#shape_feature_arm.shape_feature_definition
形状特征定义元素,Shape_feature_definition_element,shape_feature_definition_element,shape_feature,ap242,0,https://www.steptools.com/stds/smrl/data/modules/shape_feature/sys/4_info_reqs.htm#shape_feature_arm.shape_feature_definition_element
形状特征定义元素关系,Shape_feature_definition_element_relationship,shape_feature_definition_element_relationship,shape_feature,ap242,0,https://www.steptools.com/stds/smrl/data/modules/shape_feature/sys/4_info_reqs.htm#shape_feature_arm.shape_feature_definition_element_relationship
形状特征定义实例元素,Shape_feature_definition_occurrence_element,shape_feature_definition_occurrence_element,shape_feature,ap242,0,https://www.steptools.com/stds/smrl/data/modules/shape_feature/sys/4_info_reqs.htm#shape_feature_arm.shape_feature_definition_occurrence_element
形状特征定义实例元素关系,Shape_feature_definition_occurrence_element_relationship,shape_feature_definition_occurrence_element_relationship,shape_feature,ap242,0,https://www.steptools.com/stds/smrl/data/modules/shape_feature/sys/4_info_reqs.htm#shape_feature_arm.shape_feature_definition_occurrence_element_relationship
形状特征定义关系,Shape_feature_definition_relationship,shape_feature_definition_relationship,shape_feature,ap242,0,https://www.steptools.com/stds/smrl/data/modules/shape_feature/sys/4_info_reqs.htm#shape_feature_arm.shape_feature_definition_relationship
赋值形状属性,Assigned_shape_property,assigned_shape_property,shape_property_assignment,ap242,0,https://www.steptools.com/stds/smrl/data/modules/shape_property_assignment/sys/4_info_reqs.htm#shape_property_assignment_arm.assigned_shape_property
项被标识表示用法,Item_identified_representation_usage,item_identified_representation_usage,shape_property_assignment,ap242,0,https://www.steptools.com/stds/smrl/data/modules/shape_property_assignment/sys/4_info_reqs.htm#shape_property_assignment_arm.item_identified_representation_usage
形状相关属性表示,Shape_dependent_property_representation,shape_dependent_property_representation,shape_property_assignment,ap242,0,https://www.steptools.com/stds/smrl/data/modules/shape_property_assignment/sys/4_info_reqs.htm#shape_property_assignment_arm.shape_dependent_property_representation
形状描述关联,Shape_description_association,shape_description_association,shape_property_assignment,ap242,0,https://www.steptools.com/stds/smrl/data/modules/shape_property_assignment/sys/4_info_reqs.htm#shape_property_assignment_arm.shape_description_association
形状元素,Shape_element,shape_element,shape_property_assignment,ap242,28,https://www.steptools.com/stds/smrl/data/modules/shape_property_assignment/sys/4_info_reqs.htm#shape_property_assignment_arm.shape_element
形状元素描述关联,Shape_element_description_association,shape_element_description_association,shape_property_assignment,ap242,0,https://www.steptools.com/stds/smrl/data/modules/shape_property_assignment/sys/4_info_reqs.htm#shape_property_assignment_arm.shape_element_description_association
形状元素关系,Shape_element_relationship,shape_element_relationship,shape_property_assignment,ap242,9,https://www.steptools.com/stds/smrl/data/modules/shape_property_assignment/sys/4_info_reqs.htm#shape_property_assignment_arm.shape_element_relationship
壳基于线框形状表示,Shell_based_wireframe_shape_representation,shell_based_wireframe_shape_representation,shell_based_wireframe,ap242,1,https://www.steptools.com/stds/smrl/data/modules/shell_based_wireframe/sys/4_info_reqs.htm#shell_based_wireframe_arm.shell_based_wireframe_shape_representation
实体模型,Solid_model,solid_model,solid_model,ap242,0,https://www.steptools.com/stds/smrl/data/modules/solid_model/sys/4_info_reqs.htm#solid_model_arm.solid_model
配置,Configuration,configuration,specification_based_configuration,ap242,1,https://www.steptools.com/stds/smrl/data/modules/specification_based_configuration/sys/4_info_reqs.htm#specification_based_configuration_arm.configuration
分解节点关系,Breakdown_node_relationship,breakdown_node_relationship,specification_control,ap242,0,https://www.steptools.com/stds/smrl/data/modules/specification_control/sys/4_info_reqs.htm#specification_control_arm.breakdown_node_relationship
类分解关联,Class_breakdown_association,class_breakdown_association,specification_control,ap242,0,https://www.steptools.com/stds/smrl/data/modules/specification_control/sys/4_info_reqs.htm#specification_control_arm.class_breakdown_association
复合节点关系,Complex_node_relationship,complex_node_relationship,specification_control,ap242,0,https://www.steptools.com/stds/smrl/data/modules/specification_control/sys/4_info_reqs.htm#specification_control_arm.complex_node_relationship
设计约束关联,Design_constraint_association,design_constraint_association,specification_control,ap242,0,https://www.steptools.com/stds/smrl/data/modules/specification_control/sys/4_info_reqs.htm#specification_control_arm.design_constraint_association
设计约束上下文关联,Design_constraint_context_association,design_constraint_context_association,specification_control,ap242,0,https://www.steptools.com/stds/smrl/data/modules/specification_control/sys/4_info_reqs.htm#specification_control_arm.design_constraint_context_association
设计约束定义,Design_constraint_definition,design_constraint_definition,specification_control,ap242,2,https://www.steptools.com/stds/smrl/data/modules/specification_control/sys/4_info_reqs.htm#specification_control_arm.design_constraint_definition
零件函数关联,Part_function_association,part_function_association,specification_control,ap242,0,https://www.steptools.com/stds/smrl/data/modules/specification_control/sys/4_info_reqs.htm#specification_control_arm.part_function_association
零件实例关系,Part_occurrence_relationship,part_occurrence_relationship,specification_control,ap242,0,https://www.steptools.com/stds/smrl/data/modules/specification_control/sys/4_info_reqs.htm#specification_control_arm.part_occurrence_relationship
替换用法关系,Replaced_usage_relationship,replaced_usage_relationship,specification_control,ap242,1,https://www.steptools.com/stds/smrl/data/modules/specification_control/sys/4_info_reqs.htm#specification_control_arm.replaced_usage_relationship
规范类别分解影响,Specification_category_breakdown_influence,specification_category_breakdown_influence,specification_control,ap242,0,https://www.steptools.com/stds/smrl/data/modules/specification_control/sys/4_info_reqs.htm#specification_control_arm.specification_category_breakdown_influence
设计规范,Design_specification,design_specification,specification_document,ap242,0,https://www.steptools.com/stds/smrl/data/modules/specification_document/sys/4_info_reqs.htm#specification_document_arm.design_specification
制造技术规范,Fabrication_technology_specification,fabrication_technology_specification,specification_document,ap242,0,https://www.steptools.com/stds/smrl/data/modules/specification_document/sys/4_info_reqs.htm#specification_document_arm.fabrication_technology_specification
接口规范文档定义,Interface_specification_document_definition,interface_specification_document_definition,specification_document,ap242,0,https://www.steptools.com/stds/smrl/data/modules/specification_document/sys/4_info_reqs.htm#specification_document_arm.interface_specification_document_definition
语言引用手动,Language_reference_manual,language_reference_manual,specification_document,ap242,0,https://www.steptools.com/stds/smrl/data/modules/specification_document/sys/4_info_reqs.htm#specification_document_arm.language_reference_manual
材料规范,Material_specification,material_specification,specification_document,ap242,0,https://www.steptools.com/stds/smrl/data/modules/specification_document/sys/4_info_reqs.htm#specification_document_arm.material_specification
部分文档带结构化文本表示赋值,Partial_document_with_structured_text_representation_assignment,partial_document_with_structured_text_representation_assignment,specification_document,ap242,0,https://www.steptools.com/stds/smrl/data/modules/specification_document/sys/4_info_reqs.htm#specification_document_arm.partial_document_with_structured_text_representation_assignment
过程规范,Process_specification,process_specification,specification_document,ap242,0,https://www.steptools.com/stds/smrl/data/modules/specification_document/sys/4_info_reqs.htm#specification_document_arm.process_specification
规范分配,Specification_allocation,specification_allocation,specification_document,ap242,0,https://www.steptools.com/stds/smrl/data/modules/specification_document/sys/4_info_reqs.htm#specification_document_arm.specification_allocation
规范定义,Specification_definition,specification_definition,specification_document,ap242,5,https://www.steptools.com/stds/smrl/data/modules/specification_document/sys/4_info_reqs.htm#specification_document_arm.specification_definition
曲面精加工规范,Surface_finish_specification,surface_finish_specification,specification_document,ap242,0,https://www.steptools.com/stds/smrl/data/modules/specification_document/sys/4_info_reqs.htm#specification_document_arm.surface_finish_specification
测试规范,Test_specification,test_specification,specification_document,ap242,0,https://www.steptools.com/stds/smrl/data/modules/specification_document/sys/4_info_reqs.htm#specification_document_arm.test_specification
产品规范,Product_specification,product_specification,specified_product,ap242,1,https://www.steptools.com/stds/smrl/data/modules/specified_product/sys/4_info_reqs.htm#specified_product_arm.product_specification
规范基于产品版本,Specification_based_product_version,specification_based_product_version,specified_product,ap242,0,https://www.steptools.com/stds/smrl/data/modules/specified_product/sys/4_info_reqs.htm#specified_product_arm.specification_based_product_version
曲线字体,Curve_font,curve_font,styled_curve,ap242,0,https://www.steptools.com/stds/smrl/data/modules/styled_curve/sys/4_info_reqs.htm#styled_curve_arm.curve_font
曲线字体阵列,Curve_font_pattern,curve_font_pattern,styled_curve,ap242,0,https://www.steptools.com/stds/smrl/data/modules/styled_curve/sys/4_info_reqs.htm#styled_curve_arm.curve_font_pattern
外部定义曲线字体,Externally_defined_curve_font,externally_defined_curve_font,styled_curve,ap242,0,https://www.steptools.com/stds/smrl/data/modules/styled_curve/sys/4_info_reqs.htm#styled_curve_arm.externally_defined_curve_font
预定义曲线字体,Predefined_curve_font,predefined_curve_font,styled_curve,ap242,0,https://www.steptools.com/stds/smrl/data/modules/styled_curve/sys/4_info_reqs.htm#styled_curve_arm.predefined_curve_font
实体曲线字体,Solid_curve_font,solid_curve_font,styled_curve,ap242,0,https://www.steptools.com/stds/smrl/data/modules/styled_curve/sys/4_info_reqs.htm#styled_curve_arm.solid_curve_font
用户定义曲线字体,User_defined_curve_font,user_defined_curve_font,styled_curve,ap242,0,https://www.steptools.com/stds/smrl/data/modules/styled_curve/sys/4_info_reqs.htm#styled_curve_arm.user_defined_curve_font
涂层层,Coating_layer,coating_layer,surface_conditions,ap242,2,https://www.steptools.com/stds/smrl/data/modules/surface_conditions/sys/4_info_reqs.htm#surface_conditions_arm.coating_layer
接触比,Contact_ratio,contact_ratio,surface_conditions,ap242,0,https://www.steptools.com/stds/smrl/data/modules/surface_conditions/sys/4_info_reqs.htm#surface_conditions_arm.contact_ratio
扩展视觉外观,Extended_visual_appearance,extended_visual_appearance,surface_conditions,ap242,0,https://www.steptools.com/stds/smrl/data/modules/surface_conditions/sys/4_info_reqs.htm#surface_conditions_arm.extended_visual_appearance
硬度,Hardness,hardness,surface_conditions,ap242,0,https://www.steptools.com/stds/smrl/data/modules/surface_conditions/sys/4_info_reqs.htm#surface_conditions_arm.hardness
标准曲面纹理参数,Standard_surface_texture_parameter,standard_surface_texture_parameter,surface_conditions,ap242,0,https://www.steptools.com/stds/smrl/data/modules/surface_conditions/sys/4_info_reqs.htm#surface_conditions_arm.standard_surface_texture_parameter
曲面条件,Surface_condition,surface_condition,surface_conditions,ap242,0,https://www.steptools.com/stds/smrl/data/modules/surface_conditions/sys/4_info_reqs.htm#surface_conditions_arm.surface_condition
曲面纹理,Surface_texture,surface_texture,surface_conditions,ap242,0,https://www.steptools.com/stds/smrl/data/modules/surface_conditions/sys/4_info_reqs.htm#surface_conditions_arm.surface_texture
曲面纹理参数,Surface_texture_parameter,surface_texture_parameter,surface_conditions,ap242,0,https://www.steptools.com/stds/smrl/data/modules/surface_conditions/sys/4_info_reqs.htm#surface_conditions_arm.surface_texture_parameter
触觉外观,Tactile_appearance,tactile_appearance,surface_conditions,ap242,0,https://www.steptools.com/stds/smrl/data/modules/surface_conditions/sys/4_info_reqs.htm#surface_conditions_arm.tactile_appearance
处理结果,Treatment_result,treatment_result,surface_conditions,ap242,0,https://www.steptools.com/stds/smrl/data/modules/surface_conditions/sys/4_info_reqs.htm#surface_conditions_arm.treatment_result
用户定义曲面纹理参数,User_defined_surface_texture_parameter,user_defined_surface_texture_parameter,surface_conditions,ap242,0,https://www.steptools.com/stds/smrl/data/modules/surface_conditions/sys/4_info_reqs.htm#surface_conditions_arm.user_defined_surface_texture_parameter
视觉外观,Visual_appearance,visual_appearance,surface_conditions,ap242,0,https://www.steptools.com/stds/smrl/data/modules/surface_conditions/sys/4_info_reqs.htm#surface_conditions_arm.visual_appearance
包含文本块,Included_text_block,included_text_block,tagged_text_representation,ap242,1,https://www.steptools.com/stds/smrl/data/modules/tagged_text_representation/sys/4_info_reqs.htm#tagged_text_representation_arm.included_text_block
结构化文本组成,Structured_text_composition,structured_text_composition,tagged_text_representation,ap242,1,https://www.steptools.com/stds/smrl/data/modules/tagged_text_representation/sys/4_info_reqs.htm#tagged_text_representation_arm.structured_text_composition
结构化文本表示,Structured_text_representation,structured_text_representation,tagged_text_representation,ap242,1,https://www.steptools.com/stds/smrl/data/modules/tagged_text_representation/sys/4_info_reqs.htm#tagged_text_representation_arm.structured_text_representation
带标记文本格式,Tagged_text_format,tagged_text_format,tagged_text_representation,ap242,0,https://www.steptools.com/stds/smrl/data/modules/tagged_text_representation/sys/4_info_reqs.htm#tagged_text_representation_arm.tagged_text_format
带标记文本项,Tagged_text_item,tagged_text_item,tagged_text_representation,ap242,0,https://www.steptools.com/stds/smrl/data/modules/tagged_text_representation/sys/4_info_reqs.htm#tagged_text_representation_arm.tagged_text_item
均匀资源标识符,Uniform_resource_identifier,uniform_resource_identifier,tagged_text_representation,ap242,0,https://www.steptools.com/stds/smrl/data/modules/tagged_text_representation/sys/4_info_reqs.htm#tagged_text_representation_arm.uniform_resource_identifier
复合三角剖分面,Complex_triangulated_face,complex_triangulated_face,tessellated_geometry,ap242,0,https://www.steptools.com/stds/smrl/data/modules/tessellated_geometry/sys/4_info_reqs.htm#tessellated_geometry_arm.complex_triangulated_face
复合三角剖分曲面集合,Complex_triangulated_surface_set,complex_triangulated_surface_set,tessellated_geometry,ap242,0,https://www.steptools.com/stds/smrl/data/modules/tessellated_geometry/sys/4_info_reqs.htm#tessellated_geometry_arm.complex_triangulated_surface_set
坐标列表,Coordinates_list,coordinates_list,tessellated_geometry,ap242,2,https://www.steptools.com/stds/smrl/data/modules/tessellated_geometry/sys/4_info_reqs.htm#tessellated_geometry_arm.coordinates_list
三次贝塞尔镶嵌边,Cubic_bezier_tessellated_edge,cubic_bezier_tessellated_edge,tessellated_geometry,ap242,0,https://www.steptools.com/stds/smrl/data/modules/tessellated_geometry/sys/4_info_reqs.htm#tessellated_geometry_arm.cubic_bezier_tessellated_edge
三次贝塞尔三角剖分面,Cubic_bezier_triangulated_face,cubic_bezier_triangulated_face,tessellated_geometry,ap242,0,https://www.steptools.com/stds/smrl/data/modules/tessellated_geometry/sys/4_info_reqs.htm#tessellated_geometry_arm.cubic_bezier_triangulated_face
三次镶嵌连接边,Cubic_tessellated_connecting_edge,cubic_tessellated_connecting_edge,tessellated_geometry,ap242,0,https://www.steptools.com/stds/smrl/data/modules/tessellated_geometry/sys/4_info_reqs.htm#tessellated_geometry_arm.cubic_tessellated_connecting_edge
重新定位镶嵌项,Repositioned_tessellated_item,repositioned_tessellated_item,tessellated_geometry,ap242,0,https://www.steptools.com/stds/smrl/data/modules/tessellated_geometry/sys/4_info_reqs.htm#tessellated_geometry_arm.repositioned_tessellated_item
镶嵌标注,Tessellated_annotation,tessellated_annotation,tessellated_geometry,ap242,1,https://www.steptools.com/stds/smrl/data/modules/tessellated_geometry/sys/4_info_reqs.htm#tessellated_geometry_arm.tessellated_annotation
镶嵌连接边,Tessellated_connecting_edge,tessellated_connecting_edge,tessellated_geometry,ap242,0,https://www.steptools.com/stds/smrl/data/modules/tessellated_geometry/sys/4_info_reqs.htm#tessellated_geometry_arm.tessellated_connecting_edge
镶嵌曲线集合,Tessellated_curve_set,tessellated_curve_set,tessellated_geometry,ap242,0,https://www.steptools.com/stds/smrl/data/modules/tessellated_geometry/sys/4_info_reqs.htm#tessellated_geometry_arm.tessellated_curve_set
镶嵌边,Tessellated_edge,tessellated_edge,tessellated_geometry,ap242,0,https://www.steptools.com/stds/smrl/data/modules/tessellated_geometry/sys/4_info_reqs.htm#tessellated_geometry_arm.tessellated_edge
镶嵌面,Tessellated_face,tessellated_face,tessellated_geometry,ap242,1,https://www.steptools.com/stds/smrl/data/modules/tessellated_geometry/sys/4_info_reqs.htm#tessellated_geometry_arm.tessellated_face
镶嵌几何集合,Tessellated_geometric_set,tessellated_geometric_set,tessellated_geometry,ap242,0,https://www.steptools.com/stds/smrl/data/modules/tessellated_geometry/sys/4_info_reqs.htm#tessellated_geometry_arm.tessellated_geometric_set
镶嵌项,Tessellated_item,tessellated_item,tessellated_geometry,ap242,1,https://www.steptools.com/stds/smrl/data/modules/tessellated_geometry/sys/4_info_reqs.htm#tessellated_geometry_arm.tessellated_item
镶嵌点集合,Tessellated_point_set,tessellated_point_set,tessellated_geometry,ap242,0,https://www.steptools.com/stds/smrl/data/modules/tessellated_geometry/sys/4_info_reqs.htm#tessellated_geometry_arm.tessellated_point_set
镶嵌形状表示,Tessellated_shape_representation,tessellated_shape_representation,tessellated_geometry,ap242,1,https://www.steptools.com/stds/smrl/data/modules/tessellated_geometry/sys/4_info_reqs.htm#tessellated_geometry_arm.tessellated_shape_representation
镶嵌形状表示带精度参数,Tessellated_shape_representation_with_accuracy_parameters,tessellated_shape_representation_with_accuracy_parameters,tessellated_geometry,ap242,0,https://www.steptools.com/stds/smrl/data/modules/tessellated_geometry/sys/4_info_reqs.htm#tessellated_geometry_arm.tessellated_shape_representation_with_accuracy_parameters
镶嵌壳,Tessellated_shell,tessellated_shell,tessellated_geometry,ap242,1,https://www.steptools.com/stds/smrl/data/modules/tessellated_geometry/sys/4_info_reqs.htm#tessellated_geometry_arm.tessellated_shell
镶嵌实体,Tessellated_solid,tessellated_solid,tessellated_geometry,ap242,1,https://www.steptools.com/stds/smrl/data/modules/tessellated_geometry/sys/4_info_reqs.htm#tessellated_geometry_arm.tessellated_solid
镶嵌结构化项,Tessellated_structured_item,tessellated_structured_item,tessellated_geometry,ap242,0,https://www.steptools.com/stds/smrl/data/modules/tessellated_geometry/sys/4_info_reqs.htm#tessellated_geometry_arm.tessellated_structured_item
镶嵌曲面集合,Tessellated_surface_set,tessellated_surface_set,tessellated_geometry,ap242,1,https://www.steptools.com/stds/smrl/data/modules/tessellated_geometry/sys/4_info_reqs.htm#tessellated_geometry_arm.tessellated_surface_set
镶嵌顶点,Tessellated_vertex,tessellated_vertex,tessellated_geometry,ap242,1,https://www.steptools.com/stds/smrl/data/modules/tessellated_geometry/sys/4_info_reqs.htm#tessellated_geometry_arm.tessellated_vertex
镶嵌线,Tessellated_wire,tessellated_wire,tessellated_geometry,ap242,0,https://www.steptools.com/stds/smrl/data/modules/tessellated_geometry/sys/4_info_reqs.htm#tessellated_geometry_arm.tessellated_wire
三角剖分面,Triangulated_face,triangulated_face,tessellated_geometry,ap242,0,https://www.steptools.com/stds/smrl/data/modules/tessellated_geometry/sys/4_info_reqs.htm#tessellated_geometry_arm.triangulated_face
三角剖分曲面集合,Triangulated_surface_set,triangulated_surface_set,tessellated_geometry,ap242,0,https://www.steptools.com/stds/smrl/data/modules/tessellated_geometry/sys/4_info_reqs.htm#tessellated_geometry_arm.triangulated_surface_set
测试选择类型产品,Test_select_product,test_select_product,test_select_product,ap242,0,https://www.steptools.com/stds/smrl/data/modules/test_select_product/sys/4_info_reqs.htm#test_select_product_arm.test_select_product
组合可呈现文本,Composite_presentable_text,composite_presentable_text,text_appearance,ap242,3,https://www.steptools.com/stds/smrl/data/modules/text_appearance/sys/4_info_reqs.htm#text_appearance_arm.composite_presentable_text
定义字符字形,Defined_character_glyph,defined_character_glyph,text_appearance,ap242,3,https://www.steptools.com/stds/smrl/data/modules/text_appearance/sys/4_info_reqs.htm#text_appearance_arm.defined_character_glyph
制图预定义文本字体,Draughting_pre_defined_text_font,draughting_pre_defined_text_font,text_appearance,ap242,0,https://www.steptools.com/stds/smrl/data/modules/text_appearance/sys/4_info_reqs.htm#text_appearance_arm.draughting_pre_defined_text_font
外部定义文本字体,Externally_defined_text_font,externally_defined_text_font,text_appearance,ap242,0,https://www.steptools.com/stds/smrl/data/modules/text_appearance/sys/4_info_reqs.htm#text_appearance_arm.externally_defined_text_font
文本字面量,Text_literal,text_literal,text_appearance,ap242,3,https://www.steptools.com/stds/smrl/data/modules/text_appearance/sys/4_info_reqs.htm#text_appearance_arm.text_literal
文本字面量带关联曲线,Text_literal_with_associated_curves,text_literal_with_associated_curves,text_appearance,ap242,0,https://www.steptools.com/stds/smrl/data/modules/text_appearance/sys/4_info_reqs.htm#text_appearance_arm.text_literal_with_associated_curves
文本字面量带冲裁盒,Text_literal_with_blanking_box,text_literal_with_blanking_box,text_appearance,ap242,0,https://www.steptools.com/stds/smrl/data/modules/text_appearance/sys/4_info_reqs.htm#text_appearance_arm.text_literal_with_blanking_box
文本字面量带轮廓线,Text_literal_with_delineation,text_literal_with_delineation,text_appearance,ap242,0,https://www.steptools.com/stds/smrl/data/modules/text_appearance/sys/4_info_reqs.htm#text_appearance_arm.text_literal_with_delineation
文本字面量带范围,Text_literal_with_extent,text_literal_with_extent,text_appearance,ap242,0,https://www.steptools.com/stds/smrl/data/modules/text_appearance/sys/4_info_reqs.htm#text_appearance_arm.text_literal_with_extent
时间区间,Time_interval,time_interval,time_interval,ap242,1,https://www.steptools.com/stds/smrl/data/modules/time_interval/sys/4_info_reqs.htm#time_interval_arm.time_interval
时间区间关系,Time_interval_relationship,time_interval_relationship,time_interval,ap242,1,https://www.steptools.com/stds/smrl/data/modules/time_interval/sys/4_info_reqs.htm#time_interval_arm.time_interval_relationship
时间区间带边界,Time_interval_with_bounds,time_interval_with_bounds,time_interval,ap242,1,https://www.steptools.com/stds/smrl/data/modules/time_interval/sys/4_info_reqs.htm#time_interval_arm.time_interval_with_bounds
时间区间赋值,Time_interval_assignment,time_interval_assignment,time_interval_assignment,ap242,0,https://www.steptools.com/stds/smrl/data/modules/time_interval_assignment/sys/4_info_reqs.htm#time_interval_assignment_arm.time_interval_assignment
时间区间角色,Time_interval_role,time_interval_role,time_interval_assignment,ap242,0,https://www.steptools.com/stds/smrl/data/modules/time_interval_assignment/sys/4_info_reqs.htm#time_interval_assignment_arm.time_interval_role
高级面,Advanced_face,advanced_face,topologically_bounded_surface,ap242,1,https://www.steptools.com/stds/smrl/data/modules/topologically_bounded_surface/sys/4_info_reqs.htm#topologically_bounded_surface_arm.advanced_face
数量的物质单位,Amount_of_substance_unit,amount_of_substance_unit,value_with_unit,ap242,0,https://www.steptools.com/stds/smrl/data/modules/value_with_unit/sys/4_info_reqs.htm#value_with_unit_arm.amount_of_substance_unit
面积单位,Area_unit,area_unit,value_with_unit,ap242,0,https://www.steptools.com/stds/smrl/data/modules/value_with_unit/sys/4_info_reqs.htm#value_with_unit_arm.area_unit
上下文相关单位,Context_dependent_unit,context_dependent_unit,value_with_unit,ap242,1,https://www.steptools.com/stds/smrl/data/modules/value_with_unit/sys/4_info_reqs.htm#value_with_unit_arm.context_dependent_unit
转换基于单位,Conversion_based_unit,conversion_based_unit,value_with_unit,ap242,1,https://www.steptools.com/stds/smrl/data/modules/value_with_unit/sys/4_info_reqs.htm#value_with_unit_arm.conversion_based_unit
派生单位,Derived_unit,derived_unit,value_with_unit,ap242,1,https://www.steptools.com/stds/smrl/data/modules/value_with_unit/sys/4_info_reqs.htm#value_with_unit_arm.derived_unit
派生单位元素,Derived_unit_element,derived_unit_element,value_with_unit,ap242,0,https://www.steptools.com/stds/smrl/data/modules/value_with_unit/sys/4_info_reqs.htm#value_with_unit_arm.derived_unit_element
持续时间,Duration,duration,value_with_unit,ap242,11,https://www.steptools.com/stds/smrl/data/modules/value_with_unit/sys/4_info_reqs.htm#value_with_unit_arm.duration
电电流单位,Electric_current_unit,electric_current_unit,value_with_unit,ap242,0,https://www.steptools.com/stds/smrl/data/modules/value_with_unit/sys/4_info_reqs.htm#value_with_unit_arm.electric_current_unit
长度单位,Length_unit,length_unit,value_with_unit,ap242,0,https://www.steptools.com/stds/smrl/data/modules/value_with_unit/sys/4_info_reqs.htm#value_with_unit_arm.length_unit
光强度单位,Luminous_intensity_unit,luminous_intensity_unit,value_with_unit,ap242,0,https://www.steptools.com/stds/smrl/data/modules/value_with_unit/sys/4_info_reqs.htm#value_with_unit_arm.luminous_intensity_unit
质量单位,Mass_unit,mass_unit,value_with_unit,ap242,0,https://www.steptools.com/stds/smrl/data/modules/value_with_unit/sys/4_info_reqs.htm#value_with_unit_arm.mass_unit
数学值带单位,Maths_value_with_unit,maths_value_with_unit,value_with_unit,ap242,0,https://www.steptools.com/stds/smrl/data/modules/value_with_unit/sys/4_info_reqs.htm#value_with_unit_arm.maths_value_with_unit
平面角单位,Plane_angle_unit,plane_angle_unit,value_with_unit,ap242,0,https://www.steptools.com/stds/smrl/data/modules/value_with_unit/sys/4_info_reqs.htm#value_with_unit_arm.plane_angle_unit
比单位,Ratio_unit,ratio_unit,value_with_unit,ap242,0,https://www.steptools.com/stds/smrl/data/modules/value_with_unit/sys/4_info_reqs.htm#value_with_unit_arm.ratio_unit
实体角单位,Solid_angle_unit,solid_angle_unit,value_with_unit,ap242,0,https://www.steptools.com/stds/smrl/data/modules/value_with_unit/sys/4_info_reqs.htm#value_with_unit_arm.solid_angle_unit
热力学温度单位,Thermodynamic_temperature_unit,thermodynamic_temperature_unit,value_with_unit,ap242,0,https://www.steptools.com/stds/smrl/data/modules/value_with_unit/sys/4_info_reqs.htm#value_with_unit_arm.thermodynamic_temperature_unit
时间单位,Time_unit,time_unit,value_with_unit,ap242,0,https://www.steptools.com/stds/smrl/data/modules/value_with_unit/sys/4_info_reqs.htm#value_with_unit_arm.time_unit
不确定度带单位,Uncertainty_with_unit,uncertainty_with_unit,value_with_unit,ap242,3,https://www.steptools.com/stds/smrl/data/modules/value_with_unit/sys/4_info_reqs.htm#value_with_unit_arm.uncertainty_with_unit
单位,Unit,unit,value_with_unit,ap242,5,https://www.steptools.com/stds/smrl/data/modules/value_with_unit/sys/4_info_reqs.htm#value_with_unit_arm.unit
带单位的量值,Value_with_unit,value_with_unit,value_with_unit,ap242,19,https://www.steptools.com/stds/smrl/data/modules/value_with_unit/sys/4_info_reqs.htm#value_with_unit_arm.value_with_unit
体积单位,Volume_unit,volume_unit,value_with_unit,ap242,0,https://www.steptools.com/stds/smrl/data/modules/value_with_unit/sys/4_info_reqs.htm#value_with_unit_arm.volume_unit
吸收剂量数据元素,Absorbed_dose_data_element,absorbed_dose_data_element,value_with_unit_extension,ap242,0,https://www.steptools.com/stds/smrl/data/modules/value_with_unit_extension/sys/4_info_reqs.htm#value_with_unit_extension_arm.absorbed_dose_data_element
加速度数据元素,Acceleration_data_element,acceleration_data_element,value_with_unit_extension,ap242,0,https://www.steptools.com/stds/smrl/data/modules/value_with_unit_extension/sys/4_info_reqs.htm#value_with_unit_extension_arm.acceleration_data_element
数量的物质数据元素,Amount_of_substance_data_element,amount_of_substance_data_element,value_with_unit_extension,ap242,0,https://www.steptools.com/stds/smrl/data/modules/value_with_unit_extension/sys/4_info_reqs.htm#value_with_unit_extension_arm.amount_of_substance_data_element
角数据元素,Angle_data_element,angle_data_element,value_with_unit_extension,ap242,29,https://www.steptools.com/stds/smrl/data/modules/value_with_unit_extension/sys/4_info_reqs.htm#value_with_unit_extension_arm.angle_data_element
面积数据元素,Area_data_element,area_data_element,value_with_unit_extension,ap242,0,https://www.steptools.com/stds/smrl/data/modules/value_with_unit_extension/sys/4_info_reqs.htm#value_with_unit_extension_arm.area_data_element
电容数据元素,Capacitance_data_element,capacitance_data_element,value_with_unit_extension,ap242,0,https://www.steptools.com/stds/smrl/data/modules/value_with_unit_extension/sys/4_info_reqs.htm#value_with_unit_extension_arm.capacitance_data_element
摄氏度温度数据元素,Celsius_temperature_data_element,celsius_temperature_data_element,value_with_unit_extension,ap242,0,https://www.steptools.com/stds/smrl/data/modules/value_with_unit_extension/sys/4_info_reqs.htm#value_with_unit_extension_arm.celsius_temperature_data_element
电导数据元素,Conductance_data_element,conductance_data_element,value_with_unit_extension,ap242,0,https://www.steptools.com/stds/smrl/data/modules/value_with_unit_extension/sys/4_info_reqs.htm#value_with_unit_extension_arm.conductance_data_element
介电常量数据元素,Dielectric_constant_data_element,dielectric_constant_data_element,value_with_unit_extension,ap242,0,https://www.steptools.com/stds/smrl/data/modules/value_with_unit_extension/sys/4_info_reqs.htm#value_with_unit_extension_arm.dielectric_constant_data_element
剂量等效数据元素,Dose_equivalent_data_element,dose_equivalent_data_element,value_with_unit_extension,ap242,0,https://www.steptools.com/stds/smrl/data/modules/value_with_unit_extension/sys/4_info_reqs.htm#value_with_unit_extension_arm.dose_equivalent_data_element
电电荷数据元素,Electric_charge_data_element,electric_charge_data_element,value_with_unit_extension,ap242,0,https://www.steptools.com/stds/smrl/data/modules/value_with_unit_extension/sys/4_info_reqs.htm#value_with_unit_extension_arm.electric_charge_data_element
电电流数据元素,Electric_current_data_element,electric_current_data_element,value_with_unit_extension,ap242,0,https://www.steptools.com/stds/smrl/data/modules/value_with_unit_extension/sys/4_info_reqs.htm#value_with_unit_extension_arm.electric_current_data_element
电电位数据元素,Electric_potential_data_element,electric_potential_data_element,value_with_unit_extension,ap242,0,https://www.steptools.com/stds/smrl/data/modules/value_with_unit_extension/sys/4_info_reqs.htm#value_with_unit_extension_arm.electric_potential_data_element
能量数据元素,Energy_data_element,energy_data_element,value_with_unit_extension,ap242,0,https://www.steptools.com/stds/smrl/data/modules/value_with_unit_extension/sys/4_info_reqs.htm#value_with_unit_extension_arm.energy_data_element
力数据元素,Force_data_element,force_data_element,value_with_unit_extension,ap242,0,https://www.steptools.com/stds/smrl/data/modules/value_with_unit_extension/sys/4_info_reqs.htm#value_with_unit_extension_arm.force_data_element
频率数据元素,Frequency_data_element,frequency_data_element,value_with_unit_extension,ap242,4,https://www.steptools.com/stds/smrl/data/modules/value_with_unit_extension/sys/4_info_reqs.htm#value_with_unit_extension_arm.frequency_data_element
照度数据元素,Illuminance_data_element,illuminance_data_element,value_with_unit_extension,ap242,0,https://www.steptools.com/stds/smrl/data/modules/value_with_unit_extension/sys/4_info_reqs.htm#value_with_unit_extension_arm.illuminance_data_element
电感数据元素,Inductance_data_element,inductance_data_element,value_with_unit_extension,ap242,0,https://www.steptools.com/stds/smrl/data/modules/value_with_unit_extension/sys/4_info_reqs.htm#value_with_unit_extension_arm.inductance_data_element
长度数据元素,Length_data_element,length_data_element,value_with_unit_extension,ap242,114,https://www.steptools.com/stds/smrl/data/modules/value_with_unit_extension/sys/4_info_reqs.htm#value_with_unit_extension_arm.length_data_element
损耗相切数据元素,Loss_tangent_data_element,loss_tangent_data_element,value_with_unit_extension,ap242,0,https://www.steptools.com/stds/smrl/data/modules/value_with_unit_extension/sys/4_info_reqs.htm#value_with_unit_extension_arm.loss_tangent_data_element
光通量数据元素,Luminous_flux_data_element,luminous_flux_data_element,value_with_unit_extension,ap242,0,https://www.steptools.com/stds/smrl/data/modules/value_with_unit_extension/sys/4_info_reqs.htm#value_with_unit_extension_arm.luminous_flux_data_element
光强度数据元素,Luminous_intensity_data_element,luminous_intensity_data_element,value_with_unit_extension,ap242,0,https://www.steptools.com/stds/smrl/data/modules/value_with_unit_extension/sys/4_info_reqs.htm#value_with_unit_extension_arm.luminous_intensity_data_element
磁通量数据元素,Magnetic_flux_data_element,magnetic_flux_data_element,value_with_unit_extension,ap242,0,https://www.steptools.com/stds/smrl/data/modules/value_with_unit_extension/sys/4_info_reqs.htm#value_with_unit_extension_arm.magnetic_flux_data_element
磁通量密度数据元素,Magnetic_flux_density_data_element,magnetic_flux_density_data_element,value_with_unit_extension,ap242,0,https://www.steptools.com/stds/smrl/data/modules/value_with_unit_extension/sys/4_info_reqs.htm#value_with_unit_extension_arm.magnetic_flux_density_data_element
质量数据元素,Mass_data_element,mass_data_element,value_with_unit_extension,ap242,0,https://www.steptools.com/stds/smrl/data/modules/value_with_unit_extension/sys/4_info_reqs.htm#value_with_unit_extension_arm.mass_data_element
正角数据元素,Positive_angle_data_element,positive_angle_data_element,value_with_unit_extension,ap242,2,https://www.steptools.com/stds/smrl/data/modules/value_with_unit_extension/sys/4_info_reqs.htm#value_with_unit_extension_arm.positive_angle_data_element
正长度数据元素,Positive_length_data_element,positive_length_data_element,value_with_unit_extension,ap242,12,https://www.steptools.com/stds/smrl/data/modules/value_with_unit_extension/sys/4_info_reqs.htm#value_with_unit_extension_arm.positive_length_data_element
功率数据元素,Power_data_element,power_data_element,value_with_unit_extension,ap242,1,https://www.steptools.com/stds/smrl/data/modules/value_with_unit_extension/sys/4_info_reqs.htm#value_with_unit_extension_arm.power_data_element
压力数据元素,Pressure_data_element,pressure_data_element,value_with_unit_extension,ap242,3,https://www.steptools.com/stds/smrl/data/modules/value_with_unit_extension/sys/4_info_reqs.htm#value_with_unit_extension_arm.pressure_data_element
放射性数据元素,Radioactivity_data_element,radioactivity_data_element,value_with_unit_extension,ap242,0,https://www.steptools.com/stds/smrl/data/modules/value_with_unit_extension/sys/4_info_reqs.htm#value_with_unit_extension_arm.radioactivity_data_element
比数据元素,Ratio_data_element,ratio_data_element,value_with_unit_extension,ap242,9,https://www.steptools.com/stds/smrl/data/modules/value_with_unit_extension/sys/4_info_reqs.htm#value_with_unit_extension_arm.ratio_data_element
电阻数据元素,Resistance_data_element,resistance_data_element,value_with_unit_extension,ap242,0,https://www.steptools.com/stds/smrl/data/modules/value_with_unit_extension/sys/4_info_reqs.htm#value_with_unit_extension_arm.resistance_data_element
实体角数据元素,Solid_angle_data_element,solid_angle_data_element,value_with_unit_extension,ap242,0,https://www.steptools.com/stds/smrl/data/modules/value_with_unit_extension/sys/4_info_reqs.htm#value_with_unit_extension_arm.solid_angle_data_element
热电阻数据元素,Thermal_resistance_data_element,thermal_resistance_data_element,value_with_unit_extension,ap242,0,https://www.steptools.com/stds/smrl/data/modules/value_with_unit_extension/sys/4_info_reqs.htm#value_with_unit_extension_arm.thermal_resistance_data_element
热力学温度数据元素,Thermodynamic_temperature_data_element,thermodynamic_temperature_data_element,value_with_unit_extension,ap242,0,https://www.steptools.com/stds/smrl/data/modules/value_with_unit_extension/sys/4_info_reqs.htm#value_with_unit_extension_arm.thermodynamic_temperature_data_element
速度数据元素,Velocity_data_element,velocity_data_element,value_with_unit_extension,ap242,5,https://www.steptools.com/stds/smrl/data/modules/value_with_unit_extension/sys/4_info_reqs.htm#value_with_unit_extension_arm.velocity_data_element
体积数据元素,Volume_data_element,volume_data_element,value_with_unit_extension,ap242,0,https://www.steptools.com/stds/smrl/data/modules/value_with_unit_extension/sys/4_info_reqs.htm#value_with_unit_extension_arm.volume_data_element
带样式镶嵌元素带颜色,Styled_tessellated_element_with_colours,styled_tessellated_element_with_colours,vertex_colours_for_tessellated_geometry,ap242,0,https://www.steptools.com/stds/smrl/data/modules/vertex_colours_for_tessellated_geometry/sys/4_info_reqs.htm#vertex_colours_for_tessellated_geometry_arm.styled_tessellated_element_with_colours
有向活动,Directed_activity,directed_activity,work_order,ap242,2,https://www.steptools.com/stds/smrl/data/modules/work_order/sys/4_info_reqs.htm#work_order_arm.directed_activity
有向活动项赋值,Directed_activity_items_assignment,directed_activity_items_assignment,work_order,ap242,0,https://www.steptools.com/stds/smrl/data/modules/work_order/sys/4_info_reqs.htm#work_order_arm.directed_activity_items_assignment
工作次序,Work_order,work_order,work_order,ap242,7,https://www.steptools.com/stds/smrl/data/modules/work_order/sys/4_info_reqs.htm#work_order_arm.work_order
工作次序关系,Work_order_relationship,work_order_relationship,work_order,ap242,0,https://www.steptools.com/stds/smrl/data/modules/work_order/sys/4_info_reqs.htm#work_order_arm.work_order_relationship
活动方法赋值,Activity_method_assignment,activity_method_assignment,work_request,ap242,2,https://www.steptools.com/stds/smrl/data/modules/work_request/sys/4_info_reqs.htm#work_request_arm.activity_method_assignment
受影响项赋值,Affected_items_assignment,affected_items_assignment,work_request,ap242,2,https://www.steptools.com/stds/smrl/data/modules/work_request/sys/4_info_reqs.htm#work_request_arm.affected_items_assignment
工作请求,Work_request,work_request,work_request,ap242,8,https://www.steptools.com/stds/smrl/data/modules/work_request/sys/4_info_reqs.htm#work_request_arm.work_request
工作请求关系,Work_request_relationship,work_request_relationship,work_request,ap242,0,https://www.steptools.com/stds/smrl/data/modules/work_request/sys/4_info_reqs.htm#work_request_arm.work_request_relationship
工作请求状态,Work_request_status,work_request_status,work_request,ap242,2,https://www.steptools.com/stds/smrl/data/modules/work_request/sys/4_info_reqs.htm#work_request_arm.work_request_status
函数应用,Function_application,function_application,,pdf,1,https://www.steptools.com/stds/smrl/data/resource_docs/mathematical_constructs/sys/ISO_10303-50_2002(E)-Character_PDF_document.pdf
