类别,中文名,英文名,模块,来源,引用次数,官方定义链接
领域专家（业务 / 管理）,活动,Activity,activity,ap242,9,https://www.steptools.com/stds/smrl/data/modules/activity/sys/4_info_reqs.htm#activity_arm.activity
领域专家（业务 / 管理）,活动方法,Activity_method,activity_method,ap242,4,https://www.steptools.com/stds/smrl/data/modules/activity_method/sys/4_info_reqs.htm#activity_method_arm.activity_method
领域专家（业务 / 管理）,活动方法赋值,Activity_method_assignment,work_request,ap242,2,https://www.steptools.com/stds/smrl/data/modules/work_request/sys/4_info_reqs.htm#work_request_arm.activity_method_assignment
领域专家（业务 / 管理）,活动方法关系,Activity_method_relationship,activity_method_assignment,ap242,0,https://www.steptools.com/stds/smrl/data/modules/activity_method_assignment/sys/4_info_reqs.htm#activity_method_assignment_arm.activity_method_relationship
领域专家（业务 / 管理）,活动属性,Activity_property,process_property_assignment,ap242,3,https://www.steptools.com/stds/smrl/data/modules/process_property_assignment/sys/4_info_reqs.htm#process_property_assignment_arm.activity_property
领域专家（业务 / 管理）,活动属性表示,Activity_property_representation,process_property_assignment,ap242,1,https://www.steptools.com/stds/smrl/data/modules/process_property_assignment/sys/4_info_reqs.htm#process_property_assignment_arm.activity_property_representation
领域专家（业务 / 管理）,活动关系,Activity_relationship,activity,ap242,2,https://www.steptools.com/stds/smrl/data/modules/activity/sys/4_info_reqs.htm#activity_arm.activity_relationship
领域专家（业务 / 管理）,活动状态,Activity_status,activity,ap242,0,https://www.steptools.com/stds/smrl/data/modules/activity/sys/4_info_reqs.htm#activity_arm.activity_status
领域专家（业务 / 管理）,受驱动运动副对,Actuated_kinematic_pair,kinematic_structure,ap242,0,https://www.steptools.com/stds/smrl/data/modules/kinematic_structure/sys/4_info_reqs.htm#kinematic_structure_arm.actuated_kinematic_pair
领域专家（业务 / 管理）,附加零件视图定义上下文,Additional_part_view_definition_context,part_view_definition,ap242,0,https://www.steptools.com/stds/smrl/data/modules/part_view_definition/sys/4_info_reqs.htm#part_view_definition_arm.additional_part_view_definition_context
领域专家（业务 / 管理）,附加视图定义上下文,Additional_view_definition_context,product_view_definition,ap242,1,https://www.steptools.com/stds/smrl/data/modules/product_view_definition/sys/4_info_reqs.htm#product_view_definition_arm.additional_view_definition_context
领域专家（业务 / 管理）,增材制造构建方向元素,Additive_manufacturing_build_direction_element,additive_manufacturing_part_and_build_information,ap242,0,https://www.steptools.com/stds/smrl/data/modules/additive_manufacturing_part_and_build_information/sys/4_info_reqs.htm#additive_manufacturing_part_and_build_information_arm.additive_manufacturing_build_direction_element
领域专家（业务 / 管理）,增材制造定向元素,Additive_manufacturing_orientation_element,additive_manufacturing_part_and_build_information,ap242,0,https://www.steptools.com/stds/smrl/data/modules/additive_manufacturing_part_and_build_information/sys/4_info_reqs.htm#additive_manufacturing_part_and_build_information_arm.additive_manufacturing_orientation_element
领域专家（业务 / 管理）,增材制造零件定义,Additive_manufacturing_part_definition,additive_manufacturing_part_and_build_information,ap242,0,https://www.steptools.com/stds/smrl/data/modules/additive_manufacturing_part_and_build_information/sys/4_info_reqs.htm#additive_manufacturing_part_and_build_information_arm.additive_manufacturing_part_definition
领域专家（业务 / 管理）,增材制造设置,Additive_manufacturing_setup,additive_manufacturing_part_and_build_information,ap242,1,https://www.steptools.com/stds/smrl/data/modules/additive_manufacturing_part_and_build_information/sys/4_info_reqs.htm#additive_manufacturing_part_and_build_information_arm.additive_manufacturing_setup
领域专家（业务 / 管理）,增材制造设置构建板,Additive_manufacturing_setup_build_plate,additive_manufacturing_part_and_build_information,ap242,1,https://www.steptools.com/stds/smrl/data/modules/additive_manufacturing_part_and_build_information/sys/4_info_reqs.htm#additive_manufacturing_part_and_build_information_arm.additive_manufacturing_setup_build_plate
领域专家（业务 / 管理）,增材制造支持结构,Additive_manufacturing_support_structure,additive_manufacturing_part_and_build_information,ap242,0,https://www.steptools.com/stds/smrl/data/modules/additive_manufacturing_part_and_build_information/sys/4_info_reqs.htm#additive_manufacturing_part_and_build_information_arm.additive_manufacturing_support_structure
领域专家（业务 / 管理）,增材制造支持结构设置,Additive_manufacturing_support_structure_setup,additive_manufacturing_part_and_build_information,ap242,1,https://www.steptools.com/stds/smrl/data/modules/additive_manufacturing_part_and_build_information/sys/4_info_reqs.htm#additive_manufacturing_part_and_build_information_arm.additive_manufacturing_support_structure_setup
领域专家（业务 / 管理）,增材制造工件设置,Additive_manufacturing_workpiece_setup,additive_manufacturing_part_and_build_information,ap242,1,https://www.steptools.com/stds/smrl/data/modules/additive_manufacturing_part_and_build_information/sys/4_info_reqs.htm#additive_manufacturing_part_and_build_information_arm.additive_manufacturing_workpiece_setup
领域专家（业务 / 管理）,增材制造工作计划,Additive_manufacturing_workplan,additive_manufacturing_part_and_build_information,ap242,0,https://www.steptools.com/stds/smrl/data/modules/additive_manufacturing_part_and_build_information/sys/4_info_reqs.htm#additive_manufacturing_part_and_build_information_arm.additive_manufacturing_workplan
领域专家（业务 / 管理）,增材制造X方向元素,Additive_manufacturing_x_direction_element,additive_manufacturing_part_and_build_information,ap242,0,https://www.steptools.com/stds/smrl/data/modules/additive_manufacturing_part_and_build_information/sys/4_info_reqs.htm#additive_manufacturing_part_and_build_information_arm.additive_manufacturing_x_direction_element
领域专家（业务 / 管理）,地址,Address,person_organization,ap242,1,https://www.steptools.com/stds/smrl/data/modules/person_organization/sys/4_info_reqs.htm#person_organization_arm.address
领域专家（业务 / 管理）,地址赋值,Address_assignment,person_organization,ap242,2,https://www.steptools.com/stds/smrl/data/modules/person_organization/sys/4_info_reqs.htm#person_organization_arm.address_assignment
领域专家（业务 / 管理）,受影响项赋值,Affected_items_assignment,work_request,ap242,2,https://www.steptools.com/stds/smrl/data/modules/work_request/sys/4_info_reqs.htm#work_request_arm.affected_items_assignment
领域专家（业务 / 管理）,别名标识,Alias_identification,alias_identification,ap242,1,https://www.steptools.com/stds/smrl/data/modules/alias_identification/sys/4_info_reqs.htm#alias_identification_arm.alias_identification
领域专家（业务 / 管理）,交替零件关系,Alternate_part_relationship,product_structure,ap242,1,https://www.steptools.com/stds/smrl/data/modules/product_structure/sys/4_info_reqs.htm#product_structure_arm.alternate_part_relationship
领域专家（业务 / 管理）,交替产品关系,Alternate_product_relationship,product_replacement,ap242,2,https://www.steptools.com/stds/smrl/data/modules/product_replacement/sys/4_info_reqs.htm#product_replacement_arm.alternate_product_relationship
领域专家（业务 / 管理）,备选解,Alternative_solution,alternative_solution,ap242,2,https://www.steptools.com/stds/smrl/data/modules/alternative_solution/sys/4_info_reqs.htm#alternative_solution_arm.alternative_solution
领域专家（业务 / 管理）,备选解关系,Alternative_solution_relationship,alternative_solution,ap242,0,https://www.steptools.com/stds/smrl/data/modules/alternative_solution/sys/4_info_reqs.htm#alternative_solution_arm.alternative_solution_relationship
领域专家（业务 / 管理）,标注实例关联性,Annotation_occurrence_associativity,associative_draughting_elements,ap242,0,https://www.steptools.com/stds/smrl/data/modules/associative_draughting_elements/sys/4_info_reqs.htm#associative_draughting_elements_arm.annotation_occurrence_associativity
领域专家（业务 / 管理）,标注占位符实例,Annotation_placeholder_occurrence,dimension_and_tolerance_callouts,ap242,1,https://www.steptools.com/stds/smrl/data/modules/dimension_and_tolerance_callouts/sys/4_info_reqs.htm#dimension_and_tolerance_callouts_arm.annotation_placeholder_occurrence
领域专家（业务 / 管理）,标注文本实例,Annotation_text_occurrence,associative_text,ap242,2,https://www.steptools.com/stds/smrl/data/modules/associative_text/sys/4_info_reqs.htm#associative_text_arm.annotation_text_occurrence
领域专家（业务 / 管理）,应用活动赋值,Applied_activity_assignment,activity,ap242,6,https://www.steptools.com/stds/smrl/data/modules/activity/sys/4_info_reqs.htm#activity_arm.applied_activity_assignment
领域专家（业务 / 管理）,应用活动方法赋值,Applied_activity_method_assignment,activity_method_assignment,ap242,0,https://www.steptools.com/stds/smrl/data/modules/activity_method_assignment/sys/4_info_reqs.htm#activity_method_assignment_arm.applied_activity_method_assignment
领域专家（业务 / 管理）,应用独立活动属性,Applied_independent_activity_property,process_property_assignment,ap242,0,https://www.steptools.com/stds/smrl/data/modules/process_property_assignment/sys/4_info_reqs.htm#process_property_assignment_arm.applied_independent_activity_property
领域专家（业务 / 管理）,应用独立材料属性,Applied_independent_material_property,generic_material_aspects,ap242,0,https://www.steptools.com/stds/smrl/data/modules/generic_material_aspects/sys/4_info_reqs.htm#generic_material_aspects_arm.applied_independent_material_property
领域专家（业务 / 管理）,应用独立属性,Applied_independent_property,property_assignment,ap242,2,https://www.steptools.com/stds/smrl/data/modules/property_assignment/sys/4_info_reqs.htm#property_assignment_arm.applied_independent_property
领域专家（业务 / 管理）,应用独立属性关系,Applied_independent_property_relationship,property_assignment,ap242,0,https://www.steptools.com/stds/smrl/data/modules/property_assignment/sys/4_info_reqs.htm#property_assignment_arm.applied_independent_property_relationship
领域专家（业务 / 管理）,应用信息用法右,Applied_information_usage_right,information_rights,ap242,1,https://www.steptools.com/stds/smrl/data/modules/information_rights/sys/4_info_reqs.htm#information_rights_arm.applied_information_usage_right
领域专家（业务 / 管理）,批准,Approval,approval,ap242,8,https://www.steptools.com/stds/smrl/data/modules/approval/sys/4_info_reqs.htm#approval_arm.approval
领域专家（业务 / 管理）,批准赋值,Approval_assignment,approval,ap242,2,https://www.steptools.com/stds/smrl/data/modules/approval/sys/4_info_reqs.htm#approval_arm.approval_assignment
领域专家（业务 / 管理）,批准关系,Approval_relationship,approval,ap242,3,https://www.steptools.com/stds/smrl/data/modules/approval/sys/4_info_reqs.htm#approval_arm.approval_relationship
领域专家（业务 / 管理）,批准状态,Approval_status,approval,ap242,4,https://www.steptools.com/stds/smrl/data/modules/approval/sys/4_info_reqs.htm#approval_arm.approval_status
领域专家（业务 / 管理）,批准人员组织,Approving_person_organization,approval,ap242,2,https://www.steptools.com/stds/smrl/data/modules/approval/sys/4_info_reqs.htm#approval_arm.approving_person_organization
领域专家（业务 / 管理）,装配零件关联,Assembled_part_association,item_definition_structure,ap242,0,https://www.steptools.com/stds/smrl/data/modules/item_definition_structure/sys/4_info_reqs.htm#item_definition_structure_arm.assembled_part_association
领域专家（业务 / 管理）,装配组件关系,Assembly_component_relationship,assembly_structure,ap242,10,https://www.steptools.com/stds/smrl/data/modules/assembly_structure/sys/4_info_reqs.htm#assembly_structure_arm.assembly_component_relationship
领域专家（业务 / 管理）,装配定义,Assembly_definition,item_definition_structure,ap242,0,https://www.steptools.com/stds/smrl/data/modules/item_definition_structure/sys/4_info_reqs.htm#item_definition_structure_arm.assembly_definition
领域专家（业务 / 管理）,装配关系替换,Assembly_relationship_substitution,product_replacement,ap242,1,https://www.steptools.com/stds/smrl/data/modules/product_replacement/sys/4_info_reqs.htm#product_replacement_arm.assembly_relationship_substitution
领域专家（业务 / 管理）,赋值文档属性,Assigned_document_property,document_properties,ap242,0,https://www.steptools.com/stds/smrl/data/modules/document_properties/sys/4_info_reqs.htm#document_properties_arm.assigned_document_property
领域专家（业务 / 管理）,赋值属性,Assigned_property,property_assignment,ap242,9,https://www.steptools.com/stds/smrl/data/modules/property_assignment/sys/4_info_reqs.htm#property_assignment_arm.assigned_property
领域专家（业务 / 管理）,赋值形状属性,Assigned_shape_property,shape_property_assignment,ap242,0,https://www.steptools.com/stds/smrl/data/modules/shape_property_assignment/sys/4_info_reqs.htm#shape_property_assignment_arm.assigned_shape_property
领域专家（业务 / 管理）,属性分类,Attribute_classification,attribute_classification,ap242,0,https://www.steptools.com/stds/smrl/data/modules/attribute_classification/sys/4_info_reqs.htm#attribute_classification_arm.attribute_classification
领域专家（业务 / 管理）,属性平移赋值,Attribute_translation_assignment,multi_linguism,ap242,0,https://www.steptools.com/stds/smrl/data/modules/multi_linguism/sys/4_info_reqs.htm#multi_linguism_arm.attribute_translation_assignment
领域专家（业务 / 管理）,基本圆孔,Basic_round_hole,mechanical_design_features_and_requirements,ap242,1,https://www.steptools.com/stds/smrl/data/modules/mechanical_design_features_and_requirements/sys/4_info_reqs.htm#mechanical_design_features_and_requirements_arm.basic_round_hole
领域专家（业务 / 管理）,基本圆孔实例,Basic_round_hole_occurrence,mechanical_design_features_and_requirements,ap242,0,https://www.steptools.com/stds/smrl/data/modules/mechanical_design_features_and_requirements/sys/4_info_reqs.htm#mechanical_design_features_and_requirements_arm.basic_round_hole_occurrence
领域专家（业务 / 管理）,基本圆孔实例在装配,Basic_round_hole_occurrence_in_assembly,mechanical_design_features_and_requirements,ap242,0,https://www.steptools.com/stds/smrl/data/modules/mechanical_design_features_and_requirements/sys/4_info_reqs.htm#mechanical_design_features_and_requirements_arm.basic_round_hole_occurrence_in_assembly
领域专家（业务 / 管理）,分解,Breakdown,product_breakdown,ap242,0,https://www.steptools.com/stds/smrl/data/modules/product_breakdown/sys/4_info_reqs.htm#product_breakdown_arm.breakdown
领域专家（业务 / 管理）,分解上下文,Breakdown_context,product_breakdown,ap242,0,https://www.steptools.com/stds/smrl/data/modules/product_breakdown/sys/4_info_reqs.htm#product_breakdown_arm.breakdown_context
领域专家（业务 / 管理）,分解元素,Breakdown_element,product_breakdown,ap242,1,https://www.steptools.com/stds/smrl/data/modules/product_breakdown/sys/4_info_reqs.htm#product_breakdown_arm.breakdown_element
领域专家（业务 / 管理）,分解元素定义,Breakdown_element_definition,product_breakdown,ap242,2,https://www.steptools.com/stds/smrl/data/modules/product_breakdown/sys/4_info_reqs.htm#product_breakdown_arm.breakdown_element_definition
领域专家（业务 / 管理）,分解元素实现,Breakdown_element_realization,product_breakdown,ap242,1,https://www.steptools.com/stds/smrl/data/modules/product_breakdown/sys/4_info_reqs.htm#product_breakdown_arm.breakdown_element_realization
领域专家（业务 / 管理）,分解元素用法,Breakdown_element_usage,product_breakdown,ap242,2,https://www.steptools.com/stds/smrl/data/modules/product_breakdown/sys/4_info_reqs.htm#product_breakdown_arm.breakdown_element_usage
领域专家（业务 / 管理）,分解元素版本,Breakdown_element_version,product_breakdown,ap242,0,https://www.steptools.com/stds/smrl/data/modules/product_breakdown/sys/4_info_reqs.htm#product_breakdown_arm.breakdown_element_version
领域专家（业务 / 管理）,分解节点关系,Breakdown_node_relationship,specification_control,ap242,0,https://www.steptools.com/stds/smrl/data/modules/specification_control/sys/4_info_reqs.htm#specification_control_arm.breakdown_node_relationship
领域专家（业务 / 管理）,分解的,Breakdown_of,product_breakdown,ap242,0,https://www.steptools.com/stds/smrl/data/modules/product_breakdown/sys/4_info_reqs.htm#product_breakdown_arm.breakdown_of
领域专家（业务 / 管理）,分解版本,Breakdown_version,product_breakdown,ap242,0,https://www.steptools.com/stds/smrl/data/modules/product_breakdown/sys/4_info_reqs.htm#product_breakdown_arm.breakdown_version
领域专家（业务 / 管理）,构建平台定义,Build_platform_definition,additive_manufacturing_part_and_build_information,ap242,0,https://www.steptools.com/stds/smrl/data/modules/additive_manufacturing_part_and_build_information/sys/4_info_reqs.htm#additive_manufacturing_part_and_build_information_arm.build_platform_definition
领域专家（业务 / 管理）,构建体积,Build_volume,additive_manufacturing_part_and_build_information,ap242,1,https://www.steptools.com/stds/smrl/data/modules/additive_manufacturing_part_and_build_information/sys/4_info_reqs.htm#additive_manufacturing_part_and_build_information_arm.build_volume
领域专家（业务 / 管理）,日历日期,Calendar_date,date_time,ap242,3,https://www.steptools.com/stds/smrl/data/modules/date_time/sys/4_info_reqs.htm#date_time_arm.calendar_date
领域专家（业务 / 管理）,认证,Certification,certification,ap242,5,https://www.steptools.com/stds/smrl/data/modules/certification/sys/4_info_reqs.htm#certification_arm.certification
领域专家（业务 / 管理）,认证赋值,Certification_assignment,certification,ap242,2,https://www.steptools.com/stds/smrl/data/modules/certification/sys/4_info_reqs.htm#certification_arm.certification_assignment
领域专家（业务 / 管理）,圆形构建体积,Circular_build_volume,additive_manufacturing_part_and_build_information,ap242,0,https://www.steptools.com/stds/smrl/data/modules/additive_manufacturing_part_and_build_information/sys/4_info_reqs.htm#additive_manufacturing_part_and_build_information_arm.circular_build_volume
领域专家（业务 / 管理）,圆形闭合轮廓,Circular_closed_profile,machining_features,ap242,4,https://www.steptools.com/stds/smrl/data/modules/machining_features/sys/4_info_reqs.htm#machining_features_arm.circular_closed_profile
领域专家（业务 / 管理）,圆形闭合形状轮廓,Circular_closed_shape_profile,machining_features,ap242,0,https://www.steptools.com/stds/smrl/data/modules/machining_features/sys/4_info_reqs.htm#machining_features_arm.circular_closed_shape_profile
领域专家（业务 / 管理）,类,Class,class,ap242,1,https://www.steptools.com/stds/smrl/data/modules/class/sys/4_info_reqs.htm#class_arm.class
领域专家（业务 / 管理）,类分解关联,Class_breakdown_association,specification_control,ap242,0,https://www.steptools.com/stds/smrl/data/modules/specification_control/sys/4_info_reqs.htm#specification_control_arm.class_breakdown_association
领域专家（业务 / 管理）,类按扩展,Class_by_extension,class,ap242,0,https://www.steptools.com/stds/smrl/data/modules/class/sys/4_info_reqs.htm#class_arm.class_by_extension
领域专家（业务 / 管理）,类按内涵,Class_by_intension,class,ap242,0,https://www.steptools.com/stds/smrl/data/modules/class/sys/4_info_reqs.htm#class_arm.class_by_intension
领域专家（业务 / 管理）,类类别关联,Class_category_association,product_class,ap242,0,https://www.steptools.com/stds/smrl/data/modules/product_class/sys/4_info_reqs.htm#product_class_arm.class_category_association
领域专家（业务 / 管理）,类条件关联,Class_condition_association,product_class,ap242,0,https://www.steptools.com/stds/smrl/data/modules/product_class/sys/4_info_reqs.htm#product_class_arm.class_condition_association
领域专家（业务 / 管理）,类层次,Class_hierarchy,classification_with_attributes,ap242,0,https://www.steptools.com/stds/smrl/data/modules/classification_with_attributes/sys/4_info_reqs.htm#classification_with_attributes_arm.class_hierarchy
领域专家（业务 / 管理）,类包含关联,Class_inclusion_association,product_class,ap242,0,https://www.steptools.com/stds/smrl/data/modules/product_class/sys/4_info_reqs.htm#product_class_arm.class_inclusion_association
领域专家（业务 / 管理）,类规范关联,Class_specification_association,product_class,ap242,0,https://www.steptools.com/stds/smrl/data/modules/product_class/sys/4_info_reqs.htm#product_class_arm.class_specification_association
领域专家（业务 / 管理）,类带属性,Class_with_attributes,classification_with_attributes,ap242,3,https://www.steptools.com/stds/smrl/data/modules/classification_with_attributes/sys/4_info_reqs.htm#classification_with_attributes_arm.class_with_attributes
领域专家（业务 / 管理）,分类赋值,Classification_assignment,classification_assignment,ap242,1,https://www.steptools.com/stds/smrl/data/modules/classification_assignment/sys/4_info_reqs.htm#classification_assignment_arm.classification_assignment
领域专家（业务 / 管理）,分类赋值关系,Classification_assignment_relationship,classification_assignment,ap242,0,https://www.steptools.com/stds/smrl/data/modules/classification_assignment/sys/4_info_reqs.htm#classification_assignment_arm.classification_assignment_relationship
领域专家（业务 / 管理）,分类关联,Classification_association,classification_with_attributes,ap242,1,https://www.steptools.com/stds/smrl/data/modules/classification_with_attributes/sys/4_info_reqs.htm#classification_with_attributes_arm.classification_association
领域专家（业务 / 管理）,分类属性,Classification_attribute,classification_with_attributes,ap242,0,https://www.steptools.com/stds/smrl/data/modules/classification_with_attributes/sys/4_info_reqs.htm#classification_with_attributes_arm.classification_attribute
领域专家（业务 / 管理）,分类系统,Classification_system,classification_with_attributes,ap242,0,https://www.steptools.com/stds/smrl/data/modules/classification_with_attributes/sys/4_info_reqs.htm#classification_with_attributes_arm.classification_system
领域专家（业务 / 管理）,闭合轮廓,Closed_profile,machining_features,ap242,3,https://www.steptools.com/stds/smrl/data/modules/machining_features/sys/4_info_reqs.htm#machining_features_arm.closed_profile
领域专家（业务 / 管理）,收集项关联,Collected_item_association,part_collection,ap242,1,https://www.steptools.com/stds/smrl/data/modules/part_collection/sys/4_info_reqs.htm#part_collection_arm.collected_item_association
领域专家（业务 / 管理）,集合定义,Collection_definition,part_collection,ap242,0,https://www.steptools.com/stds/smrl/data/modules/part_collection/sys/4_info_reqs.htm#part_collection_arm.collection_definition
领域专家（业务 / 管理）,复合节点关系,Complex_node_relationship,specification_control,ap242,0,https://www.steptools.com/stds/smrl/data/modules/specification_control/sys/4_info_reqs.htm#specification_control_arm.complex_node_relationship
领域专家（业务 / 管理）,组件上层级标识,Component_upper_level_identification,assembly_structure,ap242,0,https://www.steptools.com/stds/smrl/data/modules/assembly_structure/sys/4_info_reqs.htm#assembly_structure_arm.component_upper_level_identification
领域专家（业务 / 管理）,组合组形状元素,Composite_group_shape_element,shape_composition,ap242,0,https://www.steptools.com/stds/smrl/data/modules/shape_composition/sys/4_info_reqs.htm#shape_composition_arm.composite_group_shape_element
领域专家（业务 / 管理）,配置,Configuration,specification_based_configuration,ap242,1,https://www.steptools.com/stds/smrl/data/modules/specification_based_configuration/sys/4_info_reqs.htm#specification_based_configuration_arm.configuration
领域专家（业务 / 管理）,上下文相关运动学链接表示,Context_dependent_kinematic_link_representation,kinematic_structure,ap242,0,https://www.steptools.com/stds/smrl/data/modules/kinematic_structure/sys/4_info_reqs.htm#kinematic_structure_arm.context_dependent_kinematic_link_representation
领域专家（业务 / 管理）,合同,Contract,contract,ap242,8,https://www.steptools.com/stds/smrl/data/modules/contract/sys/4_info_reqs.htm#contract_arm.contract
领域专家（业务 / 管理）,合同赋值,Contract_assignment,contract,ap242,1,https://www.steptools.com/stds/smrl/data/modules/contract/sys/4_info_reqs.htm#contract_arm.contract_assignment
领域专家（业务 / 管理）,合同关系,Contract_relationship,contract,ap242,0,https://www.steptools.com/stds/smrl/data/modules/contract/sys/4_info_reqs.htm#contract_arm.contract_relationship
领域专家（业务 / 管理）,转换基于单位,Conversion_based_unit,value_with_unit,ap242,1,https://www.steptools.com/stds/smrl/data/modules/value_with_unit/sys/4_info_reqs.htm#value_with_unit_arm.conversion_based_unit
领域专家（业务 / 管理）,相关属性,Correlated_property,characteristic,ap242,0,https://www.steptools.com/stds/smrl/data/modules/characteristic/sys/4_info_reqs.htm#characteristic_arm.correlated_property
领域专家（业务 / 管理）,圆柱副,Cylindrical_pair,kinematic_structure,ap242,0,https://www.steptools.com/stds/smrl/data/modules/kinematic_structure/sys/4_info_reqs.htm#kinematic_structure_arm.cylindrical_pair
领域专家（业务 / 管理）,圆柱副带范围,Cylindrical_pair_with_range,kinematic_structure,ap242,0,https://www.steptools.com/stds/smrl/data/modules/kinematic_structure/sys/4_info_reqs.htm#kinematic_structure_arm.cylindrical_pair_with_range
领域专家（业务 / 管理）,数据环境,Data_environment,generic_material_aspects,ap242,0,https://www.steptools.com/stds/smrl/data/modules/generic_material_aspects/sys/4_info_reqs.htm#generic_material_aspects_arm.data_environment
领域专家（业务 / 管理）,日期,Date,extended_date,ap242,1,https://www.steptools.com/stds/smrl/data/modules/extended_date/sys/4_info_reqs.htm#extended_date_arm.date
领域专家（业务 / 管理）,日期或日期时间赋值,Date_or_date_time_assignment,date_time_assignment,ap242,9,https://www.steptools.com/stds/smrl/data/modules/date_time_assignment/sys/4_info_reqs.htm#date_time_assignment_arm.date_or_date_time_assignment
领域专家（业务 / 管理）,日期时间,Date_time,date_time,ap242,6,https://www.steptools.com/stds/smrl/data/modules/date_time/sys/4_info_reqs.htm#date_time_arm.date_time
领域专家（业务 / 管理）,日期时间表示项,Date_time_representation_item,basic_data_representation,ap242,0,https://www.steptools.com/stds/smrl/data/modules/basic_data_representation/sys/4_info_reqs.htm#basic_data_representation_arm.date_time_representation_item
领域专家（业务 / 管理）,注明日期配置,Dated_configuration,manufacturing_configuration_effectivity,ap242,0,https://www.steptools.com/stds/smrl/data/modules/manufacturing_configuration_effectivity/sys/4_info_reqs.htm#manufacturing_configuration_effectivity_arm.dated_configuration
领域专家（业务 / 管理）,注明日期有效性,Dated_effectivity,effectivity,ap242,0,https://www.steptools.com/stds/smrl/data/modules/effectivity/sys/4_info_reqs.htm#effectivity_arm.dated_effectivity
领域专家（业务 / 管理）,基准引用格,Datum_reference_compartment,datum_and_datum_systems,ap242,1,https://www.steptools.com/stds/smrl/data/modules/datum_and_datum_systems/sys/4_info_reqs.htm#datum_and_datum_systems_arm.datum_reference_compartment
领域专家（业务 / 管理）,默认形状属性,Default_shape_property,default_setting_association,ap242,0,https://www.steptools.com/stds/smrl/data/modules/default_setting_association/sys/4_info_reqs.htm#default_setting_association_arm.default_shape_property
领域专家（业务 / 管理）,定义基于产品实例,Definition_based_product_occurrence,product_occurrence,ap242,0,https://www.steptools.com/stds/smrl/data/modules/product_occurrence/sys/4_info_reqs.htm#product_occurrence_arm.definition_based_product_occurrence
领域专家（业务 / 管理）,定义性零件视图用法,Definitional_part_view_usage,part_definition_relationship,ap242,0,https://www.steptools.com/stds/smrl/data/modules/part_definition_relationship/sys/4_info_reqs.htm#part_definition_relationship_arm.definitional_part_view_usage
领域专家（业务 / 管理）,描述文档属性,Descriptive_document_property,document_properties,ap242,1,https://www.steptools.com/stds/smrl/data/modules/document_properties/sys/4_info_reqs.htm#document_properties_arm.descriptive_document_property
领域专家（业务 / 管理）,设计约束关联,Design_constraint_association,specification_control,ap242,0,https://www.steptools.com/stds/smrl/data/modules/specification_control/sys/4_info_reqs.htm#specification_control_arm.design_constraint_association
领域专家（业务 / 管理）,设计约束上下文关联,Design_constraint_context_association,specification_control,ap242,0,https://www.steptools.com/stds/smrl/data/modules/specification_control/sys/4_info_reqs.htm#specification_control_arm.design_constraint_context_association
领域专家（业务 / 管理）,设计约束定义,Design_constraint_definition,specification_control,ap242,2,https://www.steptools.com/stds/smrl/data/modules/specification_control/sys/4_info_reqs.htm#specification_control_arm.design_constraint_definition
领域专家（业务 / 管理）,设计规范,Design_specification,specification_document,ap242,0,https://www.steptools.com/stds/smrl/data/modules/specification_document/sys/4_info_reqs.htm#specification_document_arm.design_specification
领域专家（业务 / 管理）,数字文档定义,Digital_document_definition,document_definition,ap242,7,https://www.steptools.com/stds/smrl/data/modules/document_definition/sys/4_info_reqs.htm#document_definition_arm.digital_document_definition
领域专家（业务 / 管理）,数字文件,Digital_file,file_identification,ap242,8,https://www.steptools.com/stds/smrl/data/modules/file_identification/sys/4_info_reqs.htm#file_identification_arm.digital_file
领域专家（业务 / 管理）,尺寸曲线终止符到投影曲线关联性,Dimension_curve_terminator_to_projection_curve_associativity,dimension_and_tolerance_callouts,ap242,0,https://www.steptools.com/stds/smrl/data/modules/dimension_and_tolerance_callouts/sys/4_info_reqs.htm#dimension_and_tolerance_callouts_arm.dimension_curve_terminator_to_projection_curve_associativity
领域专家（业务 / 管理）,有向活动,Directed_activity,work_order,ap242,2,https://www.steptools.com/stds/smrl/data/modules/work_order/sys/4_info_reqs.htm#work_order_arm.directed_activity
领域专家（业务 / 管理）,有向活动项赋值,Directed_activity_items_assignment,work_order,ap242,0,https://www.steptools.com/stds/smrl/data/modules/work_order/sys/4_info_reqs.htm#work_order_arm.directed_activity_items_assignment
领域专家（业务 / 管理）,文档,Document,document_and_version_identification,ap242,6,https://www.steptools.com/stds/smrl/data/modules/document_and_version_identification/sys/4_info_reqs.htm#document_and_version_identification_arm.document
领域专家（业务 / 管理）,文档赋值,Document_assignment,document_assignment,ap242,3,https://www.steptools.com/stds/smrl/data/modules/document_assignment/sys/4_info_reqs.htm#document_assignment_arm.document_assignment
领域专家（业务 / 管理）,文档定义,Document_definition,document_definition,ap242,7,https://www.steptools.com/stds/smrl/data/modules/document_definition/sys/4_info_reqs.htm#document_definition_arm.document_definition
领域专家（业务 / 管理）,文档定义关系,Document_definition_relationship,document_structure,ap242,4,https://www.steptools.com/stds/smrl/data/modules/document_structure/sys/4_info_reqs.htm#document_structure_arm.document_definition_relationship
领域专家（业务 / 管理）,文档位置标识,Document_location_identification,document_definition,ap242,0,https://www.steptools.com/stds/smrl/data/modules/document_definition/sys/4_info_reqs.htm#document_definition_arm.document_location_identification
领域专家（业务 / 管理）,文档属性表示,Document_property_representation,document_properties,ap242,2,https://www.steptools.com/stds/smrl/data/modules/document_properties/sys/4_info_reqs.htm#document_properties_arm.document_property_representation
领域专家（业务 / 管理）,文档类型,Document_type,file_identification,ap242,3,https://www.steptools.com/stds/smrl/data/modules/file_identification/sys/4_info_reqs.htm#file_identification_arm.document_type
领域专家（业务 / 管理）,文档版本,Document_version,document_and_version_identification,ap242,9,https://www.steptools.com/stds/smrl/data/modules/document_and_version_identification/sys/4_info_reqs.htm#document_and_version_identification_arm.document_version
领域专家（业务 / 管理）,文档带附加类别,Document_with_additional_categories,design_product_data_management,ap242,0,https://www.steptools.com/stds/smrl/data/modules/design_product_data_management/sys/4_info_reqs.htm#design_product_data_management_arm.document_with_additional_categories
领域专家（业务 / 管理）,有效性,Effectivity,effectivity,ap242,3,https://www.steptools.com/stds/smrl/data/modules/effectivity/sys/4_info_reqs.htm#effectivity_arm.effectivity
领域专家（业务 / 管理）,有效性赋值,Effectivity_assignment,effectivity_application,ap242,1,https://www.steptools.com/stds/smrl/data/modules/effectivity_application/sys/4_info_reqs.htm#effectivity_application_arm.effectivity_assignment
领域专家（业务 / 管理）,有效性受控装配定义,Effectivity_controlled_assembly_definition,item_definition_structure,ap242,0,https://www.steptools.com/stds/smrl/data/modules/item_definition_structure/sys/4_info_reqs.htm#item_definition_structure_arm.effectivity_controlled_assembly_definition
领域专家（业务 / 管理）,有效性关系,Effectivity_relationship,effectivity,ap242,0,https://www.steptools.com/stds/smrl/data/modules/effectivity/sys/4_info_reqs.htm#effectivity_arm.effectivity_relationship
领域专家（业务 / 管理）,环境,Environment,generic_expression,ap242,0,https://www.steptools.com/stds/smrl/data/modules/generic_expression/sys/4_info_reqs.htm#generic_expression_arm.environment
领域专家（业务 / 管理）,事件,Event,event,ap242,3,https://www.steptools.com/stds/smrl/data/modules/event/sys/4_info_reqs.htm#event_arm.event
领域专家（业务 / 管理）,事件赋值,Event_assignment,event_assignment,ap242,2,https://www.steptools.com/stds/smrl/data/modules/event_assignment/sys/4_info_reqs.htm#event_assignment_arm.event_assignment
领域专家（业务 / 管理）,事件关系,Event_relationship,event,ap242,1,https://www.steptools.com/stds/smrl/data/modules/event/sys/4_info_reqs.htm#event_arm.event_relationship
领域专家（业务 / 管理）,显式组合孔,Explicit_composite_hole,mechanical_design_features_and_requirements,ap242,0,https://www.steptools.com/stds/smrl/data/modules/mechanical_design_features_and_requirements/sys/4_info_reqs.htm#mechanical_design_features_and_requirements_arm.explicit_composite_hole
领域专家（业务 / 管理）,显式圆孔,Explicit_round_hole,mechanical_design_features_and_requirements,ap242,0,https://www.steptools.com/stds/smrl/data/modules/mechanical_design_features_and_requirements/sys/4_info_reqs.htm#mechanical_design_features_and_requirements_arm.explicit_round_hole
领域专家（业务 / 管理）,外部类,External_class,external_class,ap242,1,https://www.steptools.com/stds/smrl/data/modules/external_class/sys/4_info_reqs.htm#external_class_arm.external_class
领域专家（业务 / 管理）,外部类库,External_class_library,external_class,ap242,2,https://www.steptools.com/stds/smrl/data/modules/external_class/sys/4_info_reqs.htm#external_class_arm.external_class_library
领域专家（业务 / 管理）,外部类带属性,External_class_with_attributes,classification_with_attributes,ap242,0,https://www.steptools.com/stds/smrl/data/modules/classification_with_attributes/sys/4_info_reqs.htm#classification_with_attributes_arm.external_class_with_attributes
领域专家（业务 / 管理）,外部项标识,External_item_identification,external_item_identification_assignment,ap242,5,https://www.steptools.com/stds/smrl/data/modules/external_item_identification_assignment/sys/4_info_reqs.htm#external_item_identification_assignment_arm.external_item_identification
领域专家（业务 / 管理）,外部项标识关系,External_item_identification_relationship,external_item_identification_assignment,ap242,0,https://www.steptools.com/stds/smrl/data/modules/external_item_identification_assignment/sys/4_info_reqs.htm#external_item_identification_assignment_arm.external_item_identification_relationship
领域专家（业务 / 管理）,外部库属性,External_library_property,external_properties,ap242,0,https://www.steptools.com/stds/smrl/data/modules/external_properties/sys/4_info_reqs.htm#external_properties_arm.external_library_property
领域专家（业务 / 管理）,外部源,External_source,external_source,ap242,4,https://www.steptools.com/stds/smrl/data/modules/external_source/sys/4_info_reqs.htm#external_source_arm.external_source
领域专家（业务 / 管理）,外部源标识,External_source_identification,external_item_identification_assignment,ap242,13,https://www.steptools.com/stds/smrl/data/modules/external_item_identification_assignment/sys/4_info_reqs.htm#external_item_identification_assignment_arm.external_source_identification
领域专家（业务 / 管理）,外部定义活动关系,Externally_defined_activity_relationship,pre_defined_product_data_management_specializations,ap242,1,https://www.steptools.com/stds/smrl/data/modules/pre_defined_product_data_management_specializations/sys/4_info_reqs.htm#pre_defined_product_data_management_specializations_arm.externally_defined_activity_relationship
领域专家（业务 / 管理）,外部定义地址赋值,Externally_defined_address_assignment,pre_defined_product_data_management_specializations,ap242,1,https://www.steptools.com/stds/smrl/data/modules/pre_defined_product_data_management_specializations/sys/4_info_reqs.htm#pre_defined_product_data_management_specializations_arm.externally_defined_address_assignment
领域专家（业务 / 管理）,外部定义批准,Externally_defined_approval,pre_defined_product_data_management_specializations,ap242,1,https://www.steptools.com/stds/smrl/data/modules/pre_defined_product_data_management_specializations/sys/4_info_reqs.htm#pre_defined_product_data_management_specializations_arm.externally_defined_approval
领域专家（业务 / 管理）,外部定义批准状态,Externally_defined_approval_status,pre_defined_product_data_management_specializations,ap242,1,https://www.steptools.com/stds/smrl/data/modules/pre_defined_product_data_management_specializations/sys/4_info_reqs.htm#pre_defined_product_data_management_specializations_arm.externally_defined_approval_status
领域专家（业务 / 管理）,外部定义日期或日期时间赋值,Externally_defined_date_or_date_time_assignment,pre_defined_product_data_management_specializations,ap242,1,https://www.steptools.com/stds/smrl/data/modules/pre_defined_product_data_management_specializations/sys/4_info_reqs.htm#pre_defined_product_data_management_specializations_arm.externally_defined_date_or_date_time_assignment
领域专家（业务 / 管理）,外部定义组织或人员在组织赋值,Externally_defined_organization_or_person_in_organization_assignment,pre_defined_product_data_management_specializations,ap242,1,https://www.steptools.com/stds/smrl/data/modules/pre_defined_product_data_management_specializations/sys/4_info_reqs.htm#pre_defined_product_data_management_specializations_arm.externally_defined_organization_or_person_in_organization_assignment
领域专家（业务 / 管理）,外部定义安全分类,Externally_defined_security_classification,pre_defined_product_data_management_specializations,ap242,1,https://www.steptools.com/stds/smrl/data/modules/pre_defined_product_data_management_specializations/sys/4_info_reqs.htm#pre_defined_product_data_management_specializations_arm.externally_defined_security_classification
领域专家（业务 / 管理）,外部定义工作请求,Externally_defined_work_request,pre_defined_product_data_management_specializations,ap242,1,https://www.steptools.com/stds/smrl/data/modules/pre_defined_product_data_management_specializations/sys/4_info_reqs.htm#pre_defined_product_data_management_specializations_arm.externally_defined_work_request
领域专家（业务 / 管理）,外部定义工作请求状态,Externally_defined_work_request_status,pre_defined_product_data_management_specializations,ap242,1,https://www.steptools.com/stds/smrl/data/modules/pre_defined_product_data_management_specializations/sys/4_info_reqs.htm#pre_defined_product_data_management_specializations_arm.externally_defined_work_request_status
领域专家（业务 / 管理）,制造技术规范,Fabrication_technology_specification,specification_document,ap242,0,https://www.steptools.com/stds/smrl/data/modules/specification_document/sys/4_info_reqs.htm#specification_document_arm.fabrication_technology_specification
领域专家（业务 / 管理）,文件,File,file_identification,ap242,5,https://www.steptools.com/stds/smrl/data/modules/file_identification/sys/4_info_reqs.htm#file_identification_arm.file
领域专家（业务 / 管理）,文件位置标识,File_location_identification,file_identification,ap242,0,https://www.steptools.com/stds/smrl/data/modules/file_identification/sys/4_info_reqs.htm#file_identification_arm.file_location_identification
领域专家（业务 / 管理）,文件关系,File_relationship,document_structure,ap242,3,https://www.steptools.com/stds/smrl/data/modules/document_structure/sys/4_info_reqs.htm#document_structure_arm.file_relationship
领域专家（业务 / 管理）,最终解,Final_solution,alternative_solution,ap242,0,https://www.steptools.com/stds/smrl/data/modules/alternative_solution/sys/4_info_reqs.htm#alternative_solution_arm.final_solution
领域专家（业务 / 管理）,完全受约束副,Fully_constrained_pair,kinematic_structure,ap242,0,https://www.steptools.com/stds/smrl/data/modules/kinematic_structure/sys/4_info_reqs.htm#kinematic_structure_arm.fully_constrained_pair
领域专家（业务 / 管理）,功能分解,Functional_breakdown,functional_breakdown,ap242,0,https://www.steptools.com/stds/smrl/data/modules/functional_breakdown/sys/4_info_reqs.htm#functional_breakdown_arm.functional_breakdown
领域专家（业务 / 管理）,功能分解上下文,Functional_breakdown_context,functional_breakdown,ap242,0,https://www.steptools.com/stds/smrl/data/modules/functional_breakdown/sys/4_info_reqs.htm#functional_breakdown_arm.functional_breakdown_context
领域专家（业务 / 管理）,功能分解版本,Functional_breakdown_version,functional_breakdown,ap242,0,https://www.steptools.com/stds/smrl/data/modules/functional_breakdown/sys/4_info_reqs.htm#functional_breakdown_arm.functional_breakdown_version
领域专家（业务 / 管理）,功能元素,Functional_element,functional_breakdown,ap242,0,https://www.steptools.com/stds/smrl/data/modules/functional_breakdown/sys/4_info_reqs.htm#functional_breakdown_arm.functional_element
领域专家（业务 / 管理）,功能元素定义,Functional_element_definition,functional_breakdown,ap242,2,https://www.steptools.com/stds/smrl/data/modules/functional_breakdown/sys/4_info_reqs.htm#functional_breakdown_arm.functional_element_definition
领域专家（业务 / 管理）,功能元素用法,Functional_element_usage,functional_breakdown,ap242,0,https://www.steptools.com/stds/smrl/data/modules/functional_breakdown/sys/4_info_reqs.htm#functional_breakdown_arm.functional_element_usage
领域专家（业务 / 管理）,功能元素版本,Functional_element_version,functional_breakdown,ap242,0,https://www.steptools.com/stds/smrl/data/modules/functional_breakdown/sys/4_info_reqs.htm#functional_breakdown_arm.functional_element_version
领域专家（业务 / 管理）,齿轮副,Gear_pair,kinematic_structure,ap242,0,https://www.steptools.com/stds/smrl/data/modules/kinematic_structure/sys/4_info_reqs.htm#kinematic_structure_arm.gear_pair
领域专家（业务 / 管理）,齿轮副带范围,Gear_pair_with_range,kinematic_structure,ap242,0,https://www.steptools.com/stds/smrl/data/modules/kinematic_structure/sys/4_info_reqs.htm#kinematic_structure_arm.gear_pair_with_range
领域专家（业务 / 管理）,通用闭合轮廓,General_closed_profile,machining_features,ap242,0,https://www.steptools.com/stds/smrl/data/modules/machining_features/sys/4_info_reqs.htm#machining_features_arm.general_closed_profile
领域专家（业务 / 管理）,通用材料属性,General_material_property,generic_material_aspects,ap242,0,https://www.steptools.com/stds/smrl/data/modules/generic_material_aspects/sys/4_info_reqs.htm#generic_material_aspects_arm.general_material_property
领域专家（业务 / 管理）,通用开放轮廓,General_open_profile,machining_features,ap242,1,https://www.steptools.com/stds/smrl/data/modules/machining_features/sys/4_info_reqs.htm#machining_features_arm.general_open_profile
领域专家（业务 / 管理）,通用外部轮廓,General_outside_profile,machining_features,ap242,0,https://www.steptools.com/stds/smrl/data/modules/machining_features/sys/4_info_reqs.htm#machining_features_arm.general_outside_profile
领域专家（业务 / 管理）,通用零件特征,General_part_feature,part_shape,ap242,1,https://www.steptools.com/stds/smrl/data/modules/part_shape/sys/4_info_reqs.htm#part_shape_arm.general_part_feature
领域专家（业务 / 管理）,通用轮廓底,General_profile_floor,machining_features,ap242,0,https://www.steptools.com/stds/smrl/data/modules/machining_features/sys/4_info_reqs.htm#machining_features_arm.general_profile_floor
领域专家（业务 / 管理）,通用形状轮廓,General_shape_profile,machining_features,ap242,0,https://www.steptools.com/stds/smrl/data/modules/machining_features/sys/4_info_reqs.htm#machining_features_arm.general_shape_profile
领域专家（业务 / 管理）,通用产品视图定义引用,Generic_product_view_definition_reference,product_view_definition_reference,ap242,3,https://www.steptools.com/stds/smrl/data/modules/product_view_definition_reference/sys/4_info_reqs.htm#product_view_definition_reference_arm.generic_product_view_definition_reference
领域专家（业务 / 管理）,几何公差辅助分类,Geometric_tolerance_auxiliary_classification,geometric_tolerance,ap242,0,https://www.steptools.com/stds/smrl/data/modules/geometric_tolerance/sys/4_info_reqs.htm#geometric_tolerance_arm.geometric_tolerance_auxiliary_classification
领域专家（业务 / 管理）,几何验证属性,Geometric_validation_property,geometric_validation_property_representation,ap242,0,https://www.steptools.com/stds/smrl/data/modules/geometric_validation_property_representation/sys/4_info_reqs.htm#geometric_validation_property_representation_arm.geometric_validation_property
领域专家（业务 / 管理）,几何关系,Geometrical_relationship,item_definition_structure,ap242,1,https://www.steptools.com/stds/smrl/data/modules/item_definition_structure/sys/4_info_reqs.htm#item_definition_structure_arm.geometrical_relationship
领域专家（业务 / 管理）,GPS过滤规范,Gps_filtration_specification,geometric_tolerance,ap242,0,https://www.steptools.com/stds/smrl/data/modules/geometric_tolerance/sys/4_info_reqs.htm#geometric_tolerance_arm.gps_filtration_specification
领域专家（业务 / 管理）,组,Group,group,ap242,8,https://www.steptools.com/stds/smrl/data/modules/group/sys/4_info_reqs.htm#group_arm.group
领域专家（业务 / 管理）,组关系,Group_relationship,group,ap242,4,https://www.steptools.com/stds/smrl/data/modules/group/sys/4_info_reqs.htm#group_arm.group_relationship
领域专家（业务 / 管理）,硬拷贝,Hardcopy,file_identification,ap242,5,https://www.steptools.com/stds/smrl/data/modules/file_identification/sys/4_info_reqs.htm#file_identification_arm.hardcopy
领域专家（业务 / 管理）,高次序运动学副,High_order_kinematic_pair,kinematic_structure,ap242,0,https://www.steptools.com/stds/smrl/data/modules/kinematic_structure/sys/4_info_reqs.htm#kinematic_structure_arm.high_order_kinematic_pair
领域专家（业务 / 管理）,等速副,Homokinetic_pair,kinematic_structure,ap242,0,https://www.steptools.com/stds/smrl/data/modules/kinematic_structure/sys/4_info_reqs.htm#kinematic_structure_arm.homokinetic_pair
领域专家（业务 / 管理）,标识赋值,Identification_assignment,identification_assignment,ap242,5,https://www.steptools.com/stds/smrl/data/modules/identification_assignment/sys/4_info_reqs.htm#identification_assignment_arm.identification_assignment
领域专家（业务 / 管理）,不完整引用标记,Incomplete_reference_marking,incomplete_data_reference_mechanism,ap242,0,https://www.steptools.com/stds/smrl/data/modules/incomplete_data_reference_mechanism/sys/4_info_reqs.htm#incomplete_data_reference_mechanism_arm.incomplete_reference_marking
领域专家（业务 / 管理）,独立属性,Independent_property,independent_property,ap242,7,https://www.steptools.com/stds/smrl/data/modules/independent_property/sys/4_info_reqs.htm#independent_property_arm.independent_property
领域专家（业务 / 管理）,独立属性关系,Independent_property_relationship,independent_property,ap242,3,https://www.steptools.com/stds/smrl/data/modules/independent_property/sys/4_info_reqs.htm#independent_property_arm.independent_property_relationship
领域专家（业务 / 管理）,独立属性表示,Independent_property_representation,independent_property_representation,ap242,2,https://www.steptools.com/stds/smrl/data/modules/independent_property_representation/sys/4_info_reqs.htm#independent_property_representation_arm.independent_property_representation
领域专家（业务 / 管理）,无效性赋值,Ineffectivity_assignment,effectivity_application,ap242,0,https://www.steptools.com/stds/smrl/data/modules/effectivity_application/sys/4_info_reqs.htm#effectivity_application_arm.ineffectivity_assignment
领域专家（业务 / 管理）,信息右,Information_right,information_rights,ap242,5,https://www.steptools.com/stds/smrl/data/modules/information_rights/sys/4_info_reqs.htm#information_rights_arm.information_right
领域专家（业务 / 管理）,信息用法右,Information_usage_right,information_rights,ap242,9,https://www.steptools.com/stds/smrl/data/modules/information_rights/sys/4_info_reqs.htm#information_rights_arm.information_usage_right
领域专家（业务 / 管理）,信息用法右关系,Information_usage_right_relationship,information_rights,ap242,5,https://www.steptools.com/stds/smrl/data/modules/information_rights/sys/4_info_reqs.htm#information_rights_arm.information_usage_right_relationship
领域专家（业务 / 管理）,初始零件视图定义上下文,Initial_part_view_definition_context,part_view_definition,ap242,0,https://www.steptools.com/stds/smrl/data/modules/part_view_definition/sys/4_info_reqs.htm#part_view_definition_arm.initial_part_view_definition_context
领域专家（业务 / 管理）,初始视图定义上下文,Initial_view_definition_context,product_view_definition,ap242,1,https://www.steptools.com/stds/smrl/data/modules/product_view_definition/sys/4_info_reqs.htm#product_view_definition_arm.initial_view_definition_context
领域专家（业务 / 管理）,接口规范文档定义,Interface_specification_document_definition,specification_document,ap242,0,https://www.steptools.com/stds/smrl/data/modules/specification_document/sys/4_info_reqs.htm#specification_document_arm.interface_specification_document_definition
领域专家（业务 / 管理）,插值配置表示,Interpolated_configuration_representation,kinematic_motion_representation,ap242,0,https://www.steptools.com/stds/smrl/data/modules/kinematic_motion_representation/sys/4_info_reqs.htm#kinematic_motion_representation_arm.interpolated_configuration_representation
领域专家（业务 / 管理）,插值配置段,Interpolated_configuration_segment,kinematic_motion_representation,ap242,0,https://www.steptools.com/stds/smrl/data/modules/kinematic_motion_representation/sys/4_info_reqs.htm#kinematic_motion_representation_arm.interpolated_configuration_segment
领域专家（业务 / 管理）,插值配置序列,Interpolated_configuration_sequence,kinematic_motion_representation,ap242,1,https://www.steptools.com/stds/smrl/data/modules/kinematic_motion_representation/sys/4_info_reqs.htm#kinematic_motion_representation_arm.interpolated_configuration_sequence
领域专家（业务 / 管理）,项设计关联,Item_design_association,configuration_item,ap242,2,https://www.steptools.com/stds/smrl/data/modules/configuration_item/sys/4_info_reqs.htm#configuration_item_arm.item_design_association
领域专家（业务 / 管理）,项被标识表示用法,Item_identified_representation_usage,shape_property_assignment,ap242,0,https://www.steptools.com/stds/smrl/data/modules/shape_property_assignment/sys/4_info_reqs.htm#shape_property_assignment_arm.item_identified_representation_usage
领域专家（业务 / 管理）,项用法有效性,Item_usage_effectivity,configuration_effectivity,ap242,2,https://www.steptools.com/stds/smrl/data/modules/configuration_effectivity/sys/4_info_reqs.htm#configuration_effectivity_arm.item_usage_effectivity
领域专家（业务 / 管理）,运动学链接表示,Kinematic_link_representation,kinematic_structure,ap242,3,https://www.steptools.com/stds/smrl/data/modules/kinematic_structure/sys/4_info_reqs.htm#kinematic_structure_arm.kinematic_link_representation
领域专家（业务 / 管理）,运动学链接表示关联,Kinematic_link_representation_association,kinematic_structure,ap242,2,https://www.steptools.com/stds/smrl/data/modules/kinematic_structure/sys/4_info_reqs.htm#kinematic_structure_arm.kinematic_link_representation_association
领域专家（业务 / 管理）,运动副对,Kinematic_pair,kinematic_structure,ap242,1,https://www.steptools.com/stds/smrl/data/modules/kinematic_structure/sys/4_info_reqs.htm#kinematic_structure_arm.kinematic_pair
领域专家（业务 / 管理）,运动学属性定义表示,Kinematic_property_definition_representation,kinematic_topology,ap242,1,https://www.steptools.com/stds/smrl/data/modules/kinematic_topology/sys/4_info_reqs.htm#kinematic_topology_arm.kinematic_property_definition_representation
领域专家（业务 / 管理）,运动学属性机构表示,Kinematic_property_mechanism_representation,kinematic_structure,ap242,0,https://www.steptools.com/stds/smrl/data/modules/kinematic_structure/sys/4_info_reqs.htm#kinematic_structure_arm.kinematic_property_mechanism_representation
领域专家（业务 / 管理）,运动学属性拓扑表示,Kinematic_property_topology_representation,kinematic_topology,ap242,0,https://www.steptools.com/stds/smrl/data/modules/kinematic_topology/sys/4_info_reqs.htm#kinematic_topology_arm.kinematic_property_topology_representation
领域专家（业务 / 管理）,运动学拓扑有向结构,Kinematic_topology_directed_structure,kinematic_topology,ap242,0,https://www.steptools.com/stds/smrl/data/modules/kinematic_topology/sys/4_info_reqs.htm#kinematic_topology_arm.kinematic_topology_directed_structure
领域专家（业务 / 管理）,运动学拓扑网络结构,Kinematic_topology_network_structure,kinematic_topology,ap242,0,https://www.steptools.com/stds/smrl/data/modules/kinematic_topology/sys/4_info_reqs.htm#kinematic_topology_arm.kinematic_topology_network_structure
领域专家（业务 / 管理）,运动学拓扑结构,Kinematic_topology_structure,kinematic_topology,ap242,0,https://www.steptools.com/stds/smrl/data/modules/kinematic_topology/sys/4_info_reqs.htm#kinematic_topology_arm.kinematic_topology_structure
领域专家（业务 / 管理）,运动学拓扑子结构,Kinematic_topology_substructure,kinematic_topology,ap242,0,https://www.steptools.com/stds/smrl/data/modules/kinematic_topology/sys/4_info_reqs.htm#kinematic_topology_arm.kinematic_topology_substructure
领域专家（业务 / 管理）,运动学拓扑树结构,Kinematic_topology_tree_structure,kinematic_topology,ap242,0,https://www.steptools.com/stds/smrl/data/modules/kinematic_topology/sys/4_info_reqs.htm#kinematic_topology_arm.kinematic_topology_tree_structure
领域专家（业务 / 管理）,已知源,Known_source,external_library,ap242,0,https://www.steptools.com/stds/smrl/data/modules/external_library/sys/4_info_reqs.htm#external_library_arm.known_source
领域专家（业务 / 管理）,语言,Language,multi_linguism,ap242,2,https://www.steptools.com/stds/smrl/data/modules/multi_linguism/sys/4_info_reqs.htm#multi_linguism_arm.language
领域专家（业务 / 管理）,语言指示,Language_indication,multi_linguism,ap242,0,https://www.steptools.com/stds/smrl/data/modules/multi_linguism/sys/4_info_reqs.htm#multi_linguism_arm.language_indication
领域专家（业务 / 管理）,语言引用手动,Language_reference_manual,specification_document,ap242,0,https://www.steptools.com/stds/smrl/data/modules/specification_document/sys/4_info_reqs.htm#specification_document_arm.language_reference_manual
领域专家（业务 / 管理）,线轮廓公差,Line_profile_tolerance,geometric_tolerance,ap242,1,https://www.steptools.com/stds/smrl/data/modules/geometric_tolerance/sys/4_info_reqs.htm#geometric_tolerance_arm.line_profile_tolerance
领域专家（业务 / 管理）,线性柔性与小齿轮副,Linear_flexible_and_pinion_pair,kinematic_structure,ap242,0,https://www.steptools.com/stds/smrl/data/modules/kinematic_structure/sys/4_info_reqs.htm#kinematic_structure_arm.linear_flexible_and_pinion_pair
领域专家（业务 / 管理）,线性柔性与平面曲线副,Linear_flexible_and_planar_curve_pair,kinematic_structure,ap242,0,https://www.steptools.com/stds/smrl/data/modules/kinematic_structure/sys/4_info_reqs.htm#kinematic_structure_arm.linear_flexible_and_planar_curve_pair
领域专家（业务 / 管理）,线性柔性链接表示,Linear_flexible_link_representation,kinematic_structure,ap242,0,https://www.steptools.com/stds/smrl/data/modules/kinematic_structure/sys/4_info_reqs.htm#kinematic_structure_arm.linear_flexible_link_representation
领域专家（业务 / 管理）,线性轮廓,Linear_profile,machining_features,ap242,2,https://www.steptools.com/stds/smrl/data/modules/machining_features/sys/4_info_reqs.htm#machining_features_arm.linear_profile
领域专家（业务 / 管理）,局部时间,Local_time,date_time,ap242,0,https://www.steptools.com/stds/smrl/data/modules/date_time/sys/4_info_reqs.htm#date_time_arm.local_time
领域专家（业务 / 管理）,批次配置,Lot_configuration,manufacturing_configuration_effectivity,ap242,0,https://www.steptools.com/stds/smrl/data/modules/manufacturing_configuration_effectivity/sys/4_info_reqs.htm#manufacturing_configuration_effectivity_arm.lot_configuration
领域专家（业务 / 管理）,批次有效性,Lot_effectivity,effectivity,ap242,0,https://www.steptools.com/stds/smrl/data/modules/effectivity/sys/4_info_reqs.htm#effectivity_arm.lot_effectivity
领域专家（业务 / 管理）,低次序运动学副,Low_order_kinematic_pair,kinematic_structure,ap242,0,https://www.steptools.com/stds/smrl/data/modules/kinematic_structure/sys/4_info_reqs.htm#kinematic_structure_arm.low_order_kinematic_pair
领域专家（业务 / 管理）,低次序运动学副带运动耦合,Low_order_kinematic_pair_with_motion_coupling,kinematic_structure,ap242,0,https://www.steptools.com/stds/smrl/data/modules/kinematic_structure/sys/4_info_reqs.htm#kinematic_structure_arm.low_order_kinematic_pair_with_motion_coupling
领域专家（业务 / 管理）,制作来自关系,Make_from_relationship,part_definition_relationship,ap242,0,https://www.steptools.com/stds/smrl/data/modules/part_definition_relationship/sys/4_info_reqs.htm#part_definition_relationship_arm.make_from_relationship
领域专家（业务 / 管理）,制造配置,Manufacturing_configuration,manufacturing_configuration_effectivity,ap242,0,https://www.steptools.com/stds/smrl/data/modules/manufacturing_configuration_effectivity/sys/4_info_reqs.htm#manufacturing_configuration_effectivity_arm.manufacturing_configuration
领域专家（业务 / 管理）,制造特征组,Manufacturing_feature_group,machining_features,ap242,0,https://www.steptools.com/stds/smrl/data/modules/machining_features/sys/4_info_reqs.htm#machining_features_arm.manufacturing_feature_group
领域专家（业务 / 管理）,市场,Market,product_concept_identification,ap242,1,https://www.steptools.com/stds/smrl/data/modules/product_concept_identification/sys/4_info_reqs.htm#product_concept_identification_arm.market
领域专家（业务 / 管理）,材料标识,Material_identification,generic_material_aspects,ap242,7,https://www.steptools.com/stds/smrl/data/modules/generic_material_aspects/sys/4_info_reqs.htm#generic_material_aspects_arm.material_identification
领域专家（业务 / 管理）,材料属性,Material_property,generic_material_aspects,ap242,1,https://www.steptools.com/stds/smrl/data/modules/generic_material_aspects/sys/4_info_reqs.htm#generic_material_aspects_arm.material_property
领域专家（业务 / 管理）,材料属性关联,Material_property_association,generic_material_aspects,ap242,0,https://www.steptools.com/stds/smrl/data/modules/generic_material_aspects/sys/4_info_reqs.htm#generic_material_aspects_arm.material_property_association
领域专家（业务 / 管理）,材料属性值表示,Material_property_value_representation,generic_material_aspects,ap242,1,https://www.steptools.com/stds/smrl/data/modules/generic_material_aspects/sys/4_info_reqs.htm#generic_material_aspects_arm.material_property_value_representation
领域专家（业务 / 管理）,材料规范,Material_specification,specification_document,ap242,0,https://www.steptools.com/stds/smrl/data/modules/specification_document/sys/4_info_reqs.htm#specification_document_arm.material_specification
领域专家（业务 / 管理）,机械设计沉孔孔定义,Md_counterbore_hole_definition,mechanical_design_features_and_requirements,ap242,1,https://www.steptools.com/stds/smrl/data/modules/mechanical_design_features_and_requirements/sys/4_info_reqs.htm#mechanical_design_features_and_requirements_arm.md_counterbore_hole_definition
领域专家（业务 / 管理）,机械设计沉孔孔实例,Md_counterbore_hole_occurrence,mechanical_design_features_and_requirements,ap242,0,https://www.steptools.com/stds/smrl/data/modules/mechanical_design_features_and_requirements/sys/4_info_reqs.htm#mechanical_design_features_and_requirements_arm.md_counterbore_hole_occurrence
领域专家（业务 / 管理）,机械设计沉孔孔实例在装配,Md_counterbore_hole_occurrence_in_assembly,mechanical_design_features_and_requirements,ap242,0,https://www.steptools.com/stds/smrl/data/modules/mechanical_design_features_and_requirements/sys/4_info_reqs.htm#mechanical_design_features_and_requirements_arm.md_counterbore_hole_occurrence_in_assembly
领域专家（业务 / 管理）,机械设计沉钻孔定义,Md_counterdrill_hole_definition,mechanical_design_features_and_requirements,ap242,1,https://www.steptools.com/stds/smrl/data/modules/mechanical_design_features_and_requirements/sys/4_info_reqs.htm#mechanical_design_features_and_requirements_arm.md_counterdrill_hole_definition
领域专家（业务 / 管理）,机械设计沉钻孔实例,Md_counterdrill_hole_occurrence,mechanical_design_features_and_requirements,ap242,0,https://www.steptools.com/stds/smrl/data/modules/mechanical_design_features_and_requirements/sys/4_info_reqs.htm#mechanical_design_features_and_requirements_arm.md_counterdrill_hole_occurrence
领域专家（业务 / 管理）,机械设计沉钻孔实例在装配,Md_counterdrill_hole_occurrence_in_assembly,mechanical_design_features_and_requirements,ap242,0,https://www.steptools.com/stds/smrl/data/modules/mechanical_design_features_and_requirements/sys/4_info_reqs.htm#mechanical_design_features_and_requirements_arm.md_counterdrill_hole_occurrence_in_assembly
领域专家（业务 / 管理）,机械设计锥形沉孔孔定义,Md_countersink_hole_definition,mechanical_design_features_and_requirements,ap242,1,https://www.steptools.com/stds/smrl/data/modules/mechanical_design_features_and_requirements/sys/4_info_reqs.htm#mechanical_design_features_and_requirements_arm.md_countersink_hole_definition
领域专家（业务 / 管理）,机械设计锥形沉孔孔实例,Md_countersink_hole_occurrence,mechanical_design_features_and_requirements,ap242,0,https://www.steptools.com/stds/smrl/data/modules/mechanical_design_features_and_requirements/sys/4_info_reqs.htm#mechanical_design_features_and_requirements_arm.md_countersink_hole_occurrence
领域专家（业务 / 管理）,机械设计锥形沉孔孔实例在装配,Md_countersink_hole_occurrence_in_assembly,mechanical_design_features_and_requirements,ap242,0,https://www.steptools.com/stds/smrl/data/modules/mechanical_design_features_and_requirements/sys/4_info_reqs.htm#mechanical_design_features_and_requirements_arm.md_countersink_hole_occurrence_in_assembly
领域专家（业务 / 管理）,机械设计要求项关联,Mechanical_design_requirement_item_association,mechanical_design_features_and_requirements,ap242,0,https://www.steptools.com/stds/smrl/data/modules/mechanical_design_features_and_requirements/sys/4_info_reqs.htm#mechanical_design_features_and_requirements_arm.mechanical_design_requirement_item_association
领域专家（业务 / 管理）,机构表示,Mechanism_representation,kinematic_structure,ap242,3,https://www.steptools.com/stds/smrl/data/modules/kinematic_structure/sys/4_info_reqs.htm#kinematic_structure_arm.mechanism_representation
领域专家（业务 / 管理）,多层级引用代号,Multi_level_reference_designator,assembly_structure,ap242,4,https://www.steptools.com/stds/smrl/data/modules/assembly_structure/sys/4_info_reqs.htm#assembly_structure_arm.multi_level_reference_designator
领域专家（业务 / 管理）,下一个装配用法,Next_assembly_usage,assembly_structure,ap242,2,https://www.steptools.com/stds/smrl/data/modules/assembly_structure/sys/4_info_reqs.htm#assembly_structure_arm.next_assembly_usage
领域专家（业务 / 管理）,多边形轮廓,Ngon_profile,machining_features,ap242,0,https://www.steptools.com/stds/smrl/data/modules/machining_features/sys/4_info_reqs.htm#machining_features_arm.ngon_profile
领域专家（业务 / 管理）,数值文档属性,Numerical_document_property,document_properties,ap242,0,https://www.steptools.com/stds/smrl/data/modules/document_properties/sys/4_info_reqs.htm#document_properties_arm.numerical_document_property
领域专家（业务 / 管理）,实例放置,Occurrence_placement,product_placement,ap242,0,https://www.steptools.com/stds/smrl/data/modules/product_placement/sys/4_info_reqs.htm#product_placement_arm.occurrence_placement
领域专家（业务 / 管理）,开放轮廓,Open_profile,machining_features,ap242,2,https://www.steptools.com/stds/smrl/data/modules/machining_features/sys/4_info_reqs.htm#machining_features_arm.open_profile
领域专家（业务 / 管理）,序数日期,Ordinal_date,extended_date,ap242,1,https://www.steptools.com/stds/smrl/data/modules/extended_date/sys/4_info_reqs.htm#extended_date_arm.ordinal_date
领域专家（业务 / 管理）,组织,Organization,person_organization,ap242,7,https://www.steptools.com/stds/smrl/data/modules/person_organization/sys/4_info_reqs.htm#person_organization_arm.organization
领域专家（业务 / 管理）,组织或人员在组织赋值,Organization_or_person_in_organization_assignment,person_organization_assignment,ap242,9,https://www.steptools.com/stds/smrl/data/modules/person_organization_assignment/sys/4_info_reqs.htm#person_organization_assignment_arm.organization_or_person_in_organization_assignment
领域专家（业务 / 管理）,组织关系,Organization_relationship,person_organization,ap242,3,https://www.steptools.com/stds/smrl/data/modules/person_organization/sys/4_info_reqs.htm#person_organization_arm.organization_relationship
领域专家（业务 / 管理）,副表示关系,Pair_representation_relationship,kinematic_structure,ap242,2,https://www.steptools.com/stds/smrl/data/modules/kinematic_structure/sys/4_info_reqs.htm#kinematic_structure_arm.pair_representation_relationship
领域专家（业务 / 管理）,零件,Part,part_and_version_identification,ap242,2,https://www.steptools.com/stds/smrl/data/modules/part_and_version_identification/sys/4_info_reqs.htm#part_and_version_identification_arm.part
领域专家（业务 / 管理）,零件定义关系,Part_definition_relationship,item_definition_structure,ap242,1,https://www.steptools.com/stds/smrl/data/modules/item_definition_structure/sys/4_info_reqs.htm#item_definition_structure_arm.part_definition_relationship
领域专家（业务 / 管理）,零件函数关联,Part_function_association,specification_control,ap242,0,https://www.steptools.com/stds/smrl/data/modules/specification_control/sys/4_info_reqs.htm#specification_control_arm.part_function_association
领域专家（业务 / 管理）,零件实例放置,Part_occurrence_placement,product_placement,ap242,0,https://www.steptools.com/stds/smrl/data/modules/product_placement/sys/4_info_reqs.htm#product_placement_arm.part_occurrence_placement
领域专家（业务 / 管理）,零件实例关系,Part_occurrence_relationship,specification_control,ap242,0,https://www.steptools.com/stds/smrl/data/modules/specification_control/sys/4_info_reqs.htm#specification_control_arm.part_occurrence_relationship
领域专家（业务 / 管理）,零件形状元素,Part_shape_element,part_shape,ap242,1,https://www.steptools.com/stds/smrl/data/modules/part_shape/sys/4_info_reqs.htm#part_shape_arm.part_shape_element
领域专家（业务 / 管理）,零件形状元素关系,Part_shape_element_relationship,part_shape,ap242,0,https://www.steptools.com/stds/smrl/data/modules/part_shape/sys/4_info_reqs.htm#part_shape_arm.part_shape_element_relationship
领域专家（业务 / 管理）,零件版本,Part_version,part_and_version_identification,ap242,3,https://www.steptools.com/stds/smrl/data/modules/part_and_version_identification/sys/4_info_reqs.htm#part_and_version_identification_arm.part_version
领域专家（业务 / 管理）,零件视图定义,Part_view_definition,part_view_definition,ap242,12,https://www.steptools.com/stds/smrl/data/modules/part_view_definition/sys/4_info_reqs.htm#part_view_definition_arm.part_view_definition
领域专家（业务 / 管理）,零件带附加类别,Part_with_additional_categories,design_product_data_management,ap242,0,https://www.steptools.com/stds/smrl/data/modules/design_product_data_management/sys/4_info_reqs.htm#design_product_data_management_arm.part_with_additional_categories
领域专家（业务 / 管理）,部分面积定义,Partial_area_definition,machining_features,ap242,0,https://www.steptools.com/stds/smrl/data/modules/machining_features/sys/4_info_reqs.htm#machining_features_arm.partial_area_definition
领域专家（业务 / 管理）,部分圆形路径特征组件,Partial_circular_path_feature_component,machining_features,ap242,0,https://www.steptools.com/stds/smrl/data/modules/machining_features/sys/4_info_reqs.htm#machining_features_arm.partial_circular_path_feature_component
领域专家（业务 / 管理）,部分圆形轮廓,Partial_circular_profile,machining_features,ap242,3,https://www.steptools.com/stds/smrl/data/modules/machining_features/sys/4_info_reqs.htm#machining_features_arm.partial_circular_profile
领域专家（业务 / 管理）,部分圆形形状轮廓,Partial_circular_shape_profile,machining_features,ap242,0,https://www.steptools.com/stds/smrl/data/modules/machining_features/sys/4_info_reqs.htm#machining_features_arm.partial_circular_shape_profile
领域专家（业务 / 管理）,部分文档赋值,Partial_document_assignment,document_assignment,ap242,0,https://www.steptools.com/stds/smrl/data/modules/document_assignment/sys/4_info_reqs.htm#document_assignment_arm.partial_document_assignment
领域专家（业务 / 管理）,部分文档带结构化文本表示赋值,Partial_document_with_structured_text_representation_assignment,specification_document,ap242,0,https://www.steptools.com/stds/smrl/data/modules/specification_document/sys/4_info_reqs.htm#specification_document_arm.partial_document_with_structured_text_representation_assignment
领域专家（业务 / 管理）,人员,Person,person_organization,ap242,2,https://www.steptools.com/stds/smrl/data/modules/person_organization/sys/4_info_reqs.htm#person_organization_arm.person
领域专家（业务 / 管理）,人员在组织,Person_in_organization,person_organization,ap242,4,https://www.steptools.com/stds/smrl/data/modules/person_organization/sys/4_info_reqs.htm#person_organization_arm.person_in_organization
领域专家（业务 / 管理）,人员在组织关系,Person_in_organization_relationship,management_resource_information,ap242,0,https://www.steptools.com/stds/smrl/data/modules/management_resource_information/sys/4_info_reqs.htm#management_resource_information_arm.person_in_organization_relationship
领域专家（业务 / 管理）,物理分解,Physical_breakdown,physical_breakdown,ap242,0,https://www.steptools.com/stds/smrl/data/modules/physical_breakdown/sys/4_info_reqs.htm#physical_breakdown_arm.physical_breakdown
领域专家（业务 / 管理）,物理分解上下文,Physical_breakdown_context,physical_breakdown,ap242,0,https://www.steptools.com/stds/smrl/data/modules/physical_breakdown/sys/4_info_reqs.htm#physical_breakdown_arm.physical_breakdown_context
领域专家（业务 / 管理）,物理分解版本,Physical_breakdown_version,physical_breakdown,ap242,0,https://www.steptools.com/stds/smrl/data/modules/physical_breakdown/sys/4_info_reqs.htm#physical_breakdown_arm.physical_breakdown_version
领域专家（业务 / 管理）,物理文档定义,Physical_document_definition,document_definition,ap242,6,https://www.steptools.com/stds/smrl/data/modules/document_definition/sys/4_info_reqs.htm#document_definition_arm.physical_document_definition
领域专家（业务 / 管理）,物理元素,Physical_element,physical_breakdown,ap242,0,https://www.steptools.com/stds/smrl/data/modules/physical_breakdown/sys/4_info_reqs.htm#physical_breakdown_arm.physical_element
领域专家（业务 / 管理）,物理元素定义,Physical_element_definition,physical_breakdown,ap242,4,https://www.steptools.com/stds/smrl/data/modules/physical_breakdown/sys/4_info_reqs.htm#physical_breakdown_arm.physical_element_definition
领域专家（业务 / 管理）,物理元素放置,Physical_element_placement,product_placement,ap242,0,https://www.steptools.com/stds/smrl/data/modules/product_placement/sys/4_info_reqs.htm#product_placement_arm.physical_element_placement
领域专家（业务 / 管理）,物理元素用法,Physical_element_usage,physical_breakdown,ap242,0,https://www.steptools.com/stds/smrl/data/modules/physical_breakdown/sys/4_info_reqs.htm#physical_breakdown_arm.physical_element_usage
领域专家（业务 / 管理）,物理元素版本,Physical_element_version,physical_breakdown,ap242,0,https://www.steptools.com/stds/smrl/data/modules/physical_breakdown/sys/4_info_reqs.htm#physical_breakdown_arm.physical_element_version
领域专家（业务 / 管理）,平面曲线副,Planar_curve_pair,kinematic_structure,ap242,0,https://www.steptools.com/stds/smrl/data/modules/kinematic_structure/sys/4_info_reqs.htm#kinematic_structure_arm.planar_curve_pair
领域专家（业务 / 管理）,平面曲线副范围,Planar_curve_pair_range,kinematic_structure,ap242,0,https://www.steptools.com/stds/smrl/data/modules/kinematic_structure/sys/4_info_reqs.htm#kinematic_structure_arm.planar_curve_pair_range
领域专家（业务 / 管理）,平面副,Planar_pair,kinematic_structure,ap242,0,https://www.steptools.com/stds/smrl/data/modules/kinematic_structure/sys/4_info_reqs.htm#kinematic_structure_arm.planar_pair
领域专家（业务 / 管理）,平面副带范围,Planar_pair_with_range,kinematic_structure,ap242,0,https://www.steptools.com/stds/smrl/data/modules/kinematic_structure/sys/4_info_reqs.htm#kinematic_structure_arm.planar_pair_with_range
领域专家（业务 / 管理）,平面轮廓底,Planar_profile_floor,machining_features,ap242,0,https://www.steptools.com/stds/smrl/data/modules/machining_features/sys/4_info_reqs.htm#machining_features_arm.planar_profile_floor
领域专家（业务 / 管理）,PLIB类引用,Plib_class_reference,plib_class_reference,ap242,1,https://www.steptools.com/stds/smrl/data/modules/plib_class_reference/sys/4_info_reqs.htm#plib_class_reference_arm.plib_class_reference
领域专家（业务 / 管理）,PLIB属性引用,Plib_property_reference,external_properties,ap242,0,https://www.steptools.com/stds/smrl/data/modules/external_properties/sys/4_info_reqs.htm#external_properties_arm.plib_property_reference
领域专家（业务 / 管理）,点在平面曲线副,Point_on_planar_curve_pair,kinematic_structure,ap242,0,https://www.steptools.com/stds/smrl/data/modules/kinematic_structure/sys/4_info_reqs.htm#kinematic_structure_arm.point_on_planar_curve_pair
领域专家（业务 / 管理）,点在平面曲线副带范围,Point_on_planar_curve_pair_with_range,kinematic_structure,ap242,0,https://www.steptools.com/stds/smrl/data/modules/kinematic_structure/sys/4_info_reqs.htm#kinematic_structure_arm.point_on_planar_curve_pair_with_range
领域专家（业务 / 管理）,点在曲面副,Point_on_surface_pair,kinematic_structure,ap242,0,https://www.steptools.com/stds/smrl/data/modules/kinematic_structure/sys/4_info_reqs.htm#kinematic_structure_arm.point_on_surface_pair
领域专家（业务 / 管理）,点在曲面副带范围,Point_on_surface_pair_with_range,kinematic_structure,ap242,0,https://www.steptools.com/stds/smrl/data/modules/kinematic_structure/sys/4_info_reqs.htm#kinematic_structure_arm.point_on_surface_pair_with_range
领域专家（业务 / 管理）,预定义活动关系,Pre_defined_activity_relationship,pre_defined_product_data_management_specializations,ap242,0,https://www.steptools.com/stds/smrl/data/modules/pre_defined_product_data_management_specializations/sys/4_info_reqs.htm#pre_defined_product_data_management_specializations_arm.pre_defined_activity_relationship
领域专家（业务 / 管理）,预定义地址赋值,Pre_defined_address_assignment,pre_defined_product_data_management_specializations,ap242,0,https://www.steptools.com/stds/smrl/data/modules/pre_defined_product_data_management_specializations/sys/4_info_reqs.htm#pre_defined_product_data_management_specializations_arm.pre_defined_address_assignment
领域专家（业务 / 管理）,预定义批准,Pre_defined_approval,pre_defined_product_data_management_specializations,ap242,0,https://www.steptools.com/stds/smrl/data/modules/pre_defined_product_data_management_specializations/sys/4_info_reqs.htm#pre_defined_product_data_management_specializations_arm.pre_defined_approval
领域专家（业务 / 管理）,预定义批准状态,Pre_defined_approval_status,pre_defined_product_data_management_specializations,ap242,0,https://www.steptools.com/stds/smrl/data/modules/pre_defined_product_data_management_specializations/sys/4_info_reqs.htm#pre_defined_product_data_management_specializations_arm.pre_defined_approval_status
领域专家（业务 / 管理）,预定义日期或日期时间赋值,Pre_defined_date_or_date_time_assignment,pre_defined_product_data_management_specializations,ap242,0,https://www.steptools.com/stds/smrl/data/modules/pre_defined_product_data_management_specializations/sys/4_info_reqs.htm#pre_defined_product_data_management_specializations_arm.pre_defined_date_or_date_time_assignment
领域专家（业务 / 管理）,预定义安全分类,Pre_defined_security_classification,pre_defined_product_data_management_specializations,ap242,0,https://www.steptools.com/stds/smrl/data/modules/pre_defined_product_data_management_specializations/sys/4_info_reqs.htm#pre_defined_product_data_management_specializations_arm.pre_defined_security_classification
领域专家（业务 / 管理）,预定义工作请求,Pre_defined_work_request,pre_defined_product_data_management_specializations,ap242,0,https://www.steptools.com/stds/smrl/data/modules/pre_defined_product_data_management_specializations/sys/4_info_reqs.htm#pre_defined_product_data_management_specializations_arm.pre_defined_work_request
领域专家（业务 / 管理）,预定义工作请求状态,Pre_defined_work_request_status,pre_defined_product_data_management_specializations,ap242,0,https://www.steptools.com/stds/smrl/data/modules/pre_defined_product_data_management_specializations/sys/4_info_reqs.htm#pre_defined_product_data_management_specializations_arm.pre_defined_work_request_status
领域专家（业务 / 管理）,棱柱副,Prismatic_pair,kinematic_structure,ap242,0,https://www.steptools.com/stds/smrl/data/modules/kinematic_structure/sys/4_info_reqs.htm#kinematic_structure_arm.prismatic_pair
领域专家（业务 / 管理）,棱柱副带范围,Prismatic_pair_with_range,kinematic_structure,ap242,0,https://www.steptools.com/stds/smrl/data/modules/kinematic_structure/sys/4_info_reqs.htm#kinematic_structure_arm.prismatic_pair_with_range
领域专家（业务 / 管理）,过程操作定义,Process_operation_definition,process_plan,ap242,0,https://www.steptools.com/stds/smrl/data/modules/process_plan/sys/4_info_reqs.htm#process_plan_arm.process_operation_definition
领域专家（业务 / 管理）,过程操作定义关系,Process_operation_definition_relationship,process_plan,ap242,0,https://www.steptools.com/stds/smrl/data/modules/process_plan/sys/4_info_reqs.htm#process_plan_arm.process_operation_definition_relationship
领域专家（业务 / 管理）,过程操作输入或输出,Process_operation_input_or_output,process_plan,ap242,0,https://www.steptools.com/stds/smrl/data/modules/process_plan/sys/4_info_reqs.htm#process_plan_arm.process_operation_input_or_output
领域专家（业务 / 管理）,过程操作实例,Process_operation_occurrence,process_plan,ap242,0,https://www.steptools.com/stds/smrl/data/modules/process_plan/sys/4_info_reqs.htm#process_plan_arm.process_operation_occurrence
领域专家（业务 / 管理）,过程操作实例关系,Process_operation_occurrence_relationship,process_plan,ap242,0,https://www.steptools.com/stds/smrl/data/modules/process_plan/sys/4_info_reqs.htm#process_plan_arm.process_operation_occurrence_relationship
领域专家（业务 / 管理）,过程操作资源赋值,Process_operation_resource_assignment,process_plan,ap242,0,https://www.steptools.com/stds/smrl/data/modules/process_plan/sys/4_info_reqs.htm#process_plan_arm.process_operation_resource_assignment
领域专家（业务 / 管理）,过程计划,Process_plan,process_plan,ap242,0,https://www.steptools.com/stds/smrl/data/modules/process_plan/sys/4_info_reqs.htm#process_plan_arm.process_plan
领域专家（业务 / 管理）,过程计划关系,Process_plan_relationship,process_plan,ap242,0,https://www.steptools.com/stds/smrl/data/modules/process_plan/sys/4_info_reqs.htm#process_plan_arm.process_plan_relationship
领域专家（业务 / 管理）,过程规范,Process_specification,specification_document,ap242,0,https://www.steptools.com/stds/smrl/data/modules/specification_document/sys/4_info_reqs.htm#specification_document_arm.process_specification
领域专家（业务 / 管理）,过程状态关系,Process_state_relationship,process_plan,ap242,0,https://www.steptools.com/stds/smrl/data/modules/process_plan/sys/4_info_reqs.htm#process_plan_arm.process_state_relationship
领域专家（业务 / 管理）,产品,Product,product_identification,ap242,14,https://www.steptools.com/stds/smrl/data/modules/product_identification/sys/4_info_reqs.htm#product_identification_arm.product
领域专家（业务 / 管理）,产品作为单个,Product_as_individual,product_as_individual,ap242,1,https://www.steptools.com/stds/smrl/data/modules/product_as_individual/sys/4_info_reqs.htm#product_as_individual_arm.product_as_individual
领域专家（业务 / 管理）,产品作为单个版本,Product_as_individual_version,product_as_individual,ap242,1,https://www.steptools.com/stds/smrl/data/modules/product_as_individual/sys/4_info_reqs.htm#product_as_individual_arm.product_as_individual_version
领域专家（业务 / 管理）,产品作为单个视图,Product_as_individual_view,product_as_individual,ap242,1,https://www.steptools.com/stds/smrl/data/modules/product_as_individual/sys/4_info_reqs.htm#product_as_individual_arm.product_as_individual_view
领域专家（业务 / 管理）,产品作为计划,Product_as_planned,product_as_individual,ap242,0,https://www.steptools.com/stds/smrl/data/modules/product_as_individual/sys/4_info_reqs.htm#product_as_individual_arm.product_as_planned
领域专家（业务 / 管理）,产品作为已实现,Product_as_realized,product_as_individual,ap242,0,https://www.steptools.com/stds/smrl/data/modules/product_as_individual/sys/4_info_reqs.htm#product_as_individual_arm.product_as_realized
领域专家（业务 / 管理）,产品类别,Product_category,product_categorization,ap242,0,https://www.steptools.com/stds/smrl/data/modules/product_categorization/sys/4_info_reqs.htm#product_categorization_arm.product_category
领域专家（业务 / 管理）,产品类别赋值,Product_category_assignment,product_categorization,ap242,0,https://www.steptools.com/stds/smrl/data/modules/product_categorization/sys/4_info_reqs.htm#product_categorization_arm.product_category_assignment
领域专家（业务 / 管理）,产品类别层次,Product_category_hierarchy,product_categorization,ap242,0,https://www.steptools.com/stds/smrl/data/modules/product_categorization/sys/4_info_reqs.htm#product_categorization_arm.product_category_hierarchy
领域专家（业务 / 管理）,产品类,Product_class,product_class,ap242,4,https://www.steptools.com/stds/smrl/data/modules/product_class/sys/4_info_reqs.htm#product_class_arm.product_class
领域专家（业务 / 管理）,产品类关系,Product_class_relationship,product_class,ap242,0,https://www.steptools.com/stds/smrl/data/modules/product_class/sys/4_info_reqs.htm#product_class_arm.product_class_relationship
领域专家（业务 / 管理）,产品概念,Product_concept,product_concept_identification,ap242,6,https://www.steptools.com/stds/smrl/data/modules/product_concept_identification/sys/4_info_reqs.htm#product_concept_identification_arm.product_concept
领域专家（业务 / 管理）,产品配置,Product_configuration,configuration_item,ap242,13,https://www.steptools.com/stds/smrl/data/modules/configuration_item/sys/4_info_reqs.htm#configuration_item_arm.product_configuration
领域专家（业务 / 管理）,产品配置层次关系,Product_configuration_hierarchical_relationship,configuration_item,ap242,0,https://www.steptools.com/stds/smrl/data/modules/configuration_item/sys/4_info_reqs.htm#configuration_item_arm.product_configuration_hierarchical_relationship
领域专家（业务 / 管理）,产品配置关系,Product_configuration_relationship,configuration_item,ap242,0,https://www.steptools.com/stds/smrl/data/modules/configuration_item/sys/4_info_reqs.htm#configuration_item_arm.product_configuration_relationship
领域专家（业务 / 管理）,产品配置修订序列,Product_configuration_revision_sequence,configuration_item,ap242,0,https://www.steptools.com/stds/smrl/data/modules/configuration_item/sys/4_info_reqs.htm#configuration_item_arm.product_configuration_revision_sequence
领域专家（业务 / 管理）,产品定义元素关系,Product_definition_element_relationship,product_breakdown,ap242,0,https://www.steptools.com/stds/smrl/data/modules/product_breakdown/sys/4_info_reqs.htm#product_breakdown_arm.product_definition_element_relationship
领域专家（业务 / 管理）,产品定义交换上下文,Product_definition_exchange_context,product_view_definition,ap242,0,https://www.steptools.com/stds/smrl/data/modules/product_view_definition/sys/4_info_reqs.htm#product_view_definition_arm.product_definition_exchange_context
领域专家（业务 / 管理）,产品定义运动学,Product_definition_kinematics,kinematic_topology,ap242,0,https://www.steptools.com/stds/smrl/data/modules/kinematic_topology/sys/4_info_reqs.htm#kinematic_topology_arm.product_definition_kinematics
领域专家（业务 / 管理）,产品定义关系运动学,Product_definition_relationship_kinematics,kinematic_structure,ap242,0,https://www.steptools.com/stds/smrl/data/modules/kinematic_structure/sys/4_info_reqs.htm#kinematic_structure_arm.product_definition_relationship_kinematics
领域专家（业务 / 管理）,产品设计到单个,Product_design_to_individual,product_as_individual,ap242,0,https://www.steptools.com/stds/smrl/data/modules/product_as_individual/sys/4_info_reqs.htm#product_as_individual_arm.product_design_to_individual
领域专家（业务 / 管理）,产品设计版本到单个,Product_design_version_to_individual,product_as_individual,ap242,0,https://www.steptools.com/stds/smrl/data/modules/product_as_individual/sys/4_info_reqs.htm#product_as_individual_arm.product_design_version_to_individual
领域专家（业务 / 管理）,产品设计视图到单个,Product_design_view_to_individual,product_as_individual,ap242,0,https://www.steptools.com/stds/smrl/data/modules/product_as_individual/sys/4_info_reqs.htm#product_as_individual_arm.product_design_view_to_individual
领域专家（业务 / 管理）,产品实例,Product_occurrence,product_occurrence,ap242,3,https://www.steptools.com/stds/smrl/data/modules/product_occurrence/sys/4_info_reqs.htm#product_occurrence_arm.product_occurrence
领域专家（业务 / 管理）,产品实例定义关系,Product_occurrence_definition_relationship,assembly_structure,ap242,6,https://www.steptools.com/stds/smrl/data/modules/assembly_structure/sys/4_info_reqs.htm#assembly_structure_arm.product_occurrence_definition_relationship
领域专家（业务 / 管理）,产品实例带数量,Product_occurrence_with_quantity,product_occurrence,ap242,0,https://www.steptools.com/stds/smrl/data/modules/product_occurrence/sys/4_info_reqs.htm#product_occurrence_arm.product_occurrence_with_quantity
领域专家（业务 / 管理）,产品计划到已实现,Product_planned_to_realized,product_as_individual,ap242,0,https://www.steptools.com/stds/smrl/data/modules/product_as_individual/sys/4_info_reqs.htm#product_as_individual_arm.product_planned_to_realized
领域专家（业务 / 管理）,产品资源,Product_resource,process_plan,ap242,1,https://www.steptools.com/stds/smrl/data/modules/process_plan/sys/4_info_reqs.htm#process_plan_arm.product_resource
领域专家（业务 / 管理）,产品规范,Product_specification,specified_product,ap242,1,https://www.steptools.com/stds/smrl/data/modules/specified_product/sys/4_info_reqs.htm#specified_product_arm.product_specification
领域专家（业务 / 管理）,产品结构链接运动关联,Product_structure_link_motion_association,kinematic_motion_representation,ap242,0,https://www.steptools.com/stds/smrl/data/modules/kinematic_motion_representation/sys/4_info_reqs.htm#kinematic_motion_representation_arm.product_structure_link_motion_association
领域专家（业务 / 管理）,产品版本,Product_version,product_version,ap242,21,https://www.steptools.com/stds/smrl/data/modules/product_version/sys/4_info_reqs.htm#product_version_arm.product_version
领域专家（业务 / 管理）,产品版本关系,Product_version_relationship,product_version_relationship,ap242,5,https://www.steptools.com/stds/smrl/data/modules/product_version_relationship/sys/4_info_reqs.htm#product_version_relationship_arm.product_version_relationship
领域专家（业务 / 管理）,产品版本资源,Product_version_resource,process_plan,ap242,1,https://www.steptools.com/stds/smrl/data/modules/process_plan/sys/4_info_reqs.htm#process_plan_arm.product_version_resource
领域专家（业务 / 管理）,产品视图定义,Product_view_definition,product_view_definition,ap242,41,https://www.steptools.com/stds/smrl/data/modules/product_view_definition/sys/4_info_reqs.htm#product_view_definition_arm.product_view_definition
领域专家（业务 / 管理）,产品视图定义引用,Product_view_definition_reference,product_view_definition_reference,ap242,0,https://www.steptools.com/stds/smrl/data/modules/product_view_definition_reference/sys/4_info_reqs.htm#product_view_definition_reference_arm.product_view_definition_reference
领域专家（业务 / 管理）,产品视图定义引用带局部表示,Product_view_definition_reference_with_local_representation,product_view_definition_reference,ap242,1,https://www.steptools.com/stds/smrl/data/modules/product_view_definition_reference/sys/4_info_reqs.htm#product_view_definition_reference_arm.product_view_definition_reference_with_local_representation
领域专家（业务 / 管理）,产品视图资源,Product_view_resource,process_plan,ap242,1,https://www.steptools.com/stds/smrl/data/modules/process_plan/sys/4_info_reqs.htm#process_plan_arm.product_view_resource
领域专家（业务 / 管理）,轮廓,Profile,machining_features,ap242,5,https://www.steptools.com/stds/smrl/data/modules/machining_features/sys/4_info_reqs.htm#machining_features_arm.profile
领域专家（业务 / 管理）,轮廓特征,Profile_feature,machining_features,ap242,0,https://www.steptools.com/stds/smrl/data/modules/machining_features/sys/4_info_reqs.htm#machining_features_arm.profile_feature
领域专家（业务 / 管理）,轮廓底,Profile_floor,machining_features,ap242,0,https://www.steptools.com/stds/smrl/data/modules/machining_features/sys/4_info_reqs.htm#machining_features_arm.profile_floor
领域专家（业务 / 管理）,项目,Project,project,ap242,4,https://www.steptools.com/stds/smrl/data/modules/project/sys/4_info_reqs.htm#project_arm.project
领域专家（业务 / 管理）,项目赋值,Project_assignment,project,ap242,3,https://www.steptools.com/stds/smrl/data/modules/project/sys/4_info_reqs.htm#project_arm.project_assignment
领域专家（业务 / 管理）,项目关系,Project_relationship,project,ap242,3,https://www.steptools.com/stds/smrl/data/modules/project/sys/4_info_reqs.htm#project_arm.project_relationship
领域专家（业务 / 管理）,投影区域定义,Projected_zone_definition,geometric_tolerance,ap242,0,https://www.steptools.com/stds/smrl/data/modules/geometric_tolerance/sys/4_info_reqs.htm#geometric_tolerance_arm.projected_zone_definition
领域专家（业务 / 管理）,投影区域定义带偏置,Projected_zone_definition_with_offset,geometric_tolerance,ap242,0,https://www.steptools.com/stds/smrl/data/modules/geometric_tolerance/sys/4_info_reqs.htm#geometric_tolerance_arm.projected_zone_definition_with_offset
领域专家（业务 / 管理）,投影曲线,Projection_curve,draughting_element,ap242,2,https://www.steptools.com/stds/smrl/data/modules/draughting_element/sys/4_info_reqs.htm#draughting_element_arm.projection_curve
领域专家（业务 / 管理）,投影有向注记,Projection_directed_callout,draughting_element,ap242,0,https://www.steptools.com/stds/smrl/data/modules/draughting_element/sys/4_info_reqs.htm#draughting_element_arm.projection_directed_callout
领域专家（业务 / 管理）,承诺性用法,Promissory_usage,assembly_structure,ap242,1,https://www.steptools.com/stds/smrl/data/modules/assembly_structure/sys/4_info_reqs.htm#assembly_structure_arm.promissory_usage
领域专家（业务 / 管理）,属性定义关系,Property_definition_relationship,property_assignment,ap242,1,https://www.steptools.com/stds/smrl/data/modules/property_assignment/sys/4_info_reqs.htm#property_assignment_arm.property_definition_relationship
领域专家（业务 / 管理）,属性定义表示,Property_definition_representation,property_assignment,ap242,1,https://www.steptools.com/stds/smrl/data/modules/property_assignment/sys/4_info_reqs.htm#property_assignment_arm.property_definition_representation
领域专家（业务 / 管理）,属性表示,Property_representation,property_assignment,ap242,1,https://www.steptools.com/stds/smrl/data/modules/property_assignment/sys/4_info_reqs.htm#property_assignment_arm.property_representation
领域专家（业务 / 管理）,属性值表示,Property_value_representation,measure_representation,ap242,2,https://www.steptools.com/stds/smrl/data/modules/measure_representation/sys/4_info_reqs.htm#measure_representation_arm.property_value_representation
领域专家（业务 / 管理）,量化实例,Quantified_instance,product_occurrence,ap242,0,https://www.steptools.com/stds/smrl/data/modules/product_occurrence/sys/4_info_reqs.htm#product_occurrence_arm.quantified_instance
领域专家（业务 / 管理）,齿条与小齿轮副,Rack_and_pinion_pair,kinematic_structure,ap242,0,https://www.steptools.com/stds/smrl/data/modules/kinematic_structure/sys/4_info_reqs.htm#kinematic_structure_arm.rack_and_pinion_pair
领域专家（业务 / 管理）,齿条与小齿轮副带范围,Rack_and_pinion_pair_with_range,kinematic_structure,ap242,0,https://www.steptools.com/stds/smrl/data/modules/kinematic_structure/sys/4_info_reqs.htm#kinematic_structure_arm.rack_and_pinion_pair_with_range
领域专家（业务 / 管理）,放射性数据元素,Radioactivity_data_element,value_with_unit_extension,ap242,0,https://www.steptools.com/stds/smrl/data/modules/value_with_unit_extension/sys/4_info_reqs.htm#value_with_unit_extension_arm.radioactivity_data_element
领域专家（业务 / 管理）,矩形构建体积,Rectangular_build_volume,additive_manufacturing_part_and_build_information,ap242,0,https://www.steptools.com/stds/smrl/data/modules/additive_manufacturing_part_and_build_information/sys/4_info_reqs.htm#additive_manufacturing_part_and_build_information_arm.rectangular_build_volume
领域专家（业务 / 管理）,矩形闭合轮廓,Rectangular_closed_profile,machining_features,ap242,3,https://www.steptools.com/stds/smrl/data/modules/machining_features/sys/4_info_reqs.htm#machining_features_arm.rectangular_closed_profile
领域专家（业务 / 管理）,矩形闭合形状轮廓,Rectangular_closed_shape_profile,machining_features,ap242,0,https://www.steptools.com/stds/smrl/data/modules/machining_features/sys/4_info_reqs.htm#machining_features_arm.rectangular_closed_shape_profile
领域专家（业务 / 管理）,矩形开放形状轮廓,Rectangular_open_shape_profile,machining_features,ap242,0,https://www.steptools.com/stds/smrl/data/modules/machining_features/sys/4_info_reqs.htm#machining_features_arm.rectangular_open_shape_profile
领域专家（业务 / 管理）,相对事件,Relative_event,event,ap242,0,https://www.steptools.com/stds/smrl/data/modules/event/sys/4_info_reqs.htm#event_arm.relative_event
领域专家（业务 / 管理）,替换用法关系,Replaced_usage_relationship,specification_control,ap242,1,https://www.steptools.com/stds/smrl/data/modules/specification_control/sys/4_info_reqs.htm#specification_control_arm.replaced_usage_relationship
领域专家（业务 / 管理）,要求,Requirement,requirement_identification_and_version,ap242,1,https://www.steptools.com/stds/smrl/data/modules/requirement_identification_and_version/sys/4_info_reqs.htm#requirement_identification_and_version_arm.requirement
领域专家（业务 / 管理）,要求赋值,Requirement_assignment,requirement_assignment,ap242,1,https://www.steptools.com/stds/smrl/data/modules/requirement_assignment/sys/4_info_reqs.htm#requirement_assignment_arm.requirement_assignment
领域专家（业务 / 管理）,要求集合关系,Requirement_collection_relationship,requirement_view_definition_relationship,ap242,0,https://www.steptools.com/stds/smrl/data/modules/requirement_view_definition_relationship/sys/4_info_reqs.htm#requirement_view_definition_relationship_arm.requirement_collection_relationship
领域专家（业务 / 管理）,要求优先级关系,Requirement_precedence_relationship,requirement_view_definition_relationship,ap242,0,https://www.steptools.com/stds/smrl/data/modules/requirement_view_definition_relationship/sys/4_info_reqs.htm#requirement_view_definition_relationship_arm.requirement_precedence_relationship
领域专家（业务 / 管理）,要求被满足按,Requirement_satisfied_by,requirement_assignment,ap242,0,https://www.steptools.com/stds/smrl/data/modules/requirement_assignment/sys/4_info_reqs.htm#requirement_assignment_arm.requirement_satisfied_by
领域专家（业务 / 管理）,要求源,Requirement_source,requirement_assignment,ap242,0,https://www.steptools.com/stds/smrl/data/modules/requirement_assignment/sys/4_info_reqs.htm#requirement_assignment_arm.requirement_source
领域专家（业务 / 管理）,要求版本,Requirement_version,requirement_identification_and_version,ap242,1,https://www.steptools.com/stds/smrl/data/modules/requirement_identification_and_version/sys/4_info_reqs.htm#requirement_identification_and_version_arm.requirement_version
领域专家（业务 / 管理）,要求版本关系,Requirement_version_relationship,requirement_identification_and_version,ap242,0,https://www.steptools.com/stds/smrl/data/modules/requirement_identification_and_version/sys/4_info_reqs.htm#requirement_identification_and_version_arm.requirement_version_relationship
领域专家（业务 / 管理）,要求视图定义,Requirement_view_definition,requirement_view_definition,ap242,4,https://www.steptools.com/stds/smrl/data/modules/requirement_view_definition/sys/4_info_reqs.htm#requirement_view_definition_arm.requirement_view_definition
领域专家（业务 / 管理）,要求视图定义关系,Requirement_view_definition_relationship,requirement_view_definition_relationship,ap242,0,https://www.steptools.com/stds/smrl/data/modules/requirement_view_definition_relationship/sys/4_info_reqs.htm#requirement_view_definition_relationship_arm.requirement_view_definition_relationship
领域专家（业务 / 管理）,资源组关系,Resource_group_relationship,resource_item,ap242,0,https://www.steptools.com/stds/smrl/data/modules/resource_item/sys/4_info_reqs.htm#resource_item_arm.resource_group_relationship
领域专家（业务 / 管理）,资源项,Resource_item,resource_item,ap242,1,https://www.steptools.com/stds/smrl/data/modules/resource_item/sys/4_info_reqs.htm#resource_item_arm.resource_item
领域专家（业务 / 管理）,资源项赋值,Resource_item_assignment,resource_item,ap242,1,https://www.steptools.com/stds/smrl/data/modules/resource_item/sys/4_info_reqs.htm#resource_item_arm.resource_item_assignment
领域专家（业务 / 管理）,资源项实现,Resource_item_realization,resource_item,ap242,0,https://www.steptools.com/stds/smrl/data/modules/resource_item/sys/4_info_reqs.htm#resource_item_arm.resource_item_realization
领域专家（业务 / 管理）,资源项关系,Resource_item_relationship,resource_item,ap242,1,https://www.steptools.com/stds/smrl/data/modules/resource_item/sys/4_info_reqs.htm#resource_item_arm.resource_item_relationship
领域专家（业务 / 管理）,资源要求类型,Resource_requirement_type,process_plan,ap242,0,https://www.steptools.com/stds/smrl/data/modules/process_plan/sys/4_info_reqs.htm#process_plan_arm.resource_requirement_type
领域专家（业务 / 管理）,保持周期,Retention_period,retention_period,ap242,0,https://www.steptools.com/stds/smrl/data/modules/retention_period/sys/4_info_reqs.htm#retention_period_arm.retention_period
领域专家（业务 / 管理）,旋转副,Revolute_pair,kinematic_structure,ap242,0,https://www.steptools.com/stds/smrl/data/modules/kinematic_structure/sys/4_info_reqs.htm#kinematic_structure_arm.revolute_pair
领域专家（业务 / 管理）,旋转副带范围,Revolute_pair_with_range,kinematic_structure,ap242,0,https://www.steptools.com/stds/smrl/data/modules/kinematic_structure/sys/4_info_reqs.htm#kinematic_structure_arm.revolute_pair_with_range
领域专家（业务 / 管理）,刚性链接表示,Rigid_link_representation,kinematic_structure,ap242,0,https://www.steptools.com/stds/smrl/data/modules/kinematic_structure/sys/4_info_reqs.htm#kinematic_structure_arm.rigid_link_representation
领域专家（业务 / 管理）,滚动曲线副,Rolling_curve_pair,kinematic_structure,ap242,0,https://www.steptools.com/stds/smrl/data/modules/kinematic_structure/sys/4_info_reqs.htm#kinematic_structure_arm.rolling_curve_pair
领域专家（业务 / 管理）,滚动曲面副,Rolling_surface_pair,kinematic_structure,ap242,0,https://www.steptools.com/stds/smrl/data/modules/kinematic_structure/sys/4_info_reqs.htm#kinematic_structure_arm.rolling_surface_pair
领域专家（业务 / 管理）,圆角U轮廓,Rounded_u_profile,machining_features,ap242,0,https://www.steptools.com/stds/smrl/data/modules/machining_features/sys/4_info_reqs.htm#machining_features_arm.rounded_u_profile
领域专家（业务 / 管理）,相同时间加工关系,Same_time_machining_relationship,process_plan,ap242,0,https://www.steptools.com/stds/smrl/data/modules/process_plan/sys/4_info_reqs.htm#process_plan_arm.same_time_machining_relationship
领域专家（业务 / 管理）,扫描仪属性,Scanner_property,scan_data_3d_shape,ap242,1,https://www.steptools.com/stds/smrl/data/modules/scan_data_3d_shape/sys/4_info_reqs.htm#scan_data_3d_shape_arm.scanner_property
领域专家（业务 / 管理）,螺旋副,Screw_pair,kinematic_structure,ap242,0,https://www.steptools.com/stds/smrl/data/modules/kinematic_structure/sys/4_info_reqs.htm#kinematic_structure_arm.screw_pair
领域专家（业务 / 管理）,螺旋副带范围,Screw_pair_with_range,kinematic_structure,ap242,0,https://www.steptools.com/stds/smrl/data/modules/kinematic_structure/sys/4_info_reqs.htm#kinematic_structure_arm.screw_pair_with_range
领域专家（业务 / 管理）,安全分类,Security_classification,security_classification,ap242,6,https://www.steptools.com/stds/smrl/data/modules/security_classification/sys/4_info_reqs.htm#security_classification_arm.security_classification
领域专家（业务 / 管理）,安全分类赋值,Security_classification_assignment,security_classification,ap242,3,https://www.steptools.com/stds/smrl/data/modules/security_classification/sys/4_info_reqs.htm#security_classification_arm.security_classification_assignment
领域专家（业务 / 管理）,选定实例,Selected_instance,product_occurrence,ap242,0,https://www.steptools.com/stds/smrl/data/modules/product_occurrence/sys/4_info_reqs.htm#product_occurrence_arm.selected_instance
领域专家（业务 / 管理）,串行配置,Serial_configuration,manufacturing_configuration_effectivity,ap242,0,https://www.steptools.com/stds/smrl/data/modules/manufacturing_configuration_effectivity/sys/4_info_reqs.htm#manufacturing_configuration_effectivity_arm.serial_configuration
领域专家（业务 / 管理）,串行有效性,Serial_effectivity,effectivity,ap242,0,https://www.steptools.com/stds/smrl/data/modules/effectivity/sys/4_info_reqs.htm#effectivity_arm.serial_effectivity
领域专家（业务 / 管理）,形状相关属性表示,Shape_dependent_property_representation,shape_property_assignment,ap242,0,https://www.steptools.com/stds/smrl/data/modules/shape_property_assignment/sys/4_info_reqs.htm#shape_property_assignment_arm.shape_dependent_property_representation
领域专家（业务 / 管理）,形状描述关联,Shape_description_association,shape_property_assignment,ap242,0,https://www.steptools.com/stds/smrl/data/modules/shape_property_assignment/sys/4_info_reqs.htm#shape_property_assignment_arm.shape_description_association
领域专家（业务 / 管理）,形状元素,Shape_element,shape_property_assignment,ap242,28,https://www.steptools.com/stds/smrl/data/modules/shape_property_assignment/sys/4_info_reqs.htm#shape_property_assignment_arm.shape_element
领域专家（业务 / 管理）,形状元素描述关联,Shape_element_description_association,shape_property_assignment,ap242,0,https://www.steptools.com/stds/smrl/data/modules/shape_property_assignment/sys/4_info_reqs.htm#shape_property_assignment_arm.shape_element_description_association
领域专家（业务 / 管理）,形状元素关系,Shape_element_relationship,shape_property_assignment,ap242,9,https://www.steptools.com/stds/smrl/data/modules/shape_property_assignment/sys/4_info_reqs.htm#shape_property_assignment_arm.shape_element_relationship
领域专家（业务 / 管理）,形状特征定义实例元素,Shape_feature_definition_occurrence_element,shape_feature,ap242,0,https://www.steptools.com/stds/smrl/data/modules/shape_feature/sys/4_info_reqs.htm#shape_feature_arm.shape_feature_definition_occurrence_element
领域专家（业务 / 管理）,形状特征定义实例元素关系,Shape_feature_definition_occurrence_element_relationship,shape_feature,ap242,0,https://www.steptools.com/stds/smrl/data/modules/shape_feature/sys/4_info_reqs.htm#shape_feature_arm.shape_feature_definition_occurrence_element_relationship
领域专家（业务 / 管理）,形状轮廓,Shape_profile,machining_features,ap242,0,https://www.steptools.com/stds/smrl/data/modules/machining_features/sys/4_info_reqs.htm#machining_features_arm.shape_profile
领域专家（业务 / 管理）,简化机械设计沉孔孔定义,Simplified_md_counterbore_hole_definition,mechanical_design_features_and_requirements,ap242,0,https://www.steptools.com/stds/smrl/data/modules/mechanical_design_features_and_requirements/sys/4_info_reqs.htm#mechanical_design_features_and_requirements_arm.simplified_md_counterbore_hole_definition
领域专家（业务 / 管理）,简化机械设计沉钻孔定义,Simplified_md_counterdrill_hole_definition,mechanical_design_features_and_requirements,ap242,0,https://www.steptools.com/stds/smrl/data/modules/mechanical_design_features_and_requirements/sys/4_info_reqs.htm#mechanical_design_features_and_requirements_arm.simplified_md_counterdrill_hole_definition
领域专家（业务 / 管理）,简化机械设计锥形沉孔孔定义,Simplified_md_countersink_hole_definition,mechanical_design_features_and_requirements,ap242,0,https://www.steptools.com/stds/smrl/data/modules/mechanical_design_features_and_requirements/sys/4_info_reqs.htm#mechanical_design_features_and_requirements_arm.simplified_md_countersink_hole_definition
领域专家（业务 / 管理）,简化锪平面孔定义,Simplified_spotface_hole_definition,mechanical_design_features_and_requirements,ap242,0,https://www.steptools.com/stds/smrl/data/modules/mechanical_design_features_and_requirements/sys/4_info_reqs.htm#mechanical_design_features_and_requirements_arm.simplified_spotface_hole_definition
领域专家（业务 / 管理）,单个实例,Single_instance,product_occurrence,ap242,1,https://www.steptools.com/stds/smrl/data/modules/product_occurrence/sys/4_info_reqs.htm#product_occurrence_arm.single_instance
领域专家（业务 / 管理）,单个属性是定义,Single_property_is_definition,property_as_definition,ap242,1,https://www.steptools.com/stds/smrl/data/modules/property_as_definition/sys/4_info_reqs.htm#property_as_definition_arm.single_property_is_definition
领域专家（业务 / 管理）,单个要求视图定义,Single_requirement_view_definition,requirement_view_definition,ap242,0,https://www.steptools.com/stds/smrl/data/modules/requirement_view_definition/sys/4_info_reqs.htm#requirement_view_definition_arm.single_requirement_view_definition
领域专家（业务 / 管理）,滑动曲线副,Sliding_curve_pair,kinematic_structure,ap242,0,https://www.steptools.com/stds/smrl/data/modules/kinematic_structure/sys/4_info_reqs.htm#kinematic_structure_arm.sliding_curve_pair
领域专家（业务 / 管理）,滑动曲面副,Sliding_surface_pair,kinematic_structure,ap242,0,https://www.steptools.com/stds/smrl/data/modules/kinematic_structure/sys/4_info_reqs.htm#kinematic_structure_arm.sliding_surface_pair
领域专家（业务 / 管理）,解元素,Solution_element,alternative_solution,ap242,0,https://www.steptools.com/stds/smrl/data/modules/alternative_solution/sys/4_info_reqs.htm#alternative_solution_arm.solution_element
领域专家（业务 / 管理）,规范,Specification,product_class,ap242,4,https://www.steptools.com/stds/smrl/data/modules/product_class/sys/4_info_reqs.htm#product_class_arm.specification
领域专家（业务 / 管理）,规范分配,Specification_allocation,specification_document,ap242,0,https://www.steptools.com/stds/smrl/data/modules/specification_document/sys/4_info_reqs.htm#specification_document_arm.specification_allocation
领域专家（业务 / 管理）,规范基于零件版本,Specification_based_part_version,product_occurrence,ap242,0,https://www.steptools.com/stds/smrl/data/modules/product_occurrence/sys/4_info_reqs.htm#product_occurrence_arm.specification_based_part_version
领域专家（业务 / 管理）,规范基于产品实例,Specification_based_product_occurrence,product_occurrence,ap242,0,https://www.steptools.com/stds/smrl/data/modules/product_occurrence/sys/4_info_reqs.htm#product_occurrence_arm.specification_based_product_occurrence
领域专家（业务 / 管理）,规范基于产品版本,Specification_based_product_version,specified_product,ap242,0,https://www.steptools.com/stds/smrl/data/modules/specified_product/sys/4_info_reqs.htm#specified_product_arm.specification_based_product_version
领域专家（业务 / 管理）,规范类别,Specification_category,product_class,ap242,2,https://www.steptools.com/stds/smrl/data/modules/product_class/sys/4_info_reqs.htm#product_class_arm.specification_category
领域专家（业务 / 管理）,规范类别分解影响,Specification_category_breakdown_influence,specification_control,ap242,0,https://www.steptools.com/stds/smrl/data/modules/specification_control/sys/4_info_reqs.htm#specification_control_arm.specification_category_breakdown_influence
领域专家（业务 / 管理）,规范类别层次,Specification_category_hierarchy,product_class,ap242,0,https://www.steptools.com/stds/smrl/data/modules/product_class/sys/4_info_reqs.htm#product_class_arm.specification_category_hierarchy
领域专家（业务 / 管理）,规范定义,Specification_definition,specification_document,ap242,5,https://www.steptools.com/stds/smrl/data/modules/specification_document/sys/4_info_reqs.htm#specification_document_arm.specification_definition
领域专家（业务 / 管理）,规范表达式,Specification_expression,product_class,ap242,1,https://www.steptools.com/stds/smrl/data/modules/product_class/sys/4_info_reqs.htm#product_class_arm.specification_expression
领域专家（业务 / 管理）,规范包含,Specification_inclusion,product_class,ap242,0,https://www.steptools.com/stds/smrl/data/modules/product_class/sys/4_info_reqs.htm#product_class_arm.specification_inclusion
领域专家（业务 / 管理）,指定实例,Specified_occurrence,product_occurrence,ap242,1,https://www.steptools.com/stds/smrl/data/modules/product_occurrence/sys/4_info_reqs.htm#product_occurrence_arm.specified_occurrence
领域专家（业务 / 管理）,球形副,Spherical_pair,kinematic_structure,ap242,0,https://www.steptools.com/stds/smrl/data/modules/kinematic_structure/sys/4_info_reqs.htm#kinematic_structure_arm.spherical_pair
领域专家（业务 / 管理）,球形副带销,Spherical_pair_with_pin,kinematic_structure,ap242,0,https://www.steptools.com/stds/smrl/data/modules/kinematic_structure/sys/4_info_reqs.htm#kinematic_structure_arm.spherical_pair_with_pin
领域专家（业务 / 管理）,球形副带销与范围,Spherical_pair_with_pin_and_range,kinematic_structure,ap242,0,https://www.steptools.com/stds/smrl/data/modules/kinematic_structure/sys/4_info_reqs.htm#kinematic_structure_arm.spherical_pair_with_pin_and_range
领域专家（业务 / 管理）,球形副带范围,Spherical_pair_with_range,kinematic_structure,ap242,0,https://www.steptools.com/stds/smrl/data/modules/kinematic_structure/sys/4_info_reqs.htm#kinematic_structure_arm.spherical_pair_with_range
领域专家（业务 / 管理）,锪平面定义,Spotface_definition,mechanical_design_features_and_requirements,ap242,0,https://www.steptools.com/stds/smrl/data/modules/mechanical_design_features_and_requirements/sys/4_info_reqs.htm#mechanical_design_features_and_requirements_arm.spotface_definition
领域专家（业务 / 管理）,锪平面孔定义,Spotface_hole_definition,mechanical_design_features_and_requirements,ap242,0,https://www.steptools.com/stds/smrl/data/modules/mechanical_design_features_and_requirements/sys/4_info_reqs.htm#mechanical_design_features_and_requirements_arm.spotface_hole_definition
领域专家（业务 / 管理）,锪平面实例,Spotface_occurrence,mechanical_design_features_and_requirements,ap242,0,https://www.steptools.com/stds/smrl/data/modules/mechanical_design_features_and_requirements/sys/4_info_reqs.htm#mechanical_design_features_and_requirements_arm.spotface_occurrence
领域专家（业务 / 管理）,锪平面实例在装配,Spotface_occurrence_in_assembly,mechanical_design_features_and_requirements,ap242,0,https://www.steptools.com/stds/smrl/data/modules/mechanical_design_features_and_requirements/sys/4_info_reqs.htm#mechanical_design_features_and_requirements_arm.spotface_occurrence_in_assembly
领域专家（业务 / 管理）,方形U轮廓,Square_u_profile,machining_features,ap242,2,https://www.steptools.com/stds/smrl/data/modules/machining_features/sys/4_info_reqs.htm#machining_features_arm.square_u_profile
领域专家（业务 / 管理）,结构化尺寸注记,Structured_dimension_callout,draughting_element_specialisations,ap242,2,https://www.steptools.com/stds/smrl/data/modules/draughting_element_specialisations/sys/4_info_reqs.htm#draughting_element_specialisations_arm.structured_dimension_callout
领域专家（业务 / 管理）,结构化文本组成,Structured_text_composition,tagged_text_representation,ap242,1,https://www.steptools.com/stds/smrl/data/modules/tagged_text_representation/sys/4_info_reqs.htm#tagged_text_representation_arm.structured_text_composition
领域专家（业务 / 管理）,结构化文本表示,Structured_text_representation,tagged_text_representation,ap242,1,https://www.steptools.com/stds/smrl/data/modules/tagged_text_representation/sys/4_info_reqs.htm#tagged_text_representation_arm.structured_text_representation
领域专家（业务 / 管理）,SU参数,Su_parameters,kinematic_structure,ap242,1,https://www.steptools.com/stds/smrl/data/modules/kinematic_structure/sys/4_info_reqs.htm#kinematic_structure_arm.su_parameters
领域专家（业务 / 管理）,供应零件关系,Supplied_part_relationship,product_version_relationship,ap242,2,https://www.steptools.com/stds/smrl/data/modules/product_version_relationship/sys/4_info_reqs.htm#product_version_relationship_arm.supplied_part_relationship
领域专家（业务 / 管理）,供应商解,Supplier_solution,alternative_solution,ap242,0,https://www.steptools.com/stds/smrl/data/modules/alternative_solution/sys/4_info_reqs.htm#alternative_solution_arm.supplier_solution
领域专家（业务 / 管理）,曲面精加工规范,Surface_finish_specification,specification_document,ap242,0,https://www.steptools.com/stds/smrl/data/modules/specification_document/sys/4_info_reqs.htm#specification_document_arm.surface_finish_specification
领域专家（业务 / 管理）,曲面副,Surface_pair,kinematic_structure,ap242,0,https://www.steptools.com/stds/smrl/data/modules/kinematic_structure/sys/4_info_reqs.htm#kinematic_structure_arm.surface_pair
领域专家（业务 / 管理）,曲面副带范围,Surface_pair_with_range,kinematic_structure,ap242,0,https://www.steptools.com/stds/smrl/data/modules/kinematic_structure/sys/4_info_reqs.htm#kinematic_structure_arm.surface_pair_with_range
领域专家（业务 / 管理）,曲面轮廓公差,Surface_profile_tolerance,geometric_tolerance,ap242,0,https://www.steptools.com/stds/smrl/data/modules/geometric_tolerance/sys/4_info_reqs.htm#geometric_tolerance_arm.surface_profile_tolerance
领域专家（业务 / 管理）,技术解,Technical_solution,alternative_solution,ap242,0,https://www.steptools.com/stds/smrl/data/modules/alternative_solution/sys/4_info_reqs.htm#alternative_solution_arm.technical_solution
领域专家（业务 / 管理）,T形轮廓,Tee_profile,machining_features,ap242,0,https://www.steptools.com/stds/smrl/data/modules/machining_features/sys/4_info_reqs.htm#machining_features_arm.tee_profile
领域专家（业务 / 管理）,镶嵌结构化项,Tessellated_structured_item,tessellated_geometry,ap242,0,https://www.steptools.com/stds/smrl/data/modules/tessellated_geometry/sys/4_info_reqs.htm#tessellated_geometry_arm.tessellated_structured_item
领域专家（业务 / 管理）,测试选择类型产品,Test_select_product,test_select_product,ap242,0,https://www.steptools.com/stds/smrl/data/modules/test_select_product/sys/4_info_reqs.htm#test_select_product_arm.test_select_product
领域专家（业务 / 管理）,测试规范,Test_specification,specification_document,ap242,0,https://www.steptools.com/stds/smrl/data/modules/specification_document/sys/4_info_reqs.htm#specification_document_arm.test_specification
领域专家（业务 / 管理）,通轮廓底,Through_profile_floor,machining_features,ap242,0,https://www.steptools.com/stds/smrl/data/modules/machining_features/sys/4_info_reqs.htm#machining_features_arm.through_profile_floor
领域专家（业务 / 管理）,时间区间,Time_interval,time_interval,ap242,1,https://www.steptools.com/stds/smrl/data/modules/time_interval/sys/4_info_reqs.htm#time_interval_arm.time_interval
领域专家（业务 / 管理）,时间区间赋值,Time_interval_assignment,time_interval_assignment,ap242,0,https://www.steptools.com/stds/smrl/data/modules/time_interval_assignment/sys/4_info_reqs.htm#time_interval_assignment_arm.time_interval_assignment
领域专家（业务 / 管理）,时间区间有效性,Time_interval_effectivity,effectivity,ap242,0,https://www.steptools.com/stds/smrl/data/modules/effectivity/sys/4_info_reqs.htm#effectivity_arm.time_interval_effectivity
领域专家（业务 / 管理）,时间区间关系,Time_interval_relationship,time_interval,ap242,1,https://www.steptools.com/stds/smrl/data/modules/time_interval/sys/4_info_reqs.htm#time_interval_arm.time_interval_relationship
领域专家（业务 / 管理）,时间区间角色,Time_interval_role,time_interval_assignment,ap242,0,https://www.steptools.com/stds/smrl/data/modules/time_interval_assignment/sys/4_info_reqs.htm#time_interval_assignment_arm.time_interval_role
领域专家（业务 / 管理）,时间区间带边界,Time_interval_with_bounds,time_interval,ap242,1,https://www.steptools.com/stds/smrl/data/modules/time_interval/sys/4_info_reqs.htm#time_interval_arm.time_interval_with_bounds
领域专家（业务 / 管理）,时间偏置,Time_offset,date_time,ap242,0,https://www.steptools.com/stds/smrl/data/modules/date_time/sys/4_info_reqs.htm#date_time_arm.time_offset
领域专家（业务 / 管理）,时间单位,Time_unit,value_with_unit,ap242,0,https://www.steptools.com/stds/smrl/data/modules/value_with_unit/sys/4_info_reqs.htm#value_with_unit_arm.time_unit
领域专家（业务 / 管理）,刀具附件点框架,Tool_attachment_point_frame,kinematic_structure,ap242,0,https://www.steptools.com/stds/smrl/data/modules/kinematic_structure/sys/4_info_reqs.htm#kinematic_structure_arm.tool_attachment_point_frame
领域专家（业务 / 管理）,刀具中心点框架,Tool_centre_point_frame,kinematic_structure,ap242,0,https://www.steptools.com/stds/smrl/data/modules/kinematic_structure/sys/4_info_reqs.htm#kinematic_structure_arm.tool_centre_point_frame
领域专家（业务 / 管理）,追踪关系,Tracing_relationship,requirement_view_definition_relationship,ap242,0,https://www.steptools.com/stds/smrl/data/modules/requirement_view_definition_relationship/sys/4_info_reqs.htm#requirement_view_definition_relationship_arm.tracing_relationship
领域专家（业务 / 管理）,无约束副,Unconstrained_pair,kinematic_structure,ap242,0,https://www.steptools.com/stds/smrl/data/modules/kinematic_structure/sys/4_info_reqs.htm#kinematic_structure_arm.unconstrained_pair
领域专家（业务 / 管理）,均匀资源标识符,Uniform_resource_identifier,tagged_text_representation,ap242,0,https://www.steptools.com/stds/smrl/data/modules/tagged_text_representation/sys/4_info_reqs.htm#tagged_text_representation_arm.uniform_resource_identifier
领域专家（业务 / 管理）,通用副,Universal_pair,kinematic_structure,ap242,0,https://www.steptools.com/stds/smrl/data/modules/kinematic_structure/sys/4_info_reqs.htm#kinematic_structure_arm.universal_pair
领域专家（业务 / 管理）,通用副带范围,Universal_pair_with_range,kinematic_structure,ap242,0,https://www.steptools.com/stds/smrl/data/modules/kinematic_structure/sys/4_info_reqs.htm#kinematic_structure_arm.universal_pair_with_range
领域专家（业务 / 管理）,V形轮廓,Vee_profile,machining_features,ap242,2,https://www.steptools.com/stds/smrl/data/modules/machining_features/sys/4_info_reqs.htm#machining_features_arm.vee_profile
领域专家（业务 / 管理）,视图定义上下文,View_definition_context,product_view_definition,ap242,3,https://www.steptools.com/stds/smrl/data/modules/product_view_definition/sys/4_info_reqs.htm#product_view_definition_arm.view_definition_context
领域专家（业务 / 管理）,视图定义关系,View_definition_relationship,product_view_definition_relationship,ap242,16,https://www.steptools.com/stds/smrl/data/modules/product_view_definition_relationship/sys/4_info_reqs.htm#product_view_definition_relationship_arm.view_definition_relationship
领域专家（业务 / 管理）,视图定义用法,View_definition_usage,product_view_definition_relationship,ap242,2,https://www.steptools.com/stds/smrl/data/modules/product_view_definition_relationship/sys/4_info_reqs.htm#product_view_definition_relationship_arm.view_definition_usage
领域专家（业务 / 管理）,周的年与日日期,Week_of_year_and_day_date,extended_date,ap242,0,https://www.steptools.com/stds/smrl/data/modules/extended_date/sys/4_info_reqs.htm#extended_date_arm.week_of_year_and_day_date
领域专家（业务 / 管理）,工作次序,Work_order,work_order,ap242,7,https://www.steptools.com/stds/smrl/data/modules/work_order/sys/4_info_reqs.htm#work_order_arm.work_order
领域专家（业务 / 管理）,工作次序关系,Work_order_relationship,work_order,ap242,0,https://www.steptools.com/stds/smrl/data/modules/work_order/sys/4_info_reqs.htm#work_order_arm.work_order_relationship
领域专家（业务 / 管理）,工作请求,Work_request,work_request,ap242,8,https://www.steptools.com/stds/smrl/data/modules/work_request/sys/4_info_reqs.htm#work_request_arm.work_request
领域专家（业务 / 管理）,工作请求关系,Work_request_relationship,work_request,ap242,0,https://www.steptools.com/stds/smrl/data/modules/work_request/sys/4_info_reqs.htm#work_request_arm.work_request_relationship
领域专家（业务 / 管理）,工作请求状态,Work_request_status,work_request,ap242,2,https://www.steptools.com/stds/smrl/data/modules/work_request/sys/4_info_reqs.htm#work_request_arm.work_request_status
领域专家（业务 / 管理）,年月,Year_month,extended_date,ap242,1,https://www.steptools.com/stds/smrl/data/modules/extended_date/sys/4_info_reqs.htm#extended_date_arm.year_month
工程师（几何 / 工艺 / 公差）,绝对值函数,Abs_function,elementary_function,ap242,0,https://www.steptools.com/stds/smrl/data/modules/elementary_function/sys/4_info_reqs.htm#elementary_function_arm.abs_function
工程师（几何 / 工艺 / 公差）,吸收剂量数据元素,Absorbed_dose_data_element,value_with_unit_extension,ap242,0,https://www.steptools.com/stds/smrl/data/modules/value_with_unit_extension/sys/4_info_reqs.htm#value_with_unit_extension_arm.absorbed_dose_data_element
工程师（几何 / 工艺 / 公差）,加速度数据元素,Acceleration_data_element,value_with_unit_extension,ap242,0,https://www.steptools.com/stds/smrl/data/modules/value_with_unit_extension/sys/4_info_reqs.htm#value_with_unit_extension_arm.acceleration_data_element
工程师（几何 / 工艺 / 公差）,反余弦函数,Acos_function,elementary_function,ap242,0,https://www.steptools.com/stds/smrl/data/modules/elementary_function/sys/4_info_reqs.htm#elementary_function_arm.acos_function
工程师（几何 / 工艺 / 公差）,活动属性,Activity_property,process_property_assignment,ap242,3,https://www.steptools.com/stds/smrl/data/modules/process_property_assignment/sys/4_info_reqs.htm#process_property_assignment_arm.activity_property
工程师（几何 / 工艺 / 公差）,活动属性表示,Activity_property_representation,process_property_assignment,ap242,1,https://www.steptools.com/stds/smrl/data/modules/process_property_assignment/sys/4_info_reqs.htm#process_property_assignment_arm.activity_property_representation
工程师（几何 / 工艺 / 公差）,受驱动运动副对,Actuated_kinematic_pair,kinematic_structure,ap242,0,https://www.steptools.com/stds/smrl/data/modules/kinematic_structure/sys/4_info_reqs.htm#kinematic_structure_arm.actuated_kinematic_pair
工程师（几何 / 工艺 / 公差）,附加零件视图定义上下文,Additional_part_view_definition_context,part_view_definition,ap242,0,https://www.steptools.com/stds/smrl/data/modules/part_view_definition/sys/4_info_reqs.htm#part_view_definition_arm.additional_part_view_definition_context
工程师（几何 / 工艺 / 公差）,附加视图定义上下文,Additional_view_definition_context,product_view_definition,ap242,1,https://www.steptools.com/stds/smrl/data/modules/product_view_definition/sys/4_info_reqs.htm#product_view_definition_arm.additional_view_definition_context
工程师（几何 / 工艺 / 公差）,增材制造构建方向元素,Additive_manufacturing_build_direction_element,additive_manufacturing_part_and_build_information,ap242,0,https://www.steptools.com/stds/smrl/data/modules/additive_manufacturing_part_and_build_information/sys/4_info_reqs.htm#additive_manufacturing_part_and_build_information_arm.additive_manufacturing_build_direction_element
工程师（几何 / 工艺 / 公差）,增材制造定向元素,Additive_manufacturing_orientation_element,additive_manufacturing_part_and_build_information,ap242,0,https://www.steptools.com/stds/smrl/data/modules/additive_manufacturing_part_and_build_information/sys/4_info_reqs.htm#additive_manufacturing_part_and_build_information_arm.additive_manufacturing_orientation_element
工程师（几何 / 工艺 / 公差）,增材制造零件定义,Additive_manufacturing_part_definition,additive_manufacturing_part_and_build_information,ap242,0,https://www.steptools.com/stds/smrl/data/modules/additive_manufacturing_part_and_build_information/sys/4_info_reqs.htm#additive_manufacturing_part_and_build_information_arm.additive_manufacturing_part_definition
工程师（几何 / 工艺 / 公差）,增材制造设置,Additive_manufacturing_setup,additive_manufacturing_part_and_build_information,ap242,1,https://www.steptools.com/stds/smrl/data/modules/additive_manufacturing_part_and_build_information/sys/4_info_reqs.htm#additive_manufacturing_part_and_build_information_arm.additive_manufacturing_setup
工程师（几何 / 工艺 / 公差）,增材制造设置构建板,Additive_manufacturing_setup_build_plate,additive_manufacturing_part_and_build_information,ap242,1,https://www.steptools.com/stds/smrl/data/modules/additive_manufacturing_part_and_build_information/sys/4_info_reqs.htm#additive_manufacturing_part_and_build_information_arm.additive_manufacturing_setup_build_plate
工程师（几何 / 工艺 / 公差）,增材制造支持结构,Additive_manufacturing_support_structure,additive_manufacturing_part_and_build_information,ap242,0,https://www.steptools.com/stds/smrl/data/modules/additive_manufacturing_part_and_build_information/sys/4_info_reqs.htm#additive_manufacturing_part_and_build_information_arm.additive_manufacturing_support_structure
工程师（几何 / 工艺 / 公差）,增材制造支持结构设置,Additive_manufacturing_support_structure_setup,additive_manufacturing_part_and_build_information,ap242,1,https://www.steptools.com/stds/smrl/data/modules/additive_manufacturing_part_and_build_information/sys/4_info_reqs.htm#additive_manufacturing_part_and_build_information_arm.additive_manufacturing_support_structure_setup
工程师（几何 / 工艺 / 公差）,增材制造工件设置,Additive_manufacturing_workpiece_setup,additive_manufacturing_part_and_build_information,ap242,1,https://www.steptools.com/stds/smrl/data/modules/additive_manufacturing_part_and_build_information/sys/4_info_reqs.htm#additive_manufacturing_part_and_build_information_arm.additive_manufacturing_workpiece_setup
工程师（几何 / 工艺 / 公差）,增材制造工作计划,Additive_manufacturing_workplan,additive_manufacturing_part_and_build_information,ap242,0,https://www.steptools.com/stds/smrl/data/modules/additive_manufacturing_part_and_build_information/sys/4_info_reqs.htm#additive_manufacturing_part_and_build_information_arm.additive_manufacturing_workplan
工程师（几何 / 工艺 / 公差）,增材制造X方向元素,Additive_manufacturing_x_direction_element,additive_manufacturing_part_and_build_information,ap242,0,https://www.steptools.com/stds/smrl/data/modules/additive_manufacturing_part_and_build_information/sys/4_info_reqs.htm#additive_manufacturing_part_and_build_information_arm.additive_manufacturing_x_direction_element
工程师（几何 / 工艺 / 公差）,高级边界表示形状表示,Advanced_brep_shape_representation,advanced_boundary_representation,ap242,2,https://www.steptools.com/stds/smrl/data/modules/advanced_boundary_representation/sys/4_info_reqs.htm#advanced_boundary_representation_arm.advanced_brep_shape_representation
工程师（几何 / 工艺 / 公差）,高级面,Advanced_face,topologically_bounded_surface,ap242,1,https://www.steptools.com/stds/smrl/data/modules/topologically_bounded_surface/sys/4_info_reqs.htm#topologically_bounded_surface_arm.advanced_face
工程师（几何 / 工艺 / 公差）,受影响平面公差区域,Affected_plane_tolerance_zone,geometric_tolerance,ap242,0,https://www.steptools.com/stds/smrl/data/modules/geometric_tolerance/sys/4_info_reqs.htm#geometric_tolerance_arm.affected_plane_tolerance_zone
工程师（几何 / 工艺 / 公差）,全部绕形状元素,All_around_shape_element,geometric_tolerance,ap242,0,https://www.steptools.com/stds/smrl/data/modules/geometric_tolerance/sys/4_info_reqs.htm#geometric_tolerance_arm.all_around_shape_element
工程师（几何 / 工艺 / 公差）,全部绕形状元素沿集合平面,All_around_shape_element_along_collection_plane,geometric_tolerance,ap242,0,https://www.steptools.com/stds/smrl/data/modules/geometric_tolerance/sys/4_info_reqs.htm#geometric_tolerance_arm.all_around_shape_element_along_collection_plane
工程师（几何 / 工艺 / 公差）,交替产品关系,Alternate_product_relationship,product_replacement,ap242,2,https://www.steptools.com/stds/smrl/data/modules/product_replacement/sys/4_info_reqs.htm#product_replacement_arm.alternate_product_relationship
工程师（几何 / 工艺 / 公差）,数量的物质数据元素,Amount_of_substance_data_element,value_with_unit_extension,ap242,0,https://www.steptools.com/stds/smrl/data/modules/value_with_unit_extension/sys/4_info_reqs.htm#value_with_unit_extension_arm.amount_of_substance_data_element
工程师（几何 / 工艺 / 公差）,数量的物质单位,Amount_of_substance_unit,value_with_unit,ap242,0,https://www.steptools.com/stds/smrl/data/modules/value_with_unit/sys/4_info_reqs.htm#value_with_unit_arm.amount_of_substance_unit
工程师（几何 / 工艺 / 公差）,与表达式,And_expression,numeric_expression,ap242,0,https://www.steptools.com/stds/smrl/data/modules/numeric_expression/sys/4_info_reqs.htm#numeric_expression_arm.and_expression
工程师（几何 / 工艺 / 公差）,角数据元素,Angle_data_element,value_with_unit_extension,ap242,29,https://www.steptools.com/stds/smrl/data/modules/value_with_unit_extension/sys/4_info_reqs.htm#value_with_unit_extension_arm.angle_data_element
工程师（几何 / 工艺 / 公差）,角加减边界,Angle_plus_minus_bounds,dimension_tolerance,ap242,2,https://www.steptools.com/stds/smrl/data/modules/dimension_tolerance/sys/4_info_reqs.htm#dimension_tolerance_arm.angle_plus_minus_bounds
工程师（几何 / 工艺 / 公差）,角锥度,Angle_taper,machining_features,ap242,0,https://www.steptools.com/stds/smrl/data/modules/machining_features/sys/4_info_reqs.htm#machining_features_arm.angle_taper
工程师（几何 / 工艺 / 公差）,角度位置,Angular_location,dimension_tolerance,ap242,0,https://www.steptools.com/stds/smrl/data/modules/dimension_tolerance/sys/4_info_reqs.htm#dimension_tolerance_arm.angular_location
工程师（几何 / 工艺 / 公差）,角度尺寸,Angular_size,dimension_tolerance,ap242,0,https://www.steptools.com/stds/smrl/data/modules/dimension_tolerance/sys/4_info_reqs.htm#dimension_tolerance_arm.angular_size
工程师（几何 / 工艺 / 公差）,倾斜度公差,Angularity_tolerance,geometric_tolerance,ap242,0,https://www.steptools.com/stds/smrl/data/modules/geometric_tolerance/sys/4_info_reqs.htm#geometric_tolerance_arm.angularity_tolerance
工程师（几何 / 工艺 / 公差）,标注曲线,Annotation_curve,associative_text,ap242,1,https://www.steptools.com/stds/smrl/data/modules/associative_text/sys/4_info_reqs.htm#associative_text_arm.annotation_curve
工程师（几何 / 工艺 / 公差）,标注元素,Annotation_element,associative_text,ap242,3,https://www.steptools.com/stds/smrl/data/modules/associative_text/sys/4_info_reqs.htm#associative_text_arm.annotation_element
工程师（几何 / 工艺 / 公差）,标注填充面积,Annotation_fill_area,draughting_element,ap242,0,https://www.steptools.com/stds/smrl/data/modules/draughting_element/sys/4_info_reqs.htm#draughting_element_arm.annotation_fill_area
工程师（几何 / 工艺 / 公差）,标注实例关联性,Annotation_occurrence_associativity,associative_draughting_elements,ap242,0,https://www.steptools.com/stds/smrl/data/modules/associative_draughting_elements/sys/4_info_reqs.htm#associative_draughting_elements_arm.annotation_occurrence_associativity
工程师（几何 / 工艺 / 公差）,标注占位符实例,Annotation_placeholder_occurrence,dimension_and_tolerance_callouts,ap242,1,https://www.steptools.com/stds/smrl/data/modules/dimension_and_tolerance_callouts/sys/4_info_reqs.htm#dimension_and_tolerance_callouts_arm.annotation_placeholder_occurrence
工程师（几何 / 工艺 / 公差）,标注平面,Annotation_plane,draughting_element,ap242,0,https://www.steptools.com/stds/smrl/data/modules/draughting_element/sys/4_info_reqs.htm#draughting_element_arm.annotation_plane
工程师（几何 / 工艺 / 公差）,标注子图,Annotation_subfigure,draughting_annotation,ap242,1,https://www.steptools.com/stds/smrl/data/modules/draughting_annotation/sys/4_info_reqs.htm#draughting_annotation_arm.annotation_subfigure
工程师（几何 / 工艺 / 公差）,标注符号,Annotation_symbol,draughting_annotation,ap242,1,https://www.steptools.com/stds/smrl/data/modules/draughting_annotation/sys/4_info_reqs.htm#draughting_annotation_arm.annotation_symbol
工程师（几何 / 工艺 / 公差）,标注文本,Annotation_text,associative_text,ap242,3,https://www.steptools.com/stds/smrl/data/modules/associative_text/sys/4_info_reqs.htm#associative_text_arm.annotation_text
工程师（几何 / 工艺 / 公差）,标注文本实例,Annotation_text_occurrence,associative_text,ap242,2,https://www.steptools.com/stds/smrl/data/modules/associative_text/sys/4_info_reqs.htm#associative_text_arm.annotation_text_occurrence
工程师（几何 / 工艺 / 公差）,顶点,Apex,derived_shape_element,ap242,0,https://www.steptools.com/stds/smrl/data/modules/derived_shape_element/sys/4_info_reqs.htm#derived_shape_element_arm.apex
工程师（几何 / 工艺 / 公差）,外观赋值,Appearance_assignment,appearance_assignment,ap242,1,https://www.steptools.com/stds/smrl/data/modules/appearance_assignment/sys/4_info_reqs.htm#appearance_assignment_arm.appearance_assignment
工程师（几何 / 工艺 / 公差）,应用独立活动属性,Applied_independent_activity_property,process_property_assignment,ap242,0,https://www.steptools.com/stds/smrl/data/modules/process_property_assignment/sys/4_info_reqs.htm#process_property_assignment_arm.applied_independent_activity_property
工程师（几何 / 工艺 / 公差）,应用独立材料属性,Applied_independent_material_property,generic_material_aspects,ap242,0,https://www.steptools.com/stds/smrl/data/modules/generic_material_aspects/sys/4_info_reqs.htm#generic_material_aspects_arm.applied_independent_material_property
工程师（几何 / 工艺 / 公差）,面积数据元素,Area_data_element,value_with_unit_extension,ap242,0,https://www.steptools.com/stds/smrl/data/modules/value_with_unit_extension/sys/4_info_reqs.htm#value_with_unit_extension_arm.area_data_element
工程师（几何 / 工艺 / 公差）,面积单位,Area_unit,value_with_unit,ap242,0,https://www.steptools.com/stds/smrl/data/modules/value_with_unit/sys/4_info_reqs.htm#value_with_unit_arm.area_unit
工程师（几何 / 工艺 / 公差）,反正弦函数,Asin_function,elementary_function,ap242,0,https://www.steptools.com/stds/smrl/data/modules/elementary_function/sys/4_info_reqs.htm#elementary_function_arm.asin_function
工程师（几何 / 工艺 / 公差）,装配关系替换,Assembly_relationship_substitution,product_replacement,ap242,1,https://www.steptools.com/stds/smrl/data/modules/product_replacement/sys/4_info_reqs.htm#product_replacement_arm.assembly_relationship_substitution
工程师（几何 / 工艺 / 公差）,赋值形状属性,Assigned_shape_property,shape_property_assignment,ap242,0,https://www.steptools.com/stds/smrl/data/modules/shape_property_assignment/sys/4_info_reqs.htm#shape_property_assignment_arm.assigned_shape_property
工程师（几何 / 工艺 / 公差）,关联尺寸文本,Associated_dimension_text,dimension_and_tolerance_callouts,ap242,0,https://www.steptools.com/stds/smrl/data/modules/dimension_and_tolerance_callouts/sys/4_info_reqs.htm#dimension_and_tolerance_callouts_arm.associated_dimension_text
工程师（几何 / 工艺 / 公差）,反正切函数,Atan_function,elementary_function,ap242,0,https://www.steptools.com/stds/smrl/data/modules/elementary_function/sys/4_info_reqs.htm#elementary_function_arm.atan_function
工程师（几何 / 工艺 / 公差）,属性分类,Attribute_classification,attribute_classification,ap242,0,https://www.steptools.com/stds/smrl/data/modules/attribute_classification/sys/4_info_reqs.htm#attribute_classification_arm.attribute_classification
工程师（几何 / 工艺 / 公差）,属性平移赋值,Attribute_translation_assignment,multi_linguism,ap242,0,https://www.steptools.com/stds/smrl/data/modules/multi_linguism/sys/4_info_reqs.htm#multi_linguism_arm.attribute_translation_assignment
工程师（几何 / 工艺 / 公差）,轴1放置,Axis1_placement,elemental_geometric_shape,ap242,0,https://www.steptools.com/stds/smrl/data/modules/elemental_geometric_shape/sys/4_info_reqs.htm#elemental_geometric_shape_arm.axis1_placement
工程师（几何 / 工艺 / 公差）,轴放置,Axis_placement,elemental_geometric_shape,ap242,26,https://www.steptools.com/stds/smrl/data/modules/elemental_geometric_shape/sys/4_info_reqs.htm#elemental_geometric_shape_arm.axis_placement
工程师（几何 / 工艺 / 公差）,轴放置二维,Axis_placement_2d,elemental_geometric_shape,ap242,2,https://www.steptools.com/stds/smrl/data/modules/elemental_geometric_shape/sys/4_info_reqs.htm#elemental_geometric_shape_arm.axis_placement_2d
工程师（几何 / 工艺 / 公差）,三维轴系布置,Axis_placement_3d,elemental_geometric_shape,ap242,27,https://www.steptools.com/stds/smrl/data/modules/elemental_geometric_shape/sys/4_info_reqs.htm#elemental_geometric_shape_arm.axis_placement_3d
工程师（几何 / 工艺 / 公差）,轴放置映射,Axis_placement_mapping,contextual_shape_positioning,ap242,0,https://www.steptools.com/stds/smrl/data/modules/contextual_shape_positioning/sys/4_info_reqs.htm#contextual_shape_positioning_arm.axis_placement_mapping
工程师（几何 / 工艺 / 公差）,轴放置形状元素,Axis_placement_shape_element,datum_and_datum_systems,ap242,3,https://www.steptools.com/stds/smrl/data/modules/datum_and_datum_systems/sys/4_info_reqs.htm#datum_and_datum_systems_arm.axis_placement_shape_element
工程师（几何 / 工艺 / 公差）,B样条曲线,B_spline_curve,b_spline_geometry,ap242,0,https://www.steptools.com/stds/smrl/data/modules/b_spline_geometry/sys/4_info_reqs.htm#b_spline_geometry_arm.b_spline_curve
工程师（几何 / 工艺 / 公差）,B样条曲面,B_spline_surface,b_spline_geometry,ap242,0,https://www.steptools.com/stds/smrl/data/modules/b_spline_geometry/sys/4_info_reqs.htm#b_spline_geometry_arm.b_spline_surface
工程师（几何 / 工艺 / 公差）,基本圆孔,Basic_round_hole,mechanical_design_features_and_requirements,ap242,1,https://www.steptools.com/stds/smrl/data/modules/mechanical_design_features_and_requirements/sys/4_info_reqs.htm#mechanical_design_features_and_requirements_arm.basic_round_hole
工程师（几何 / 工艺 / 公差）,基本圆孔实例,Basic_round_hole_occurrence,mechanical_design_features_and_requirements,ap242,0,https://www.steptools.com/stds/smrl/data/modules/mechanical_design_features_and_requirements/sys/4_info_reqs.htm#mechanical_design_features_and_requirements_arm.basic_round_hole_occurrence
工程师（几何 / 工艺 / 公差）,基本圆孔实例在装配,Basic_round_hole_occurrence_in_assembly,mechanical_design_features_and_requirements,ap242,0,https://www.steptools.com/stds/smrl/data/modules/mechanical_design_features_and_requirements/sys/4_info_reqs.htm#mechanical_design_features_and_requirements_arm.basic_round_hole_occurrence_in_assembly
工程师（几何 / 工艺 / 公差）,介于形状元素,Between_shape_element,geometric_tolerance,ap242,0,https://www.steptools.com/stds/smrl/data/modules/geometric_tolerance/sys/4_info_reqs.htm#geometric_tolerance_arm.between_shape_element
工程师（几何 / 工艺 / 公差）,锥齿轮,Bevel_gear,machining_features,ap242,0,https://www.steptools.com/stds/smrl/data/modules/machining_features/sys/4_info_reqs.htm#machining_features_arm.bevel_gear
工程师（几何 / 工艺 / 公差）,二进制布尔表达式,Binary_boolean_expression,numeric_expression,ap242,1,https://www.steptools.com/stds/smrl/data/modules/numeric_expression/sys/4_info_reqs.htm#numeric_expression_arm.binary_boolean_expression
工程师（几何 / 工艺 / 公差）,二元函数调用,Binary_function_call,elementary_function,ap242,0,https://www.steptools.com/stds/smrl/data/modules/elementary_function/sys/4_info_reqs.htm#elementary_function_arm.binary_function_call
工程师（几何 / 工艺 / 公差）,二元通用表达式,Binary_generic_expression,generic_expression,ap242,0,https://www.steptools.com/stds/smrl/data/modules/generic_expression/sys/4_info_reqs.htm#generic_expression_arm.binary_generic_expression
工程师（几何 / 工艺 / 公差）,二元数值表达式,Binary_numeric_expression,numeric_expression,ap242,1,https://www.steptools.com/stds/smrl/data/modules/numeric_expression/sys/4_info_reqs.htm#numeric_expression_arm.binary_numeric_expression
工程师（几何 / 工艺 / 公差）,盲孔底部条件,Blind_bottom_condition,machining_features,ap242,0,https://www.steptools.com/stds/smrl/data/modules/machining_features/sys/4_info_reqs.htm#machining_features_arm.blind_bottom_condition
工程师（几何 / 工艺 / 公差）,布尔定义函数,Boolean_defined_function,numeric_expression,ap242,0,https://www.steptools.com/stds/smrl/data/modules/numeric_expression/sys/4_info_reqs.htm#numeric_expression_arm.boolean_defined_function
工程师（几何 / 工艺 / 公差）,布尔表达式,Boolean_expression,numeric_expression,ap242,2,https://www.steptools.com/stds/smrl/data/modules/numeric_expression/sys/4_info_reqs.htm#numeric_expression_arm.boolean_expression
工程师（几何 / 工艺 / 公差）,布尔字面量,Boolean_literal,numeric_expression,ap242,0,https://www.steptools.com/stds/smrl/data/modules/numeric_expression/sys/4_info_reqs.htm#numeric_expression_arm.boolean_literal
工程师（几何 / 工艺 / 公差）,布尔表示项,Boolean_representation_item,basic_data_representation,ap242,0,https://www.steptools.com/stds/smrl/data/modules/basic_data_representation/sys/4_info_reqs.htm#basic_data_representation_arm.boolean_representation_item
工程师（几何 / 工艺 / 公差）,布尔结果,Boolean_result,primitive_solids,ap242,0,https://www.steptools.com/stds/smrl/data/modules/primitive_solids/sys/4_info_reqs.htm#primitive_solids_arm.boolean_result
工程师（几何 / 工艺 / 公差）,布尔变量,Boolean_variable,numeric_expression,ap242,1,https://www.steptools.com/stds/smrl/data/modules/numeric_expression/sys/4_info_reqs.htm#numeric_expression_arm.boolean_variable
工程师（几何 / 工艺 / 公差）,凸台,Boss,machining_features,ap242,1,https://www.steptools.com/stds/smrl/data/modules/machining_features/sys/4_info_reqs.htm#machining_features_arm.boss
工程师（几何 / 工艺 / 公差）,凸台顶部条件,Boss_top_condition,machining_features,ap242,0,https://www.steptools.com/stds/smrl/data/modules/machining_features/sys/4_info_reqs.htm#machining_features_arm.boss_top_condition
工程师（几何 / 工艺 / 公差）,边界曲线,Boundary_curve,geometrically_bounded_surface,ap242,1,https://www.steptools.com/stds/smrl/data/modules/geometrically_bounded_surface/sys/4_info_reqs.htm#geometrically_bounded_surface_arm.boundary_curve
工程师（几何 / 工艺 / 公差）,边界曲线外观,Boundary_curve_appearance,general_surface_appearance,ap242,0,https://www.steptools.com/stds/smrl/data/modules/general_surface_appearance/sys/4_info_reqs.htm#general_surface_appearance_arm.boundary_curve_appearance
工程师（几何 / 工艺 / 公差）,有界曲线,Bounded_curve,basic_geometry,ap242,15,https://www.steptools.com/stds/smrl/data/modules/basic_geometry/sys/4_info_reqs.htm#basic_geometry_arm.bounded_curve
工程师（几何 / 工艺 / 公差）,有界曲面,Bounded_surface,basic_geometry,ap242,1,https://www.steptools.com/stds/smrl/data/modules/basic_geometry/sys/4_info_reqs.htm#basic_geometry_arm.bounded_surface
工程师（几何 / 工艺 / 公差）,盒域,Box_domain,primitive_solids,ap242,0,https://www.steptools.com/stds/smrl/data/modules/primitive_solids/sys/4_info_reqs.htm#primitive_solids_arm.box_domain
工程师（几何 / 工艺 / 公差）,盒式半空间,Boxed_half_space,primitive_solids,ap242,0,https://www.steptools.com/stds/smrl/data/modules/primitive_solids/sys/4_info_reqs.htm#primitive_solids_arm.boxed_half_space
工程师（几何 / 工艺 / 公差）,分解上下文,Breakdown_context,product_breakdown,ap242,0,https://www.steptools.com/stds/smrl/data/modules/product_breakdown/sys/4_info_reqs.htm#product_breakdown_arm.breakdown_context
工程师（几何 / 工艺 / 公差）,构建平台定义,Build_platform_definition,additive_manufacturing_part_and_build_information,ap242,0,https://www.steptools.com/stds/smrl/data/modules/additive_manufacturing_part_and_build_information/sys/4_info_reqs.htm#additive_manufacturing_part_and_build_information_arm.build_platform_definition
工程师（几何 / 工艺 / 公差）,构建体积,Build_volume,additive_manufacturing_part_and_build_information,ap242,1,https://www.steptools.com/stds/smrl/data/modules/additive_manufacturing_part_and_build_information/sys/4_info_reqs.htm#additive_manufacturing_part_and_build_information_arm.build_volume
工程师（几何 / 工艺 / 公差）,相机模型D3,Camera_model_d3,camera_view_3d,ap242,1,https://www.steptools.com/stds/smrl/data/modules/camera_view_3d/sys/4_info_reqs.htm#camera_view_3d_arm.camera_model_d3
工程师（几何 / 工艺 / 公差）,电容数据元素,Capacitance_data_element,value_with_unit_extension,ap242,0,https://www.steptools.com/stds/smrl/data/modules/value_with_unit_extension/sys/4_info_reqs.htm#value_with_unit_extension_arm.capacitance_data_element
工程师（几何 / 工艺 / 公差）,笛卡儿点,Cartesian_point,elemental_geometric_shape,ap242,21,https://www.steptools.com/stds/smrl/data/modules/elemental_geometric_shape/sys/4_info_reqs.htm#elemental_geometric_shape_arm.cartesian_point
工程师（几何 / 工艺 / 公差）,笛卡儿变换二维,Cartesian_transformation_2d,elemental_geometric_shape,ap242,1,https://www.steptools.com/stds/smrl/data/modules/elemental_geometric_shape/sys/4_info_reqs.htm#elemental_geometric_shape_arm.cartesian_transformation_2d
工程师（几何 / 工艺 / 公差）,笛卡儿变换三维,Cartesian_transformation_3d,elemental_geometric_shape,ap242,1,https://www.steptools.com/stds/smrl/data/modules/elemental_geometric_shape/sys/4_info_reqs.htm#elemental_geometric_shape_arm.cartesian_transformation_3d
工程师（几何 / 工艺 / 公差）,标准齿轮,Catalogue_gear,machining_features,ap242,0,https://www.steptools.com/stds/smrl/data/modules/machining_features/sys/4_info_reqs.htm#machining_features_arm.catalogue_gear
工程师（几何 / 工艺 / 公差）,标准滚花,Catalogue_knurl,machining_features,ap242,0,https://www.steptools.com/stds/smrl/data/modules/machining_features/sys/4_info_reqs.htm#machining_features_arm.catalogue_knurl
工程师（几何 / 工艺 / 公差）,标准标记,Catalogue_marking,machining_features,ap242,0,https://www.steptools.com/stds/smrl/data/modules/machining_features/sys/4_info_reqs.htm#machining_features_arm.catalogue_marking
工程师（几何 / 工艺 / 公差）,标准螺纹,Catalogue_thread,machining_features,ap242,0,https://www.steptools.com/stds/smrl/data/modules/machining_features/sys/4_info_reqs.htm#machining_features_arm.catalogue_thread
工程师（几何 / 工艺 / 公差）,摄氏度温度数据元素,Celsius_temperature_data_element,value_with_unit_extension,ap242,0,https://www.steptools.com/stds/smrl/data/modules/value_with_unit_extension/sys/4_info_reqs.htm#value_with_unit_extension_arm.celsius_temperature_data_element
工程师（几何 / 工艺 / 公差）,中心轴,Centre_axis,derived_shape_element,ap242,0,https://www.steptools.com/stds/smrl/data/modules/derived_shape_element/sys/4_info_reqs.htm#derived_shape_element_arm.centre_axis
工程师（几何 / 工艺 / 公差）,中心的对称度,Centre_of_symmetry,derived_shape_element,ap242,0,https://www.steptools.com/stds/smrl/data/modules/derived_shape_element/sys/4_info_reqs.htm#derived_shape_element_arm.centre_of_symmetry
工程师（几何 / 工艺 / 公差）,中心平面,Centre_plane,derived_shape_element,ap242,0,https://www.steptools.com/stds/smrl/data/modules/derived_shape_element/sys/4_info_reqs.htm#derived_shape_element_arm.centre_plane
工程师（几何 / 工艺 / 公差）,中心点,Centre_point,derived_shape_element,ap242,0,https://www.steptools.com/stds/smrl/data/modules/derived_shape_element/sys/4_info_reqs.htm#derived_shape_element_arm.centre_point
工程师（几何 / 工艺 / 公差）,倒角,Chamfer,machining_features,ap242,0,https://www.steptools.com/stds/smrl/data/modules/machining_features/sys/4_info_reqs.htm#machining_features_arm.chamfer
工程师（几何 / 工艺 / 公差）,倒角角,Chamfer_angle,machining_features,ap242,0,https://www.steptools.com/stds/smrl/data/modules/machining_features/sys/4_info_reqs.htm#machining_features_arm.chamfer_angle
工程师（几何 / 工艺 / 公差）,特征数据列头,Characteristic_data_column_header,characteristic,ap242,0,https://www.steptools.com/stds/smrl/data/modules/characteristic/sys/4_info_reqs.htm#characteristic_arm.characteristic_data_column_header
工程师（几何 / 工艺 / 公差）,特征数据列头链接,Characteristic_data_column_header_link,characteristic,ap242,0,https://www.steptools.com/stds/smrl/data/modules/characteristic/sys/4_info_reqs.htm#characteristic_arm.characteristic_data_column_header_link
工程师（几何 / 工艺 / 公差）,特征数据表,Characteristic_data_table,characteristic,ap242,0,https://www.steptools.com/stds/smrl/data/modules/characteristic/sys/4_info_reqs.htm#characteristic_arm.characteristic_data_table
工程师（几何 / 工艺 / 公差）,特征数据表头,Characteristic_data_table_header,characteristic,ap242,0,https://www.steptools.com/stds/smrl/data/modules/characteristic/sys/4_info_reqs.htm#characteristic_arm.characteristic_data_table_header
工程师（几何 / 工艺 / 公差）,特征数据表头分解,Characteristic_data_table_header_decomposition,characteristic,ap242,2,https://www.steptools.com/stds/smrl/data/modules/characteristic/sys/4_info_reqs.htm#characteristic_arm.characteristic_data_table_header_decomposition
工程师（几何 / 工艺 / 公差）,特征数据表头用法,Characteristic_data_table_header_usage,characteristic,ap242,1,https://www.steptools.com/stds/smrl/data/modules/characteristic/sys/4_info_reqs.htm#characteristic_arm.characteristic_data_table_header_usage
工程师（几何 / 工艺 / 公差）,特征数据表表示,Characteristic_data_table_representation,characteristic,ap242,0,https://www.steptools.com/stds/smrl/data/modules/characteristic/sys/4_info_reqs.htm#characteristic_arm.characteristic_data_table_representation
工程师（几何 / 工艺 / 公差）,特征数据表行,Characteristic_data_table_row,characteristic,ap242,0,https://www.steptools.com/stds/smrl/data/modules/characteristic/sys/4_info_reqs.htm#characteristic_arm.characteristic_data_table_row
工程师（几何 / 工艺 / 公差）,特征化链基于项之内表示,Characterized_chain_based_item_within_representation,characterized_representation,ap242,0,https://www.steptools.com/stds/smrl/data/modules/characterized_representation/sys/4_info_reqs.htm#characterized_representation_arm.characterized_chain_based_item_within_representation
工程师（几何 / 工艺 / 公差）,特征化项之内表示,Characterized_item_within_representation,characterized_representation,ap242,1,https://www.steptools.com/stds/smrl/data/modules/characterized_representation/sys/4_info_reqs.htm#characterized_representation_arm.characterized_item_within_representation
工程师（几何 / 工艺 / 公差）,特征化表示,Characterized_representation,characterized_representation,ap242,2,https://www.steptools.com/stds/smrl/data/modules/characterized_representation/sys/4_info_reqs.htm#characterized_representation_arm.characterized_representation
工程师（几何 / 工艺 / 公差）,圆,Circle,basic_geometry,ap242,0,https://www.steptools.com/stds/smrl/data/modules/basic_geometry/sys/4_info_reqs.htm#basic_geometry_arm.circle
工程师（几何 / 工艺 / 公差）,圆形凸台,Circular_boss,machining_features,ap242,0,https://www.steptools.com/stds/smrl/data/modules/machining_features/sys/4_info_reqs.htm#machining_features_arm.circular_boss
工程师（几何 / 工艺 / 公差）,圆形构建体积,Circular_build_volume,additive_manufacturing_part_and_build_information,ap242,0,https://www.steptools.com/stds/smrl/data/modules/additive_manufacturing_part_and_build_information/sys/4_info_reqs.htm#additive_manufacturing_part_and_build_information_arm.circular_build_volume
工程师（几何 / 工艺 / 公差）,圆形闭合轮廓,Circular_closed_profile,machining_features,ap242,4,https://www.steptools.com/stds/smrl/data/modules/machining_features/sys/4_info_reqs.htm#machining_features_arm.circular_closed_profile
工程师（几何 / 工艺 / 公差）,圆形闭合形状轮廓,Circular_closed_shape_profile,machining_features,ap242,0,https://www.steptools.com/stds/smrl/data/modules/machining_features/sys/4_info_reqs.htm#machining_features_arm.circular_closed_shape_profile
工程师（几何 / 工艺 / 公差）,圆形圆锥,Circular_cone,primitive_solids,ap242,0,https://www.steptools.com/stds/smrl/data/modules/primitive_solids/sys/4_info_reqs.htm#primitive_solids_arm.circular_cone
工程师（几何 / 工艺 / 公差）,圆形切口,Circular_cutout,machining_features,ap242,0,https://www.steptools.com/stds/smrl/data/modules/machining_features/sys/4_info_reqs.htm#machining_features_arm.circular_cutout
工程师（几何 / 工艺 / 公差）,圆形圆柱,Circular_cylinder,primitive_solids,ap242,1,https://www.steptools.com/stds/smrl/data/modules/primitive_solids/sys/4_info_reqs.htm#primitive_solids_arm.circular_cylinder
工程师（几何 / 工艺 / 公差）,圆形偏置阵列,Circular_offset_pattern,machining_features,ap242,0,https://www.steptools.com/stds/smrl/data/modules/machining_features/sys/4_info_reqs.htm#machining_features_arm.circular_offset_pattern
工程师（几何 / 工艺 / 公差）,圆形省略阵列,Circular_omit_pattern,machining_features,ap242,0,https://www.steptools.com/stds/smrl/data/modules/machining_features/sys/4_info_reqs.htm#machining_features_arm.circular_omit_pattern
工程师（几何 / 工艺 / 公差）,圆形路径,Circular_path,kinematic_motion_representation,ap242,0,https://www.steptools.com/stds/smrl/data/modules/kinematic_motion_representation/sys/4_info_reqs.htm#kinematic_motion_representation_arm.circular_path
工程师（几何 / 工艺 / 公差）,圆形路径特征组件,Circular_path_feature_component,machining_features,ap242,0,https://www.steptools.com/stds/smrl/data/modules/machining_features/sys/4_info_reqs.htm#machining_features_arm.circular_path_feature_component
工程师（几何 / 工艺 / 公差）,圆形阵列,Circular_pattern,machining_features,ap242,0,https://www.steptools.com/stds/smrl/data/modules/machining_features/sys/4_info_reqs.htm#machining_features_arm.circular_pattern
工程师（几何 / 工艺 / 公差）,圆形跳动公差,Circular_runout_tolerance,geometric_tolerance,ap242,0,https://www.steptools.com/stds/smrl/data/modules/geometric_tolerance/sys/4_info_reqs.htm#geometric_tolerance_arm.circular_runout_tolerance
工程师（几何 / 工艺 / 公差）,类层次,Class_hierarchy,classification_with_attributes,ap242,0,https://www.steptools.com/stds/smrl/data/modules/classification_with_attributes/sys/4_info_reqs.htm#classification_with_attributes_arm.class_hierarchy
工程师（几何 / 工艺 / 公差）,类带属性,Class_with_attributes,classification_with_attributes,ap242,3,https://www.steptools.com/stds/smrl/data/modules/classification_with_attributes/sys/4_info_reqs.htm#classification_with_attributes_arm.class_with_attributes
工程师（几何 / 工艺 / 公差）,分类关联,Classification_association,classification_with_attributes,ap242,1,https://www.steptools.com/stds/smrl/data/modules/classification_with_attributes/sys/4_info_reqs.htm#classification_with_attributes_arm.classification_association
工程师（几何 / 工艺 / 公差）,分类属性,Classification_attribute,classification_with_attributes,ap242,0,https://www.steptools.com/stds/smrl/data/modules/classification_with_attributes/sys/4_info_reqs.htm#classification_with_attributes_arm.classification_attribute
工程师（几何 / 工艺 / 公差）,分类系统,Classification_system,classification_with_attributes,ap242,0,https://www.steptools.com/stds/smrl/data/modules/classification_with_attributes/sys/4_info_reqs.htm#classification_with_attributes_arm.classification_system
工程师（几何 / 工艺 / 公差）,裁剪运算符,Clipping_operator,camera_view_3d,ap242,1,https://www.steptools.com/stds/smrl/data/modules/camera_view_3d/sys/4_info_reqs.htm#camera_view_3d_arm.clipping_operator
工程师（几何 / 工艺 / 公差）,闭合组合曲线,Closed_composite_curve,basic_curve,ap242,1,https://www.steptools.com/stds/smrl/data/modules/basic_curve/sys/4_info_reqs.htm#basic_curve_arm.closed_composite_curve
工程师（几何 / 工艺 / 公差）,闭合轮廓,Closed_profile,machining_features,ap242,3,https://www.steptools.com/stds/smrl/data/modules/machining_features/sys/4_info_reqs.htm#machining_features_arm.closed_profile
工程师（几何 / 工艺 / 公差）,闭合壳,Closed_shell,advanced_boundary_representation,ap242,1,https://www.steptools.com/stds/smrl/data/modules/advanced_boundary_representation/sys/4_info_reqs.htm#advanced_boundary_representation_arm.closed_shell
工程师（几何 / 工艺 / 公差）,闭合槽,Closed_slot,machining_features,ap242,0,https://www.steptools.com/stds/smrl/data/modules/machining_features/sys/4_info_reqs.htm#machining_features_arm.closed_slot
工程师（几何 / 工艺 / 公差）,涂层层,Coating_layer,surface_conditions,ap242,2,https://www.steptools.com/stds/smrl/data/modules/surface_conditions/sys/4_info_reqs.htm#surface_conditions_arm.coating_layer
工程师（几何 / 工艺 / 公差）,同轴度公差,Coaxiality_tolerance,geometric_tolerance,ap242,0,https://www.steptools.com/stds/smrl/data/modules/geometric_tolerance/sys/4_info_reqs.htm#geometric_tolerance_arm.coaxiality_tolerance
工程师（几何 / 工艺 / 公差）,颜色,Colour,colour,ap242,3,https://www.steptools.com/stds/smrl/data/modules/colour/sys/4_info_reqs.htm#colour_arm.colour
工程师（几何 / 工艺 / 公差）,比较相等,Comparison_equal,numeric_expression,ap242,0,https://www.steptools.com/stds/smrl/data/modules/numeric_expression/sys/4_info_reqs.htm#numeric_expression_arm.comparison_equal
工程师（几何 / 工艺 / 公差）,比较表达式,Comparison_expression,numeric_expression,ap242,1,https://www.steptools.com/stds/smrl/data/modules/numeric_expression/sys/4_info_reqs.htm#numeric_expression_arm.comparison_expression
工程师（几何 / 工艺 / 公差）,比较大于,Comparison_greater,numeric_expression,ap242,0,https://www.steptools.com/stds/smrl/data/modules/numeric_expression/sys/4_info_reqs.htm#numeric_expression_arm.comparison_greater
工程师（几何 / 工艺 / 公差）,比较大于相等,Comparison_greater_equal,numeric_expression,ap242,0,https://www.steptools.com/stds/smrl/data/modules/numeric_expression/sys/4_info_reqs.htm#numeric_expression_arm.comparison_greater_equal
工程师（几何 / 工艺 / 公差）,比较小于,Comparison_less,numeric_expression,ap242,0,https://www.steptools.com/stds/smrl/data/modules/numeric_expression/sys/4_info_reqs.htm#numeric_expression_arm.comparison_less
工程师（几何 / 工艺 / 公差）,比较小于相等,Comparison_less_equal,numeric_expression,ap242,0,https://www.steptools.com/stds/smrl/data/modules/numeric_expression/sys/4_info_reqs.htm#numeric_expression_arm.comparison_less_equal
工程师（几何 / 工艺 / 公差）,比较非相等,Comparison_not_equal,numeric_expression,ap242,0,https://www.steptools.com/stds/smrl/data/modules/numeric_expression/sys/4_info_reqs.htm#numeric_expression_arm.comparison_not_equal
工程师（几何 / 工艺 / 公差）,完整圆形路径特征组件,Complete_circular_path_feature_component,machining_features,ap242,1,https://www.steptools.com/stds/smrl/data/modules/machining_features/sys/4_info_reqs.htm#machining_features_arm.complete_circular_path_feature_component
工程师（几何 / 工艺 / 公差）,复合三角剖分面,Complex_triangulated_face,tessellated_geometry,ap242,0,https://www.steptools.com/stds/smrl/data/modules/tessellated_geometry/sys/4_info_reqs.htm#tessellated_geometry_arm.complex_triangulated_face
工程师（几何 / 工艺 / 公差）,复合三角剖分曲面集合,Complex_triangulated_surface_set,tessellated_geometry,ap242,0,https://www.steptools.com/stds/smrl/data/modules/tessellated_geometry/sys/4_info_reqs.htm#tessellated_geometry_arm.complex_triangulated_surface_set
工程师（几何 / 工艺 / 公差）,组合曲线,Composite_curve,basic_curve,ap242,1,https://www.steptools.com/stds/smrl/data/modules/basic_curve/sys/4_info_reqs.htm#basic_curve_arm.composite_curve
工程师（几何 / 工艺 / 公差）,组合曲线段,Composite_curve_segment,basic_curve,ap242,0,https://www.steptools.com/stds/smrl/data/modules/basic_curve/sys/4_info_reqs.htm#basic_curve_arm.composite_curve_segment
工程师（几何 / 工艺 / 公差）,组合组形状元素,Composite_group_shape_element,shape_composition,ap242,0,https://www.steptools.com/stds/smrl/data/modules/shape_composition/sys/4_info_reqs.htm#shape_composition_arm.composite_group_shape_element
工程师（几何 / 工艺 / 公差）,组合可呈现文本,Composite_presentable_text,text_appearance,ap242,3,https://www.steptools.com/stds/smrl/data/modules/text_appearance/sys/4_info_reqs.htm#text_appearance_arm.composite_presentable_text
工程师（几何 / 工艺 / 公差）,组合形状元素,Composite_shape_element,shape_composition,ap242,0,https://www.steptools.com/stds/smrl/data/modules/shape_composition/sys/4_info_reqs.htm#shape_composition_arm.composite_shape_element
工程师（几何 / 工艺 / 公差）,组合单位形状元素,Composite_unit_shape_element,shape_composition,ap242,0,https://www.steptools.com/stds/smrl/data/modules/shape_composition/sys/4_info_reqs.htm#shape_composition_arm.composite_unit_shape_element
工程师（几何 / 工艺 / 公差）,复合特征,Compound_feature,machining_features,ap242,0,https://www.steptools.com/stds/smrl/data/modules/machining_features/sys/4_info_reqs.htm#machining_features_arm.compound_feature
工程师（几何 / 工艺 / 公差）,复合特征元素,Compound_feature_element,machining_features,ap242,0,https://www.steptools.com/stds/smrl/data/modules/machining_features/sys/4_info_reqs.htm#machining_features_arm.compound_feature_element
工程师（几何 / 工艺 / 公差）,复合特征关系,Compound_feature_relationship,machining_features,ap242,0,https://www.steptools.com/stds/smrl/data/modules/machining_features/sys/4_info_reqs.htm#machining_features_arm.compound_feature_relationship
工程师（几何 / 工艺 / 公差）,复合表示项,Compound_representation_item,basic_data_representation,ap242,0,https://www.steptools.com/stds/smrl/data/modules/basic_data_representation/sys/4_info_reqs.htm#basic_data_representation_arm.compound_representation_item
工程师（几何 / 工艺 / 公差）,复合形状表示,Compound_shape_representation,compound_shape_representation,ap242,0,https://www.steptools.com/stds/smrl/data/modules/compound_shape_representation/sys/4_info_reqs.htm#compound_shape_representation_arm.compound_shape_representation
工程师（几何 / 工艺 / 公差）,连接表达式,Concat_expression,expression,ap242,1,https://www.steptools.com/stds/smrl/data/modules/expression/sys/4_info_reqs.htm#expression_arm.concat_expression
工程师（几何 / 工艺 / 公差）,同轴度公差,Concentricity_tolerance,geometric_tolerance,ap242,0,https://www.steptools.com/stds/smrl/data/modules/geometric_tolerance/sys/4_info_reqs.htm#geometric_tolerance_arm.concentricity_tolerance
工程师（几何 / 工艺 / 公差）,电导数据元素,Conductance_data_element,value_with_unit_extension,ap242,0,https://www.steptools.com/stds/smrl/data/modules/value_with_unit_extension/sys/4_info_reqs.htm#value_with_unit_extension_arm.conductance_data_element
工程师（几何 / 工艺 / 公差）,二次曲线,Conic,basic_geometry,ap242,0,https://www.steptools.com/stds/smrl/data/modules/basic_geometry/sys/4_info_reqs.htm#basic_geometry_arm.conic
工程师（几何 / 工艺 / 公差）,圆锥面孔底部,Conical_hole_bottom,machining_features,ap242,0,https://www.steptools.com/stds/smrl/data/modules/machining_features/sys/4_info_reqs.htm#machining_features_arm.conical_hole_bottom
工程师（几何 / 工艺 / 公差）,圆锥面曲面,Conical_surface,basic_geometry,ap242,0,https://www.steptools.com/stds/smrl/data/modules/basic_geometry/sys/4_info_reqs.htm#basic_geometry_arm.conical_surface
工程师（几何 / 工艺 / 公差）,连接边集合,Connected_edge_set,elemental_topology,ap242,1,https://www.steptools.com/stds/smrl/data/modules/elemental_topology/sys/4_info_reqs.htm#elemental_topology_arm.connected_edge_set
工程师（几何 / 工艺 / 公差）,连接边子集合,Connected_edge_sub_set,elemental_topology,ap242,0,https://www.steptools.com/stds/smrl/data/modules/elemental_topology/sys/4_info_reqs.htm#elemental_topology_arm.connected_edge_sub_set
工程师（几何 / 工艺 / 公差）,连接面集合,Connected_face_set,elemental_topology,ap242,4,https://www.steptools.com/stds/smrl/data/modules/elemental_topology/sys/4_info_reqs.htm#elemental_topology_arm.connected_face_set
工程师（几何 / 工艺 / 公差）,连接面子集合,Connected_face_sub_set,elemental_topology,ap242,0,https://www.steptools.com/stds/smrl/data/modules/elemental_topology/sys/4_info_reqs.htm#elemental_topology_arm.connected_face_sub_set
工程师（几何 / 工艺 / 公差）,连接区域,Connection_zone,feature_and_connection_zone,ap242,1,https://www.steptools.com/stds/smrl/data/modules/feature_and_connection_zone/sys/4_info_reqs.htm#feature_and_connection_zone_arm.connection_zone
工程师（几何 / 工艺 / 公差）,常量半径边圆,Constant_radius_edge_round,machining_features,ap242,0,https://www.steptools.com/stds/smrl/data/modules/machining_features/sys/4_info_reqs.htm#machining_features_arm.constant_radius_edge_round
工程师（几何 / 工艺 / 公差）,常量半径圆角,Constant_radius_fillet,machining_features,ap242,0,https://www.steptools.com/stds/smrl/data/modules/machining_features/sys/4_info_reqs.htm#machining_features_arm.constant_radius_fillet
工程师（几何 / 工艺 / 公差）,构造几何,Constructive_geometry,construction_geometry,ap242,3,https://www.steptools.com/stds/smrl/data/modules/construction_geometry/sys/4_info_reqs.htm#construction_geometry_arm.constructive_geometry
工程师（几何 / 工艺 / 公差）,构造几何关联,Constructive_geometry_association,construction_geometry,ap242,0,https://www.steptools.com/stds/smrl/data/modules/construction_geometry/sys/4_info_reqs.htm#construction_geometry_arm.constructive_geometry_association
工程师（几何 / 工艺 / 公差）,接触比,Contact_ratio,surface_conditions,ap242,0,https://www.steptools.com/stds/smrl/data/modules/surface_conditions/sys/4_info_reqs.htm#surface_conditions_arm.contact_ratio
工程师（几何 / 工艺 / 公差）,接触特征,Contacting_feature,datum_and_datum_systems,ap242,0,https://www.steptools.com/stds/smrl/data/modules/datum_and_datum_systems/sys/4_info_reqs.htm#datum_and_datum_systems_arm.contacting_feature
工程师（几何 / 工艺 / 公差）,上下文相关外观赋值,Context_dependent_appearance_assignment,appearance_assignment,ap242,0,https://www.steptools.com/stds/smrl/data/modules/appearance_assignment/sys/4_info_reqs.htm#appearance_assignment_arm.context_dependent_appearance_assignment
工程师（几何 / 工艺 / 公差）,上下文相关运动学链接表示,Context_dependent_kinematic_link_representation,kinematic_structure,ap242,0,https://www.steptools.com/stds/smrl/data/modules/kinematic_structure/sys/4_info_reqs.htm#kinematic_structure_arm.context_dependent_kinematic_link_representation
工程师（几何 / 工艺 / 公差）,上下文相关覆盖啮合带样式元素,Context_dependent_over_riding_styled_element,appearance_assignment,ap242,0,https://www.steptools.com/stds/smrl/data/modules/appearance_assignment/sys/4_info_reqs.htm#appearance_assignment_arm.context_dependent_over_riding_styled_element
工程师（几何 / 工艺 / 公差）,上下文相关单位,Context_dependent_unit,value_with_unit,ap242,1,https://www.steptools.com/stds/smrl/data/modules/value_with_unit/sys/4_info_reqs.htm#value_with_unit_arm.context_dependent_unit
工程师（几何 / 工艺 / 公差）,上下文形状表示,Contextual_shape_representation,contextual_shape_positioning,ap242,0,https://www.steptools.com/stds/smrl/data/modules/contextual_shape_positioning/sys/4_info_reqs.htm#contextual_shape_positioning_arm.contextual_shape_representation
工程师（几何 / 工艺 / 公差）,连续形状元素,Continuous_shape_element,geometric_tolerance,ap242,0,https://www.steptools.com/stds/smrl/data/modules/geometric_tolerance/sys/4_info_reqs.htm#geometric_tolerance_arm.continuous_shape_element
工程师（几何 / 工艺 / 公差）,控制网格外观,Control_grid_appearance,general_surface_appearance,ap242,0,https://www.steptools.com/stds/smrl/data/modules/general_surface_appearance/sys/4_info_reqs.htm#general_surface_appearance_arm.control_grid_appearance
工程师（几何 / 工艺 / 公差）,转换基于单位,Conversion_based_unit,value_with_unit,ap242,1,https://www.steptools.com/stds/smrl/data/modules/value_with_unit/sys/4_info_reqs.htm#value_with_unit_arm.conversion_based_unit
工程师（几何 / 工艺 / 公差）,凸六面体,Convex_hexahedron,primitive_solids,ap242,0,https://www.steptools.com/stds/smrl/data/modules/primitive_solids/sys/4_info_reqs.htm#primitive_solids_arm.convex_hexahedron
工程师（几何 / 工艺 / 公差）,坐标列表,Coordinates_list,tessellated_geometry,ap242,2,https://www.steptools.com/stds/smrl/data/modules/tessellated_geometry/sys/4_info_reqs.htm#tessellated_geometry_arm.coordinates_list
工程师（几何 / 工艺 / 公差）,相关属性,Correlated_property,characteristic,ap242,0,https://www.steptools.com/stds/smrl/data/modules/characteristic/sys/4_info_reqs.htm#characteristic_arm.correlated_property
工程师（几何 / 工艺 / 公差）,余弦函数,Cos_function,elementary_function,ap242,0,https://www.steptools.com/stds/smrl/data/modules/elementary_function/sys/4_info_reqs.htm#elementary_function_arm.cos_function
工程师（几何 / 工艺 / 公差）,沉孔孔,Counterbore_hole,machining_features,ap242,0,https://www.steptools.com/stds/smrl/data/modules/machining_features/sys/4_info_reqs.htm#machining_features_arm.counterbore_hole
工程师（几何 / 工艺 / 公差）,锥形沉孔孔,Countersunk_hole,machining_features,ap242,0,https://www.steptools.com/stds/smrl/data/modules/machining_features/sys/4_info_reqs.htm#machining_features_arm.countersunk_hole
工程师（几何 / 工艺 / 公差）,构造实体几何实体,Csg_solid,primitive_solids,ap242,0,https://www.steptools.com/stds/smrl/data/modules/primitive_solids/sys/4_info_reqs.htm#primitive_solids_arm.csg_solid
工程师（几何 / 工艺 / 公差）,三次贝塞尔镶嵌边,Cubic_bezier_tessellated_edge,tessellated_geometry,ap242,0,https://www.steptools.com/stds/smrl/data/modules/tessellated_geometry/sys/4_info_reqs.htm#tessellated_geometry_arm.cubic_bezier_tessellated_edge
工程师（几何 / 工艺 / 公差）,三次贝塞尔三角剖分面,Cubic_bezier_triangulated_face,tessellated_geometry,ap242,0,https://www.steptools.com/stds/smrl/data/modules/tessellated_geometry/sys/4_info_reqs.htm#tessellated_geometry_arm.cubic_bezier_triangulated_face
工程师（几何 / 工艺 / 公差）,三次镶嵌连接边,Cubic_tessellated_connecting_edge,tessellated_geometry,ap242,0,https://www.steptools.com/stds/smrl/data/modules/tessellated_geometry/sys/4_info_reqs.htm#tessellated_geometry_arm.cubic_tessellated_connecting_edge
工程师（几何 / 工艺 / 公差）,曲线,Curve,basic_geometry,ap242,16,https://www.steptools.com/stds/smrl/data/modules/basic_geometry/sys/4_info_reqs.htm#basic_geometry_arm.curve
工程师（几何 / 工艺 / 公差）,曲线外观,Curve_appearance,curve_appearance,ap242,1,https://www.steptools.com/stds/smrl/data/modules/curve_appearance/sys/4_info_reqs.htm#curve_appearance_arm.curve_appearance
工程师（几何 / 工艺 / 公差）,曲线基于路径,Curve_based_path,kinematic_motion_representation,ap242,0,https://www.steptools.com/stds/smrl/data/modules/kinematic_motion_representation/sys/4_info_reqs.htm#kinematic_motion_representation_arm.curve_based_path
工程师（几何 / 工艺 / 公差）,曲线基于路径带定向,Curve_based_path_with_orientation,kinematic_motion_representation,ap242,0,https://www.steptools.com/stds/smrl/data/modules/kinematic_motion_representation/sys/4_info_reqs.htm#kinematic_motion_representation_arm.curve_based_path_with_orientation
工程师（几何 / 工艺 / 公差）,曲线基于路径带定向与参数,Curve_based_path_with_orientation_and_parameters,kinematic_motion_representation,ap242,0,https://www.steptools.com/stds/smrl/data/modules/kinematic_motion_representation/sys/4_info_reqs.htm#kinematic_motion_representation_arm.curve_based_path_with_orientation_and_parameters
工程师（几何 / 工艺 / 公差）,曲线有界曲面,Curve_bounded_surface,geometrically_bounded_surface,ap242,0,https://www.steptools.com/stds/smrl/data/modules/geometrically_bounded_surface/sys/4_info_reqs.htm#geometrically_bounded_surface_arm.curve_bounded_surface
工程师（几何 / 工艺 / 公差）,曲线字体,Curve_font,styled_curve,ap242,0,https://www.steptools.com/stds/smrl/data/modules/styled_curve/sys/4_info_reqs.htm#styled_curve_arm.curve_font
工程师（几何 / 工艺 / 公差）,曲线字体阵列,Curve_font_pattern,styled_curve,ap242,0,https://www.steptools.com/stds/smrl/data/modules/styled_curve/sys/4_info_reqs.htm#styled_curve_arm.curve_font_pattern
工程师（几何 / 工艺 / 公差）,曲线扫掠实体,Curve_swept_solid,curve_swept_solid,ap242,0,https://www.steptools.com/stds/smrl/data/modules/curve_swept_solid/sys/4_info_reqs.htm#curve_swept_solid_arm.curve_swept_solid
工程师（几何 / 工艺 / 公差）,曲线带显式节点,Curve_with_explicit_knots,b_spline_geometry,ap242,0,https://www.steptools.com/stds/smrl/data/modules/b_spline_geometry/sys/4_info_reqs.htm#b_spline_geometry_arm.curve_with_explicit_knots
工程师（几何 / 工艺 / 公差）,曲线带隐式节点,Curve_with_implicit_knots,b_spline_geometry,ap242,0,https://www.steptools.com/stds/smrl/data/modules/b_spline_geometry/sys/4_info_reqs.htm#b_spline_geometry_arm.curve_with_implicit_knots
工程师（几何 / 工艺 / 公差）,曲线距离,Curved_distance,dimension_tolerance,ap242,0,https://www.steptools.com/stds/smrl/data/modules/dimension_tolerance/sys/4_info_reqs.htm#dimension_tolerance_arm.curved_distance
工程师（几何 / 工艺 / 公差）,曲线尺寸,Curved_size,dimension_tolerance,ap242,0,https://www.steptools.com/stds/smrl/data/modules/dimension_tolerance/sys/4_info_reqs.htm#dimension_tolerance_arm.curved_size
工程师（几何 / 工艺 / 公差）,切口特征,Cutout_feature,machining_features,ap242,0,https://www.steptools.com/stds/smrl/data/modules/machining_features/sys/4_info_reqs.htm#machining_features_arm.cutout_feature
工程师（几何 / 工艺 / 公差）,圆环曲面段实体,Cyclide_segment_solid,primitive_solids,ap242,0,https://www.steptools.com/stds/smrl/data/modules/primitive_solids/sys/4_info_reqs.htm#primitive_solids_arm.cyclide_segment_solid
工程师（几何 / 工艺 / 公差）,圆柱副,Cylindrical_pair,kinematic_structure,ap242,0,https://www.steptools.com/stds/smrl/data/modules/kinematic_structure/sys/4_info_reqs.htm#kinematic_structure_arm.cylindrical_pair
工程师（几何 / 工艺 / 公差）,圆柱副值,Cylindrical_pair_value,kinematic_state,ap242,0,https://www.steptools.com/stds/smrl/data/modules/kinematic_state/sys/4_info_reqs.htm#kinematic_state_arm.cylindrical_pair_value
工程师（几何 / 工艺 / 公差）,圆柱副带范围,Cylindrical_pair_with_range,kinematic_structure,ap242,0,https://www.steptools.com/stds/smrl/data/modules/kinematic_structure/sys/4_info_reqs.htm#kinematic_structure_arm.cylindrical_pair_with_range
工程师（几何 / 工艺 / 公差）,圆柱点,Cylindrical_point,basic_geometry,ap242,0,https://www.steptools.com/stds/smrl/data/modules/basic_geometry/sys/4_info_reqs.htm#basic_geometry_arm.cylindrical_point
工程师（几何 / 工艺 / 公差）,圆柱曲面,Cylindrical_surface,basic_geometry,ap242,0,https://www.steptools.com/stds/smrl/data/modules/basic_geometry/sys/4_info_reqs.htm#basic_geometry_arm.cylindrical_surface
工程师（几何 / 工艺 / 公差）,圆柱度公差,Cylindricity_tolerance,geometric_tolerance,ap242,0,https://www.steptools.com/stds/smrl/data/modules/geometric_tolerance/sys/4_info_reqs.htm#geometric_tolerance_arm.cylindricity_tolerance
工程师（几何 / 工艺 / 公差）,数据环境,Data_environment,generic_material_aspects,ap242,0,https://www.steptools.com/stds/smrl/data/modules/generic_material_aspects/sys/4_info_reqs.htm#generic_material_aspects_arm.data_environment
工程师（几何 / 工艺 / 公差）,日期时间表示项,Date_time_representation_item,basic_data_representation,ap242,0,https://www.steptools.com/stds/smrl/data/modules/basic_data_representation/sys/4_info_reqs.htm#basic_data_representation_arm.date_time_representation_item
工程师（几何 / 工艺 / 公差）,注明日期配置,Dated_configuration,manufacturing_configuration_effectivity,ap242,0,https://www.steptools.com/stds/smrl/data/modules/manufacturing_configuration_effectivity/sys/4_info_reqs.htm#manufacturing_configuration_effectivity_arm.dated_configuration
工程师（几何 / 工艺 / 公差）,基准,Datum,datum_and_datum_systems,ap242,2,https://www.steptools.com/stds/smrl/data/modules/datum_and_datum_systems/sys/4_info_reqs.htm#datum_and_datum_systems_arm.datum
工程师（几何 / 工艺 / 公差）,基准特征,Datum_feature,datum_and_datum_systems,ap242,0,https://www.steptools.com/stds/smrl/data/modules/datum_and_datum_systems/sys/4_info_reqs.htm#datum_and_datum_systems_arm.datum_feature
工程师（几何 / 工艺 / 公差）,基准特征注记,Datum_feature_callout,draughting_element_specialisations,ap242,0,https://www.steptools.com/stds/smrl/data/modules/draughting_element_specialisations/sys/4_info_reqs.htm#draughting_element_specialisations_arm.datum_feature_callout
工程师（几何 / 工艺 / 公差）,基准引用格,Datum_reference_compartment,datum_and_datum_systems,ap242,1,https://www.steptools.com/stds/smrl/data/modules/datum_and_datum_systems/sys/4_info_reqs.htm#datum_and_datum_systems_arm.datum_reference_compartment
工程师（几何 / 工艺 / 公差）,基准引用元素,Datum_reference_element,datum_and_datum_systems,ap242,0,https://www.steptools.com/stds/smrl/data/modules/datum_and_datum_systems/sys/4_info_reqs.htm#datum_and_datum_systems_arm.datum_reference_element
工程师（几何 / 工艺 / 公差）,基准引用修饰符带值,Datum_reference_modifier_with_value,datum_and_datum_systems,ap242,0,https://www.steptools.com/stds/smrl/data/modules/datum_and_datum_systems/sys/4_info_reqs.htm#datum_and_datum_systems_arm.datum_reference_modifier_with_value
工程师（几何 / 工艺 / 公差）,基准系统,Datum_system,datum_and_datum_systems,ap242,14,https://www.steptools.com/stds/smrl/data/modules/datum_and_datum_systems/sys/4_info_reqs.htm#datum_and_datum_systems_arm.datum_system
工程师（几何 / 工艺 / 公差）,基准系统带关联模型坐标系统,Datum_system_with_associated_model_coordinate_system,datum_and_datum_systems,ap242,1,https://www.steptools.com/stds/smrl/data/modules/datum_and_datum_systems/sys/4_info_reqs.htm#datum_and_datum_systems_arm.datum_system_with_associated_model_coordinate_system
工程师（几何 / 工艺 / 公差）,基准目标,Datum_target,datum_and_datum_systems,ap242,0,https://www.steptools.com/stds/smrl/data/modules/datum_and_datum_systems/sys/4_info_reqs.htm#datum_and_datum_systems_arm.datum_target
工程师（几何 / 工艺 / 公差）,基准目标注记,Datum_target_callout,draughting_element_specialisations,ap242,0,https://www.steptools.com/stds/smrl/data/modules/draughting_element_specialisations/sys/4_info_reqs.htm#draughting_element_specialisations_arm.datum_target_callout
工程师（几何 / 工艺 / 公差）,默认倒角,Default_chamfer,default_setting_association,ap242,0,https://www.steptools.com/stds/smrl/data/modules/default_setting_association/sys/4_info_reqs.htm#default_setting_association_arm.default_chamfer
工程师（几何 / 工艺 / 公差）,默认边圆,Default_edge_round,default_setting_association,ap242,0,https://www.steptools.com/stds/smrl/data/modules/default_setting_association/sys/4_info_reqs.htm#default_setting_association_arm.default_edge_round
工程师（几何 / 工艺 / 公差）,默认圆角,Default_fillet,default_setting_association,ap242,0,https://www.steptools.com/stds/smrl/data/modules/default_setting_association/sys/4_info_reqs.htm#default_setting_association_arm.default_fillet
工程师（几何 / 工艺 / 公差）,默认模型几何视图,Default_model_geometric_view,mechanical_design_presentation_representation_with_draughting,ap242,1,https://www.steptools.com/stds/smrl/data/modules/mechanical_design_presentation_representation_with_draughting/sys/4_info_reqs.htm#mechanical_design_presentation_representation_with_draughting_arm.default_model_geometric_view
工程师（几何 / 工艺 / 公差）,默认形状属性,Default_shape_property,default_setting_association,ap242,0,https://www.steptools.com/stds/smrl/data/modules/default_setting_association/sys/4_info_reqs.htm#default_setting_association_arm.default_shape_property
工程师（几何 / 工艺 / 公差）,定义字符字形,Defined_character_glyph,text_appearance,ap242,3,https://www.steptools.com/stds/smrl/data/modules/text_appearance/sys/4_info_reqs.htm#text_appearance_arm.defined_character_glyph
工程师（几何 / 工艺 / 公差）,定义函数,Defined_function,numeric_expression,ap242,0,https://www.steptools.com/stds/smrl/data/modules/numeric_expression/sys/4_info_reqs.htm#numeric_expression_arm.defined_function
工程师（几何 / 工艺 / 公差）,定义齿轮,Defined_gear,machining_features,ap242,0,https://www.steptools.com/stds/smrl/data/modules/machining_features/sys/4_info_reqs.htm#machining_features_arm.defined_gear
工程师（几何 / 工艺 / 公差）,定义标记,Defined_marking,machining_features,ap242,0,https://www.steptools.com/stds/smrl/data/modules/machining_features/sys/4_info_reqs.htm#machining_features_arm.defined_marking
工程师（几何 / 工艺 / 公差）,定义螺纹,Defined_thread,machining_features,ap242,0,https://www.steptools.com/stds/smrl/data/modules/machining_features/sys/4_info_reqs.htm#machining_features_arm.defined_thread
工程师（几何 / 工艺 / 公差）,定义性零件视图用法,Definitional_part_view_usage,part_definition_relationship,ap242,0,https://www.steptools.com/stds/smrl/data/modules/part_definition_relationship/sys/4_info_reqs.htm#part_definition_relationship_arm.definitional_part_view_usage
工程师（几何 / 工艺 / 公差）,定义性表示,Definitional_representation,parametric_representation,ap242,1,https://www.steptools.com/stds/smrl/data/modules/parametric_representation/sys/4_info_reqs.htm#parametric_representation_arm.definitional_representation
工程师（几何 / 工艺 / 公差）,定义性表示关系,Definitional_representation_relationship,geometric_model_relationship,ap242,0,https://www.steptools.com/stds/smrl/data/modules/geometric_model_relationship/sys/4_info_reqs.htm#geometric_model_relationship_arm.definitional_representation_relationship
工程师（几何 / 工艺 / 公差）,退化参数曲线,Degenerate_pcurve,basic_geometry,ap242,0,https://www.steptools.com/stds/smrl/data/modules/basic_geometry/sys/4_info_reqs.htm#basic_geometry_arm.degenerate_pcurve
工程师（几何 / 工艺 / 公差）,派生形状元素,Derived_shape_element,derived_shape_element,ap242,0,https://www.steptools.com/stds/smrl/data/modules/derived_shape_element/sys/4_info_reqs.htm#derived_shape_element_arm.derived_shape_element
工程师（几何 / 工艺 / 公差）,派生单位,Derived_unit,value_with_unit,ap242,1,https://www.steptools.com/stds/smrl/data/modules/value_with_unit/sys/4_info_reqs.htm#value_with_unit_arm.derived_unit
工程师（几何 / 工艺 / 公差）,派生单位元素,Derived_unit_element,value_with_unit,ap242,0,https://www.steptools.com/stds/smrl/data/modules/value_with_unit/sys/4_info_reqs.htm#value_with_unit_arm.derived_unit_element
工程师（几何 / 工艺 / 公差）,设计约束上下文关联,Design_constraint_context_association,specification_control,ap242,0,https://www.steptools.com/stds/smrl/data/modules/specification_control/sys/4_info_reqs.htm#specification_control_arm.design_constraint_context_association
工程师（几何 / 工艺 / 公差）,详细几何模型元素,Detailed_geometric_model_element,elemental_geometric_shape,ap242,5,https://www.steptools.com/stds/smrl/data/modules/elemental_geometric_shape/sys/4_info_reqs.htm#elemental_geometric_shape_arm.detailed_geometric_model_element
工程师（几何 / 工艺 / 公差）,详细几何模型元素关系,Detailed_geometric_model_element_relationship,extended_basic_geometry,ap242,0,https://www.steptools.com/stds/smrl/data/modules/extended_basic_geometry/sys/4_info_reqs.htm#extended_basic_geometry_arm.detailed_geometric_model_element_relationship
工程师（几何 / 工艺 / 公差）,详细拓扑模型元素,Detailed_topological_model_element,elemental_topology,ap242,3,https://www.steptools.com/stds/smrl/data/modules/elemental_topology/sys/4_info_reqs.htm#elemental_topology_arm.detailed_topological_model_element
工程师（几何 / 工艺 / 公差）,对角滚花,Diagonal_knurl,machining_features,ap242,0,https://www.steptools.com/stds/smrl/data/modules/machining_features/sys/4_info_reqs.htm#machining_features_arm.diagonal_knurl
工程师（几何 / 工艺 / 公差）,直径尺寸,Diameter_size,dimension_tolerance,ap242,0,https://www.steptools.com/stds/smrl/data/modules/dimension_tolerance/sys/4_info_reqs.htm#dimension_tolerance_arm.diameter_size
工程师（几何 / 工艺 / 公差）,直径锥度,Diameter_taper,machining_features,ap242,0,https://www.steptools.com/stds/smrl/data/modules/machining_features/sys/4_info_reqs.htm#machining_features_arm.diameter_taper
工程师（几何 / 工艺 / 公差）,菱形滚花,Diamond_knurl,machining_features,ap242,0,https://www.steptools.com/stds/smrl/data/modules/machining_features/sys/4_info_reqs.htm#machining_features_arm.diamond_knurl
工程师（几何 / 工艺 / 公差）,介电常量数据元素,Dielectric_constant_data_element,value_with_unit_extension,ap242,0,https://www.steptools.com/stds/smrl/data/modules/value_with_unit_extension/sys/4_info_reqs.htm#value_with_unit_extension_arm.dielectric_constant_data_element
工程师（几何 / 工艺 / 公差）,尺寸,Dimension,draughting_element_specialisations,ap242,0,https://www.steptools.com/stds/smrl/data/modules/draughting_element_specialisations/sys/4_info_reqs.htm#draughting_element_specialisations_arm.dimension
工程师（几何 / 工艺 / 公差）,尺寸注记,Dimension_callout,draughting_element_specialisations,ap242,0,https://www.steptools.com/stds/smrl/data/modules/draughting_element_specialisations/sys/4_info_reqs.htm#draughting_element_specialisations_arm.dimension_callout
工程师（几何 / 工艺 / 公差）,尺寸注记关系,Dimension_callout_relationship,draughting_element_specialisations,ap242,0,https://www.steptools.com/stds/smrl/data/modules/draughting_element_specialisations/sys/4_info_reqs.htm#draughting_element_specialisations_arm.dimension_callout_relationship
工程师（几何 / 工艺 / 公差）,尺寸曲线,Dimension_curve,draughting_element,ap242,1,https://www.steptools.com/stds/smrl/data/modules/draughting_element/sys/4_info_reqs.htm#draughting_element_arm.dimension_curve
工程师（几何 / 工艺 / 公差）,尺寸曲线有向注记,Dimension_curve_directed_callout,draughting_element,ap242,0,https://www.steptools.com/stds/smrl/data/modules/draughting_element/sys/4_info_reqs.htm#draughting_element_arm.dimension_curve_directed_callout
工程师（几何 / 工艺 / 公差）,尺寸曲线终止符,Dimension_curve_terminator,draughting_annotation,ap242,0,https://www.steptools.com/stds/smrl/data/modules/draughting_annotation/sys/4_info_reqs.htm#draughting_annotation_arm.dimension_curve_terminator
工程师（几何 / 工艺 / 公差）,尺寸曲线终止符到投影曲线关联性,Dimension_curve_terminator_to_projection_curve_associativity,dimension_and_tolerance_callouts,ap242,0,https://www.steptools.com/stds/smrl/data/modules/dimension_and_tolerance_callouts/sys/4_info_reqs.htm#dimension_and_tolerance_callouts_arm.dimension_curve_terminator_to_projection_curve_associativity
工程师（几何 / 工艺 / 公差）,尺寸前缀,Dimension_prefix,draughting_element_specialisations,ap242,1,https://www.steptools.com/stds/smrl/data/modules/draughting_element_specialisations/sys/4_info_reqs.htm#draughting_element_specialisations_arm.dimension_prefix
工程师（几何 / 工艺 / 公差）,尺寸序列副,Dimension_sequence_pair,draughting_element_specialisations,ap242,0,https://www.steptools.com/stds/smrl/data/modules/draughting_element_specialisations/sys/4_info_reqs.htm#draughting_element_specialisations_arm.dimension_sequence_pair
工程师（几何 / 工艺 / 公差）,尺寸后缀,Dimension_suffix,draughting_element_specialisations,ap242,1,https://www.steptools.com/stds/smrl/data/modules/draughting_element_specialisations/sys/4_info_reqs.htm#draughting_element_specialisations_arm.dimension_suffix
工程师（几何 / 工艺 / 公差）,尺寸符号,Dimension_symbol,draughting_annotation,ap242,0,https://www.steptools.com/stds/smrl/data/modules/draughting_annotation/sys/4_info_reqs.htm#draughting_annotation_arm.dimension_symbol
工程师（几何 / 工艺 / 公差）,尺寸文本,Dimension_text,associative_text,ap242,5,https://www.steptools.com/stds/smrl/data/modules/associative_text/sys/4_info_reqs.htm#associative_text_arm.dimension_text
工程师（几何 / 工艺 / 公差）,尺寸值,Dimension_value,draughting_element_specialisations,ap242,0,https://www.steptools.com/stds/smrl/data/modules/draughting_element_specialisations/sys/4_info_reqs.htm#draughting_element_specialisations_arm.dimension_value
工程师（几何 / 工艺 / 公差）,尺寸值带限制,Dimension_value_with_limitation,dimension_tolerance,ap242,0,https://www.steptools.com/stds/smrl/data/modules/dimension_tolerance/sys/4_info_reqs.htm#dimension_tolerance_arm.dimension_value_with_limitation
工程师（几何 / 工艺 / 公差）,尺寸位置,Dimensional_location,dimension_tolerance,ap242,4,https://www.steptools.com/stds/smrl/data/modules/dimension_tolerance/sys/4_info_reqs.htm#dimension_tolerance_arm.dimensional_location
工程师（几何 / 工艺 / 公差）,尺寸位置带基准特征,Dimensional_location_with_datum_feature,dimension_tolerance,ap242,1,https://www.steptools.com/stds/smrl/data/modules/dimension_tolerance/sys/4_info_reqs.htm#dimension_tolerance_arm.dimensional_location_with_datum_feature
工程师（几何 / 工艺 / 公差）,尺寸尺寸,Dimensional_size,dimension_tolerance,ap242,4,https://www.steptools.com/stds/smrl/data/modules/dimension_tolerance/sys/4_info_reqs.htm#dimension_tolerance_arm.dimensional_size
工程师（几何 / 工艺 / 公差）,尺寸尺寸带基准特征,Dimensional_size_with_datum_feature,dimension_tolerance,ap242,1,https://www.steptools.com/stds/smrl/data/modules/dimension_tolerance/sys/4_info_reqs.htm#dimension_tolerance_arm.dimensional_size_with_datum_feature
工程师（几何 / 工艺 / 公差）,有向或有向公差区域,Directed_or_oriented_tolerance_zone,geometric_tolerance,ap242,6,https://www.steptools.com/stds/smrl/data/modules/geometric_tolerance/sys/4_info_reqs.htm#geometric_tolerance_arm.directed_or_oriented_tolerance_zone
工程师（几何 / 工艺 / 公差）,有向锥度,Directed_taper,machining_features,ap242,0,https://www.steptools.com/stds/smrl/data/modules/machining_features/sys/4_info_reqs.htm#machining_features_arm.directed_taper
工程师（几何 / 工艺 / 公差）,有向公差区域,Directed_tolerance_zone,geometric_tolerance,ap242,0,https://www.steptools.com/stds/smrl/data/modules/geometric_tolerance/sys/4_info_reqs.htm#geometric_tolerance_arm.directed_tolerance_zone
工程师（几何 / 工艺 / 公差）,方向,Direction,elemental_geometric_shape,ap242,38,https://www.steptools.com/stds/smrl/data/modules/elemental_geometric_shape/sys/4_info_reqs.htm#elemental_geometric_shape_arm.direction
工程师（几何 / 工艺 / 公差）,方向元素,Direction_element,machining_features,ap242,10,https://www.steptools.com/stds/smrl/data/modules/machining_features/sys/4_info_reqs.htm#machining_features_arm.direction_element
工程师（几何 / 工艺 / 公差）,整除表达式,Div_expression,numeric_expression,ap242,0,https://www.steptools.com/stds/smrl/data/modules/numeric_expression/sys/4_info_reqs.htm#numeric_expression_arm.div_expression
工程师（几何 / 工艺 / 公差）,文档属性表示,Document_property_representation,document_properties,ap242,2,https://www.steptools.com/stds/smrl/data/modules/document_properties/sys/4_info_reqs.htm#document_properties_arm.document_property_representation
工程师（几何 / 工艺 / 公差）,剂量等效数据元素,Dose_equivalent_data_element,value_with_unit_extension,ap242,0,https://www.steptools.com/stds/smrl/data/modules/value_with_unit_extension/sys/4_info_reqs.htm#value_with_unit_extension_arm.dose_equivalent_data_element
工程师（几何 / 工艺 / 公差）,制图注记,Draughting_callout,draughting_element,ap242,5,https://www.steptools.com/stds/smrl/data/modules/draughting_element/sys/4_info_reqs.htm#draughting_element_arm.draughting_callout
工程师（几何 / 工艺 / 公差）,制图元素,Draughting_element,draughting_element_specialisations,ap242,0,https://www.steptools.com/stds/smrl/data/modules/draughting_element_specialisations/sys/4_info_reqs.htm#draughting_element_specialisations_arm.draughting_element
工程师（几何 / 工艺 / 公差）,制图模型,Draughting_model,associative_draughting_elements,ap242,2,https://www.steptools.com/stds/smrl/data/modules/associative_draughting_elements/sys/4_info_reqs.htm#associative_draughting_elements_arm.draughting_model
工程师（几何 / 工艺 / 公差）,制图模型项关联,Draughting_model_item_association,associative_draughting_elements,ap242,0,https://www.steptools.com/stds/smrl/data/modules/associative_draughting_elements/sys/4_info_reqs.htm#associative_draughting_elements_arm.draughting_model_item_association
工程师（几何 / 工艺 / 公差）,制图模型项关联带占位符,Draughting_model_item_association_with_placeholder,dimension_and_tolerance_callouts,ap242,0,https://www.steptools.com/stds/smrl/data/modules/dimension_and_tolerance_callouts/sys/4_info_reqs.htm#dimension_and_tolerance_callouts_arm.draughting_model_item_association_with_placeholder
工程师（几何 / 工艺 / 公差）,制图预定义文本字体,Draughting_pre_defined_text_font,text_appearance,ap242,0,https://www.steptools.com/stds/smrl/data/modules/text_appearance/sys/4_info_reqs.htm#text_appearance_arm.draughting_pre_defined_text_font
工程师（几何 / 工艺 / 公差）,持续时间,Duration,value_with_unit,ap242,11,https://www.steptools.com/stds/smrl/data/modules/value_with_unit/sys/4_info_reqs.htm#value_with_unit_arm.duration
工程师（几何 / 工艺 / 公差）,偏心圆锥,Eccentric_cone,primitive_solids,ap242,0,https://www.steptools.com/stds/smrl/data/modules/primitive_solids/sys/4_info_reqs.htm#primitive_solids_arm.eccentric_cone
工程师（几何 / 工艺 / 公差）,边,Edge,elemental_topology,ap242,1,https://www.steptools.com/stds/smrl/data/modules/elemental_topology/sys/4_info_reqs.htm#elemental_topology_arm.edge
工程师（几何 / 工艺 / 公差）,边基于线框形状表示,Edge_based_wireframe_shape_representation,edge_based_wireframe,ap242,1,https://www.steptools.com/stds/smrl/data/modules/edge_based_wireframe/sys/4_info_reqs.htm#edge_based_wireframe_arm.edge_based_wireframe_shape_representation
工程师（几何 / 工艺 / 公差）,边曲线,Edge_curve,basic_geometric_topology,ap242,3,https://www.steptools.com/stds/smrl/data/modules/basic_geometric_topology/sys/4_info_reqs.htm#basic_geometric_topology_arm.edge_curve
工程师（几何 / 工艺 / 公差）,边环,Edge_loop,elemental_topology,ap242,1,https://www.steptools.com/stds/smrl/data/modules/elemental_topology/sys/4_info_reqs.htm#elemental_topology_arm.edge_loop
工程师（几何 / 工艺 / 公差）,边的未定义形状尺寸,Edge_of_undefined_shape_size,dimension_tolerance,ap242,0,https://www.steptools.com/stds/smrl/data/modules/dimension_tolerance/sys/4_info_reqs.htm#dimension_tolerance_arm.edge_of_undefined_shape_size
工程师（几何 / 工艺 / 公差）,边圆,Edge_round,machining_features,ap242,0,https://www.steptools.com/stds/smrl/data/modules/machining_features/sys/4_info_reqs.htm#machining_features_arm.edge_round
工程师（几何 / 工艺 / 公差）,电电荷数据元素,Electric_charge_data_element,value_with_unit_extension,ap242,0,https://www.steptools.com/stds/smrl/data/modules/value_with_unit_extension/sys/4_info_reqs.htm#value_with_unit_extension_arm.electric_charge_data_element
工程师（几何 / 工艺 / 公差）,电电流数据元素,Electric_current_data_element,value_with_unit_extension,ap242,0,https://www.steptools.com/stds/smrl/data/modules/value_with_unit_extension/sys/4_info_reqs.htm#value_with_unit_extension_arm.electric_current_data_element
工程师（几何 / 工艺 / 公差）,电电流单位,Electric_current_unit,value_with_unit,ap242,0,https://www.steptools.com/stds/smrl/data/modules/value_with_unit/sys/4_info_reqs.htm#value_with_unit_arm.electric_current_unit
工程师（几何 / 工艺 / 公差）,电电位数据元素,Electric_potential_data_element,value_with_unit_extension,ap242,0,https://www.steptools.com/stds/smrl/data/modules/value_with_unit_extension/sys/4_info_reqs.htm#value_with_unit_extension_arm.electric_potential_data_element
工程师（几何 / 工艺 / 公差）,基本边界表示形状表示,Elementary_brep_shape_representation,elementary_boundary_representation,ap242,0,https://www.steptools.com/stds/smrl/data/modules/elementary_boundary_representation/sys/4_info_reqs.htm#elementary_boundary_representation_arm.elementary_brep_shape_representation
工程师（几何 / 工艺 / 公差）,椭圆,Ellipse,basic_geometry,ap242,0,https://www.steptools.com/stds/smrl/data/modules/basic_geometry/sys/4_info_reqs.htm#basic_geometry_arm.ellipse
工程师（几何 / 工艺 / 公差）,椭球,Ellipsoid,primitive_solids,ap242,0,https://www.steptools.com/stds/smrl/data/modules/primitive_solids/sys/4_info_reqs.htm#primitive_solids_arm.ellipsoid
工程师（几何 / 工艺 / 公差）,能量数据元素,Energy_data_element,value_with_unit_extension,ap242,0,https://www.steptools.com/stds/smrl/data/modules/value_with_unit_extension/sys/4_info_reqs.htm#value_with_unit_extension_arm.energy_data_element
工程师（几何 / 工艺 / 公差）,环境,Environment,generic_expression,ap242,0,https://www.steptools.com/stds/smrl/data/modules/generic_expression/sys/4_info_reqs.htm#generic_expression_arm.environment
工程师（几何 / 工艺 / 公差）,等于表达式,Equals_expression,numeric_expression,ap242,0,https://www.steptools.com/stds/smrl/data/modules/numeric_expression/sys/4_info_reqs.htm#numeric_expression_arm.equals_expression
工程师（几何 / 工艺 / 公差）,指数函数,Exp_function,elementary_function,ap242,0,https://www.steptools.com/stds/smrl/data/modules/elementary_function/sys/4_info_reqs.htm#elementary_function_arm.exp_function
工程师（几何 / 工艺 / 公差）,展开不确定度,Expanded_uncertainty,qualified_measure,ap242,0,https://www.steptools.com/stds/smrl/data/modules/qualified_measure/sys/4_info_reqs.htm#qualified_measure_arm.expanded_uncertainty
工程师（几何 / 工艺 / 公差）,显式组合孔,Explicit_composite_hole,mechanical_design_features_and_requirements,ap242,0,https://www.steptools.com/stds/smrl/data/modules/mechanical_design_features_and_requirements/sys/4_info_reqs.htm#mechanical_design_features_and_requirements_arm.explicit_composite_hole
工程师（几何 / 工艺 / 公差）,显式圆孔,Explicit_round_hole,mechanical_design_features_and_requirements,ap242,0,https://www.steptools.com/stds/smrl/data/modules/mechanical_design_features_and_requirements/sys/4_info_reqs.htm#mechanical_design_features_and_requirements_arm.explicit_round_hole
工程师（几何 / 工艺 / 公差）,表达式,Expression,numeric_expression,ap242,0,https://www.steptools.com/stds/smrl/data/modules/numeric_expression/sys/4_info_reqs.htm#numeric_expression_arm.expression
工程师（几何 / 工艺 / 公差）,扩展视觉外观,Extended_visual_appearance,surface_conditions,ap242,0,https://www.steptools.com/stds/smrl/data/modules/surface_conditions/sys/4_info_reqs.htm#surface_conditions_arm.extended_visual_appearance
工程师（几何 / 工艺 / 公差）,扩展,Extension,derived_shape_element,ap242,0,https://www.steptools.com/stds/smrl/data/modules/derived_shape_element/sys/4_info_reqs.htm#derived_shape_element_arm.extension
工程师（几何 / 工艺 / 公差）,外部类带属性,External_class_with_attributes,classification_with_attributes,ap242,0,https://www.steptools.com/stds/smrl/data/modules/classification_with_attributes/sys/4_info_reqs.htm#classification_with_attributes_arm.external_class_with_attributes
工程师（几何 / 工艺 / 公差）,外部几何模型,External_geometric_model,external_model,ap242,1,https://www.steptools.com/stds/smrl/data/modules/external_model/sys/4_info_reqs.htm#external_model_arm.external_geometric_model
工程师（几何 / 工艺 / 公差）,外部表示项,External_representation_item,external_representation_item,ap242,0,https://www.steptools.com/stds/smrl/data/modules/external_representation_item/sys/4_info_reqs.htm#external_representation_item_arm.external_representation_item
工程师（几何 / 工艺 / 公差）,外部字符串表示项,External_string_representation_item,external_representation_item,ap242,0,https://www.steptools.com/stds/smrl/data/modules/external_representation_item/sys/4_info_reqs.htm#external_representation_item_arm.external_string_representation_item
工程师（几何 / 工艺 / 公差）,外部定义颜色,Externally_defined_colour,colour,ap242,0,https://www.steptools.com/stds/smrl/data/modules/colour/sys/4_info_reqs.htm#colour_arm.externally_defined_colour
工程师（几何 / 工艺 / 公差）,外部定义曲线字体,Externally_defined_curve_font,styled_curve,ap242,0,https://www.steptools.com/stds/smrl/data/modules/styled_curve/sys/4_info_reqs.htm#styled_curve_arm.externally_defined_curve_font
工程师（几何 / 工艺 / 公差）,外部定义剖面线样式,Externally_defined_hatch_style,fill_area_style,ap242,0,https://www.steptools.com/stds/smrl/data/modules/fill_area_style/sys/4_info_reqs.htm#fill_area_style_arm.externally_defined_hatch_style
工程师（几何 / 工艺 / 公差）,外部定义标记,Externally_defined_marker,curve_appearance,ap242,0,https://www.steptools.com/stds/smrl/data/modules/curve_appearance/sys/4_info_reqs.htm#curve_appearance_arm.externally_defined_marker
工程师（几何 / 工艺 / 公差）,外部定义表示,Externally_defined_representation,external_representation_item,ap242,1,https://www.steptools.com/stds/smrl/data/modules/external_representation_item/sys/4_info_reqs.htm#external_representation_item_arm.externally_defined_representation
工程师（几何 / 工艺 / 公差）,外部定义终止符,Externally_defined_terminator,curve_appearance,ap242,0,https://www.steptools.com/stds/smrl/data/modules/curve_appearance/sys/4_info_reqs.htm#curve_appearance_arm.externally_defined_terminator
工程师（几何 / 工艺 / 公差）,外部定义文本字体,Externally_defined_text_font,text_appearance,ap242,0,https://www.steptools.com/stds/smrl/data/modules/text_appearance/sys/4_info_reqs.htm#text_appearance_arm.externally_defined_text_font
工程师（几何 / 工艺 / 公差）,外部定义瓦片样式,Externally_defined_tile_style,fill_area_style,ap242,0,https://www.steptools.com/stds/smrl/data/modules/fill_area_style/sys/4_info_reqs.htm#fill_area_style_arm.externally_defined_tile_style
工程师（几何 / 工艺 / 公差）,外部定义类型限定符,Externally_defined_type_qualifier,characteristic,ap242,0,https://www.steptools.com/stds/smrl/data/modules/characteristic/sys/4_info_reqs.htm#characteristic_arm.externally_defined_type_qualifier
工程师（几何 / 工艺 / 公差）,拉伸面实体,Extruded_face_solid,primitive_solids,ap242,0,https://www.steptools.com/stds/smrl/data/modules/primitive_solids/sys/4_info_reqs.htm#primitive_solids_arm.extruded_face_solid
工程师（几何 / 工艺 / 公差）,拉伸曲面,Extruded_surface,basic_geometry,ap242,0,https://www.steptools.com/stds/smrl/data/modules/basic_geometry/sys/4_info_reqs.htm#basic_geometry_arm.extruded_surface
工程师（几何 / 工艺 / 公差）,面,Face,elemental_topology,ap242,1,https://www.steptools.com/stds/smrl/data/modules/elemental_topology/sys/4_info_reqs.htm#elemental_topology_arm.face
工程师（几何 / 工艺 / 公差）,面界,Face_bound,elemental_topology,ap242,0,https://www.steptools.com/stds/smrl/data/modules/elemental_topology/sys/4_info_reqs.htm#elemental_topology_arm.face_bound
工程师（几何 / 工艺 / 公差）,面外界,Face_outer_bound,elemental_topology,ap242,0,https://www.steptools.com/stds/smrl/data/modules/elemental_topology/sys/4_info_reqs.htm#elemental_topology_arm.face_outer_bound
工程师（几何 / 工艺 / 公差）,面形状元素,Face_shape_element,machining_features,ap242,13,https://www.steptools.com/stds/smrl/data/modules/machining_features/sys/4_info_reqs.htm#machining_features_arm.face_shape_element
工程师（几何 / 工艺 / 公差）,面形状元素关系,Face_shape_element_relationship,machining_features,ap242,0,https://www.steptools.com/stds/smrl/data/modules/machining_features/sys/4_info_reqs.htm#machining_features_arm.face_shape_element_relationship
工程师（几何 / 工艺 / 公差）,面曲面,Face_surface,basic_geometric_topology,ap242,2,https://www.steptools.com/stds/smrl/data/modules/basic_geometric_topology/sys/4_info_reqs.htm#basic_geometric_topology_arm.face_surface
工程师（几何 / 工艺 / 公差）,分面边界表示形状表示,Faceted_brep_shape_representation,faceted_boundary_representation,ap242,1,https://www.steptools.com/stds/smrl/data/modules/faceted_boundary_representation/sys/4_info_reqs.htm#faceted_boundary_representation_arm.faceted_brep_shape_representation
工程师（几何 / 工艺 / 公差）,分面基本体,Faceted_primitive,primitive_solids,ap242,0,https://www.steptools.com/stds/smrl/data/modules/primitive_solids/sys/4_info_reqs.htm#primitive_solids_arm.faceted_primitive
工程师（几何 / 工艺 / 公差）,特征定义带连接面积,Feature_definition_with_connection_area,feature_and_connection_zone,ap242,0,https://www.steptools.com/stds/smrl/data/modules/feature_and_connection_zone/sys/4_info_reqs.htm#feature_and_connection_zone_arm.feature_definition_with_connection_area
工程师（几何 / 工艺 / 公差）,填充面积,Fill_area,draughting_element,ap242,1,https://www.steptools.com/stds/smrl/data/modules/draughting_element/sys/4_info_reqs.htm#draughting_element_arm.fill_area
工程师（几何 / 工艺 / 公差）,圆角,Fillet,machining_features,ap242,0,https://www.steptools.com/stds/smrl/data/modules/machining_features/sys/4_info_reqs.htm#machining_features_arm.fillet
工程师（几何 / 工艺 / 公差）,第一倒角偏置,First_chamfer_offset,machining_features,ap242,0,https://www.steptools.com/stds/smrl/data/modules/machining_features/sys/4_info_reqs.htm#machining_features_arm.first_chamfer_offset
工程师（几何 / 工艺 / 公差）,平面孔底部,Flat_hole_bottom,machining_features,ap242,0,https://www.steptools.com/stds/smrl/data/modules/machining_features/sys/4_info_reqs.htm#machining_features_arm.flat_hole_bottom
工程师（几何 / 工艺 / 公差）,平面槽端类型,Flat_slot_end_type,machining_features,ap242,0,https://www.steptools.com/stds/smrl/data/modules/machining_features/sys/4_info_reqs.htm#machining_features_arm.flat_slot_end_type
工程师（几何 / 工艺 / 公差）,平面带半径孔底部,Flat_with_radius_hole_bottom,machining_features,ap242,0,https://www.steptools.com/stds/smrl/data/modules/machining_features/sys/4_info_reqs.htm#machining_features_arm.flat_with_radius_hole_bottom
工程师（几何 / 工艺 / 公差）,平面带锥度孔底部,Flat_with_taper_hole_bottom,machining_features,ap242,0,https://www.steptools.com/stds/smrl/data/modules/machining_features/sys/4_info_reqs.htm#machining_features_arm.flat_with_taper_hole_bottom
工程师（几何 / 工艺 / 公差）,平面度公差,Flatness_tolerance,geometric_tolerance,ap242,0,https://www.steptools.com/stds/smrl/data/modules/geometric_tolerance/sys/4_info_reqs.htm#geometric_tolerance_arm.flatness_tolerance
工程师（几何 / 工艺 / 公差）,力数据元素,Force_data_element,value_with_unit_extension,ap242,0,https://www.steptools.com/stds/smrl/data/modules/value_with_unit_extension/sys/4_info_reqs.htm#value_with_unit_extension_arm.force_data_element
工程师（几何 / 工艺 / 公差）,格式函数,Format_function,expression,ap242,1,https://www.steptools.com/stds/smrl/data/modules/expression/sys/4_info_reqs.htm#expression_arm.format_function
工程师（几何 / 工艺 / 公差）,频率数据元素,Frequency_data_element,value_with_unit_extension,ap242,4,https://www.steptools.com/stds/smrl/data/modules/value_with_unit_extension/sys/4_info_reqs.htm#value_with_unit_extension_arm.frequency_data_element
工程师（几何 / 工艺 / 公差）,完全受约束副,Fully_constrained_pair,kinematic_structure,ap242,0,https://www.steptools.com/stds/smrl/data/modules/kinematic_structure/sys/4_info_reqs.htm#kinematic_structure_arm.fully_constrained_pair
工程师（几何 / 工艺 / 公差）,函数参数值,Function_parameter_value,numeric_function,ap242,1,https://www.steptools.com/stds/smrl/data/modules/numeric_function/sys/4_info_reqs.htm#numeric_function_arm.function_parameter_value
工程师（几何 / 工艺 / 公差）,功能分解,Functional_breakdown,functional_breakdown,ap242,0,https://www.steptools.com/stds/smrl/data/modules/functional_breakdown/sys/4_info_reqs.htm#functional_breakdown_arm.functional_breakdown
工程师（几何 / 工艺 / 公差）,功能分解上下文,Functional_breakdown_context,functional_breakdown,ap242,0,https://www.steptools.com/stds/smrl/data/modules/functional_breakdown/sys/4_info_reqs.htm#functional_breakdown_arm.functional_breakdown_context
工程师（几何 / 工艺 / 公差）,功能分解版本,Functional_breakdown_version,functional_breakdown,ap242,0,https://www.steptools.com/stds/smrl/data/modules/functional_breakdown/sys/4_info_reqs.htm#functional_breakdown_arm.functional_breakdown_version
工程师（几何 / 工艺 / 公差）,功能元素,Functional_element,functional_breakdown,ap242,0,https://www.steptools.com/stds/smrl/data/modules/functional_breakdown/sys/4_info_reqs.htm#functional_breakdown_arm.functional_element
工程师（几何 / 工艺 / 公差）,功能元素定义,Functional_element_definition,functional_breakdown,ap242,2,https://www.steptools.com/stds/smrl/data/modules/functional_breakdown/sys/4_info_reqs.htm#functional_breakdown_arm.functional_element_definition
工程师（几何 / 工艺 / 公差）,功能元素用法,Functional_element_usage,functional_breakdown,ap242,0,https://www.steptools.com/stds/smrl/data/modules/functional_breakdown/sys/4_info_reqs.htm#functional_breakdown_arm.functional_element_usage
工程师（几何 / 工艺 / 公差）,功能元素版本,Functional_element_version,functional_breakdown,ap242,0,https://www.steptools.com/stds/smrl/data/modules/functional_breakdown/sys/4_info_reqs.htm#functional_breakdown_arm.functional_element_version
工程师（几何 / 工艺 / 公差）,齿轮,Gear,machining_features,ap242,1,https://www.steptools.com/stds/smrl/data/modules/machining_features/sys/4_info_reqs.htm#machining_features_arm.gear
工程师（几何 / 工艺 / 公差）,齿轮副,Gear_pair,kinematic_structure,ap242,0,https://www.steptools.com/stds/smrl/data/modules/kinematic_structure/sys/4_info_reqs.htm#kinematic_structure_arm.gear_pair
工程师（几何 / 工艺 / 公差）,齿轮副值,Gear_pair_value,kinematic_state,ap242,0,https://www.steptools.com/stds/smrl/data/modules/kinematic_state/sys/4_info_reqs.htm#kinematic_state_arm.gear_pair_value
工程师（几何 / 工艺 / 公差）,齿轮副带范围,Gear_pair_with_range,kinematic_structure,ap242,0,https://www.steptools.com/stds/smrl/data/modules/kinematic_structure/sys/4_info_reqs.htm#kinematic_structure_arm.gear_pair_with_range
工程师（几何 / 工艺 / 公差）,通用凸台,General_boss,machining_features,ap242,0,https://www.steptools.com/stds/smrl/data/modules/machining_features/sys/4_info_reqs.htm#machining_features_arm.general_boss
工程师（几何 / 工艺 / 公差）,通用闭合轮廓,General_closed_profile,machining_features,ap242,0,https://www.steptools.com/stds/smrl/data/modules/machining_features/sys/4_info_reqs.htm#machining_features_arm.general_closed_profile
工程师（几何 / 工艺 / 公差）,通用切口,General_cutout,machining_features,ap242,0,https://www.steptools.com/stds/smrl/data/modules/machining_features/sys/4_info_reqs.htm#machining_features_arm.general_cutout
工程师（几何 / 工艺 / 公差）,通用基准引用,General_datum_reference,datum_and_datum_systems,ap242,1,https://www.steptools.com/stds/smrl/data/modules/datum_and_datum_systems/sys/4_info_reqs.htm#datum_and_datum_systems_arm.general_datum_reference
工程师（几何 / 工艺 / 公差）,通用特征,General_feature,shape_feature,ap242,0,https://www.steptools.com/stds/smrl/data/modules/shape_feature/sys/4_info_reqs.htm#shape_feature_arm.general_feature
工程师（几何 / 工艺 / 公差）,通用材料属性,General_material_property,generic_material_aspects,ap242,0,https://www.steptools.com/stds/smrl/data/modules/generic_material_aspects/sys/4_info_reqs.htm#generic_material_aspects_arm.general_material_property
工程师（几何 / 工艺 / 公差）,通用开放轮廓,General_open_profile,machining_features,ap242,1,https://www.steptools.com/stds/smrl/data/modules/machining_features/sys/4_info_reqs.htm#machining_features_arm.general_open_profile
工程师（几何 / 工艺 / 公差）,通用外部轮廓,General_outside_profile,machining_features,ap242,0,https://www.steptools.com/stds/smrl/data/modules/machining_features/sys/4_info_reqs.htm#machining_features_arm.general_outside_profile
工程师（几何 / 工艺 / 公差）,通用零件特征,General_part_feature,part_shape,ap242,1,https://www.steptools.com/stds/smrl/data/modules/part_shape/sys/4_info_reqs.htm#part_shape_arm.general_part_feature
工程师（几何 / 工艺 / 公差）,通用路径特征组件,General_path_feature_component,machining_features,ap242,1,https://www.steptools.com/stds/smrl/data/modules/machining_features/sys/4_info_reqs.htm#machining_features_arm.general_path_feature_component
工程师（几何 / 工艺 / 公差）,通用阵列,General_pattern,machining_features,ap242,0,https://www.steptools.com/stds/smrl/data/modules/machining_features/sys/4_info_reqs.htm#machining_features_arm.general_pattern
工程师（几何 / 工艺 / 公差）,通用凹槽,General_pocket,machining_features,ap242,0,https://www.steptools.com/stds/smrl/data/modules/machining_features/sys/4_info_reqs.htm#machining_features_arm.general_pocket
工程师（几何 / 工艺 / 公差）,通用凹槽底部条件,General_pocket_bottom_condition,machining_features,ap242,0,https://www.steptools.com/stds/smrl/data/modules/machining_features/sys/4_info_reqs.htm#machining_features_arm.general_pocket_bottom_condition
工程师（几何 / 工艺 / 公差）,通用轮廓底,General_profile_floor,machining_features,ap242,0,https://www.steptools.com/stds/smrl/data/modules/machining_features/sys/4_info_reqs.htm#machining_features_arm.general_profile_floor
工程师（几何 / 工艺 / 公差）,通用移除体积,General_removal_volume,machining_features,ap242,0,https://www.steptools.com/stds/smrl/data/modules/machining_features/sys/4_info_reqs.htm#machining_features_arm.general_removal_volume
工程师（几何 / 工艺 / 公差）,通用回转,General_revolution,machining_features,ap242,0,https://www.steptools.com/stds/smrl/data/modules/machining_features/sys/4_info_reqs.htm#machining_features_arm.general_revolution
工程师（几何 / 工艺 / 公差）,通用加强筋顶部底,General_rib_top_floor,machining_features,ap242,0,https://www.steptools.com/stds/smrl/data/modules/machining_features/sys/4_info_reqs.htm#machining_features_arm.general_rib_top_floor
工程师（几何 / 工艺 / 公差）,通用形状轮廓,General_shape_profile,machining_features,ap242,0,https://www.steptools.com/stds/smrl/data/modules/machining_features/sys/4_info_reqs.htm#machining_features_arm.general_shape_profile
工程师（几何 / 工艺 / 公差）,通用符号,General_symbol,draughting_annotation,ap242,1,https://www.steptools.com/stds/smrl/data/modules/draughting_annotation/sys/4_info_reqs.htm#draughting_annotation_arm.general_symbol
工程师（几何 / 工艺 / 公差）,通用公差表,General_tolerance_table,default_tolerance,ap242,0,https://www.steptools.com/stds/smrl/data/modules/default_tolerance/sys/4_info_reqs.htm#default_tolerance_arm.general_tolerance_table
工程师（几何 / 工艺 / 公差）,通用公差,General_tolerances,default_tolerance,ap242,0,https://www.steptools.com/stds/smrl/data/modules/default_tolerance/sys/4_info_reqs.htm#default_tolerance_arm.general_tolerances
工程师（几何 / 工艺 / 公差）,通用顶部条件,General_top_condition,machining_features,ap242,0,https://www.steptools.com/stds/smrl/data/modules/machining_features/sys/4_info_reqs.htm#machining_features_arm.general_top_condition
工程师（几何 / 工艺 / 公差）,通用标注曲线,Generic_annotation_curve,draughting_element,ap242,0,https://www.steptools.com/stds/smrl/data/modules/draughting_element/sys/4_info_reqs.htm#draughting_element_arm.generic_annotation_curve
工程师（几何 / 工艺 / 公差）,通用表达式,Generic_expression,generic_expression,ap242,4,https://www.steptools.com/stds/smrl/data/modules/generic_expression/sys/4_info_reqs.htm#generic_expression_arm.generic_expression
工程师（几何 / 工艺 / 公差）,通用字面量,Generic_literal,generic_expression,ap242,0,https://www.steptools.com/stds/smrl/data/modules/generic_expression/sys/4_info_reqs.htm#generic_expression_arm.generic_literal
工程师（几何 / 工艺 / 公差）,通用产品视图定义引用,Generic_product_view_definition_reference,product_view_definition_reference,ap242,3,https://www.steptools.com/stds/smrl/data/modules/product_view_definition_reference/sys/4_info_reqs.htm#product_view_definition_reference_arm.generic_product_view_definition_reference
工程师（几何 / 工艺 / 公差）,通用变量,Generic_variable,generic_expression,ap242,0,https://www.steptools.com/stds/smrl/data/modules/generic_expression/sys/4_info_reqs.htm#generic_expression_arm.generic_variable
工程师（几何 / 工艺 / 公差）,几何对齐,Geometric_alignment,derived_shape_element,ap242,0,https://www.steptools.com/stds/smrl/data/modules/derived_shape_element/sys/4_info_reqs.htm#derived_shape_element_arm.geometric_alignment
工程师（几何 / 工艺 / 公差）,几何组成带运算符变换,Geometric_composition_with_operator_transformation,contextual_shape_positioning,ap242,1,https://www.steptools.com/stds/smrl/data/modules/contextual_shape_positioning/sys/4_info_reqs.htm#contextual_shape_positioning_arm.geometric_composition_with_operator_transformation
工程师（几何 / 工艺 / 公差）,几何组成带放置变换,Geometric_composition_with_placement_transformation,contextual_shape_positioning,ap242,1,https://www.steptools.com/stds/smrl/data/modules/contextual_shape_positioning/sys/4_info_reqs.htm#contextual_shape_positioning_arm.geometric_composition_with_placement_transformation
工程师（几何 / 工艺 / 公差）,几何接触,Geometric_contact,derived_shape_element,ap242,0,https://www.steptools.com/stds/smrl/data/modules/derived_shape_element/sys/4_info_reqs.htm#derived_shape_element_arm.geometric_contact
工程师（几何 / 工艺 / 公差）,几何坐标空间,Geometric_coordinate_space,elemental_geometric_shape,ap242,4,https://www.steptools.com/stds/smrl/data/modules/elemental_geometric_shape/sys/4_info_reqs.htm#elemental_geometric_shape_arm.geometric_coordinate_space
工程师（几何 / 工艺 / 公差）,几何尺寸,Geometric_dimension,dimension_tolerance,ap242,3,https://www.steptools.com/stds/smrl/data/modules/dimension_tolerance/sys/4_info_reqs.htm#dimension_tolerance_arm.geometric_dimension
工程师（几何 / 工艺 / 公差）,几何相交,Geometric_intersection,derived_shape_element,ap242,0,https://www.steptools.com/stds/smrl/data/modules/derived_shape_element/sys/4_info_reqs.htm#derived_shape_element_arm.geometric_intersection
工程师（几何 / 工艺 / 公差）,几何模型,Geometric_model,elemental_geometric_shape,ap242,18,https://www.steptools.com/stds/smrl/data/modules/elemental_geometric_shape/sys/4_info_reqs.htm#elemental_geometric_shape_arm.geometric_model
工程师（几何 / 工艺 / 公差）,几何模型元素关系,Geometric_model_element_relationship,extended_basic_geometry,ap242,1,https://www.steptools.com/stds/smrl/data/modules/extended_basic_geometry/sys/4_info_reqs.htm#extended_basic_geometry_arm.geometric_model_element_relationship
工程师（几何 / 工艺 / 公差）,几何模型关系,Geometric_model_relationship,geometric_model_relationship,ap242,4,https://www.steptools.com/stds/smrl/data/modules/geometric_model_relationship/sys/4_info_reqs.htm#geometric_model_relationship_arm.geometric_model_relationship
工程师（几何 / 工艺 / 公差）,几何模型关系带变换,Geometric_model_relationship_with_transformation,contextual_shape_positioning,ap242,2,https://www.steptools.com/stds/smrl/data/modules/contextual_shape_positioning/sys/4_info_reqs.htm#contextual_shape_positioning_arm.geometric_model_relationship_with_transformation
工程师（几何 / 工艺 / 公差）,几何运算符变换,Geometric_operator_transformation,elemental_geometric_shape,ap242,0,https://www.steptools.com/stds/smrl/data/modules/elemental_geometric_shape/sys/4_info_reqs.htm#elemental_geometric_shape_arm.geometric_operator_transformation
工程师（几何 / 工艺 / 公差）,几何占位符集合,Geometric_placeholder_set,dimension_and_tolerance_callouts,ap242,1,https://www.steptools.com/stds/smrl/data/modules/dimension_and_tolerance_callouts/sys/4_info_reqs.htm#dimension_and_tolerance_callouts_arm.geometric_placeholder_set
工程师（几何 / 工艺 / 公差）,几何放置,Geometric_placement,elemental_geometric_shape,ap242,0,https://www.steptools.com/stds/smrl/data/modules/elemental_geometric_shape/sys/4_info_reqs.htm#elemental_geometric_shape_arm.geometric_placement
工程师（几何 / 工艺 / 公差）,几何放置模型,Geometric_placement_model,contextual_shape_positioning,ap242,0,https://www.steptools.com/stds/smrl/data/modules/contextual_shape_positioning/sys/4_info_reqs.htm#contextual_shape_positioning_arm.geometric_placement_model
工程师（几何 / 工艺 / 公差）,几何放置操作,Geometric_placement_operation,elemental_geometric_shape,ap242,7,https://www.steptools.com/stds/smrl/data/modules/elemental_geometric_shape/sys/4_info_reqs.htm#elemental_geometric_shape_arm.geometric_placement_operation
工程师（几何 / 工艺 / 公差）,几何关系带运算符变换,Geometric_relationship_with_operator_transformation,contextual_shape_positioning,ap242,0,https://www.steptools.com/stds/smrl/data/modules/contextual_shape_positioning/sys/4_info_reqs.htm#contextual_shape_positioning_arm.geometric_relationship_with_operator_transformation
工程师（几何 / 工艺 / 公差）,几何关系带放置变换,Geometric_relationship_with_placement_transformation,contextual_shape_positioning,ap242,2,https://www.steptools.com/stds/smrl/data/modules/contextual_shape_positioning/sys/4_info_reqs.htm#contextual_shape_positioning_arm.geometric_relationship_with_placement_transformation
工程师（几何 / 工艺 / 公差）,几何表示上下文带参数,Geometric_representation_context_with_parameter,kinematic_motion_representation,ap242,0,https://www.steptools.com/stds/smrl/data/modules/kinematic_motion_representation/sys/4_info_reqs.htm#kinematic_motion_representation_arm.geometric_representation_context_with_parameter
工程师（几何 / 工艺 / 公差）,几何公差,Geometric_tolerance,geometric_tolerance,ap242,5,https://www.steptools.com/stds/smrl/data/modules/geometric_tolerance/sys/4_info_reqs.htm#geometric_tolerance_arm.geometric_tolerance
工程师（几何 / 工艺 / 公差）,几何公差辅助分类,Geometric_tolerance_auxiliary_classification,geometric_tolerance,ap242,0,https://www.steptools.com/stds/smrl/data/modules/geometric_tolerance/sys/4_info_reqs.htm#geometric_tolerance_arm.geometric_tolerance_auxiliary_classification
工程师（几何 / 工艺 / 公差）,几何公差注记,Geometric_tolerance_callout,draughting_element_specialisations,ap242,0,https://www.steptools.com/stds/smrl/data/modules/draughting_element_specialisations/sys/4_info_reqs.htm#draughting_element_specialisations_arm.geometric_tolerance_callout
工程师（几何 / 工艺 / 公差）,几何公差关系,Geometric_tolerance_relationship,geometric_tolerance,ap242,0,https://www.steptools.com/stds/smrl/data/modules/geometric_tolerance/sys/4_info_reqs.htm#geometric_tolerance_arm.geometric_tolerance_relationship
工程师（几何 / 工艺 / 公差）,几何公差符号,Geometric_tolerance_symbol,draughting_annotation,ap242,0,https://www.steptools.com/stds/smrl/data/modules/draughting_annotation/sys/4_info_reqs.htm#draughting_annotation_arm.geometric_tolerance_symbol
工程师（几何 / 工艺 / 公差）,几何验证属性,Geometric_validation_property,geometric_validation_property_representation,ap242,0,https://www.steptools.com/stds/smrl/data/modules/geometric_validation_property_representation/sys/4_info_reqs.htm#geometric_validation_property_representation_arm.geometric_validation_property
工程师（几何 / 工艺 / 公差）,几何关系,Geometrical_relationship,item_definition_structure,ap242,1,https://www.steptools.com/stds/smrl/data/modules/item_definition_structure/sys/4_info_reqs.htm#item_definition_structure_arm.geometrical_relationship
工程师（几何 / 工艺 / 公差）,几何有界曲面形状表示,Geometrically_bounded_surface_shape_representation,geometrically_bounded_surface,ap242,1,https://www.steptools.com/stds/smrl/data/modules/geometrically_bounded_surface/sys/4_info_reqs.htm#geometrically_bounded_surface_arm.geometrically_bounded_surface_shape_representation
工程师（几何 / 工艺 / 公差）,几何有界线框形状表示,Geometrically_bounded_wireframe_shape_representation,geometrically_bounded_wireframe,ap242,1,https://www.steptools.com/stds/smrl/data/modules/geometrically_bounded_wireframe/sys/4_info_reqs.htm#geometrically_bounded_wireframe_arm.geometrically_bounded_wireframe_shape_representation
工程师（几何 / 工艺 / 公差）,GPS过滤,Gps_filter,geometric_tolerance,ap242,0,https://www.steptools.com/stds/smrl/data/modules/geometric_tolerance/sys/4_info_reqs.htm#geometric_tolerance_arm.gps_filter
工程师（几何 / 工艺 / 公差）,GPS过滤规范,Gps_filtration_specification,geometric_tolerance,ap242,0,https://www.steptools.com/stds/smrl/data/modules/geometric_tolerance/sys/4_info_reqs.htm#geometric_tolerance_arm.gps_filtration_specification
工程师（几何 / 工艺 / 公差）,槽,Groove,machining_features,ap242,0,https://www.steptools.com/stds/smrl/data/modules/machining_features/sys/4_info_reqs.htm#machining_features_arm.groove
工程师（几何 / 工艺 / 公差）,半空间实体,Half_space_solid,primitive_solids,ap242,0,https://www.steptools.com/stds/smrl/data/modules/primitive_solids/sys/4_info_reqs.htm#primitive_solids_arm.half_space_solid
工程师（几何 / 工艺 / 公差）,硬度,Hardness,surface_conditions,ap242,0,https://www.steptools.com/stds/smrl/data/modules/surface_conditions/sys/4_info_reqs.htm#surface_conditions_arm.hardness
工程师（几何 / 工艺 / 公差）,剖面线样式,Hatch_style,fill_area_style,ap242,1,https://www.steptools.com/stds/smrl/data/modules/fill_area_style/sys/4_info_reqs.htm#fill_area_style_arm.hatch_style
工程师（几何 / 工艺 / 公差）,螺旋锥齿轮,Helical_bevel_gear,machining_features,ap242,0,https://www.steptools.com/stds/smrl/data/modules/machining_features/sys/4_info_reqs.htm#machining_features_arm.helical_bevel_gear
工程师（几何 / 工艺 / 公差）,螺旋齿轮,Helical_gear,machining_features,ap242,0,https://www.steptools.com/stds/smrl/data/modules/machining_features/sys/4_info_reqs.htm#machining_features_arm.helical_gear
工程师（几何 / 工艺 / 公差）,高次序运动学副,High_order_kinematic_pair,kinematic_structure,ap242,0,https://www.steptools.com/stds/smrl/data/modules/kinematic_structure/sys/4_info_reqs.htm#kinematic_structure_arm.high_order_kinematic_pair
工程师（几何 / 工艺 / 公差）,孔,Hole,machining_features,ap242,1,https://www.steptools.com/stds/smrl/data/modules/machining_features/sys/4_info_reqs.htm#machining_features_arm.hole
工程师（几何 / 工艺 / 公差）,等速副,Homokinetic_pair,kinematic_structure,ap242,0,https://www.steptools.com/stds/smrl/data/modules/kinematic_structure/sys/4_info_reqs.htm#kinematic_structure_arm.homokinetic_pair
工程师（几何 / 工艺 / 公差）,双曲线,Hyperbola,basic_geometry,ap242,0,https://www.steptools.com/stds/smrl/data/modules/basic_geometry/sys/4_info_reqs.htm#basic_geometry_arm.hyperbola
工程师（几何 / 工艺 / 公差）,照度数据元素,Illuminance_data_element,value_with_unit_extension,ap242,0,https://www.steptools.com/stds/smrl/data/modules/value_with_unit_extension/sys/4_info_reqs.htm#value_with_unit_extension_arm.illuminance_data_element
工程师（几何 / 工艺 / 公差）,包含文本块,Included_text_block,tagged_text_representation,ap242,1,https://www.steptools.com/stds/smrl/data/modules/tagged_text_representation/sys/4_info_reqs.htm#tagged_text_representation_arm.included_text_block
工程师（几何 / 工艺 / 公差）,不完整引用标记,Incomplete_reference_marking,incomplete_data_reference_mechanism,ap242,0,https://www.steptools.com/stds/smrl/data/modules/incomplete_data_reference_mechanism/sys/4_info_reqs.htm#incomplete_data_reference_mechanism_arm.incomplete_reference_marking
工程师（几何 / 工艺 / 公差）,独立属性表示,Independent_property_representation,independent_property_representation,ap242,2,https://www.steptools.com/stds/smrl/data/modules/independent_property_representation/sys/4_info_reqs.htm#independent_property_representation_arm.independent_property_representation
工程师（几何 / 工艺 / 公差）,索引表达式,Index_expression,expression,ap242,1,https://www.steptools.com/stds/smrl/data/modules/expression/sys/4_info_reqs.htm#expression_arm.index_expression
工程师（几何 / 工艺 / 公差）,电感数据元素,Inductance_data_element,value_with_unit_extension,ap242,0,https://www.steptools.com/stds/smrl/data/modules/value_with_unit_extension/sys/4_info_reqs.htm#value_with_unit_extension_arm.inductance_data_element
工程师（几何 / 工艺 / 公差）,初始零件视图定义上下文,Initial_part_view_definition_context,part_view_definition,ap242,0,https://www.steptools.com/stds/smrl/data/modules/part_view_definition/sys/4_info_reqs.htm#part_view_definition_arm.initial_part_view_definition_context
工程师（几何 / 工艺 / 公差）,初始视图定义上下文,Initial_view_definition_context,product_view_definition,ap242,1,https://www.steptools.com/stds/smrl/data/modules/product_view_definition/sys/4_info_reqs.htm#product_view_definition_arm.initial_view_definition_context
工程师（几何 / 工艺 / 公差）,实例化特征,Instanced_feature,shape_feature,ap242,1,https://www.steptools.com/stds/smrl/data/modules/shape_feature/sys/4_info_reqs.htm#shape_feature_arm.instanced_feature
工程师（几何 / 工艺 / 公差）,实例化制造特征,Instanced_manufacturing_feature,machining_features,ap242,0,https://www.steptools.com/stds/smrl/data/modules/machining_features/sys/4_info_reqs.htm#machining_features_arm.instanced_manufacturing_feature
工程师（几何 / 工艺 / 公差）,整数字面量,Int_literal,numeric_expression,ap242,0,https://www.steptools.com/stds/smrl/data/modules/numeric_expression/sys/4_info_reqs.htm#numeric_expression_arm.int_literal
工程师（几何 / 工艺 / 公差）,整数数值变量,Int_numeric_variable,numeric_expression,ap242,0,https://www.steptools.com/stds/smrl/data/modules/numeric_expression/sys/4_info_reqs.htm#numeric_expression_arm.int_numeric_variable
工程师（几何 / 工艺 / 公差）,整数值函数,Int_value_function,numeric_function,ap242,0,https://www.steptools.com/stds/smrl/data/modules/numeric_function/sys/4_info_reqs.htm#numeric_function_arm.int_value_function
工程师（几何 / 工艺 / 公差）,整数定义函数,Integer_defined_function,elementary_function,ap242,0,https://www.steptools.com/stds/smrl/data/modules/elementary_function/sys/4_info_reqs.htm#elementary_function_arm.integer_defined_function
工程师（几何 / 工艺 / 公差）,整数表示项,Integer_representation_item,basic_data_representation,ap242,0,https://www.steptools.com/stds/smrl/data/modules/basic_data_representation/sys/4_info_reqs.htm#basic_data_representation_arm.integer_representation_item
工程师（几何 / 工艺 / 公差）,接口规范文档定义,Interface_specification_document_definition,specification_document,ap242,0,https://www.steptools.com/stds/smrl/data/modules/specification_document/sys/4_info_reqs.htm#specification_document_arm.interface_specification_document_definition
工程师（几何 / 工艺 / 公差）,插值配置表示,Interpolated_configuration_representation,kinematic_motion_representation,ap242,0,https://www.steptools.com/stds/smrl/data/modules/kinematic_motion_representation/sys/4_info_reqs.htm#kinematic_motion_representation_arm.interpolated_configuration_representation
工程师（几何 / 工艺 / 公差）,插值配置段,Interpolated_configuration_segment,kinematic_motion_representation,ap242,0,https://www.steptools.com/stds/smrl/data/modules/kinematic_motion_representation/sys/4_info_reqs.htm#kinematic_motion_representation_arm.interpolated_configuration_segment
工程师（几何 / 工艺 / 公差）,插值配置序列,Interpolated_configuration_sequence,kinematic_motion_representation,ap242,1,https://www.steptools.com/stds/smrl/data/modules/kinematic_motion_representation/sys/4_info_reqs.htm#kinematic_motion_representation_arm.interpolated_configuration_sequence
工程师（几何 / 工艺 / 公差）,区间表达式,Interval_expression,numeric_expression,ap242,1,https://www.steptools.com/stds/smrl/data/modules/numeric_expression/sys/4_info_reqs.htm#numeric_expression_arm.interval_expression
工程师（几何 / 工艺 / 公差）,项被标识表示用法,Item_identified_representation_usage,shape_property_assignment,ap242,0,https://www.steptools.com/stds/smrl/data/modules/shape_property_assignment/sys/4_info_reqs.htm#shape_property_assignment_arm.item_identified_representation_usage
工程师（几何 / 工艺 / 公差）,项链接运动关系,Item_link_motion_relationship,kinematic_motion_representation,ap242,0,https://www.steptools.com/stds/smrl/data/modules/kinematic_motion_representation/sys/4_info_reqs.htm#kinematic_motion_representation_arm.item_link_motion_relationship
工程师（几何 / 工艺 / 公差）,运动学分析一致性,Kinematic_analysis_consistency,kinematic_analysis_control_and_result,ap242,0,https://www.steptools.com/stds/smrl/data/modules/kinematic_analysis_control_and_result/sys/4_info_reqs.htm#kinematic_analysis_control_and_result_arm.kinematic_analysis_consistency
工程师（几何 / 工艺 / 公差）,运动学分析结果,Kinematic_analysis_result,kinematic_analysis_control_and_result,ap242,0,https://www.steptools.com/stds/smrl/data/modules/kinematic_analysis_control_and_result/sys/4_info_reqs.htm#kinematic_analysis_control_and_result_arm.kinematic_analysis_result
工程师（几何 / 工艺 / 公差）,运动学控制,Kinematic_control,kinematic_analysis_control_and_result,ap242,0,https://www.steptools.com/stds/smrl/data/modules/kinematic_analysis_control_and_result/sys/4_info_reqs.htm#kinematic_analysis_control_and_result_arm.kinematic_control
工程师（几何 / 工艺 / 公差）,运动副,Kinematic_joint,kinematic_topology,ap242,3,https://www.steptools.com/stds/smrl/data/modules/kinematic_topology/sys/4_info_reqs.htm#kinematic_topology_arm.kinematic_joint
工程师（几何 / 工艺 / 公差）,运动学链接,Kinematic_link,kinematic_topology,ap242,2,https://www.steptools.com/stds/smrl/data/modules/kinematic_topology/sys/4_info_reqs.htm#kinematic_topology_arm.kinematic_link
工程师（几何 / 工艺 / 公差）,运动学链接表示,Kinematic_link_representation,kinematic_structure,ap242,3,https://www.steptools.com/stds/smrl/data/modules/kinematic_structure/sys/4_info_reqs.htm#kinematic_structure_arm.kinematic_link_representation
工程师（几何 / 工艺 / 公差）,运动学链接表示关联,Kinematic_link_representation_association,kinematic_structure,ap242,2,https://www.steptools.com/stds/smrl/data/modules/kinematic_structure/sys/4_info_reqs.htm#kinematic_structure_arm.kinematic_link_representation_association
工程师（几何 / 工艺 / 公差）,运动学环,Kinematic_loop,kinematic_topology,ap242,0,https://www.steptools.com/stds/smrl/data/modules/kinematic_topology/sys/4_info_reqs.htm#kinematic_topology_arm.kinematic_loop
工程师（几何 / 工艺 / 公差）,运动副对,Kinematic_pair,kinematic_structure,ap242,1,https://www.steptools.com/stds/smrl/data/modules/kinematic_structure/sys/4_info_reqs.htm#kinematic_structure_arm.kinematic_pair
工程师（几何 / 工艺 / 公差）,运动学路径,Kinematic_path,kinematic_motion_representation,ap242,2,https://www.steptools.com/stds/smrl/data/modules/kinematic_motion_representation/sys/4_info_reqs.htm#kinematic_motion_representation_arm.kinematic_path
工程师（几何 / 工艺 / 公差）,运动学路径定义按曲线,Kinematic_path_defined_by_curves,kinematic_motion_representation,ap242,0,https://www.steptools.com/stds/smrl/data/modules/kinematic_motion_representation/sys/4_info_reqs.htm#kinematic_motion_representation_arm.kinematic_path_defined_by_curves
工程师（几何 / 工艺 / 公差）,运动学路径定义按节点,Kinematic_path_defined_by_nodes,kinematic_motion_representation,ap242,0,https://www.steptools.com/stds/smrl/data/modules/kinematic_motion_representation/sys/4_info_reqs.htm#kinematic_motion_representation_arm.kinematic_path_defined_by_nodes
工程师（几何 / 工艺 / 公差）,运动学路径段,Kinematic_path_segment,kinematic_motion_representation,ap242,0,https://www.steptools.com/stds/smrl/data/modules/kinematic_motion_representation/sys/4_info_reqs.htm#kinematic_motion_representation_arm.kinematic_path_segment
工程师（几何 / 工艺 / 公差）,运动学属性定义表示,Kinematic_property_definition_representation,kinematic_topology,ap242,1,https://www.steptools.com/stds/smrl/data/modules/kinematic_topology/sys/4_info_reqs.htm#kinematic_topology_arm.kinematic_property_definition_representation
工程师（几何 / 工艺 / 公差）,运动学属性机构表示,Kinematic_property_mechanism_representation,kinematic_structure,ap242,0,https://www.steptools.com/stds/smrl/data/modules/kinematic_structure/sys/4_info_reqs.htm#kinematic_structure_arm.kinematic_property_mechanism_representation
工程师（几何 / 工艺 / 公差）,运动学属性拓扑表示,Kinematic_property_topology_representation,kinematic_topology,ap242,0,https://www.steptools.com/stds/smrl/data/modules/kinematic_topology/sys/4_info_reqs.htm#kinematic_topology_arm.kinematic_property_topology_representation
工程师（几何 / 工艺 / 公差）,运动学拓扑有向结构,Kinematic_topology_directed_structure,kinematic_topology,ap242,0,https://www.steptools.com/stds/smrl/data/modules/kinematic_topology/sys/4_info_reqs.htm#kinematic_topology_arm.kinematic_topology_directed_structure
工程师（几何 / 工艺 / 公差）,运动学拓扑网络结构,Kinematic_topology_network_structure,kinematic_topology,ap242,0,https://www.steptools.com/stds/smrl/data/modules/kinematic_topology/sys/4_info_reqs.htm#kinematic_topology_arm.kinematic_topology_network_structure
工程师（几何 / 工艺 / 公差）,运动学拓扑结构,Kinematic_topology_structure,kinematic_topology,ap242,0,https://www.steptools.com/stds/smrl/data/modules/kinematic_topology/sys/4_info_reqs.htm#kinematic_topology_arm.kinematic_topology_structure
工程师（几何 / 工艺 / 公差）,运动学拓扑子结构,Kinematic_topology_substructure,kinematic_topology,ap242,0,https://www.steptools.com/stds/smrl/data/modules/kinematic_topology/sys/4_info_reqs.htm#kinematic_topology_arm.kinematic_topology_substructure
工程师（几何 / 工艺 / 公差）,运动学拓扑树结构,Kinematic_topology_tree_structure,kinematic_topology,ap242,0,https://www.steptools.com/stds/smrl/data/modules/kinematic_topology/sys/4_info_reqs.htm#kinematic_topology_arm.kinematic_topology_tree_structure
工程师（几何 / 工艺 / 公差）,滚花,Knurl,machining_features,ap242,1,https://www.steptools.com/stds/smrl/data/modules/machining_features/sys/4_info_reqs.htm#machining_features_arm.knurl
工程师（几何 / 工艺 / 公差）,层,Layer,layer_assignment,ap242,1,https://www.steptools.com/stds/smrl/data/modules/layer_assignment/sys/4_info_reqs.htm#layer_assignment_arm.layer
工程师（几何 / 工艺 / 公差）,指引线,Leader,draughting_element,ap242,2,https://www.steptools.com/stds/smrl/data/modules/draughting_element/sys/4_info_reqs.htm#draughting_element_arm.leader
工程师（几何 / 工艺 / 公差）,指引线有向注记,Leader_directed_callout,draughting_element,ap242,0,https://www.steptools.com/stds/smrl/data/modules/draughting_element/sys/4_info_reqs.htm#draughting_element_arm.leader_directed_callout
工程师（几何 / 工艺 / 公差）,长度数据元素,Length_data_element,value_with_unit_extension,ap242,114,https://www.steptools.com/stds/smrl/data/modules/value_with_unit_extension/sys/4_info_reqs.htm#value_with_unit_extension_arm.length_data_element
工程师（几何 / 工艺 / 公差）,长度函数,Length_function,numeric_function,ap242,1,https://www.steptools.com/stds/smrl/data/modules/numeric_function/sys/4_info_reqs.htm#numeric_function_arm.length_function
工程师（几何 / 工艺 / 公差）,长度加减边界,Length_plus_minus_bounds,dimension_tolerance,ap242,7,https://www.steptools.com/stds/smrl/data/modules/dimension_tolerance/sys/4_info_reqs.htm#dimension_tolerance_arm.length_plus_minus_bounds
工程师（几何 / 工艺 / 公差）,长度公差特征,Length_tolerance_characteristic,characteristic,ap242,0,https://www.steptools.com/stds/smrl/data/modules/characteristic/sys/4_info_reqs.htm#characteristic_arm.length_tolerance_characteristic
工程师（几何 / 工艺 / 公差）,长度单位,Length_unit,value_with_unit,ap242,0,https://www.steptools.com/stds/smrl/data/modules/value_with_unit/sys/4_info_reqs.htm#value_with_unit_arm.length_unit
工程师（几何 / 工艺 / 公差）,光源源,Light_source,camera_view_3d,ap242,1,https://www.steptools.com/stds/smrl/data/modules/camera_view_3d/sys/4_info_reqs.htm#camera_view_3d_arm.light_source
工程师（几何 / 工艺 / 公差）,类似表达式,Like_expression,expression,ap242,0,https://www.steptools.com/stds/smrl/data/modules/expression/sys/4_info_reqs.htm#expression_arm.like_expression
工程师（几何 / 工艺 / 公差）,极限与配合,Limits_and_fits,dimension_tolerance,ap242,1,https://www.steptools.com/stds/smrl/data/modules/dimension_tolerance/sys/4_info_reqs.htm#dimension_tolerance_arm.limits_and_fits
工程师（几何 / 工艺 / 公差）,线,Line,basic_geometry,ap242,0,https://www.steptools.com/stds/smrl/data/modules/basic_geometry/sys/4_info_reqs.htm#basic_geometry_arm.line
工程师（几何 / 工艺 / 公差）,线轮廓公差,Line_profile_tolerance,geometric_tolerance,ap242,1,https://www.steptools.com/stds/smrl/data/modules/geometric_tolerance/sys/4_info_reqs.htm#geometric_tolerance_arm.line_profile_tolerance
工程师（几何 / 工艺 / 公差）,线性距离,Linear_distance,dimension_tolerance,ap242,0,https://www.steptools.com/stds/smrl/data/modules/dimension_tolerance/sys/4_info_reqs.htm#dimension_tolerance_arm.linear_distance
工程师（几何 / 工艺 / 公差）,线性柔性与小齿轮副,Linear_flexible_and_pinion_pair,kinematic_structure,ap242,0,https://www.steptools.com/stds/smrl/data/modules/kinematic_structure/sys/4_info_reqs.htm#kinematic_structure_arm.linear_flexible_and_pinion_pair
工程师（几何 / 工艺 / 公差）,线性柔性与平面曲线副,Linear_flexible_and_planar_curve_pair,kinematic_structure,ap242,0,https://www.steptools.com/stds/smrl/data/modules/kinematic_structure/sys/4_info_reqs.htm#kinematic_structure_arm.linear_flexible_and_planar_curve_pair
工程师（几何 / 工艺 / 公差）,线性柔性链接表示,Linear_flexible_link_representation,kinematic_structure,ap242,0,https://www.steptools.com/stds/smrl/data/modules/kinematic_structure/sys/4_info_reqs.htm#kinematic_structure_arm.linear_flexible_link_representation
工程师（几何 / 工艺 / 公差）,线性路径,Linear_path,kinematic_motion_representation,ap242,0,https://www.steptools.com/stds/smrl/data/modules/kinematic_motion_representation/sys/4_info_reqs.htm#kinematic_motion_representation_arm.linear_path
工程师（几何 / 工艺 / 公差）,线性路径特征组件,Linear_path_feature_component,machining_features,ap242,7,https://www.steptools.com/stds/smrl/data/modules/machining_features/sys/4_info_reqs.htm#machining_features_arm.linear_path_feature_component
工程师（几何 / 工艺 / 公差）,线性轮廓,Linear_profile,machining_features,ap242,2,https://www.steptools.com/stds/smrl/data/modules/machining_features/sys/4_info_reqs.htm#machining_features_arm.linear_profile
工程师（几何 / 工艺 / 公差）,链接运动关系,Link_motion_relationship,kinematic_motion_representation,ap242,1,https://www.steptools.com/stds/smrl/data/modules/kinematic_motion_representation/sys/4_info_reqs.htm#kinematic_motion_representation_arm.link_motion_relationship
工程师（几何 / 工艺 / 公差）,链接运动表示沿路径,Link_motion_representation_along_path,kinematic_motion_representation,ap242,1,https://www.steptools.com/stds/smrl/data/modules/kinematic_motion_representation/sys/4_info_reqs.htm#kinematic_motion_representation_arm.link_motion_representation_along_path
工程师（几何 / 工艺 / 公差）,链接运动变换,Link_motion_transformation,kinematic_motion_representation,ap242,0,https://www.steptools.com/stds/smrl/data/modules/kinematic_motion_representation/sys/4_info_reqs.htm#kinematic_motion_representation_arm.link_motion_transformation
工程师（几何 / 工艺 / 公差）,字面量编号,Literal_number,numeric_expression,ap242,0,https://www.steptools.com/stds/smrl/data/modules/numeric_expression/sys/4_info_reqs.htm#numeric_expression_arm.literal_number
工程师（几何 / 工艺 / 公差）,位置元素,Location_element,machining_features,ap242,2,https://www.steptools.com/stds/smrl/data/modules/machining_features/sys/4_info_reqs.htm#machining_features_arm.location_element
工程师（几何 / 工艺 / 公差）,常用对数函数,Log10_function,elementary_function,ap242,0,https://www.steptools.com/stds/smrl/data/modules/elementary_function/sys/4_info_reqs.htm#elementary_function_arm.log10_function
工程师（几何 / 工艺 / 公差）,底2对数函数,Log2_function,elementary_function,ap242,0,https://www.steptools.com/stds/smrl/data/modules/elementary_function/sys/4_info_reqs.htm#elementary_function_arm.log2_function
工程师（几何 / 工艺 / 公差）,对数函数,Log_function,elementary_function,ap242,0,https://www.steptools.com/stds/smrl/data/modules/elementary_function/sys/4_info_reqs.htm#elementary_function_arm.log_function
工程师（几何 / 工艺 / 公差）,逻辑表示项,Logical_representation_item,basic_data_representation,ap242,0,https://www.steptools.com/stds/smrl/data/modules/basic_data_representation/sys/4_info_reqs.htm#basic_data_representation_arm.logical_representation_item
工程师（几何 / 工艺 / 公差）,环,Loop,elemental_topology,ap242,0,https://www.steptools.com/stds/smrl/data/modules/elemental_topology/sys/4_info_reqs.htm#elemental_topology_arm.loop
工程师（几何 / 工艺 / 公差）,环槽端类型,Loop_slot_end_type,machining_features,ap242,0,https://www.steptools.com/stds/smrl/data/modules/machining_features/sys/4_info_reqs.htm#machining_features_arm.loop_slot_end_type
工程师（几何 / 工艺 / 公差）,损耗相切数据元素,Loss_tangent_data_element,value_with_unit_extension,ap242,0,https://www.steptools.com/stds/smrl/data/modules/value_with_unit_extension/sys/4_info_reqs.htm#value_with_unit_extension_arm.loss_tangent_data_element
工程师（几何 / 工艺 / 公差）,批次配置,Lot_configuration,manufacturing_configuration_effectivity,ap242,0,https://www.steptools.com/stds/smrl/data/modules/manufacturing_configuration_effectivity/sys/4_info_reqs.htm#manufacturing_configuration_effectivity_arm.lot_configuration
工程师（几何 / 工艺 / 公差）,低次序运动学副,Low_order_kinematic_pair,kinematic_structure,ap242,0,https://www.steptools.com/stds/smrl/data/modules/kinematic_structure/sys/4_info_reqs.htm#kinematic_structure_arm.low_order_kinematic_pair
工程师（几何 / 工艺 / 公差）,低次序运动学副带运动耦合,Low_order_kinematic_pair_with_motion_coupling,kinematic_structure,ap242,0,https://www.steptools.com/stds/smrl/data/modules/kinematic_structure/sys/4_info_reqs.htm#kinematic_structure_arm.low_order_kinematic_pair_with_motion_coupling
工程师（几何 / 工艺 / 公差）,光通量数据元素,Luminous_flux_data_element,value_with_unit_extension,ap242,0,https://www.steptools.com/stds/smrl/data/modules/value_with_unit_extension/sys/4_info_reqs.htm#value_with_unit_extension_arm.luminous_flux_data_element
工程师（几何 / 工艺 / 公差）,光强度数据元素,Luminous_intensity_data_element,value_with_unit_extension,ap242,0,https://www.steptools.com/stds/smrl/data/modules/value_with_unit_extension/sys/4_info_reqs.htm#value_with_unit_extension_arm.luminous_intensity_data_element
工程师（几何 / 工艺 / 公差）,光强度单位,Luminous_intensity_unit,value_with_unit,ap242,0,https://www.steptools.com/stds/smrl/data/modules/value_with_unit/sys/4_info_reqs.htm#value_with_unit_arm.luminous_intensity_unit
工程师（几何 / 工艺 / 公差）,加工特征,Machining_feature,machining_features,ap242,2,https://www.steptools.com/stds/smrl/data/modules/machining_features/sys/4_info_reqs.htm#machining_features_arm.machining_feature
工程师（几何 / 工艺 / 公差）,加工特征尺寸,Machining_feature_size,dimension_tolerance,ap242,0,https://www.steptools.com/stds/smrl/data/modules/dimension_tolerance/sys/4_info_reqs.htm#dimension_tolerance_arm.machining_feature_size
工程师（几何 / 工艺 / 公差）,磁通量数据元素,Magnetic_flux_data_element,value_with_unit_extension,ap242,0,https://www.steptools.com/stds/smrl/data/modules/value_with_unit_extension/sys/4_info_reqs.htm#value_with_unit_extension_arm.magnetic_flux_data_element
工程师（几何 / 工艺 / 公差）,磁通量密度数据元素,Magnetic_flux_density_data_element,value_with_unit_extension,ap242,0,https://www.steptools.com/stds/smrl/data/modules/value_with_unit_extension/sys/4_info_reqs.htm#value_with_unit_extension_arm.magnetic_flux_density_data_element
工程师（几何 / 工艺 / 公差）,流形实体边界表示,Manifold_solid_brep,advanced_boundary_representation,ap242,2,https://www.steptools.com/stds/smrl/data/modules/advanced_boundary_representation/sys/4_info_reqs.htm#advanced_boundary_representation_arm.manifold_solid_brep
工程师（几何 / 工艺 / 公差）,流形子曲面模型,Manifold_subsurface_model,manifold_subsurface,ap242,1,https://www.steptools.com/stds/smrl/data/modules/manifold_subsurface/sys/4_info_reqs.htm#manifold_subsurface_arm.manifold_subsurface_model
工程师（几何 / 工艺 / 公差）,流形曲面形状表示,Manifold_surface_shape_representation,manifold_surface,ap242,2,https://www.steptools.com/stds/smrl/data/modules/manifold_surface/sys/4_info_reqs.htm#manifold_surface_arm.manifold_surface_shape_representation
工程师（几何 / 工艺 / 公差）,制造配置,Manufacturing_configuration,manufacturing_configuration_effectivity,ap242,0,https://www.steptools.com/stds/smrl/data/modules/manufacturing_configuration_effectivity/sys/4_info_reqs.htm#manufacturing_configuration_effectivity_arm.manufacturing_configuration
工程师（几何 / 工艺 / 公差）,制造特征,Manufacturing_feature,machining_features,ap242,8,https://www.steptools.com/stds/smrl/data/modules/machining_features/sys/4_info_reqs.htm#machining_features_arm.manufacturing_feature
工程师（几何 / 工艺 / 公差）,制造特征组,Manufacturing_feature_group,machining_features,ap242,0,https://www.steptools.com/stds/smrl/data/modules/machining_features/sys/4_info_reqs.htm#machining_features_arm.manufacturing_feature_group
工程师（几何 / 工艺 / 公差）,标记,Marker,curve_appearance,ap242,2,https://www.steptools.com/stds/smrl/data/modules/curve_appearance/sys/4_info_reqs.htm#curve_appearance_arm.marker
工程师（几何 / 工艺 / 公差）,标记特征,Marking_feature,machining_features,ap242,1,https://www.steptools.com/stds/smrl/data/modules/machining_features/sys/4_info_reqs.htm#machining_features_arm.marking_feature
工程师（几何 / 工艺 / 公差）,质量数据元素,Mass_data_element,value_with_unit_extension,ap242,0,https://www.steptools.com/stds/smrl/data/modules/value_with_unit_extension/sys/4_info_reqs.htm#value_with_unit_extension_arm.mass_data_element
工程师（几何 / 工艺 / 公差）,质量单位,Mass_unit,value_with_unit,ap242,0,https://www.steptools.com/stds/smrl/data/modules/value_with_unit/sys/4_info_reqs.htm#value_with_unit_arm.mass_unit
工程师（几何 / 工艺 / 公差）,材料标识,Material_identification,generic_material_aspects,ap242,7,https://www.steptools.com/stds/smrl/data/modules/generic_material_aspects/sys/4_info_reqs.htm#generic_material_aspects_arm.material_identification
工程师（几何 / 工艺 / 公差）,材料属性,Material_property,generic_material_aspects,ap242,1,https://www.steptools.com/stds/smrl/data/modules/generic_material_aspects/sys/4_info_reqs.htm#generic_material_aspects_arm.material_property
工程师（几何 / 工艺 / 公差）,材料属性关联,Material_property_association,generic_material_aspects,ap242,0,https://www.steptools.com/stds/smrl/data/modules/generic_material_aspects/sys/4_info_reqs.htm#generic_material_aspects_arm.material_property_association
工程师（几何 / 工艺 / 公差）,材料属性值表示,Material_property_value_representation,generic_material_aspects,ap242,1,https://www.steptools.com/stds/smrl/data/modules/generic_material_aspects/sys/4_info_reqs.htm#generic_material_aspects_arm.material_property_value_representation
工程师（几何 / 工艺 / 公差）,材料规范,Material_specification,specification_document,ap242,0,https://www.steptools.com/stds/smrl/data/modules/specification_document/sys/4_info_reqs.htm#specification_document_arm.material_specification
工程师（几何 / 工艺 / 公差）,数学值精度限定符,Maths_value_precision_qualifier,qualified_measure,ap242,0,https://www.steptools.com/stds/smrl/data/modules/qualified_measure/sys/4_info_reqs.htm#qualified_measure_arm.maths_value_precision_qualifier
工程师（几何 / 工艺 / 公差）,数学值资格,Maths_value_qualification,qualified_measure,ap242,0,https://www.steptools.com/stds/smrl/data/modules/qualified_measure/sys/4_info_reqs.htm#qualified_measure_arm.maths_value_qualification
工程师（几何 / 工艺 / 公差）,数学值带单位,Maths_value_with_unit,value_with_unit,ap242,0,https://www.steptools.com/stds/smrl/data/modules/value_with_unit/sys/4_info_reqs.htm#value_with_unit_arm.maths_value_with_unit
工程师（几何 / 工艺 / 公差）,最大函数,Maximum_function,elementary_function,ap242,0,https://www.steptools.com/stds/smrl/data/modules/elementary_function/sys/4_info_reqs.htm#elementary_function_arm.maximum_function
工程师（几何 / 工艺 / 公差）,最大公差特征,Maximum_tolerance_characteristic,characteristic,ap242,0,https://www.steptools.com/stds/smrl/data/modules/characteristic/sys/4_info_reqs.htm#characteristic_arm.maximum_tolerance_characteristic
工程师（几何 / 工艺 / 公差）,机械设计沉孔孔定义,Md_counterbore_hole_definition,mechanical_design_features_and_requirements,ap242,1,https://www.steptools.com/stds/smrl/data/modules/mechanical_design_features_and_requirements/sys/4_info_reqs.htm#mechanical_design_features_and_requirements_arm.md_counterbore_hole_definition
工程师（几何 / 工艺 / 公差）,机械设计沉孔孔实例,Md_counterbore_hole_occurrence,mechanical_design_features_and_requirements,ap242,0,https://www.steptools.com/stds/smrl/data/modules/mechanical_design_features_and_requirements/sys/4_info_reqs.htm#mechanical_design_features_and_requirements_arm.md_counterbore_hole_occurrence
工程师（几何 / 工艺 / 公差）,机械设计沉孔孔实例在装配,Md_counterbore_hole_occurrence_in_assembly,mechanical_design_features_and_requirements,ap242,0,https://www.steptools.com/stds/smrl/data/modules/mechanical_design_features_and_requirements/sys/4_info_reqs.htm#mechanical_design_features_and_requirements_arm.md_counterbore_hole_occurrence_in_assembly
工程师（几何 / 工艺 / 公差）,机械设计沉钻孔定义,Md_counterdrill_hole_definition,mechanical_design_features_and_requirements,ap242,1,https://www.steptools.com/stds/smrl/data/modules/mechanical_design_features_and_requirements/sys/4_info_reqs.htm#mechanical_design_features_and_requirements_arm.md_counterdrill_hole_definition
工程师（几何 / 工艺 / 公差）,机械设计沉钻孔实例,Md_counterdrill_hole_occurrence,mechanical_design_features_and_requirements,ap242,0,https://www.steptools.com/stds/smrl/data/modules/mechanical_design_features_and_requirements/sys/4_info_reqs.htm#mechanical_design_features_and_requirements_arm.md_counterdrill_hole_occurrence
工程师（几何 / 工艺 / 公差）,机械设计沉钻孔实例在装配,Md_counterdrill_hole_occurrence_in_assembly,mechanical_design_features_and_requirements,ap242,0,https://www.steptools.com/stds/smrl/data/modules/mechanical_design_features_and_requirements/sys/4_info_reqs.htm#mechanical_design_features_and_requirements_arm.md_counterdrill_hole_occurrence_in_assembly
工程师（几何 / 工艺 / 公差）,机械设计锥形沉孔孔定义,Md_countersink_hole_definition,mechanical_design_features_and_requirements,ap242,1,https://www.steptools.com/stds/smrl/data/modules/mechanical_design_features_and_requirements/sys/4_info_reqs.htm#mechanical_design_features_and_requirements_arm.md_countersink_hole_definition
工程师（几何 / 工艺 / 公差）,机械设计锥形沉孔孔实例,Md_countersink_hole_occurrence,mechanical_design_features_and_requirements,ap242,0,https://www.steptools.com/stds/smrl/data/modules/mechanical_design_features_and_requirements/sys/4_info_reqs.htm#mechanical_design_features_and_requirements_arm.md_countersink_hole_occurrence
工程师（几何 / 工艺 / 公差）,机械设计锥形沉孔孔实例在装配,Md_countersink_hole_occurrence_in_assembly,mechanical_design_features_and_requirements,ap242,0,https://www.steptools.com/stds/smrl/data/modules/mechanical_design_features_and_requirements/sys/4_info_reqs.htm#mechanical_design_features_and_requirements_arm.md_countersink_hole_occurrence_in_assembly
工程师（几何 / 工艺 / 公差）,量项,Measure_item,measure_representation,ap242,9,https://www.steptools.com/stds/smrl/data/modules/measure_representation/sys/4_info_reqs.htm#measure_representation_arm.measure_item
工程师（几何 / 工艺 / 公差）,量项带精度,Measure_item_with_precision,extended_measure_representation,ap242,0,https://www.steptools.com/stds/smrl/data/modules/extended_measure_representation/sys/4_info_reqs.htm#extended_measure_representation_arm.measure_item_with_precision
工程师（几何 / 工艺 / 公差）,量资格,Measure_qualification,qualified_measure,ap242,0,https://www.steptools.com/stds/smrl/data/modules/qualified_measure/sys/4_info_reqs.htm#qualified_measure_arm.measure_qualification
工程师（几何 / 工艺 / 公差）,测量路径,Measurement_path,dimension_tolerance,ap242,2,https://www.steptools.com/stds/smrl/data/modules/dimension_tolerance/sys/4_info_reqs.htm#dimension_tolerance_arm.measurement_path
工程师（几何 / 工艺 / 公差）,机械设计与制图关系,Mechanical_design_and_draughting_relationship,mechanical_design_presentation_representation_with_draughting,ap242,0,https://www.steptools.com/stds/smrl/data/modules/mechanical_design_presentation_representation_with_draughting/sys/4_info_reqs.htm#mechanical_design_presentation_representation_with_draughting_arm.mechanical_design_and_draughting_relationship
工程师（几何 / 工艺 / 公差）,机械设计表示表示带制图,Mechanical_design_presentation_representation_with_draughting,mechanical_design_presentation_representation_with_draughting,ap242,1,https://www.steptools.com/stds/smrl/data/modules/mechanical_design_presentation_representation_with_draughting/sys/4_info_reqs.htm#mechanical_design_presentation_representation_with_draughting_arm.mechanical_design_presentation_representation_with_draughting
工程师（几何 / 工艺 / 公差）,机械设计要求项关联,Mechanical_design_requirement_item_association,mechanical_design_features_and_requirements,ap242,0,https://www.steptools.com/stds/smrl/data/modules/mechanical_design_features_and_requirements/sys/4_info_reqs.htm#mechanical_design_features_and_requirements_arm.mechanical_design_requirement_item_association
工程师（几何 / 工艺 / 公差）,机械设计着色表示面积,Mechanical_design_shaded_presentation_area,mechanical_design_shaded_presentation,ap242,0,https://www.steptools.com/stds/smrl/data/modules/mechanical_design_shaded_presentation/sys/4_info_reqs.htm#mechanical_design_shaded_presentation_arm.mechanical_design_shaded_presentation_area
工程师（几何 / 工艺 / 公差）,机械设计着色带样式模型,Mechanical_design_shaded_styled_model,mechanical_design_shaded_presentation,ap242,1,https://www.steptools.com/stds/smrl/data/modules/mechanical_design_shaded_presentation/sys/4_info_reqs.htm#mechanical_design_shaded_presentation_arm.mechanical_design_shaded_styled_model
工程师（几何 / 工艺 / 公差）,机械设计视图面积,Mechanical_design_view_area,mechanical_design_geometric_presentation,ap242,0,https://www.steptools.com/stds/smrl/data/modules/mechanical_design_geometric_presentation/sys/4_info_reqs.htm#mechanical_design_geometric_presentation_arm.mechanical_design_view_area
工程师（几何 / 工艺 / 公差）,机械表示带样式模型,Mechanical_representation_styled_model,mechanical_design_geometric_presentation,ap242,1,https://www.steptools.com/stds/smrl/data/modules/mechanical_design_geometric_presentation/sys/4_info_reqs.htm#mechanical_design_geometric_presentation_arm.mechanical_representation_styled_model
工程师（几何 / 工艺 / 公差）,机构表示,Mechanism_representation,kinematic_structure,ap242,3,https://www.steptools.com/stds/smrl/data/modules/kinematic_structure/sys/4_info_reqs.htm#kinematic_structure_arm.mechanism_representation
工程师（几何 / 工艺 / 公差）,机构状态表示,Mechanism_state_representation,kinematic_state,ap242,1,https://www.steptools.com/stds/smrl/data/modules/kinematic_state/sys/4_info_reqs.htm#kinematic_state_arm.mechanism_state_representation
工程师（几何 / 工艺 / 公差）,中位曲线,Median_curve,derived_shape_element,ap242,0,https://www.steptools.com/stds/smrl/data/modules/derived_shape_element/sys/4_info_reqs.htm#derived_shape_element_arm.median_curve
工程师（几何 / 工艺 / 公差）,中位曲面,Median_surface,derived_shape_element,ap242,0,https://www.steptools.com/stds/smrl/data/modules/derived_shape_element/sys/4_info_reqs.htm#derived_shape_element_arm.median_surface
工程师（几何 / 工艺 / 公差）,最小函数,Minimum_function,elementary_function,ap242,0,https://www.steptools.com/stds/smrl/data/modules/elementary_function/sys/4_info_reqs.htm#elementary_function_arm.minimum_function
工程师（几何 / 工艺 / 公差）,最小公差特征,Minimum_tolerance_characteristic,characteristic,ap242,0,https://www.steptools.com/stds/smrl/data/modules/characteristic/sys/4_info_reqs.htm#characteristic_arm.minimum_tolerance_characteristic
工程师（几何 / 工艺 / 公差）,减表达式,Minus_expression,numeric_expression,ap242,0,https://www.steptools.com/stds/smrl/data/modules/numeric_expression/sys/4_info_reqs.htm#numeric_expression_arm.minus_expression
工程师（几何 / 工艺 / 公差）,减法函数,Minus_function,elementary_function,ap242,0,https://www.steptools.com/stds/smrl/data/modules/elementary_function/sys/4_info_reqs.htm#elementary_function_arm.minus_function
工程师（几何 / 工艺 / 公差）,取模表达式,Mod_expression,numeric_expression,ap242,0,https://www.steptools.com/stds/smrl/data/modules/numeric_expression/sys/4_info_reqs.htm#numeric_expression_arm.mod_expression
工程师（几何 / 工艺 / 公差）,模型几何视图,Model_geometric_view,mechanical_design_presentation_representation_with_draughting,ap242,0,https://www.steptools.com/stds/smrl/data/modules/mechanical_design_presentation_representation_with_draughting/sys/4_info_reqs.htm#mechanical_design_presentation_representation_with_draughting_arm.model_geometric_view
工程师（几何 / 工艺 / 公差）,模型图像三维,Model_image_3d,camera_view_3d,ap242,2,https://www.steptools.com/stds/smrl/data/modules/camera_view_3d/sys/4_info_reqs.htm#camera_view_3d_arm.model_image_3d
工程师（几何 / 工艺 / 公差）,乘表达式,Mult_expression,numeric_expression,ap242,0,https://www.steptools.com/stds/smrl/data/modules/numeric_expression/sys/4_info_reqs.htm#numeric_expression_arm.mult_expression
工程师（几何 / 工艺 / 公差）,多轴特征,Multi_axis_feature,machining_features,ap242,0,https://www.steptools.com/stds/smrl/data/modules/machining_features/sys/4_info_reqs.htm#machining_features_arm.multi_axis_feature
工程师（几何 / 工艺 / 公差）,多个元数布尔表达式,Multiple_arity_boolean_expression,numeric_expression,ap242,1,https://www.steptools.com/stds/smrl/data/modules/numeric_expression/sys/4_info_reqs.htm#numeric_expression_arm.multiple_arity_boolean_expression
工程师（几何 / 工艺 / 公差）,多元函数调用,Multiple_arity_function_call,numeric_expression,ap242,0,https://www.steptools.com/stds/smrl/data/modules/numeric_expression/sys/4_info_reqs.htm#numeric_expression_arm.multiple_arity_function_call
工程师（几何 / 工艺 / 公差）,多元通用表达式,Multiple_arity_generic_expression,generic_expression,ap242,0,https://www.steptools.com/stds/smrl/data/modules/generic_expression/sys/4_info_reqs.htm#generic_expression_arm.multiple_arity_generic_expression
工程师（几何 / 工艺 / 公差）,多元数值表达式,Multiple_arity_numeric_expression,numeric_expression,ap242,1,https://www.steptools.com/stds/smrl/data/modules/numeric_expression/sys/4_info_reqs.htm#numeric_expression_arm.multiple_arity_numeric_expression
工程师（几何 / 工艺 / 公差）,多边形轮廓,Ngon_profile,machining_features,ap242,0,https://www.steptools.com/stds/smrl/data/modules/machining_features/sys/4_info_reqs.htm#machining_features_arm.ngon_profile
工程师（几何 / 工艺 / 公差）,名义三维派生特征,Nominal_3d_derived_feature,model_based_3d_geometrical_dimensioning_and_tolerancing_representation,ap242,1,https://www.steptools.com/stds/smrl/data/modules/model_based_3d_geometrical_dimensioning_and_tolerancing_representation/sys/4_info_reqs.htm#model_based_3d_geometrical_dimensioning_and_tolerancing_representation_arm.nominal_3d_derived_feature
工程师（几何 / 工艺 / 公差）,名义三维边,Nominal_3d_edge,model_based_3d_geometrical_dimensioning_and_tolerancing_representation,ap242,0,https://www.steptools.com/stds/smrl/data/modules/model_based_3d_geometrical_dimensioning_and_tolerancing_representation/sys/4_info_reqs.htm#model_based_3d_geometrical_dimensioning_and_tolerancing_representation_arm.nominal_3d_edge
工程师（几何 / 工艺 / 公差）,名义三维特征,Nominal_3d_feature,model_based_3d_geometrical_dimensioning_and_tolerancing_representation,ap242,2,https://www.steptools.com/stds/smrl/data/modules/model_based_3d_geometrical_dimensioning_and_tolerancing_representation/sys/4_info_reqs.htm#model_based_3d_geometrical_dimensioning_and_tolerancing_representation_arm.nominal_3d_feature
工程师（几何 / 工艺 / 公差）,名义三维积分特征,Nominal_3d_integral_feature,model_based_3d_geometrical_dimensioning_and_tolerancing_representation,ap242,1,https://www.steptools.com/stds/smrl/data/modules/model_based_3d_geometrical_dimensioning_and_tolerancing_representation/sys/4_info_reqs.htm#model_based_3d_geometrical_dimensioning_and_tolerancing_representation_arm.nominal_3d_integral_feature
工程师（几何 / 工艺 / 公差）,名义公差特征,Nominal_tolerance_characteristic,characteristic,ap242,0,https://www.steptools.com/stds/smrl/data/modules/characteristic/sys/4_info_reqs.htm#characteristic_arm.nominal_tolerance_characteristic
工程师（几何 / 工艺 / 公差）,非流形形状表示,Non_manifold_shape_representation,non_manifold_surface,ap242,1,https://www.steptools.com/stds/smrl/data/modules/non_manifold_surface/sys/4_info_reqs.htm#non_manifold_surface_arm.non_manifold_shape_representation
工程师（几何 / 工艺 / 公差）,非均匀区域定义,Non_uniform_zone_definition,geometric_tolerance,ap242,0,https://www.steptools.com/stds/smrl/data/modules/geometric_tolerance/sys/4_info_reqs.htm#geometric_tolerance_arm.non_uniform_zone_definition
工程师（几何 / 工艺 / 公差）,非表达式,Not_expression,numeric_expression,ap242,0,https://www.steptools.com/stds/smrl/data/modules/numeric_expression/sys/4_info_reqs.htm#numeric_expression_arm.not_expression
工程师（几何 / 工艺 / 公差）,空表示项,Null_representation_item,characteristic,ap242,1,https://www.steptools.com/stds/smrl/data/modules/characteristic/sys/4_info_reqs.htm#characteristic_arm.null_representation_item
工程师（几何 / 工艺 / 公差）,编号的十进制位,Number_of_decimal_places,default_tolerance,ap242,0,https://www.steptools.com/stds/smrl/data/modules/default_tolerance/sys/4_info_reqs.htm#default_tolerance_arm.number_of_decimal_places
工程师（几何 / 工艺 / 公差）,数值定义函数,Numeric_defined_function,elementary_function,ap242,0,https://www.steptools.com/stds/smrl/data/modules/elementary_function/sys/4_info_reqs.htm#elementary_function_arm.numeric_defined_function
工程师（几何 / 工艺 / 公差）,数值表达式,Numeric_expression,numeric_expression,ap242,0,https://www.steptools.com/stds/smrl/data/modules/numeric_expression/sys/4_info_reqs.htm#numeric_expression_arm.numeric_expression
工程师（几何 / 工艺 / 公差）,数值变量,Numeric_variable,numeric_expression,ap242,1,https://www.steptools.com/stds/smrl/data/modules/numeric_expression/sys/4_info_reqs.htm#numeric_expression_arm.numeric_variable
工程师（几何 / 工艺 / 公差）,数值文档属性,Numerical_document_property,document_properties,ap242,0,https://www.steptools.com/stds/smrl/data/modules/document_properties/sys/4_info_reqs.htm#document_properties_arm.numerical_document_property
工程师（几何 / 工艺 / 公差）,数值项带全局单位,Numerical_item_with_global_unit,measure_representation,ap242,1,https://www.steptools.com/stds/smrl/data/modules/measure_representation/sys/4_info_reqs.htm#measure_representation_arm.numerical_item_with_global_unit
工程师（几何 / 工艺 / 公差）,数值项带单位,Numerical_item_with_unit,measure_representation,ap242,124,https://www.steptools.com/stds/smrl/data/modules/measure_representation/sys/4_info_reqs.htm#measure_representation_arm.numerical_item_with_unit
工程师（几何 / 工艺 / 公差）,数值表示上下文,Numerical_representation_context,foundation_representation,ap242,0,https://www.steptools.com/stds/smrl/data/modules/foundation_representation/sys/4_info_reqs.htm#foundation_representation_arm.numerical_representation_context
工程师（几何 / 工艺 / 公差）,实例放置,Occurrence_placement,product_placement,ap242,0,https://www.steptools.com/stds/smrl/data/modules/product_placement/sys/4_info_reqs.htm#product_placement_arm.occurrence_placement
工程师（几何 / 工艺 / 公差）,奇数函数,Odd_function,numeric_function,ap242,0,https://www.steptools.com/stds/smrl/data/modules/numeric_function/sys/4_info_reqs.htm#numeric_function_arm.odd_function
工程师（几何 / 工艺 / 公差）,偏置形状元素,Offset_shape_element,derived_shape_element,ap242,0,https://www.steptools.com/stds/smrl/data/modules/derived_shape_element/sys/4_info_reqs.htm#derived_shape_element_arm.offset_shape_element
工程师（几何 / 工艺 / 公差）,开放轮廓,Open_profile,machining_features,ap242,2,https://www.steptools.com/stds/smrl/data/modules/machining_features/sys/4_info_reqs.htm#machining_features_arm.open_profile
工程师（几何 / 工艺 / 公差）,开放壳,Open_shell,manifold_surface,ap242,0,https://www.steptools.com/stds/smrl/data/modules/manifold_surface/sys/4_info_reqs.htm#manifold_surface_arm.open_shell
工程师（几何 / 工艺 / 公差）,开放槽,Open_slot,machining_features,ap242,0,https://www.steptools.com/stds/smrl/data/modules/machining_features/sys/4_info_reqs.htm#machining_features_arm.open_slot
工程师（几何 / 工艺 / 公差）,开放槽端类型,Open_slot_end_type,machining_features,ap242,0,https://www.steptools.com/stds/smrl/data/modules/machining_features/sys/4_info_reqs.htm#machining_features_arm.open_slot_end_type
工程师（几何 / 工艺 / 公差）,或表达式,Or_expression,numeric_expression,ap242,0,https://www.steptools.com/stds/smrl/data/modules/numeric_expression/sys/4_info_reqs.htm#numeric_expression_arm.or_expression
工程师（几何 / 工艺 / 公差）,有向闭合壳,Oriented_closed_shell,advanced_boundary_representation,ap242,1,https://www.steptools.com/stds/smrl/data/modules/advanced_boundary_representation/sys/4_info_reqs.htm#advanced_boundary_representation_arm.oriented_closed_shell
工程师（几何 / 工艺 / 公差）,有向边,Oriented_edge,elemental_topology,ap242,0,https://www.steptools.com/stds/smrl/data/modules/elemental_topology/sys/4_info_reqs.htm#elemental_topology_arm.oriented_edge
工程师（几何 / 工艺 / 公差）,有向关节,Oriented_joint,kinematic_topology,ap242,0,https://www.steptools.com/stds/smrl/data/modules/kinematic_topology/sys/4_info_reqs.htm#kinematic_topology_arm.oriented_joint
工程师（几何 / 工艺 / 公差）,有向公差区域,Oriented_tolerance_zone,geometric_tolerance,ap242,0,https://www.steptools.com/stds/smrl/data/modules/geometric_tolerance/sys/4_info_reqs.htm#geometric_tolerance_arm.oriented_tolerance_zone
工程师（几何 / 工艺 / 公差）,外直径,Outer_diameter,machining_features,ap242,0,https://www.steptools.com/stds/smrl/data/modules/machining_features/sys/4_info_reqs.htm#machining_features_arm.outer_diameter
工程师（几何 / 工艺 / 公差）,外直径到台肩,Outer_diameter_to_shoulder,machining_features,ap242,0,https://www.steptools.com/stds/smrl/data/modules/machining_features/sys/4_info_reqs.htm#machining_features_arm.outer_diameter_to_shoulder
工程师（几何 / 工艺 / 公差）,外圆,Outer_round,machining_features,ap242,1,https://www.steptools.com/stds/smrl/data/modules/machining_features/sys/4_info_reqs.htm#machining_features_arm.outer_round
工程师（几何 / 工艺 / 公差）,覆盖啮合带样式元素,Over_riding_styled_element,appearance_assignment,ap242,0,https://www.steptools.com/stds/smrl/data/modules/appearance_assignment/sys/4_info_reqs.htm#appearance_assignment_arm.over_riding_styled_element
工程师（几何 / 工艺 / 公差）,副表示关系,Pair_representation_relationship,kinematic_structure,ap242,2,https://www.steptools.com/stds/smrl/data/modules/kinematic_structure/sys/4_info_reqs.htm#kinematic_structure_arm.pair_representation_relationship
工程师（几何 / 工艺 / 公差）,副值,Pair_value,kinematic_state,ap242,1,https://www.steptools.com/stds/smrl/data/modules/kinematic_state/sys/4_info_reqs.htm#kinematic_state_arm.pair_value
工程师（几何 / 工艺 / 公差）,抛物线,Parabola,basic_geometry,ap242,0,https://www.steptools.com/stds/smrl/data/modules/basic_geometry/sys/4_info_reqs.htm#basic_geometry_arm.parabola
工程师（几何 / 工艺 / 公差）,平行偏置,Parallel_offset,derived_shape_element,ap242,0,https://www.steptools.com/stds/smrl/data/modules/derived_shape_element/sys/4_info_reqs.htm#derived_shape_element_arm.parallel_offset
工程师（几何 / 工艺 / 公差）,平行度公差,Parallelism_tolerance,geometric_tolerance,ap242,1,https://www.steptools.com/stds/smrl/data/modules/geometric_tolerance/sys/4_info_reqs.htm#geometric_tolerance_arm.parallelism_tolerance
工程师（几何 / 工艺 / 公差）,参数线外观,Parameter_line_appearance,general_surface_appearance,ap242,0,https://www.steptools.com/stds/smrl/data/modules/general_surface_appearance/sys/4_info_reqs.htm#general_surface_appearance_arm.parameter_line_appearance
工程师（几何 / 工艺 / 公差）,参数化表示上下文,Parametric_representation_context,parametric_representation,ap242,0,https://www.steptools.com/stds/smrl/data/modules/parametric_representation/sys/4_info_reqs.htm#parametric_representation_arm.parametric_representation_context
工程师（几何 / 工艺 / 公差）,零件函数关联,Part_function_association,specification_control,ap242,0,https://www.steptools.com/stds/smrl/data/modules/specification_control/sys/4_info_reqs.htm#specification_control_arm.part_function_association
工程师（几何 / 工艺 / 公差）,零件实例放置,Part_occurrence_placement,product_placement,ap242,0,https://www.steptools.com/stds/smrl/data/modules/product_placement/sys/4_info_reqs.htm#product_placement_arm.part_occurrence_placement
工程师（几何 / 工艺 / 公差）,零件形状元素,Part_shape_element,part_shape,ap242,1,https://www.steptools.com/stds/smrl/data/modules/part_shape/sys/4_info_reqs.htm#part_shape_arm.part_shape_element
工程师（几何 / 工艺 / 公差）,零件形状元素关系,Part_shape_element_relationship,part_shape,ap242,0,https://www.steptools.com/stds/smrl/data/modules/part_shape/sys/4_info_reqs.htm#part_shape_arm.part_shape_element_relationship
工程师（几何 / 工艺 / 公差）,零件视图定义,Part_view_definition,part_view_definition,ap242,12,https://www.steptools.com/stds/smrl/data/modules/part_view_definition/sys/4_info_reqs.htm#part_view_definition_arm.part_view_definition
工程师（几何 / 工艺 / 公差）,部分面积定义,Partial_area_definition,machining_features,ap242,0,https://www.steptools.com/stds/smrl/data/modules/machining_features/sys/4_info_reqs.htm#machining_features_arm.partial_area_definition
工程师（几何 / 工艺 / 公差）,部分圆形路径特征组件,Partial_circular_path_feature_component,machining_features,ap242,0,https://www.steptools.com/stds/smrl/data/modules/machining_features/sys/4_info_reqs.htm#machining_features_arm.partial_circular_path_feature_component
工程师（几何 / 工艺 / 公差）,部分圆形轮廓,Partial_circular_profile,machining_features,ap242,3,https://www.steptools.com/stds/smrl/data/modules/machining_features/sys/4_info_reqs.htm#machining_features_arm.partial_circular_profile
工程师（几何 / 工艺 / 公差）,部分圆形形状轮廓,Partial_circular_shape_profile,machining_features,ap242,0,https://www.steptools.com/stds/smrl/data/modules/machining_features/sys/4_info_reqs.htm#machining_features_arm.partial_circular_shape_profile
工程师（几何 / 工艺 / 公差）,部分文档带结构化文本表示赋值,Partial_document_with_structured_text_representation_assignment,specification_document,ap242,0,https://www.steptools.com/stds/smrl/data/modules/specification_document/sys/4_info_reqs.htm#specification_document_arm.partial_document_with_structured_text_representation_assignment
工程师（几何 / 工艺 / 公差）,路径,Path,elemental_topology,ap242,1,https://www.steptools.com/stds/smrl/data/modules/elemental_topology/sys/4_info_reqs.htm#elemental_topology_arm.path
工程师（几何 / 工艺 / 公差）,路径元素,Path_element,machining_features,ap242,3,https://www.steptools.com/stds/smrl/data/modules/machining_features/sys/4_info_reqs.htm#machining_features_arm.path_element
工程师（几何 / 工艺 / 公差）,路径特征组件,Path_feature_component,machining_features,ap242,2,https://www.steptools.com/stds/smrl/data/modules/machining_features/sys/4_info_reqs.htm#machining_features_arm.path_feature_component
工程师（几何 / 工艺 / 公差）,路径节点,Path_node,kinematic_motion_representation,ap242,0,https://www.steptools.com/stds/smrl/data/modules/kinematic_motion_representation/sys/4_info_reqs.htm#kinematic_motion_representation_arm.path_node
工程师（几何 / 工艺 / 公差）,路径参数表示,Path_parameter_representation,kinematic_motion_representation,ap242,1,https://www.steptools.com/stds/smrl/data/modules/kinematic_motion_representation/sys/4_info_reqs.htm#kinematic_motion_representation_arm.path_parameter_representation
工程师（几何 / 工艺 / 公差）,路径参数表示上下文,Path_parameter_representation_context,kinematic_motion_representation,ap242,0,https://www.steptools.com/stds/smrl/data/modules/kinematic_motion_representation/sys/4_info_reqs.htm#kinematic_motion_representation_arm.path_parameter_representation_context
工程师（几何 / 工艺 / 公差）,垂直到,Perpendicular_to,derived_shape_element,ap242,0,https://www.steptools.com/stds/smrl/data/modules/derived_shape_element/sys/4_info_reqs.htm#derived_shape_element_arm.perpendicular_to
工程师（几何 / 工艺 / 公差）,垂直度公差,Perpendicularity_tolerance,geometric_tolerance,ap242,1,https://www.steptools.com/stds/smrl/data/modules/geometric_tolerance/sys/4_info_reqs.htm#geometric_tolerance_arm.perpendicularity_tolerance
工程师（几何 / 工艺 / 公差）,物理分解上下文,Physical_breakdown_context,physical_breakdown,ap242,0,https://www.steptools.com/stds/smrl/data/modules/physical_breakdown/sys/4_info_reqs.htm#physical_breakdown_arm.physical_breakdown_context
工程师（几何 / 工艺 / 公差）,物理元素放置,Physical_element_placement,product_placement,ap242,0,https://www.steptools.com/stds/smrl/data/modules/product_placement/sys/4_info_reqs.htm#product_placement_arm.physical_element_placement
工程师（几何 / 工艺 / 公差）,放置特征,Placed_feature,shape_feature,ap242,0,https://www.steptools.com/stds/smrl/data/modules/shape_feature/sys/4_info_reqs.htm#shape_feature_arm.placed_feature
工程师（几何 / 工艺 / 公差）,放置目标,Placed_target,datum_and_datum_systems,ap242,0,https://www.steptools.com/stds/smrl/data/modules/datum_and_datum_systems/sys/4_info_reqs.htm#datum_and_datum_systems_arm.placed_target
工程师（几何 / 工艺 / 公差）,平面盒,Planar_box,appearance_assignment,ap242,4,https://www.steptools.com/stds/smrl/data/modules/appearance_assignment/sys/4_info_reqs.htm#appearance_assignment_arm.planar_box
工程师（几何 / 工艺 / 公差）,平面曲线副,Planar_curve_pair,kinematic_structure,ap242,0,https://www.steptools.com/stds/smrl/data/modules/kinematic_structure/sys/4_info_reqs.htm#kinematic_structure_arm.planar_curve_pair
工程师（几何 / 工艺 / 公差）,平面曲线副范围,Planar_curve_pair_range,kinematic_structure,ap242,0,https://www.steptools.com/stds/smrl/data/modules/kinematic_structure/sys/4_info_reqs.htm#kinematic_structure_arm.planar_curve_pair_range
工程师（几何 / 工艺 / 公差）,平面元素,Planar_element,machining_features,ap242,4,https://www.steptools.com/stds/smrl/data/modules/machining_features/sys/4_info_reqs.htm#machining_features_arm.planar_element
工程师（几何 / 工艺 / 公差）,平面面,Planar_face,machining_features,ap242,0,https://www.steptools.com/stds/smrl/data/modules/machining_features/sys/4_info_reqs.htm#machining_features_arm.planar_face
工程师（几何 / 工艺 / 公差）,平面副,Planar_pair,kinematic_structure,ap242,0,https://www.steptools.com/stds/smrl/data/modules/kinematic_structure/sys/4_info_reqs.htm#kinematic_structure_arm.planar_pair
工程师（几何 / 工艺 / 公差）,平面副值,Planar_pair_value,kinematic_state,ap242,0,https://www.steptools.com/stds/smrl/data/modules/kinematic_state/sys/4_info_reqs.htm#kinematic_state_arm.planar_pair_value
工程师（几何 / 工艺 / 公差）,平面副带范围,Planar_pair_with_range,kinematic_structure,ap242,0,https://www.steptools.com/stds/smrl/data/modules/kinematic_structure/sys/4_info_reqs.htm#kinematic_structure_arm.planar_pair_with_range
工程师（几何 / 工艺 / 公差）,平面凹槽底部条件,Planar_pocket_bottom_condition,machining_features,ap242,0,https://www.steptools.com/stds/smrl/data/modules/machining_features/sys/4_info_reqs.htm#machining_features_arm.planar_pocket_bottom_condition
工程师（几何 / 工艺 / 公差）,平面轮廓底,Planar_profile_floor,machining_features,ap242,0,https://www.steptools.com/stds/smrl/data/modules/machining_features/sys/4_info_reqs.htm#machining_features_arm.planar_profile_floor
工程师（几何 / 工艺 / 公差）,平面加强筋顶部底,Planar_rib_top_floor,machining_features,ap242,0,https://www.steptools.com/stds/smrl/data/modules/machining_features/sys/4_info_reqs.htm#machining_features_arm.planar_rib_top_floor
工程师（几何 / 工艺 / 公差）,平面顶部条件,Planar_top_condition,machining_features,ap242,0,https://www.steptools.com/stds/smrl/data/modules/machining_features/sys/4_info_reqs.htm#machining_features_arm.planar_top_condition
工程师（几何 / 工艺 / 公差）,平面,Plane,basic_geometry,ap242,2,https://www.steptools.com/stds/smrl/data/modules/basic_geometry/sys/4_info_reqs.htm#basic_geometry_arm.plane
工程师（几何 / 工艺 / 公差）,平面角单位,Plane_angle_unit,value_with_unit,ap242,0,https://www.steptools.com/stds/smrl/data/modules/value_with_unit/sys/4_info_reqs.htm#value_with_unit_arm.plane_angle_unit
工程师（几何 / 工艺 / 公差）,平面形状元素,Plane_shape_element,datum_and_datum_systems,ap242,1,https://www.steptools.com/stds/smrl/data/modules/datum_and_datum_systems/sys/4_info_reqs.htm#datum_and_datum_systems_arm.plane_shape_element
工程师（几何 / 工艺 / 公差）,加表达式,Plus_expression,numeric_expression,ap242,0,https://www.steptools.com/stds/smrl/data/modules/numeric_expression/sys/4_info_reqs.htm#numeric_expression_arm.plus_expression
工程师（几何 / 工艺 / 公差）,加减边界,Plus_minus_bounds,dimension_tolerance,ap242,1,https://www.steptools.com/stds/smrl/data/modules/dimension_tolerance/sys/4_info_reqs.htm#dimension_tolerance_arm.plus_minus_bounds
工程师（几何 / 工艺 / 公差）,加减公差特征,Plus_minus_tolerance_characteristic,characteristic,ap242,0,https://www.steptools.com/stds/smrl/data/modules/characteristic/sys/4_info_reqs.htm#characteristic_arm.plus_minus_tolerance_characteristic
工程师（几何 / 工艺 / 公差）,加减带公差基准,Plus_minus_toleranced_datum,default_tolerance,ap242,0,https://www.steptools.com/stds/smrl/data/modules/default_tolerance/sys/4_info_reqs.htm#default_tolerance_arm.plus_minus_toleranced_datum
工程师（几何 / 工艺 / 公差）,凹槽,Pocket,machining_features,ap242,0,https://www.steptools.com/stds/smrl/data/modules/machining_features/sys/4_info_reqs.htm#machining_features_arm.pocket
工程师（几何 / 工艺 / 公差）,凹槽底部条件,Pocket_bottom_condition,machining_features,ap242,0,https://www.steptools.com/stds/smrl/data/modules/machining_features/sys/4_info_reqs.htm#machining_features_arm.pocket_bottom_condition
工程师（几何 / 工艺 / 公差）,点,Point,elemental_geometric_shape,ap242,4,https://www.steptools.com/stds/smrl/data/modules/elemental_geometric_shape/sys/4_info_reqs.htm#elemental_geometric_shape_arm.point
工程师（几何 / 工艺 / 公差）,点外观,Point_appearance,curve_appearance,ap242,0,https://www.steptools.com/stds/smrl/data/modules/curve_appearance/sys/4_info_reqs.htm#curve_appearance_arm.point_appearance
工程师（几何 / 工艺 / 公差）,点点云数据集,Point_cloud_dataset,scan_data_3d_shape,ap242,0,https://www.steptools.com/stds/smrl/data/modules/scan_data_3d_shape/sys/4_info_reqs.htm#scan_data_3d_shape_arm.point_cloud_dataset
工程师（几何 / 工艺 / 公差）,点点云数据集带颜色,Point_cloud_dataset_with_colours,scan_data_3d_shape,ap242,0,https://www.steptools.com/stds/smrl/data/modules/scan_data_3d_shape/sys/4_info_reqs.htm#scan_data_3d_shape_arm.point_cloud_dataset_with_colours
工程师（几何 / 工艺 / 公差）,点点云数据集带强度,Point_cloud_dataset_with_intensities,scan_data_3d_shape,ap242,0,https://www.steptools.com/stds/smrl/data/modules/scan_data_3d_shape/sys/4_info_reqs.htm#scan_data_3d_shape_arm.point_cloud_dataset_with_intensities
工程师（几何 / 工艺 / 公差）,点点云数据集带法向量,Point_cloud_dataset_with_normals,scan_data_3d_shape,ap242,0,https://www.steptools.com/stds/smrl/data/modules/scan_data_3d_shape/sys/4_info_reqs.htm#scan_data_3d_shape_arm.point_cloud_dataset_with_normals
工程师（几何 / 工艺 / 公差）,点点云超数据集,Point_cloud_superdataset,scan_data_3d_shape,ap242,0,https://www.steptools.com/stds/smrl/data/modules/scan_data_3d_shape/sys/4_info_reqs.htm#scan_data_3d_shape_arm.point_cloud_superdataset
工程师（几何 / 工艺 / 公差）,点在曲线,Point_on_curve,basic_geometry,ap242,5,https://www.steptools.com/stds/smrl/data/modules/basic_geometry/sys/4_info_reqs.htm#basic_geometry_arm.point_on_curve
工程师（几何 / 工艺 / 公差）,点在平面曲线副,Point_on_planar_curve_pair,kinematic_structure,ap242,0,https://www.steptools.com/stds/smrl/data/modules/kinematic_structure/sys/4_info_reqs.htm#kinematic_structure_arm.point_on_planar_curve_pair
工程师（几何 / 工艺 / 公差）,点在平面曲线副值,Point_on_planar_curve_pair_value,kinematic_state,ap242,0,https://www.steptools.com/stds/smrl/data/modules/kinematic_state/sys/4_info_reqs.htm#kinematic_state_arm.point_on_planar_curve_pair_value
工程师（几何 / 工艺 / 公差）,点在平面曲线副带范围,Point_on_planar_curve_pair_with_range,kinematic_structure,ap242,0,https://www.steptools.com/stds/smrl/data/modules/kinematic_structure/sys/4_info_reqs.htm#kinematic_structure_arm.point_on_planar_curve_pair_with_range
工程师（几何 / 工艺 / 公差）,点在曲面,Point_on_surface,basic_geometry,ap242,5,https://www.steptools.com/stds/smrl/data/modules/basic_geometry/sys/4_info_reqs.htm#basic_geometry_arm.point_on_surface
工程师（几何 / 工艺 / 公差）,点在曲面副,Point_on_surface_pair,kinematic_structure,ap242,0,https://www.steptools.com/stds/smrl/data/modules/kinematic_structure/sys/4_info_reqs.htm#kinematic_structure_arm.point_on_surface_pair
工程师（几何 / 工艺 / 公差）,点在曲面副值,Point_on_surface_pair_value,kinematic_state,ap242,0,https://www.steptools.com/stds/smrl/data/modules/kinematic_state/sys/4_info_reqs.htm#kinematic_state_arm.point_on_surface_pair_value
工程师（几何 / 工艺 / 公差）,点在曲面副带范围,Point_on_surface_pair_with_range,kinematic_structure,ap242,0,https://www.steptools.com/stds/smrl/data/modules/kinematic_structure/sys/4_info_reqs.htm#kinematic_structure_arm.point_on_surface_pair_with_range
工程师（几何 / 工艺 / 公差）,点形状元素,Point_shape_element,datum_and_datum_systems,ap242,1,https://www.steptools.com/stds/smrl/data/modules/datum_and_datum_systems/sys/4_info_reqs.htm#datum_and_datum_systems_arm.point_shape_element
工程师（几何 / 工艺 / 公差）,点到点路径,Point_to_point_path,kinematic_motion_representation,ap242,0,https://www.steptools.com/stds/smrl/data/modules/kinematic_motion_representation/sys/4_info_reqs.htm#kinematic_motion_representation_arm.point_to_point_path
工程师（几何 / 工艺 / 公差）,极坐标点,Polar_point,basic_geometry,ap242,0,https://www.steptools.com/stds/smrl/data/modules/basic_geometry/sys/4_info_reqs.htm#basic_geometry_arm.polar_point
工程师（几何 / 工艺 / 公差）,多环,Poly_loop,basic_geometric_topology,ap242,1,https://www.steptools.com/stds/smrl/data/modules/basic_geometric_topology/sys/4_info_reqs.htm#basic_geometric_topology_arm.poly_loop
工程师（几何 / 工艺 / 公差）,位置公差,Position_tolerance,geometric_tolerance,ap242,1,https://www.steptools.com/stds/smrl/data/modules/geometric_tolerance/sys/4_info_reqs.htm#geometric_tolerance_arm.position_tolerance
工程师（几何 / 工艺 / 公差）,正角数据元素,Positive_angle_data_element,value_with_unit_extension,ap242,2,https://www.steptools.com/stds/smrl/data/modules/value_with_unit_extension/sys/4_info_reqs.htm#value_with_unit_extension_arm.positive_angle_data_element
工程师（几何 / 工艺 / 公差）,正长度数据元素,Positive_length_data_element,value_with_unit_extension,ap242,12,https://www.steptools.com/stds/smrl/data/modules/value_with_unit_extension/sys/4_info_reqs.htm#value_with_unit_extension_arm.positive_length_data_element
工程师（几何 / 工艺 / 公差）,功率数据元素,Power_data_element,value_with_unit_extension,ap242,1,https://www.steptools.com/stds/smrl/data/modules/value_with_unit_extension/sys/4_info_reqs.htm#value_with_unit_extension_arm.power_data_element
工程师（几何 / 工艺 / 公差）,功率表达式,Power_expression,numeric_expression,ap242,0,https://www.steptools.com/stds/smrl/data/modules/numeric_expression/sys/4_info_reqs.htm#numeric_expression_arm.power_expression
工程师（几何 / 工艺 / 公差）,预定义颜色,Pre_defined_colour,colour,ap242,0,https://www.steptools.com/stds/smrl/data/modules/colour/sys/4_info_reqs.htm#colour_arm.pre_defined_colour
工程师（几何 / 工艺 / 公差）,预定义类型限定符,Pre_defined_type_qualifier,qualified_measure,ap242,0,https://www.steptools.com/stds/smrl/data/modules/qualified_measure/sys/4_info_reqs.htm#qualified_measure_arm.pre_defined_type_qualifier
工程师（几何 / 工艺 / 公差）,精度限定符,Precision_qualifier,qualified_measure,ap242,0,https://www.steptools.com/stds/smrl/data/modules/qualified_measure/sys/4_info_reqs.htm#qualified_measure_arm.precision_qualifier
工程师（几何 / 工艺 / 公差）,预定义曲线字体,Predefined_curve_font,styled_curve,ap242,0,https://www.steptools.com/stds/smrl/data/modules/styled_curve/sys/4_info_reqs.htm#styled_curve_arm.predefined_curve_font
工程师（几何 / 工艺 / 公差）,预定义标记,Predefined_marker,curve_appearance,ap242,0,https://www.steptools.com/stds/smrl/data/modules/curve_appearance/sys/4_info_reqs.htm#curve_appearance_arm.predefined_marker
工程师（几何 / 工艺 / 公差）,预定义终止符,Predefined_terminator,curve_appearance,ap242,0,https://www.steptools.com/stds/smrl/data/modules/curve_appearance/sys/4_info_reqs.htm#curve_appearance_arm.predefined_terminator
工程师（几何 / 工艺 / 公差）,规定路径,Prescribed_path,kinematic_analysis_control_and_result,ap242,1,https://www.steptools.com/stds/smrl/data/modules/kinematic_analysis_control_and_result/sys/4_info_reqs.htm#kinematic_analysis_control_and_result_arm.prescribed_path
工程师（几何 / 工艺 / 公差）,表示集合,Presentation_set,presentation_hierarchy,ap242,0,https://www.steptools.com/stds/smrl/data/modules/presentation_hierarchy/sys/4_info_reqs.htm#presentation_hierarchy_arm.presentation_set
工程师（几何 / 工艺 / 公差）,表示集合赋值,Presentation_set_assignment,presentation_hierarchy,ap242,0,https://www.steptools.com/stds/smrl/data/modules/presentation_hierarchy/sys/4_info_reqs.htm#presentation_hierarchy_arm.presentation_set_assignment
工程师（几何 / 工艺 / 公差）,压力数据元素,Pressure_data_element,value_with_unit_extension,ap242,3,https://www.steptools.com/stds/smrl/data/modules/value_with_unit_extension/sys/4_info_reqs.htm#value_with_unit_extension_arm.pressure_data_element
工程师（几何 / 工艺 / 公差）,棱柱副,Prismatic_pair,kinematic_structure,ap242,0,https://www.steptools.com/stds/smrl/data/modules/kinematic_structure/sys/4_info_reqs.htm#kinematic_structure_arm.prismatic_pair
工程师（几何 / 工艺 / 公差）,棱柱副值,Prismatic_pair_value,kinematic_state,ap242,0,https://www.steptools.com/stds/smrl/data/modules/kinematic_state/sys/4_info_reqs.htm#kinematic_state_arm.prismatic_pair_value
工程师（几何 / 工艺 / 公差）,棱柱副带范围,Prismatic_pair_with_range,kinematic_structure,ap242,0,https://www.steptools.com/stds/smrl/data/modules/kinematic_structure/sys/4_info_reqs.htm#kinematic_structure_arm.prismatic_pair_with_range
工程师（几何 / 工艺 / 公差）,过程操作定义,Process_operation_definition,process_plan,ap242,0,https://www.steptools.com/stds/smrl/data/modules/process_plan/sys/4_info_reqs.htm#process_plan_arm.process_operation_definition
工程师（几何 / 工艺 / 公差）,过程操作定义关系,Process_operation_definition_relationship,process_plan,ap242,0,https://www.steptools.com/stds/smrl/data/modules/process_plan/sys/4_info_reqs.htm#process_plan_arm.process_operation_definition_relationship
工程师（几何 / 工艺 / 公差）,过程操作输入或输出,Process_operation_input_or_output,process_plan,ap242,0,https://www.steptools.com/stds/smrl/data/modules/process_plan/sys/4_info_reqs.htm#process_plan_arm.process_operation_input_or_output
工程师（几何 / 工艺 / 公差）,过程操作实例,Process_operation_occurrence,process_plan,ap242,0,https://www.steptools.com/stds/smrl/data/modules/process_plan/sys/4_info_reqs.htm#process_plan_arm.process_operation_occurrence
工程师（几何 / 工艺 / 公差）,过程操作实例关系,Process_operation_occurrence_relationship,process_plan,ap242,0,https://www.steptools.com/stds/smrl/data/modules/process_plan/sys/4_info_reqs.htm#process_plan_arm.process_operation_occurrence_relationship
工程师（几何 / 工艺 / 公差）,过程操作资源赋值,Process_operation_resource_assignment,process_plan,ap242,0,https://www.steptools.com/stds/smrl/data/modules/process_plan/sys/4_info_reqs.htm#process_plan_arm.process_operation_resource_assignment
工程师（几何 / 工艺 / 公差）,过程计划,Process_plan,process_plan,ap242,0,https://www.steptools.com/stds/smrl/data/modules/process_plan/sys/4_info_reqs.htm#process_plan_arm.process_plan
工程师（几何 / 工艺 / 公差）,过程计划关系,Process_plan_relationship,process_plan,ap242,0,https://www.steptools.com/stds/smrl/data/modules/process_plan/sys/4_info_reqs.htm#process_plan_arm.process_plan_relationship
工程师（几何 / 工艺 / 公差）,过程规范,Process_specification,specification_document,ap242,0,https://www.steptools.com/stds/smrl/data/modules/specification_document/sys/4_info_reqs.htm#specification_document_arm.process_specification
工程师（几何 / 工艺 / 公差）,过程状态关系,Process_state_relationship,process_plan,ap242,0,https://www.steptools.com/stds/smrl/data/modules/process_plan/sys/4_info_reqs.htm#process_plan_arm.process_state_relationship
工程师（几何 / 工艺 / 公差）,产品作为单个视图,Product_as_individual_view,product_as_individual,ap242,1,https://www.steptools.com/stds/smrl/data/modules/product_as_individual/sys/4_info_reqs.htm#product_as_individual_arm.product_as_individual_view
工程师（几何 / 工艺 / 公差）,产品定义交换上下文,Product_definition_exchange_context,product_view_definition,ap242,0,https://www.steptools.com/stds/smrl/data/modules/product_view_definition/sys/4_info_reqs.htm#product_view_definition_arm.product_definition_exchange_context
工程师（几何 / 工艺 / 公差）,产品定义运动学,Product_definition_kinematics,kinematic_topology,ap242,0,https://www.steptools.com/stds/smrl/data/modules/kinematic_topology/sys/4_info_reqs.htm#kinematic_topology_arm.product_definition_kinematics
工程师（几何 / 工艺 / 公差）,产品定义关系运动学,Product_definition_relationship_kinematics,kinematic_structure,ap242,0,https://www.steptools.com/stds/smrl/data/modules/kinematic_structure/sys/4_info_reqs.htm#kinematic_structure_arm.product_definition_relationship_kinematics
工程师（几何 / 工艺 / 公差）,产品设计视图到单个,Product_design_view_to_individual,product_as_individual,ap242,0,https://www.steptools.com/stds/smrl/data/modules/product_as_individual/sys/4_info_reqs.htm#product_as_individual_arm.product_design_view_to_individual
工程师（几何 / 工艺 / 公差）,产品资源,Product_resource,process_plan,ap242,1,https://www.steptools.com/stds/smrl/data/modules/process_plan/sys/4_info_reqs.htm#process_plan_arm.product_resource
工程师（几何 / 工艺 / 公差）,产品结构链接运动关联,Product_structure_link_motion_association,kinematic_motion_representation,ap242,0,https://www.steptools.com/stds/smrl/data/modules/kinematic_motion_representation/sys/4_info_reqs.htm#kinematic_motion_representation_arm.product_structure_link_motion_association
工程师（几何 / 工艺 / 公差）,产品版本资源,Product_version_resource,process_plan,ap242,1,https://www.steptools.com/stds/smrl/data/modules/process_plan/sys/4_info_reqs.htm#process_plan_arm.product_version_resource
工程师（几何 / 工艺 / 公差）,产品视图定义,Product_view_definition,product_view_definition,ap242,41,https://www.steptools.com/stds/smrl/data/modules/product_view_definition/sys/4_info_reqs.htm#product_view_definition_arm.product_view_definition
工程师（几何 / 工艺 / 公差）,产品视图定义引用,Product_view_definition_reference,product_view_definition_reference,ap242,0,https://www.steptools.com/stds/smrl/data/modules/product_view_definition_reference/sys/4_info_reqs.htm#product_view_definition_reference_arm.product_view_definition_reference
工程师（几何 / 工艺 / 公差）,产品视图定义引用带局部表示,Product_view_definition_reference_with_local_representation,product_view_definition_reference,ap242,1,https://www.steptools.com/stds/smrl/data/modules/product_view_definition_reference/sys/4_info_reqs.htm#product_view_definition_reference_arm.product_view_definition_reference_with_local_representation
工程师（几何 / 工艺 / 公差）,产品视图资源,Product_view_resource,process_plan,ap242,1,https://www.steptools.com/stds/smrl/data/modules/process_plan/sys/4_info_reqs.htm#process_plan_arm.product_view_resource
工程师（几何 / 工艺 / 公差）,轮廓,Profile,machining_features,ap242,5,https://www.steptools.com/stds/smrl/data/modules/machining_features/sys/4_info_reqs.htm#machining_features_arm.profile
工程师（几何 / 工艺 / 公差）,轮廓特征,Profile_feature,machining_features,ap242,0,https://www.steptools.com/stds/smrl/data/modules/machining_features/sys/4_info_reqs.htm#machining_features_arm.profile_feature
工程师（几何 / 工艺 / 公差）,轮廓底,Profile_floor,machining_features,ap242,0,https://www.steptools.com/stds/smrl/data/modules/machining_features/sys/4_info_reqs.htm#machining_features_arm.profile_floor
工程师（几何 / 工艺 / 公差）,投影区域定义,Projected_zone_definition,geometric_tolerance,ap242,0,https://www.steptools.com/stds/smrl/data/modules/geometric_tolerance/sys/4_info_reqs.htm#geometric_tolerance_arm.projected_zone_definition
工程师（几何 / 工艺 / 公差）,投影区域定义带偏置,Projected_zone_definition_with_offset,geometric_tolerance,ap242,0,https://www.steptools.com/stds/smrl/data/modules/geometric_tolerance/sys/4_info_reqs.htm#geometric_tolerance_arm.projected_zone_definition_with_offset
工程师（几何 / 工艺 / 公差）,投影曲线,Projection_curve,draughting_element,ap242,2,https://www.steptools.com/stds/smrl/data/modules/draughting_element/sys/4_info_reqs.htm#draughting_element_arm.projection_curve
工程师（几何 / 工艺 / 公差）,投影有向注记,Projection_directed_callout,draughting_element,ap242,0,https://www.steptools.com/stds/smrl/data/modules/draughting_element/sys/4_info_reqs.htm#draughting_element_arm.projection_directed_callout
工程师（几何 / 工艺 / 公差）,属性定义表示,Property_definition_representation,property_assignment,ap242,1,https://www.steptools.com/stds/smrl/data/modules/property_assignment/sys/4_info_reqs.htm#property_assignment_arm.property_definition_representation
工程师（几何 / 工艺 / 公差）,属性表示,Property_representation,property_assignment,ap242,1,https://www.steptools.com/stds/smrl/data/modules/property_assignment/sys/4_info_reqs.htm#property_assignment_arm.property_representation
工程师（几何 / 工艺 / 公差）,属性值表示,Property_value_representation,measure_representation,ap242,2,https://www.steptools.com/stds/smrl/data/modules/measure_representation/sys/4_info_reqs.htm#measure_representation_arm.property_value_representation
工程师（几何 / 工艺 / 公差）,凸起,Protrusion,machining_features,ap242,1,https://www.steptools.com/stds/smrl/data/modules/machining_features/sys/4_info_reqs.htm#machining_features_arm.protrusion
工程师（几何 / 工艺 / 公差）,限定数值项带单位,Qualified_numerical_item_with_unit,qualified_measure,ap242,0,https://www.steptools.com/stds/smrl/data/modules/qualified_measure/sys/4_info_reqs.htm#qualified_measure_arm.qualified_numerical_item_with_unit
工程师（几何 / 工艺 / 公差）,限定表示项,Qualified_representation_item,qualified_measure,ap242,1,https://www.steptools.com/stds/smrl/data/modules/qualified_measure/sys/4_info_reqs.htm#qualified_measure_arm.qualified_representation_item
工程师（几何 / 工艺 / 公差）,限定公差特征,Qualified_tolerance_characteristic,characteristic,ap242,0,https://www.steptools.com/stds/smrl/data/modules/characteristic/sys/4_info_reqs.htm#characteristic_arm.qualified_tolerance_characteristic
工程师（几何 / 工艺 / 公差）,定性不确定度,Qualitative_uncertainty,qualified_measure,ap242,0,https://www.steptools.com/stds/smrl/data/modules/qualified_measure/sys/4_info_reqs.htm#qualified_measure_arm.qualitative_uncertainty
工程师（几何 / 工艺 / 公差）,齿条与小齿轮副,Rack_and_pinion_pair,kinematic_structure,ap242,0,https://www.steptools.com/stds/smrl/data/modules/kinematic_structure/sys/4_info_reqs.htm#kinematic_structure_arm.rack_and_pinion_pair
工程师（几何 / 工艺 / 公差）,齿条与小齿轮副值,Rack_and_pinion_pair_value,kinematic_state,ap242,0,https://www.steptools.com/stds/smrl/data/modules/kinematic_state/sys/4_info_reqs.htm#kinematic_state_arm.rack_and_pinion_pair_value
工程师（几何 / 工艺 / 公差）,齿条与小齿轮副带范围,Rack_and_pinion_pair_with_range,kinematic_structure,ap242,0,https://www.steptools.com/stds/smrl/data/modules/kinematic_structure/sys/4_info_reqs.htm#kinematic_structure_arm.rack_and_pinion_pair_with_range
工程师（几何 / 工艺 / 公差）,径向尺寸,Radial_size,dimension_tolerance,ap242,0,https://www.steptools.com/stds/smrl/data/modules/dimension_tolerance/sys/4_info_reqs.htm#dimension_tolerance_arm.radial_size
工程师（几何 / 工艺 / 公差）,放射性数据元素,Radioactivity_data_element,value_with_unit_extension,ap242,0,https://www.steptools.com/stds/smrl/data/modules/value_with_unit_extension/sys/4_info_reqs.htm#value_with_unit_extension_arm.radioactivity_data_element
工程师（几何 / 工艺 / 公差）,圆角槽端类型,Radiused_slot_end_type,machining_features,ap242,0,https://www.steptools.com/stds/smrl/data/modules/machining_features/sys/4_info_reqs.htm#machining_features_arm.radiused_slot_end_type
工程师（几何 / 工艺 / 公差）,范围特征,Range_characteristic,characteristic,ap242,0,https://www.steptools.com/stds/smrl/data/modules/characteristic/sys/4_info_reqs.htm#characteristic_arm.range_characteristic
工程师（几何 / 工艺 / 公差）,比数据元素,Ratio_data_element,value_with_unit_extension,ap242,9,https://www.steptools.com/stds/smrl/data/modules/value_with_unit_extension/sys/4_info_reqs.htm#value_with_unit_extension_arm.ratio_data_element
工程师（几何 / 工艺 / 公差）,比单位,Ratio_unit,value_with_unit,ap242,0,https://www.steptools.com/stds/smrl/data/modules/value_with_unit/sys/4_info_reqs.htm#value_with_unit_arm.ratio_unit
工程师（几何 / 工艺 / 公差）,有理B样条曲线,Rational_b_spline_curve,b_spline_geometry,ap242,0,https://www.steptools.com/stds/smrl/data/modules/b_spline_geometry/sys/4_info_reqs.htm#b_spline_geometry_arm.rational_b_spline_curve
工程师（几何 / 工艺 / 公差）,有理B样条曲面,Rational_b_spline_surface,b_spline_geometry,ap242,0,https://www.steptools.com/stds/smrl/data/modules/b_spline_geometry/sys/4_info_reqs.htm#b_spline_geometry_arm.rational_b_spline_surface
工程师（几何 / 工艺 / 公差）,有理表示项,Rational_representation_item,basic_data_representation,ap242,0,https://www.steptools.com/stds/smrl/data/modules/basic_data_representation/sys/4_info_reqs.htm#basic_data_representation_arm.rational_representation_item
工程师（几何 / 工艺 / 公差）,实数定义函数,Real_defined_function,elementary_function,ap242,0,https://www.steptools.com/stds/smrl/data/modules/elementary_function/sys/4_info_reqs.htm#elementary_function_arm.real_defined_function
工程师（几何 / 工艺 / 公差）,实数字面量,Real_literal,numeric_expression,ap242,0,https://www.steptools.com/stds/smrl/data/modules/numeric_expression/sys/4_info_reqs.htm#numeric_expression_arm.real_literal
工程师（几何 / 工艺 / 公差）,实数数值变量,Real_numeric_variable,numeric_expression,ap242,0,https://www.steptools.com/stds/smrl/data/modules/numeric_expression/sys/4_info_reqs.htm#numeric_expression_arm.real_numeric_variable
工程师（几何 / 工艺 / 公差）,实数表示项,Real_representation_item,basic_data_representation,ap242,0,https://www.steptools.com/stds/smrl/data/modules/basic_data_representation/sys/4_info_reqs.htm#basic_data_representation_arm.real_representation_item
工程师（几何 / 工艺 / 公差）,凹槽,Recess,machining_features,ap242,0,https://www.steptools.com/stds/smrl/data/modules/machining_features/sys/4_info_reqs.htm#machining_features_arm.recess
工程师（几何 / 工艺 / 公差）,矩形块,Rectangular_block,primitive_solids,ap242,1,https://www.steptools.com/stds/smrl/data/modules/primitive_solids/sys/4_info_reqs.htm#primitive_solids_arm.rectangular_block
工程师（几何 / 工艺 / 公差）,矩形凸台,Rectangular_boss,machining_features,ap242,0,https://www.steptools.com/stds/smrl/data/modules/machining_features/sys/4_info_reqs.htm#machining_features_arm.rectangular_boss
工程师（几何 / 工艺 / 公差）,矩形构建体积,Rectangular_build_volume,additive_manufacturing_part_and_build_information,ap242,0,https://www.steptools.com/stds/smrl/data/modules/additive_manufacturing_part_and_build_information/sys/4_info_reqs.htm#additive_manufacturing_part_and_build_information_arm.rectangular_build_volume
工程师（几何 / 工艺 / 公差）,矩形闭合凹槽,Rectangular_closed_pocket,machining_features,ap242,0,https://www.steptools.com/stds/smrl/data/modules/machining_features/sys/4_info_reqs.htm#machining_features_arm.rectangular_closed_pocket
工程师（几何 / 工艺 / 公差）,矩形闭合轮廓,Rectangular_closed_profile,machining_features,ap242,3,https://www.steptools.com/stds/smrl/data/modules/machining_features/sys/4_info_reqs.htm#machining_features_arm.rectangular_closed_profile
工程师（几何 / 工艺 / 公差）,矩形闭合形状轮廓,Rectangular_closed_shape_profile,machining_features,ap242,0,https://www.steptools.com/stds/smrl/data/modules/machining_features/sys/4_info_reqs.htm#machining_features_arm.rectangular_closed_shape_profile
工程师（几何 / 工艺 / 公差）,矩形组合曲面,Rectangular_composite_surface,composite_surface,ap242,0,https://www.steptools.com/stds/smrl/data/modules/composite_surface/sys/4_info_reqs.htm#composite_surface_arm.rectangular_composite_surface
工程师（几何 / 工艺 / 公差）,矩形偏置阵列,Rectangular_offset_pattern,machining_features,ap242,0,https://www.steptools.com/stds/smrl/data/modules/machining_features/sys/4_info_reqs.htm#machining_features_arm.rectangular_offset_pattern
工程师（几何 / 工艺 / 公差）,矩形省略阵列,Rectangular_omit_pattern,machining_features,ap242,0,https://www.steptools.com/stds/smrl/data/modules/machining_features/sys/4_info_reqs.htm#machining_features_arm.rectangular_omit_pattern
工程师（几何 / 工艺 / 公差）,矩形开放凹槽,Rectangular_open_pocket,machining_features,ap242,0,https://www.steptools.com/stds/smrl/data/modules/machining_features/sys/4_info_reqs.htm#machining_features_arm.rectangular_open_pocket
工程师（几何 / 工艺 / 公差）,矩形开放形状轮廓,Rectangular_open_shape_profile,machining_features,ap242,0,https://www.steptools.com/stds/smrl/data/modules/machining_features/sys/4_info_reqs.htm#machining_features_arm.rectangular_open_shape_profile
工程师（几何 / 工艺 / 公差）,矩形阵列,Rectangular_pattern,machining_features,ap242,0,https://www.steptools.com/stds/smrl/data/modules/machining_features/sys/4_info_reqs.htm#machining_features_arm.rectangular_pattern
工程师（几何 / 工艺 / 公差）,矩形棱锥,Rectangular_pyramid,primitive_solids,ap242,0,https://www.steptools.com/stds/smrl/data/modules/primitive_solids/sys/4_info_reqs.htm#primitive_solids_arm.rectangular_pyramid
工程师（几何 / 工艺 / 公差）,复制基础,Replicate_base,machining_features,ap242,0,https://www.steptools.com/stds/smrl/data/modules/machining_features/sys/4_info_reqs.htm#machining_features_arm.replicate_base
工程师（几何 / 工艺 / 公差）,复制特征,Replicate_feature,machining_features,ap242,1,https://www.steptools.com/stds/smrl/data/modules/machining_features/sys/4_info_reqs.htm#machining_features_arm.replicate_feature
工程师（几何 / 工艺 / 公差）,重新定位镶嵌项,Repositioned_tessellated_item,tessellated_geometry,ap242,0,https://www.steptools.com/stds/smrl/data/modules/tessellated_geometry/sys/4_info_reqs.htm#tessellated_geometry_arm.repositioned_tessellated_item
工程师（几何 / 工艺 / 公差）,表示,Representation,foundation_representation,ap242,12,https://www.steptools.com/stds/smrl/data/modules/foundation_representation/sys/4_info_reqs.htm#foundation_representation_arm.representation
工程师（几何 / 工艺 / 公差）,表示上下文,Representation_context,foundation_representation,ap242,3,https://www.steptools.com/stds/smrl/data/modules/foundation_representation/sys/4_info_reqs.htm#foundation_representation_arm.representation_context
工程师（几何 / 工艺 / 公差）,表示上下文引用,Representation_context_reference,foundation_representation,ap242,0,https://www.steptools.com/stds/smrl/data/modules/foundation_representation/sys/4_info_reqs.htm#foundation_representation_arm.representation_context_reference
工程师（几何 / 工艺 / 公差）,表示项,Representation_item,foundation_representation,ap242,10,https://www.steptools.com/stds/smrl/data/modules/foundation_representation/sys/4_info_reqs.htm#foundation_representation_arm.representation_item
工程师（几何 / 工艺 / 公差）,表示项关系,Representation_item_relationship,foundation_representation,ap242,0,https://www.steptools.com/stds/smrl/data/modules/foundation_representation/sys/4_info_reqs.htm#foundation_representation_arm.representation_item_relationship
工程师（几何 / 工艺 / 公差）,表示引用,Representation_reference,foundation_representation,ap242,0,https://www.steptools.com/stds/smrl/data/modules/foundation_representation/sys/4_info_reqs.htm#foundation_representation_arm.representation_reference
工程师（几何 / 工艺 / 公差）,表示关系,Representation_relationship,foundation_representation,ap242,1,https://www.steptools.com/stds/smrl/data/modules/foundation_representation/sys/4_info_reqs.htm#foundation_representation_arm.representation_relationship
工程师（几何 / 工艺 / 公差）,表示带不确定度,Representation_with_uncertainty,representation_with_uncertainty,ap242,0,https://www.steptools.com/stds/smrl/data/modules/representation_with_uncertainty/sys/4_info_reqs.htm#representation_with_uncertainty_arm.representation_with_uncertainty
工程师（几何 / 工艺 / 公差）,要求集合关系,Requirement_collection_relationship,requirement_view_definition_relationship,ap242,0,https://www.steptools.com/stds/smrl/data/modules/requirement_view_definition_relationship/sys/4_info_reqs.htm#requirement_view_definition_relationship_arm.requirement_collection_relationship
工程师（几何 / 工艺 / 公差）,要求优先级关系,Requirement_precedence_relationship,requirement_view_definition_relationship,ap242,0,https://www.steptools.com/stds/smrl/data/modules/requirement_view_definition_relationship/sys/4_info_reqs.htm#requirement_view_definition_relationship_arm.requirement_precedence_relationship
工程师（几何 / 工艺 / 公差）,要求视图定义,Requirement_view_definition,requirement_view_definition,ap242,4,https://www.steptools.com/stds/smrl/data/modules/requirement_view_definition/sys/4_info_reqs.htm#requirement_view_definition_arm.requirement_view_definition
工程师（几何 / 工艺 / 公差）,要求视图定义关系,Requirement_view_definition_relationship,requirement_view_definition_relationship,ap242,0,https://www.steptools.com/stds/smrl/data/modules/requirement_view_definition_relationship/sys/4_info_reqs.htm#requirement_view_definition_relationship_arm.requirement_view_definition_relationship
工程师（几何 / 工艺 / 公差）,电阻数据元素,Resistance_data_element,value_with_unit_extension,ap242,0,https://www.steptools.com/stds/smrl/data/modules/value_with_unit_extension/sys/4_info_reqs.htm#value_with_unit_extension_arm.resistance_data_element
工程师（几何 / 工艺 / 公差）,资源要求类型,Resource_requirement_type,process_plan,ap242,0,https://www.steptools.com/stds/smrl/data/modules/process_plan/sys/4_info_reqs.htm#process_plan_arm.resource_requirement_type
工程师（几何 / 工艺 / 公差）,结果路径,Resulting_path,kinematic_analysis_control_and_result,ap242,1,https://www.steptools.com/stds/smrl/data/modules/kinematic_analysis_control_and_result/sys/4_info_reqs.htm#kinematic_analysis_control_and_result_arm.resulting_path
工程师（几何 / 工艺 / 公差）,旋转副,Revolute_pair,kinematic_structure,ap242,0,https://www.steptools.com/stds/smrl/data/modules/kinematic_structure/sys/4_info_reqs.htm#kinematic_structure_arm.revolute_pair
工程师（几何 / 工艺 / 公差）,旋转副值,Revolute_pair_value,kinematic_state,ap242,0,https://www.steptools.com/stds/smrl/data/modules/kinematic_state/sys/4_info_reqs.htm#kinematic_state_arm.revolute_pair_value
工程师（几何 / 工艺 / 公差）,旋转副带范围,Revolute_pair_with_range,kinematic_structure,ap242,0,https://www.steptools.com/stds/smrl/data/modules/kinematic_structure/sys/4_info_reqs.htm#kinematic_structure_arm.revolute_pair_with_range
工程师（几何 / 工艺 / 公差）,回转面实体,Revolved_face_solid,primitive_solids,ap242,0,https://www.steptools.com/stds/smrl/data/modules/primitive_solids/sys/4_info_reqs.htm#primitive_solids_arm.revolved_face_solid
工程师（几何 / 工艺 / 公差）,回转特征,Revolved_feature,machining_features,ap242,0,https://www.steptools.com/stds/smrl/data/modules/machining_features/sys/4_info_reqs.htm#machining_features_arm.revolved_feature
工程师（几何 / 工艺 / 公差）,回转平面,Revolved_flat,machining_features,ap242,0,https://www.steptools.com/stds/smrl/data/modules/machining_features/sys/4_info_reqs.htm#machining_features_arm.revolved_flat
工程师（几何 / 工艺 / 公差）,回转圆,Revolved_round,machining_features,ap242,0,https://www.steptools.com/stds/smrl/data/modules/machining_features/sys/4_info_reqs.htm#machining_features_arm.revolved_round
工程师（几何 / 工艺 / 公差）,加强筋顶部,Rib_top,machining_features,ap242,1,https://www.steptools.com/stds/smrl/data/modules/machining_features/sys/4_info_reqs.htm#machining_features_arm.rib_top
工程师（几何 / 工艺 / 公差）,加强筋顶部底,Rib_top_floor,machining_features,ap242,0,https://www.steptools.com/stds/smrl/data/modules/machining_features/sys/4_info_reqs.htm#machining_features_arm.rib_top_floor
工程师（几何 / 工艺 / 公差）,右角度楔,Right_angular_wedge,primitive_solids,ap242,0,https://www.steptools.com/stds/smrl/data/modules/primitive_solids/sys/4_info_reqs.htm#primitive_solids_arm.right_angular_wedge
工程师（几何 / 工艺 / 公差）,刚性链接表示,Rigid_link_representation,kinematic_structure,ap242,0,https://www.steptools.com/stds/smrl/data/modules/kinematic_structure/sys/4_info_reqs.htm#kinematic_structure_arm.rigid_link_representation
工程师（几何 / 工艺 / 公差）,滚动曲线副,Rolling_curve_pair,kinematic_structure,ap242,0,https://www.steptools.com/stds/smrl/data/modules/kinematic_structure/sys/4_info_reqs.htm#kinematic_structure_arm.rolling_curve_pair
工程师（几何 / 工艺 / 公差）,滚动曲线副值,Rolling_curve_pair_value,kinematic_state,ap242,0,https://www.steptools.com/stds/smrl/data/modules/kinematic_state/sys/4_info_reqs.htm#kinematic_state_arm.rolling_curve_pair_value
工程师（几何 / 工艺 / 公差）,滚动曲面副,Rolling_surface_pair,kinematic_structure,ap242,0,https://www.steptools.com/stds/smrl/data/modules/kinematic_structure/sys/4_info_reqs.htm#kinematic_structure_arm.rolling_surface_pair
工程师（几何 / 工艺 / 公差）,滚动曲面副值,Rolling_surface_pair_value,kinematic_state,ap242,0,https://www.steptools.com/stds/smrl/data/modules/kinematic_state/sys/4_info_reqs.htm#kinematic_state_arm.rolling_surface_pair_value
工程师（几何 / 工艺 / 公差）,旋转关于方向,Rotation_about_direction,kinematic_state,ap242,1,https://www.steptools.com/stds/smrl/data/modules/kinematic_state/sys/4_info_reqs.htm#kinematic_state_arm.rotation_about_direction
工程师（几何 / 工艺 / 公差）,圆孔,Round_hole,machining_features,ap242,0,https://www.steptools.com/stds/smrl/data/modules/machining_features/sys/4_info_reqs.htm#machining_features_arm.round_hole
工程师（几何 / 工艺 / 公差）,圆角端,Rounded_end,machining_features,ap242,1,https://www.steptools.com/stds/smrl/data/modules/machining_features/sys/4_info_reqs.htm#machining_features_arm.rounded_end
工程师（几何 / 工艺 / 公差）,圆角U轮廓,Rounded_u_profile,machining_features,ap242,0,https://www.steptools.com/stds/smrl/data/modules/machining_features/sys/4_info_reqs.htm#machining_features_arm.rounded_u_profile
工程师（几何 / 工艺 / 公差）,圆度公差,Roundness_tolerance,geometric_tolerance,ap242,0,https://www.steptools.com/stds/smrl/data/modules/geometric_tolerance/sys/4_info_reqs.htm#geometric_tolerance_arm.roundness_tolerance
工程师（几何 / 工艺 / 公差）,跳动区域定义,Runout_zone_definition,geometric_tolerance,ap242,0,https://www.steptools.com/stds/smrl/data/modules/geometric_tolerance/sys/4_info_reqs.htm#geometric_tolerance_arm.runout_zone_definition
工程师（几何 / 工艺 / 公差）,相同时间加工关系,Same_time_machining_relationship,process_plan,ap242,0,https://www.steptools.com/stds/smrl/data/modules/process_plan/sys/4_info_reqs.htm#process_plan_arm.same_time_machining_relationship
工程师（几何 / 工艺 / 公差）,扫描三维模型,Scan_3d_model,scan_data_3d_shape,ap242,0,https://www.steptools.com/stds/smrl/data/modules/scan_data_3d_shape/sys/4_info_reqs.htm#scan_data_3d_shape_arm.scan_3d_model
工程师（几何 / 工艺 / 公差）,扫描数据形状表示,Scan_data_shape_representation,scan_data_3d_shape,ap242,1,https://www.steptools.com/stds/smrl/data/modules/scan_data_3d_shape/sys/4_info_reqs.htm#scan_data_3d_shape_arm.scan_data_shape_representation
工程师（几何 / 工艺 / 公差）,扫描数据项,Scanned_data_item,scan_data_3d_shape,ap242,1,https://www.steptools.com/stds/smrl/data/modules/scan_data_3d_shape/sys/4_info_reqs.htm#scan_data_3d_shape_arm.scanned_data_item
工程师（几何 / 工艺 / 公差）,扫描仪基本属性,Scanner_basic_properties,scan_data_3d_shape,ap242,0,https://www.steptools.com/stds/smrl/data/modules/scan_data_3d_shape/sys/4_info_reqs.htm#scan_data_3d_shape_arm.scanner_basic_properties
工程师（几何 / 工艺 / 公差）,扫描仪属性,Scanner_property,scan_data_3d_shape,ap242,1,https://www.steptools.com/stds/smrl/data/modules/scan_data_3d_shape/sys/4_info_reqs.htm#scan_data_3d_shape_arm.scanner_property
工程师（几何 / 工艺 / 公差）,螺旋副,Screw_pair,kinematic_structure,ap242,0,https://www.steptools.com/stds/smrl/data/modules/kinematic_structure/sys/4_info_reqs.htm#kinematic_structure_arm.screw_pair
工程师（几何 / 工艺 / 公差）,螺旋副值,Screw_pair_value,kinematic_state,ap242,0,https://www.steptools.com/stds/smrl/data/modules/kinematic_state/sys/4_info_reqs.htm#kinematic_state_arm.screw_pair_value
工程师（几何 / 工艺 / 公差）,螺旋副带范围,Screw_pair_with_range,kinematic_structure,ap242,0,https://www.steptools.com/stds/smrl/data/modules/kinematic_structure/sys/4_info_reqs.htm#kinematic_structure_arm.screw_pair_with_range
工程师（几何 / 工艺 / 公差）,秒倒角偏置,Second_chamfer_offset,machining_features,ap242,0,https://www.steptools.com/stds/smrl/data/modules/machining_features/sys/4_info_reqs.htm#machining_features_arm.second_chamfer_offset
工程师（几何 / 工艺 / 公差）,秒倒角参数,Second_chamfer_parameter,machining_features,ap242,0,https://www.steptools.com/stds/smrl/data/modules/machining_features/sys/4_info_reqs.htm#machining_features_arm.second_chamfer_parameter
工程师（几何 / 工艺 / 公差）,分段曲线外观,Segmentation_curve_appearance,general_surface_appearance,ap242,0,https://www.steptools.com/stds/smrl/data/modules/general_surface_appearance/sys/4_info_reqs.htm#general_surface_appearance_arm.segmentation_curve_appearance
工程师（几何 / 工艺 / 公差）,序列表示项,Sequence_representation_item,basic_data_representation,ap242,0,https://www.steptools.com/stds/smrl/data/modules/basic_data_representation/sys/4_info_reqs.htm#basic_data_representation_arm.sequence_representation_item
工程师（几何 / 工艺 / 公差）,串行配置,Serial_configuration,manufacturing_configuration_effectivity,ap242,0,https://www.steptools.com/stds/smrl/data/modules/manufacturing_configuration_effectivity/sys/4_info_reqs.htm#manufacturing_configuration_effectivity_arm.serial_configuration
工程师（几何 / 工艺 / 公差）,集合表示项,Set_representation_item,basic_data_representation,ap242,0,https://www.steptools.com/stds/smrl/data/modules/basic_data_representation/sys/4_info_reqs.htm#basic_data_representation_arm.set_representation_item
工程师（几何 / 工艺 / 公差）,形状相关属性表示,Shape_dependent_property_representation,shape_property_assignment,ap242,0,https://www.steptools.com/stds/smrl/data/modules/shape_property_assignment/sys/4_info_reqs.htm#shape_property_assignment_arm.shape_dependent_property_representation
工程师（几何 / 工艺 / 公差）,形状描述关联,Shape_description_association,shape_property_assignment,ap242,0,https://www.steptools.com/stds/smrl/data/modules/shape_property_assignment/sys/4_info_reqs.htm#shape_property_assignment_arm.shape_description_association
工程师（几何 / 工艺 / 公差）,形状元素,Shape_element,shape_property_assignment,ap242,28,https://www.steptools.com/stds/smrl/data/modules/shape_property_assignment/sys/4_info_reqs.htm#shape_property_assignment_arm.shape_element
工程师（几何 / 工艺 / 公差）,形状元素描述关联,Shape_element_description_association,shape_property_assignment,ap242,0,https://www.steptools.com/stds/smrl/data/modules/shape_property_assignment/sys/4_info_reqs.htm#shape_property_assignment_arm.shape_element_description_association
工程师（几何 / 工艺 / 公差）,形状元素关系,Shape_element_relationship,shape_property_assignment,ap242,9,https://www.steptools.com/stds/smrl/data/modules/shape_property_assignment/sys/4_info_reqs.htm#shape_property_assignment_arm.shape_element_relationship
工程师（几何 / 工艺 / 公差）,形状特征定义,Shape_feature_definition,shape_feature,ap242,5,https://www.steptools.com/stds/smrl/data/modules/shape_feature/sys/4_info_reqs.htm#shape_feature_arm.shape_feature_definition
工程师（几何 / 工艺 / 公差）,形状特征定义元素,Shape_feature_definition_element,shape_feature,ap242,0,https://www.steptools.com/stds/smrl/data/modules/shape_feature/sys/4_info_reqs.htm#shape_feature_arm.shape_feature_definition_element
工程师（几何 / 工艺 / 公差）,形状特征定义元素关系,Shape_feature_definition_element_relationship,shape_feature,ap242,0,https://www.steptools.com/stds/smrl/data/modules/shape_feature/sys/4_info_reqs.htm#shape_feature_arm.shape_feature_definition_element_relationship
工程师（几何 / 工艺 / 公差）,形状特征定义实例元素,Shape_feature_definition_occurrence_element,shape_feature,ap242,0,https://www.steptools.com/stds/smrl/data/modules/shape_feature/sys/4_info_reqs.htm#shape_feature_arm.shape_feature_definition_occurrence_element
工程师（几何 / 工艺 / 公差）,形状特征定义实例元素关系,Shape_feature_definition_occurrence_element_relationship,shape_feature,ap242,0,https://www.steptools.com/stds/smrl/data/modules/shape_feature/sys/4_info_reqs.htm#shape_feature_arm.shape_feature_definition_occurrence_element_relationship
工程师（几何 / 工艺 / 公差）,形状特征定义关系,Shape_feature_definition_relationship,shape_feature,ap242,0,https://www.steptools.com/stds/smrl/data/modules/shape_feature/sys/4_info_reqs.htm#shape_feature_arm.shape_feature_definition_relationship
工程师（几何 / 工艺 / 公差）,形状轮廓,Shape_profile,machining_features,ap242,0,https://www.steptools.com/stds/smrl/data/modules/machining_features/sys/4_info_reqs.htm#machining_features_arm.shape_profile
工程师（几何 / 工艺 / 公差）,壳基于曲面模型,Shell_based_surface_model,manifold_surface,ap242,2,https://www.steptools.com/stds/smrl/data/modules/manifold_surface/sys/4_info_reqs.htm#manifold_surface_arm.shell_based_surface_model
工程师（几何 / 工艺 / 公差）,壳基于线框形状表示,Shell_based_wireframe_shape_representation,shell_based_wireframe,ap242,1,https://www.steptools.com/stds/smrl/data/modules/shell_based_wireframe/sys/4_info_reqs.htm#shell_based_wireframe_arm.shell_based_wireframe_shape_representation
工程师（几何 / 工艺 / 公差）,有效编号的数字,Significant_number_of_digits,default_tolerance,ap242,0,https://www.steptools.com/stds/smrl/data/modules/default_tolerance/sys/4_info_reqs.htm#default_tolerance_arm.significant_number_of_digits
工程师（几何 / 工艺 / 公差）,轮廓曲线外观,Silhouette_curve_appearance,general_surface_appearance,ap242,0,https://www.steptools.com/stds/smrl/data/modules/general_surface_appearance/sys/4_info_reqs.htm#general_surface_appearance_arm.silhouette_curve_appearance
工程师（几何 / 工艺 / 公差）,简单布尔表达式,Simple_boolean_expression,numeric_expression,ap242,1,https://www.steptools.com/stds/smrl/data/modules/numeric_expression/sys/4_info_reqs.htm#numeric_expression_arm.simple_boolean_expression
工程师（几何 / 工艺 / 公差）,简单通用表达式,Simple_generic_expression,generic_expression,ap242,0,https://www.steptools.com/stds/smrl/data/modules/generic_expression/sys/4_info_reqs.htm#generic_expression_arm.simple_generic_expression
工程师（几何 / 工艺 / 公差）,简单数值表达式,Simple_numeric_expression,numeric_expression,ap242,1,https://www.steptools.com/stds/smrl/data/modules/numeric_expression/sys/4_info_reqs.htm#numeric_expression_arm.simple_numeric_expression
工程师（几何 / 工艺 / 公差）,简单字符串表达式,Simple_string_expression,expression,ap242,1,https://www.steptools.com/stds/smrl/data/modules/expression/sys/4_info_reqs.htm#expression_arm.simple_string_expression
工程师（几何 / 工艺 / 公差）,简化机械设计沉孔孔定义,Simplified_md_counterbore_hole_definition,mechanical_design_features_and_requirements,ap242,0,https://www.steptools.com/stds/smrl/data/modules/mechanical_design_features_and_requirements/sys/4_info_reqs.htm#mechanical_design_features_and_requirements_arm.simplified_md_counterbore_hole_definition
工程师（几何 / 工艺 / 公差）,简化机械设计沉钻孔定义,Simplified_md_counterdrill_hole_definition,mechanical_design_features_and_requirements,ap242,0,https://www.steptools.com/stds/smrl/data/modules/mechanical_design_features_and_requirements/sys/4_info_reqs.htm#mechanical_design_features_and_requirements_arm.simplified_md_counterdrill_hole_definition
工程师（几何 / 工艺 / 公差）,简化机械设计锥形沉孔孔定义,Simplified_md_countersink_hole_definition,mechanical_design_features_and_requirements,ap242,0,https://www.steptools.com/stds/smrl/data/modules/mechanical_design_features_and_requirements/sys/4_info_reqs.htm#mechanical_design_features_and_requirements_arm.simplified_md_countersink_hole_definition
工程师（几何 / 工艺 / 公差）,简化锪平面孔定义,Simplified_spotface_hole_definition,mechanical_design_features_and_requirements,ap242,0,https://www.steptools.com/stds/smrl/data/modules/mechanical_design_features_and_requirements/sys/4_info_reqs.htm#mechanical_design_features_and_requirements_arm.simplified_spotface_hole_definition
工程师（几何 / 工艺 / 公差）,正弦函数,Sin_function,elementary_function,ap242,0,https://www.steptools.com/stds/smrl/data/modules/elementary_function/sys/4_info_reqs.htm#elementary_function_arm.sin_function
工程师（几何 / 工艺 / 公差）,单个要求视图定义,Single_requirement_view_definition,requirement_view_definition,ap242,0,https://www.steptools.com/stds/smrl/data/modules/requirement_view_definition/sys/4_info_reqs.htm#requirement_view_definition_arm.single_requirement_view_definition
工程师（几何 / 工艺 / 公差）,斜线表达式,Slash_expression,numeric_expression,ap242,0,https://www.steptools.com/stds/smrl/data/modules/numeric_expression/sys/4_info_reqs.htm#numeric_expression_arm.slash_expression
工程师（几何 / 工艺 / 公差）,滑动曲线副,Sliding_curve_pair,kinematic_structure,ap242,0,https://www.steptools.com/stds/smrl/data/modules/kinematic_structure/sys/4_info_reqs.htm#kinematic_structure_arm.sliding_curve_pair
工程师（几何 / 工艺 / 公差）,滑动曲线副值,Sliding_curve_pair_value,kinematic_state,ap242,0,https://www.steptools.com/stds/smrl/data/modules/kinematic_state/sys/4_info_reqs.htm#kinematic_state_arm.sliding_curve_pair_value
工程师（几何 / 工艺 / 公差）,滑动曲面副,Sliding_surface_pair,kinematic_structure,ap242,0,https://www.steptools.com/stds/smrl/data/modules/kinematic_structure/sys/4_info_reqs.htm#kinematic_structure_arm.sliding_surface_pair
工程师（几何 / 工艺 / 公差）,滑动曲面副值,Sliding_surface_pair_value,kinematic_state,ap242,0,https://www.steptools.com/stds/smrl/data/modules/kinematic_state/sys/4_info_reqs.htm#kinematic_state_arm.sliding_surface_pair_value
工程师（几何 / 工艺 / 公差）,槽,Slot,machining_features,ap242,0,https://www.steptools.com/stds/smrl/data/modules/machining_features/sys/4_info_reqs.htm#machining_features_arm.slot
工程师（几何 / 工艺 / 公差）,槽端类型,Slot_end_type,machining_features,ap242,0,https://www.steptools.com/stds/smrl/data/modules/machining_features/sys/4_info_reqs.htm#machining_features_arm.slot_end_type
工程师（几何 / 工艺 / 公差）,实体角数据元素,Solid_angle_data_element,value_with_unit_extension,ap242,0,https://www.steptools.com/stds/smrl/data/modules/value_with_unit_extension/sys/4_info_reqs.htm#value_with_unit_extension_arm.solid_angle_data_element
工程师（几何 / 工艺 / 公差）,实体角单位,Solid_angle_unit,value_with_unit,ap242,0,https://www.steptools.com/stds/smrl/data/modules/value_with_unit/sys/4_info_reqs.htm#value_with_unit_arm.solid_angle_unit
工程师（几何 / 工艺 / 公差）,实体曲线字体,Solid_curve_font,styled_curve,ap242,0,https://www.steptools.com/stds/smrl/data/modules/styled_curve/sys/4_info_reqs.htm#styled_curve_arm.solid_curve_font
工程师（几何 / 工艺 / 公差）,实体填充面积样式,Solid_fill_area_style,fill_area_style,ap242,0,https://www.steptools.com/stds/smrl/data/modules/fill_area_style/sys/4_info_reqs.htm#fill_area_style_arm.solid_fill_area_style
工程师（几何 / 工艺 / 公差）,实体模型,Solid_model,solid_model,ap242,0,https://www.steptools.com/stds/smrl/data/modules/solid_model/sys/4_info_reqs.htm#solid_model_arm.solid_model
工程师（几何 / 工艺 / 公差）,实体复制,Solid_replica,primitive_solids,ap242,0,https://www.steptools.com/stds/smrl/data/modules/primitive_solids/sys/4_info_reqs.htm#primitive_solids_arm.solid_replica
工程师（几何 / 工艺 / 公差）,规范表达式,Specification_expression,product_class,ap242,1,https://www.steptools.com/stds/smrl/data/modules/product_class/sys/4_info_reqs.htm#product_class_arm.specification_expression
工程师（几何 / 工艺 / 公差）,球,Sphere,primitive_solids,ap242,0,https://www.steptools.com/stds/smrl/data/modules/primitive_solids/sys/4_info_reqs.htm#primitive_solids_arm.sphere
工程师（几何 / 工艺 / 公差）,球形盖,Spherical_cap,machining_features,ap242,0,https://www.steptools.com/stds/smrl/data/modules/machining_features/sys/4_info_reqs.htm#machining_features_arm.spherical_cap
工程师（几何 / 工艺 / 公差）,球形孔底部,Spherical_hole_bottom,machining_features,ap242,0,https://www.steptools.com/stds/smrl/data/modules/machining_features/sys/4_info_reqs.htm#machining_features_arm.spherical_hole_bottom
工程师（几何 / 工艺 / 公差）,球形副,Spherical_pair,kinematic_structure,ap242,0,https://www.steptools.com/stds/smrl/data/modules/kinematic_structure/sys/4_info_reqs.htm#kinematic_structure_arm.spherical_pair
工程师（几何 / 工艺 / 公差）,球形副值,Spherical_pair_value,kinematic_state,ap242,0,https://www.steptools.com/stds/smrl/data/modules/kinematic_state/sys/4_info_reqs.htm#kinematic_state_arm.spherical_pair_value
工程师（几何 / 工艺 / 公差）,球形副带销,Spherical_pair_with_pin,kinematic_structure,ap242,0,https://www.steptools.com/stds/smrl/data/modules/kinematic_structure/sys/4_info_reqs.htm#kinematic_structure_arm.spherical_pair_with_pin
工程师（几何 / 工艺 / 公差）,球形副带销与范围,Spherical_pair_with_pin_and_range,kinematic_structure,ap242,0,https://www.steptools.com/stds/smrl/data/modules/kinematic_structure/sys/4_info_reqs.htm#kinematic_structure_arm.spherical_pair_with_pin_and_range
工程师（几何 / 工艺 / 公差）,球形副带范围,Spherical_pair_with_range,kinematic_structure,ap242,0,https://www.steptools.com/stds/smrl/data/modules/kinematic_structure/sys/4_info_reqs.htm#kinematic_structure_arm.spherical_pair_with_range
工程师（几何 / 工艺 / 公差）,球形点,Spherical_point,basic_geometry,ap242,0,https://www.steptools.com/stds/smrl/data/modules/basic_geometry/sys/4_info_reqs.htm#basic_geometry_arm.spherical_point
工程师（几何 / 工艺 / 公差）,球形曲面,Spherical_surface,basic_geometry,ap242,0,https://www.steptools.com/stds/smrl/data/modules/basic_geometry/sys/4_info_reqs.htm#basic_geometry_arm.spherical_surface
工程师（几何 / 工艺 / 公差）,锪平面定义,Spotface_definition,mechanical_design_features_and_requirements,ap242,0,https://www.steptools.com/stds/smrl/data/modules/mechanical_design_features_and_requirements/sys/4_info_reqs.htm#mechanical_design_features_and_requirements_arm.spotface_definition
工程师（几何 / 工艺 / 公差）,锪平面孔定义,Spotface_hole_definition,mechanical_design_features_and_requirements,ap242,0,https://www.steptools.com/stds/smrl/data/modules/mechanical_design_features_and_requirements/sys/4_info_reqs.htm#mechanical_design_features_and_requirements_arm.spotface_hole_definition
工程师（几何 / 工艺 / 公差）,锪平面实例,Spotface_occurrence,mechanical_design_features_and_requirements,ap242,0,https://www.steptools.com/stds/smrl/data/modules/mechanical_design_features_and_requirements/sys/4_info_reqs.htm#mechanical_design_features_and_requirements_arm.spotface_occurrence
工程师（几何 / 工艺 / 公差）,锪平面实例在装配,Spotface_occurrence_in_assembly,mechanical_design_features_and_requirements,ap242,0,https://www.steptools.com/stds/smrl/data/modules/mechanical_design_features_and_requirements/sys/4_info_reqs.htm#mechanical_design_features_and_requirements_arm.spotface_occurrence_in_assembly
工程师（几何 / 工艺 / 公差）,直齿齿轮,Spur_gear,machining_features,ap242,0,https://www.steptools.com/stds/smrl/data/modules/machining_features/sys/4_info_reqs.htm#machining_features_arm.spur_gear
工程师（几何 / 工艺 / 公差）,SQL可映射定义函数,Sql_mappable_defined_function,expression,ap242,0,https://www.steptools.com/stds/smrl/data/modules/expression/sys/4_info_reqs.htm#expression_arm.sql_mappable_defined_function
工程师（几何 / 工艺 / 公差）,方形根函数,Square_root_function,elementary_function,ap242,0,https://www.steptools.com/stds/smrl/data/modules/elementary_function/sys/4_info_reqs.htm#elementary_function_arm.square_root_function
工程师（几何 / 工艺 / 公差）,方形U轮廓,Square_u_profile,machining_features,ap242,2,https://www.steptools.com/stds/smrl/data/modules/machining_features/sys/4_info_reqs.htm#machining_features_arm.square_u_profile
工程师（几何 / 工艺 / 公差）,标准曲面纹理参数,Standard_surface_texture_parameter,surface_conditions,ap242,0,https://www.steptools.com/stds/smrl/data/modules/surface_conditions/sys/4_info_reqs.htm#surface_conditions_arm.standard_surface_texture_parameter
工程师（几何 / 工艺 / 公差）,标准不确定度,Standard_uncertainty,qualified_measure,ap242,0,https://www.steptools.com/stds/smrl/data/modules/qualified_measure/sys/4_info_reqs.htm#qualified_measure_arm.standard_uncertainty
工程师（几何 / 工艺 / 公差）,统计公差特征,Statistical_tolerance_characteristic,characteristic,ap242,0,https://www.steptools.com/stds/smrl/data/modules/characteristic/sys/4_info_reqs.htm#characteristic_arm.statistical_tolerance_characteristic
工程师（几何 / 工艺 / 公差）,步,Step,machining_features,ap242,0,https://www.steptools.com/stds/smrl/data/modules/machining_features/sys/4_info_reqs.htm#machining_features_arm.step
工程师（几何 / 工艺 / 公差）,直线锥齿轮,Straight_bevel_gear,machining_features,ap242,0,https://www.steptools.com/stds/smrl/data/modules/machining_features/sys/4_info_reqs.htm#machining_features_arm.straight_bevel_gear
工程师（几何 / 工艺 / 公差）,直线滚花,Straight_knurl,machining_features,ap242,0,https://www.steptools.com/stds/smrl/data/modules/machining_features/sys/4_info_reqs.htm#machining_features_arm.straight_knurl
工程师（几何 / 工艺 / 公差）,直线度公差,Straightness_tolerance,geometric_tolerance,ap242,1,https://www.steptools.com/stds/smrl/data/modules/geometric_tolerance/sys/4_info_reqs.htm#geometric_tolerance_arm.straightness_tolerance
工程师（几何 / 工艺 / 公差）,字符串定义函数,String_defined_function,expression,ap242,0,https://www.steptools.com/stds/smrl/data/modules/expression/sys/4_info_reqs.htm#expression_arm.string_defined_function
工程师（几何 / 工艺 / 公差）,字符串表达式,String_expression,expression,ap242,0,https://www.steptools.com/stds/smrl/data/modules/expression/sys/4_info_reqs.htm#expression_arm.string_expression
工程师（几何 / 工艺 / 公差）,字符串字面量,String_literal,expression,ap242,0,https://www.steptools.com/stds/smrl/data/modules/expression/sys/4_info_reqs.htm#expression_arm.string_literal
工程师（几何 / 工艺 / 公差）,字符串表示项,String_representation_item,foundation_representation,ap242,4,https://www.steptools.com/stds/smrl/data/modules/foundation_representation/sys/4_info_reqs.htm#foundation_representation_arm.string_representation_item
工程师（几何 / 工艺 / 公差）,字符串变量,String_variable,expression,ap242,1,https://www.steptools.com/stds/smrl/data/modules/expression/sys/4_info_reqs.htm#expression_arm.string_variable
工程师（几何 / 工艺 / 公差）,结构化尺寸注记,Structured_dimension_callout,draughting_element_specialisations,ap242,2,https://www.steptools.com/stds/smrl/data/modules/draughting_element_specialisations/sys/4_info_reqs.htm#draughting_element_specialisations_arm.structured_dimension_callout
工程师（几何 / 工艺 / 公差）,结构化文本组成,Structured_text_composition,tagged_text_representation,ap242,1,https://www.steptools.com/stds/smrl/data/modules/tagged_text_representation/sys/4_info_reqs.htm#tagged_text_representation_arm.structured_text_composition
工程师（几何 / 工艺 / 公差）,结构化文本表示,Structured_text_representation,tagged_text_representation,ap242,1,https://www.steptools.com/stds/smrl/data/modules/tagged_text_representation/sys/4_info_reqs.htm#tagged_text_representation_arm.structured_text_representation
工程师（几何 / 工艺 / 公差）,结构化方法层次,Structuring_method_hierarchy,layer_assignment,ap242,0,https://www.steptools.com/stds/smrl/data/modules/layer_assignment/sys/4_info_reqs.htm#layer_assignment_arm.structuring_method_hierarchy
工程师（几何 / 工艺 / 公差）,带样式元素,Styled_element,appearance_assignment,ap242,4,https://www.steptools.com/stds/smrl/data/modules/appearance_assignment/sys/4_info_reqs.htm#appearance_assignment_arm.styled_element
工程师（几何 / 工艺 / 公差）,带样式模型,Styled_model,appearance_assignment,ap242,3,https://www.steptools.com/stds/smrl/data/modules/appearance_assignment/sys/4_info_reqs.htm#appearance_assignment_arm.styled_model
工程师（几何 / 工艺 / 公差）,带样式模型复制,Styled_model_replication,appearance_assignment,ap242,3,https://www.steptools.com/stds/smrl/data/modules/appearance_assignment/sys/4_info_reqs.htm#appearance_assignment_arm.styled_model_replication
工程师（几何 / 工艺 / 公差）,带样式镶嵌元素带颜色,Styled_tessellated_element_with_colours,vertex_colours_for_tessellated_geometry,ap242,0,https://www.steptools.com/stds/smrl/data/modules/vertex_colours_for_tessellated_geometry/sys/4_info_reqs.htm#vertex_colours_for_tessellated_geometry_arm.styled_tessellated_element_with_colours
工程师（几何 / 工艺 / 公差）,SU参数,Su_parameters,kinematic_structure,ap242,1,https://www.steptools.com/stds/smrl/data/modules/kinematic_structure/sys/4_info_reqs.htm#kinematic_structure_arm.su_parameters
工程师（几何 / 工艺 / 公差）,子边,Subedge,elemental_topology,ap242,0,https://www.steptools.com/stds/smrl/data/modules/elemental_topology/sys/4_info_reqs.htm#elemental_topology_arm.subedge
工程师（几何 / 工艺 / 公差）,子路径,Subpath,elemental_topology,ap242,0,https://www.steptools.com/stds/smrl/data/modules/elemental_topology/sys/4_info_reqs.htm#elemental_topology_arm.subpath
工程师（几何 / 工艺 / 公差）,子串表达式,Substring_expression,expression,ap242,1,https://www.steptools.com/stds/smrl/data/modules/expression/sys/4_info_reqs.htm#expression_arm.substring_expression
工程师（几何 / 工艺 / 公差）,曲面,Surface,basic_geometry,ap242,12,https://www.steptools.com/stds/smrl/data/modules/basic_geometry/sys/4_info_reqs.htm#basic_geometry_arm.surface
工程师（几何 / 工艺 / 公差）,曲面外观,Surface_appearance,general_surface_appearance,ap242,0,https://www.steptools.com/stds/smrl/data/modules/general_surface_appearance/sys/4_info_reqs.htm#general_surface_appearance_arm.surface_appearance
工程师（几何 / 工艺 / 公差）,曲面外观元素,Surface_appearance_element,general_surface_appearance,ap242,0,https://www.steptools.com/stds/smrl/data/modules/general_surface_appearance/sys/4_info_reqs.htm#general_surface_appearance_arm.surface_appearance_element
工程师（几何 / 工艺 / 公差）,曲面颜色,Surface_colour,general_surface_appearance,ap242,0,https://www.steptools.com/stds/smrl/data/modules/general_surface_appearance/sys/4_info_reqs.htm#general_surface_appearance_arm.surface_colour
工程师（几何 / 工艺 / 公差）,曲面条件,Surface_condition,surface_conditions,ap242,0,https://www.steptools.com/stds/smrl/data/modules/surface_conditions/sys/4_info_reqs.htm#surface_conditions_arm.surface_condition
工程师（几何 / 工艺 / 公差）,曲面条件注记,Surface_condition_callout,draughting_element_specialisations,ap242,0,https://www.steptools.com/stds/smrl/data/modules/draughting_element_specialisations/sys/4_info_reqs.htm#draughting_element_specialisations_arm.surface_condition_callout
工程师（几何 / 工艺 / 公差）,曲面条件符号,Surface_condition_symbol,draughting_annotation,ap242,0,https://www.steptools.com/stds/smrl/data/modules/draughting_annotation/sys/4_info_reqs.htm#draughting_annotation_arm.surface_condition_symbol
工程师（几何 / 工艺 / 公差）,曲面精加工规范,Surface_finish_specification,specification_document,ap242,0,https://www.steptools.com/stds/smrl/data/modules/specification_document/sys/4_info_reqs.htm#specification_document_arm.surface_finish_specification
工程师（几何 / 工艺 / 公差）,曲面的回转,Surface_of_revolution,basic_geometry,ap242,0,https://www.steptools.com/stds/smrl/data/modules/basic_geometry/sys/4_info_reqs.htm#basic_geometry_arm.surface_of_revolution
工程师（几何 / 工艺 / 公差）,曲面副,Surface_pair,kinematic_structure,ap242,0,https://www.steptools.com/stds/smrl/data/modules/kinematic_structure/sys/4_info_reqs.htm#kinematic_structure_arm.surface_pair
工程师（几何 / 工艺 / 公差）,曲面副带范围,Surface_pair_with_range,kinematic_structure,ap242,0,https://www.steptools.com/stds/smrl/data/modules/kinematic_structure/sys/4_info_reqs.htm#kinematic_structure_arm.surface_pair_with_range
工程师（几何 / 工艺 / 公差）,曲面面片,Surface_patch,composite_surface,ap242,0,https://www.steptools.com/stds/smrl/data/modules/composite_surface/sys/4_info_reqs.htm#composite_surface_arm.surface_patch
工程师（几何 / 工艺 / 公差）,曲面轮廓公差,Surface_profile_tolerance,geometric_tolerance,ap242,0,https://www.steptools.com/stds/smrl/data/modules/geometric_tolerance/sys/4_info_reqs.htm#geometric_tolerance_arm.surface_profile_tolerance
工程师（几何 / 工艺 / 公差）,曲面相关曲线外观,Surface_related_curve_appearance,general_surface_appearance,ap242,0,https://www.steptools.com/stds/smrl/data/modules/general_surface_appearance/sys/4_info_reqs.htm#general_surface_appearance_arm.surface_related_curve_appearance
工程师（几何 / 工艺 / 公差）,曲面集合,Surface_set,geometrically_bounded_surface,ap242,2,https://www.steptools.com/stds/smrl/data/modules/geometrically_bounded_surface/sys/4_info_reqs.htm#geometrically_bounded_surface_arm.surface_set
工程师（几何 / 工艺 / 公差）,曲面样式渲染,Surface_style_rendering,mechanical_design_shaded_presentation,ap242,0,https://www.steptools.com/stds/smrl/data/modules/mechanical_design_shaded_presentation/sys/4_info_reqs.htm#mechanical_design_shaded_presentation_arm.surface_style_rendering
工程师（几何 / 工艺 / 公差）,曲面纹理,Surface_texture,surface_conditions,ap242,0,https://www.steptools.com/stds/smrl/data/modules/surface_conditions/sys/4_info_reqs.htm#surface_conditions_arm.surface_texture
工程师（几何 / 工艺 / 公差）,曲面纹理参数,Surface_texture_parameter,surface_conditions,ap242,0,https://www.steptools.com/stds/smrl/data/modules/surface_conditions/sys/4_info_reqs.htm#surface_conditions_arm.surface_texture_parameter
工程师（几何 / 工艺 / 公差）,曲面带显式节点,Surface_with_explicit_knots,b_spline_geometry,ap242,0,https://www.steptools.com/stds/smrl/data/modules/b_spline_geometry/sys/4_info_reqs.htm#b_spline_geometry_arm.surface_with_explicit_knots
工程师（几何 / 工艺 / 公差）,曲面带隐式节点,Surface_with_implicit_knots,b_spline_geometry,ap242,0,https://www.steptools.com/stds/smrl/data/modules/b_spline_geometry/sys/4_info_reqs.htm#b_spline_geometry_arm.surface_with_implicit_knots
工程师（几何 / 工艺 / 公差）,扫掠曲面,Swept_surface,basic_geometry,ap242,0,https://www.steptools.com/stds/smrl/data/modules/basic_geometry/sys/4_info_reqs.htm#basic_geometry_arm.swept_surface
工程师（几何 / 工艺 / 公差）,对称公差特征,Symmetrical_tolerance_characteristic,characteristic,ap242,0,https://www.steptools.com/stds/smrl/data/modules/characteristic/sys/4_info_reqs.htm#characteristic_arm.symmetrical_tolerance_characteristic
工程师（几何 / 工艺 / 公差）,对称度公差,Symmetry_tolerance,geometric_tolerance,ap242,1,https://www.steptools.com/stds/smrl/data/modules/geometric_tolerance/sys/4_info_reqs.htm#geometric_tolerance_arm.symmetry_tolerance
工程师（几何 / 工艺 / 公差）,触觉外观,Tactile_appearance,surface_conditions,ap242,0,https://www.steptools.com/stds/smrl/data/modules/surface_conditions/sys/4_info_reqs.htm#surface_conditions_arm.tactile_appearance
工程师（几何 / 工艺 / 公差）,带标记文本格式,Tagged_text_format,tagged_text_representation,ap242,0,https://www.steptools.com/stds/smrl/data/modules/tagged_text_representation/sys/4_info_reqs.htm#tagged_text_representation_arm.tagged_text_format
工程师（几何 / 工艺 / 公差）,带标记文本项,Tagged_text_item,tagged_text_representation,ap242,0,https://www.steptools.com/stds/smrl/data/modules/tagged_text_representation/sys/4_info_reqs.htm#tagged_text_representation_arm.tagged_text_item
工程师（几何 / 工艺 / 公差）,正切函数,Tan_function,elementary_function,ap242,0,https://www.steptools.com/stds/smrl/data/modules/elementary_function/sys/4_info_reqs.htm#elementary_function_arm.tan_function
工程师（几何 / 工艺 / 公差）,相切,Tangent,derived_shape_element,ap242,0,https://www.steptools.com/stds/smrl/data/modules/derived_shape_element/sys/4_info_reqs.htm#derived_shape_element_arm.tangent
工程师（几何 / 工艺 / 公差）,相切平面,Tangent_plane,derived_shape_element,ap242,0,https://www.steptools.com/stds/smrl/data/modules/derived_shape_element/sys/4_info_reqs.htm#derived_shape_element_arm.tangent_plane
工程师（几何 / 工艺 / 公差）,目标面积,Target_area,datum_and_datum_systems,ap242,0,https://www.steptools.com/stds/smrl/data/modules/datum_and_datum_systems/sys/4_info_reqs.htm#datum_and_datum_systems_arm.target_area
工程师（几何 / 工艺 / 公差）,目标圆,Target_circle,datum_and_datum_systems,ap242,0,https://www.steptools.com/stds/smrl/data/modules/datum_and_datum_systems/sys/4_info_reqs.htm#datum_and_datum_systems_arm.target_circle
工程师（几何 / 工艺 / 公差）,目标圆形曲线,Target_circular_curve,datum_and_datum_systems,ap242,0,https://www.steptools.com/stds/smrl/data/modules/datum_and_datum_systems/sys/4_info_reqs.htm#datum_and_datum_systems_arm.target_circular_curve
工程师（几何 / 工艺 / 公差）,目标曲线,Target_curve,datum_and_datum_systems,ap242,0,https://www.steptools.com/stds/smrl/data/modules/datum_and_datum_systems/sys/4_info_reqs.htm#datum_and_datum_systems_arm.target_curve
工程师（几何 / 工艺 / 公差）,目标点,Target_point,datum_and_datum_systems,ap242,0,https://www.steptools.com/stds/smrl/data/modules/datum_and_datum_systems/sys/4_info_reqs.htm#datum_and_datum_systems_arm.target_point
工程师（几何 / 工艺 / 公差）,目标矩形,Target_rectangle,datum_and_datum_systems,ap242,0,https://www.steptools.com/stds/smrl/data/modules/datum_and_datum_systems/sys/4_info_reqs.htm#datum_and_datum_systems_arm.target_rectangle
工程师（几何 / 工艺 / 公差）,目标直线线,Target_straight_line,datum_and_datum_systems,ap242,0,https://www.steptools.com/stds/smrl/data/modules/datum_and_datum_systems/sys/4_info_reqs.htm#datum_and_datum_systems_arm.target_straight_line
工程师（几何 / 工艺 / 公差）,T形轮廓,Tee_profile,machining_features,ap242,0,https://www.steptools.com/stds/smrl/data/modules/machining_features/sys/4_info_reqs.htm#machining_features_arm.tee_profile
工程师（几何 / 工艺 / 公差）,终止符,Terminator,curve_appearance,ap242,2,https://www.steptools.com/stds/smrl/data/modules/curve_appearance/sys/4_info_reqs.htm#curve_appearance_arm.terminator
工程师（几何 / 工艺 / 公差）,终止符符号,Terminator_symbol,draughting_annotation,ap242,0,https://www.steptools.com/stds/smrl/data/modules/draughting_annotation/sys/4_info_reqs.htm#draughting_annotation_arm.terminator_symbol
工程师（几何 / 工艺 / 公差）,镶嵌标注,Tessellated_annotation,tessellated_geometry,ap242,1,https://www.steptools.com/stds/smrl/data/modules/tessellated_geometry/sys/4_info_reqs.htm#tessellated_geometry_arm.tessellated_annotation
工程师（几何 / 工艺 / 公差）,镶嵌连接边,Tessellated_connecting_edge,tessellated_geometry,ap242,0,https://www.steptools.com/stds/smrl/data/modules/tessellated_geometry/sys/4_info_reqs.htm#tessellated_geometry_arm.tessellated_connecting_edge
工程师（几何 / 工艺 / 公差）,镶嵌曲线集合,Tessellated_curve_set,tessellated_geometry,ap242,0,https://www.steptools.com/stds/smrl/data/modules/tessellated_geometry/sys/4_info_reqs.htm#tessellated_geometry_arm.tessellated_curve_set
工程师（几何 / 工艺 / 公差）,镶嵌边,Tessellated_edge,tessellated_geometry,ap242,0,https://www.steptools.com/stds/smrl/data/modules/tessellated_geometry/sys/4_info_reqs.htm#tessellated_geometry_arm.tessellated_edge
工程师（几何 / 工艺 / 公差）,镶嵌面,Tessellated_face,tessellated_geometry,ap242,1,https://www.steptools.com/stds/smrl/data/modules/tessellated_geometry/sys/4_info_reqs.htm#tessellated_geometry_arm.tessellated_face
工程师（几何 / 工艺 / 公差）,镶嵌几何集合,Tessellated_geometric_set,tessellated_geometry,ap242,0,https://www.steptools.com/stds/smrl/data/modules/tessellated_geometry/sys/4_info_reqs.htm#tessellated_geometry_arm.tessellated_geometric_set
工程师（几何 / 工艺 / 公差）,镶嵌项,Tessellated_item,tessellated_geometry,ap242,1,https://www.steptools.com/stds/smrl/data/modules/tessellated_geometry/sys/4_info_reqs.htm#tessellated_geometry_arm.tessellated_item
工程师（几何 / 工艺 / 公差）,镶嵌点集合,Tessellated_point_set,tessellated_geometry,ap242,0,https://www.steptools.com/stds/smrl/data/modules/tessellated_geometry/sys/4_info_reqs.htm#tessellated_geometry_arm.tessellated_point_set
工程师（几何 / 工艺 / 公差）,镶嵌形状表示,Tessellated_shape_representation,tessellated_geometry,ap242,1,https://www.steptools.com/stds/smrl/data/modules/tessellated_geometry/sys/4_info_reqs.htm#tessellated_geometry_arm.tessellated_shape_representation
工程师（几何 / 工艺 / 公差）,镶嵌形状表示带精度参数,Tessellated_shape_representation_with_accuracy_parameters,tessellated_geometry,ap242,0,https://www.steptools.com/stds/smrl/data/modules/tessellated_geometry/sys/4_info_reqs.htm#tessellated_geometry_arm.tessellated_shape_representation_with_accuracy_parameters
工程师（几何 / 工艺 / 公差）,镶嵌壳,Tessellated_shell,tessellated_geometry,ap242,1,https://www.steptools.com/stds/smrl/data/modules/tessellated_geometry/sys/4_info_reqs.htm#tessellated_geometry_arm.tessellated_shell
工程师（几何 / 工艺 / 公差）,镶嵌实体,Tessellated_solid,tessellated_geometry,ap242,1,https://www.steptools.com/stds/smrl/data/modules/tessellated_geometry/sys/4_info_reqs.htm#tessellated_geometry_arm.tessellated_solid
工程师（几何 / 工艺 / 公差）,镶嵌结构化项,Tessellated_structured_item,tessellated_geometry,ap242,0,https://www.steptools.com/stds/smrl/data/modules/tessellated_geometry/sys/4_info_reqs.htm#tessellated_geometry_arm.tessellated_structured_item
工程师（几何 / 工艺 / 公差）,镶嵌曲面集合,Tessellated_surface_set,tessellated_geometry,ap242,1,https://www.steptools.com/stds/smrl/data/modules/tessellated_geometry/sys/4_info_reqs.htm#tessellated_geometry_arm.tessellated_surface_set
工程师（几何 / 工艺 / 公差）,镶嵌顶点,Tessellated_vertex,tessellated_geometry,ap242,1,https://www.steptools.com/stds/smrl/data/modules/tessellated_geometry/sys/4_info_reqs.htm#tessellated_geometry_arm.tessellated_vertex
工程师（几何 / 工艺 / 公差）,镶嵌线,Tessellated_wire,tessellated_geometry,ap242,0,https://www.steptools.com/stds/smrl/data/modules/tessellated_geometry/sys/4_info_reqs.htm#tessellated_geometry_arm.tessellated_wire
工程师（几何 / 工艺 / 公差）,四面体,Tetrahedron,primitive_solids,ap242,0,https://www.steptools.com/stds/smrl/data/modules/primitive_solids/sys/4_info_reqs.htm#primitive_solids_arm.tetrahedron
工程师（几何 / 工艺 / 公差）,文本字面量,Text_literal,text_appearance,ap242,3,https://www.steptools.com/stds/smrl/data/modules/text_appearance/sys/4_info_reqs.htm#text_appearance_arm.text_literal
工程师（几何 / 工艺 / 公差）,文本字面量带关联曲线,Text_literal_with_associated_curves,text_appearance,ap242,0,https://www.steptools.com/stds/smrl/data/modules/text_appearance/sys/4_info_reqs.htm#text_appearance_arm.text_literal_with_associated_curves
工程师（几何 / 工艺 / 公差）,文本字面量带冲裁盒,Text_literal_with_blanking_box,text_appearance,ap242,0,https://www.steptools.com/stds/smrl/data/modules/text_appearance/sys/4_info_reqs.htm#text_appearance_arm.text_literal_with_blanking_box
工程师（几何 / 工艺 / 公差）,文本字面量带轮廓线,Text_literal_with_delineation,text_appearance,ap242,0,https://www.steptools.com/stds/smrl/data/modules/text_appearance/sys/4_info_reqs.htm#text_appearance_arm.text_literal_with_delineation
工程师（几何 / 工艺 / 公差）,文本字面量带范围,Text_literal_with_extent,text_appearance,ap242,0,https://www.steptools.com/stds/smrl/data/modules/text_appearance/sys/4_info_reqs.htm#text_appearance_arm.text_literal_with_extent
工程师（几何 / 工艺 / 公差）,文本表示项,Text_representation_item,characteristic,ap242,0,https://www.steptools.com/stds/smrl/data/modules/characteristic/sys/4_info_reqs.htm#characteristic_arm.text_representation_item
工程师（几何 / 工艺 / 公差）,文本字符串表示,Text_string_representation,associative_text,ap242,1,https://www.steptools.com/stds/smrl/data/modules/associative_text/sys/4_info_reqs.htm#associative_text_arm.text_string_representation
工程师（几何 / 工艺 / 公差）,文本样式,Text_style,associative_text,ap242,0,https://www.steptools.com/stds/smrl/data/modules/associative_text/sys/4_info_reqs.htm#associative_text_arm.text_style
工程师（几何 / 工艺 / 公差）,热电阻数据元素,Thermal_resistance_data_element,value_with_unit_extension,ap242,0,https://www.steptools.com/stds/smrl/data/modules/value_with_unit_extension/sys/4_info_reqs.htm#value_with_unit_extension_arm.thermal_resistance_data_element
工程师（几何 / 工艺 / 公差）,热力学温度数据元素,Thermodynamic_temperature_data_element,value_with_unit_extension,ap242,0,https://www.steptools.com/stds/smrl/data/modules/value_with_unit_extension/sys/4_info_reqs.htm#value_with_unit_extension_arm.thermodynamic_temperature_data_element
工程师（几何 / 工艺 / 公差）,热力学温度单位,Thermodynamic_temperature_unit,value_with_unit,ap242,0,https://www.steptools.com/stds/smrl/data/modules/value_with_unit/sys/4_info_reqs.htm#value_with_unit_arm.thermodynamic_temperature_unit
工程师（几何 / 工艺 / 公差）,厚度尺寸,Thickness_size,dimension_tolerance,ap242,1,https://www.steptools.com/stds/smrl/data/modules/dimension_tolerance/sys/4_info_reqs.htm#dimension_tolerance_arm.thickness_size
工程师（几何 / 工艺 / 公差）,螺纹,Thread,machining_features,ap242,1,https://www.steptools.com/stds/smrl/data/modules/machining_features/sys/4_info_reqs.htm#machining_features_arm.thread
工程师（几何 / 工艺 / 公差）,螺纹跳动,Thread_runout,machining_features,ap242,0,https://www.steptools.com/stds/smrl/data/modules/machining_features/sys/4_info_reqs.htm#machining_features_arm.thread_runout
工程师（几何 / 工艺 / 公差）,通孔底部条件,Through_bottom_condition,machining_features,ap242,0,https://www.steptools.com/stds/smrl/data/modules/machining_features/sys/4_info_reqs.htm#machining_features_arm.through_bottom_condition
工程师（几何 / 工艺 / 公差）,通凹槽底部条件,Through_pocket_bottom_condition,machining_features,ap242,0,https://www.steptools.com/stds/smrl/data/modules/machining_features/sys/4_info_reqs.htm#machining_features_arm.through_pocket_bottom_condition
工程师（几何 / 工艺 / 公差）,通轮廓底,Through_profile_floor,machining_features,ap242,0,https://www.steptools.com/stds/smrl/data/modules/machining_features/sys/4_info_reqs.htm#machining_features_arm.through_profile_floor
工程师（几何 / 工艺 / 公差）,瓦片样式,Tile_style,fill_area_style,ap242,1,https://www.steptools.com/stds/smrl/data/modules/fill_area_style/sys/4_info_reqs.htm#fill_area_style_arm.tile_style
工程师（几何 / 工艺 / 公差）,时间单位,Time_unit,value_with_unit,ap242,0,https://www.steptools.com/stds/smrl/data/modules/value_with_unit/sys/4_info_reqs.htm#value_with_unit_arm.time_unit
工程师（几何 / 工艺 / 公差）,公差特征,Tolerance_characteristic,characteristic,ap242,0,https://www.steptools.com/stds/smrl/data/modules/characteristic/sys/4_info_reqs.htm#characteristic_arm.tolerance_characteristic
工程师（几何 / 工艺 / 公差）,公差范围,Tolerance_range,dimension_tolerance,ap242,0,https://www.steptools.com/stds/smrl/data/modules/dimension_tolerance/sys/4_info_reqs.htm#dimension_tolerance_arm.tolerance_range
工程师（几何 / 工艺 / 公差）,公差表单元,Tolerance_table_cell,default_tolerance,ap242,0,https://www.steptools.com/stds/smrl/data/modules/default_tolerance/sys/4_info_reqs.htm#default_tolerance_arm.tolerance_table_cell
工程师（几何 / 工艺 / 公差）,公差区域,Tolerance_zone,geometric_tolerance,ap242,0,https://www.steptools.com/stds/smrl/data/modules/geometric_tolerance/sys/4_info_reqs.htm#geometric_tolerance_arm.tolerance_zone
工程师（几何 / 工艺 / 公差）,公差区域定义,Tolerance_zone_definition,geometric_tolerance,ap242,0,https://www.steptools.com/stds/smrl/data/modules/geometric_tolerance/sys/4_info_reqs.htm#geometric_tolerance_arm.tolerance_zone_definition
工程师（几何 / 工艺 / 公差）,公差区域带基准,Tolerance_zone_with_datum,geometric_tolerance,ap242,0,https://www.steptools.com/stds/smrl/data/modules/geometric_tolerance/sys/4_info_reqs.htm#geometric_tolerance_arm.tolerance_zone_with_datum
工程师（几何 / 工艺 / 公差）,刀具附件点框架,Tool_attachment_point_frame,kinematic_structure,ap242,0,https://www.steptools.com/stds/smrl/data/modules/kinematic_structure/sys/4_info_reqs.htm#kinematic_structure_arm.tool_attachment_point_frame
工程师（几何 / 工艺 / 公差）,刀具中心点框架,Tool_centre_point_frame,kinematic_structure,ap242,0,https://www.steptools.com/stds/smrl/data/modules/kinematic_structure/sys/4_info_reqs.htm#kinematic_structure_arm.tool_centre_point_frame
工程师（几何 / 工艺 / 公差）,环面曲面,Toroidal_surface,basic_geometry,ap242,0,https://www.steptools.com/stds/smrl/data/modules/basic_geometry/sys/4_info_reqs.htm#basic_geometry_arm.toroidal_surface
工程师（几何 / 工艺 / 公差）,圆环面,Torus,primitive_solids,ap242,0,https://www.steptools.com/stds/smrl/data/modules/primitive_solids/sys/4_info_reqs.htm#primitive_solids_arm.torus
工程师（几何 / 工艺 / 公差）,总跳动公差,Total_runout_tolerance,geometric_tolerance,ap242,0,https://www.steptools.com/stds/smrl/data/modules/geometric_tolerance/sys/4_info_reqs.htm#geometric_tolerance_arm.total_runout_tolerance
工程师（几何 / 工艺 / 公差）,追踪关系,Tracing_relationship,requirement_view_definition_relationship,ap242,0,https://www.steptools.com/stds/smrl/data/modules/requirement_view_definition_relationship/sys/4_info_reqs.htm#requirement_view_definition_relationship_arm.tracing_relationship
工程师（几何 / 工艺 / 公差）,过渡特征,Transition_feature,machining_features,ap242,2,https://www.steptools.com/stds/smrl/data/modules/machining_features/sys/4_info_reqs.htm#machining_features_arm.transition_feature
工程师（几何 / 工艺 / 公差）,处理结果,Treatment_result,surface_conditions,ap242,0,https://www.steptools.com/stds/smrl/data/modules/surface_conditions/sys/4_info_reqs.htm#surface_conditions_arm.treatment_result
工程师（几何 / 工艺 / 公差）,三角剖分面,Triangulated_face,tessellated_geometry,ap242,0,https://www.steptools.com/stds/smrl/data/modules/tessellated_geometry/sys/4_info_reqs.htm#tessellated_geometry_arm.triangulated_face
工程师（几何 / 工艺 / 公差）,三角剖分点点云数据集,Triangulated_point_cloud_dataset,scan_data_3d_shape,ap242,0,https://www.steptools.com/stds/smrl/data/modules/scan_data_3d_shape/sys/4_info_reqs.htm#scan_data_3d_shape_arm.triangulated_point_cloud_dataset
工程师（几何 / 工艺 / 公差）,三角剖分曲面集合,Triangulated_surface_set,tessellated_geometry,ap242,0,https://www.steptools.com/stds/smrl/data/modules/tessellated_geometry/sys/4_info_reqs.htm#tessellated_geometry_arm.triangulated_surface_set
工程师（几何 / 工艺 / 公差）,裁剪曲线,Trimmed_curve,basic_curve,ap242,3,https://www.steptools.com/stds/smrl/data/modules/basic_curve/sys/4_info_reqs.htm#basic_curve_arm.trimmed_curve
工程师（几何 / 工艺 / 公差）,裁剪曲面,Trimmed_surface,composite_surface,ap242,3,https://www.steptools.com/stds/smrl/data/modules/composite_surface/sys/4_info_reqs.htm#composite_surface_arm.trimmed_surface
工程师（几何 / 工艺 / 公差）,车削滚花,Turned_knurl,machining_features,ap242,0,https://www.steptools.com/stds/smrl/data/modules/machining_features/sys/4_info_reqs.htm#machining_features_arm.turned_knurl
工程师（几何 / 工艺 / 公差）,类型限定符,Type_qualifier,qualified_measure,ap242,0,https://www.steptools.com/stds/smrl/data/modules/qualified_measure/sys/4_info_reqs.htm#qualified_measure_arm.type_qualifier
工程师（几何 / 工艺 / 公差）,典型公差特征,Typical_tolerance_characteristic,characteristic,ap242,0,https://www.steptools.com/stds/smrl/data/modules/characteristic/sys/4_info_reqs.htm#characteristic_arm.typical_tolerance_characteristic
工程师（几何 / 工艺 / 公差）,一元布尔表达式,Unary_boolean_expression,numeric_expression,ap242,1,https://www.steptools.com/stds/smrl/data/modules/numeric_expression/sys/4_info_reqs.htm#numeric_expression_arm.unary_boolean_expression
工程师（几何 / 工艺 / 公差）,一元函数调用,Unary_function_call,elementary_function,ap242,0,https://www.steptools.com/stds/smrl/data/modules/elementary_function/sys/4_info_reqs.htm#elementary_function_arm.unary_function_call
工程师（几何 / 工艺 / 公差）,一元通用表达式,Unary_generic_expression,generic_expression,ap242,0,https://www.steptools.com/stds/smrl/data/modules/generic_expression/sys/4_info_reqs.htm#generic_expression_arm.unary_generic_expression
工程师（几何 / 工艺 / 公差）,一元数值表达式,Unary_numeric_expression,numeric_expression,ap242,1,https://www.steptools.com/stds/smrl/data/modules/numeric_expression/sys/4_info_reqs.htm#numeric_expression_arm.unary_numeric_expression
工程师（几何 / 工艺 / 公差）,不确定度限定符,Uncertainty_qualifier,qualified_measure,ap242,0,https://www.steptools.com/stds/smrl/data/modules/qualified_measure/sys/4_info_reqs.htm#qualified_measure_arm.uncertainty_qualifier
工程师（几何 / 工艺 / 公差）,不确定度带单位,Uncertainty_with_unit,value_with_unit,ap242,3,https://www.steptools.com/stds/smrl/data/modules/value_with_unit/sys/4_info_reqs.htm#value_with_unit_arm.uncertainty_with_unit
工程师（几何 / 工艺 / 公差）,无约束副,Unconstrained_pair,kinematic_structure,ap242,0,https://www.steptools.com/stds/smrl/data/modules/kinematic_structure/sys/4_info_reqs.htm#kinematic_structure_arm.unconstrained_pair
工程师（几何 / 工艺 / 公差）,无约束副值,Unconstrained_pair_value,kinematic_state,ap242,0,https://www.steptools.com/stds/smrl/data/modules/kinematic_state/sys/4_info_reqs.htm#kinematic_state_arm.unconstrained_pair_value
工程师（几何 / 工艺 / 公差）,均匀资源标识符,Uniform_resource_identifier,tagged_text_representation,ap242,0,https://www.steptools.com/stds/smrl/data/modules/tagged_text_representation/sys/4_info_reqs.htm#tagged_text_representation_arm.uniform_resource_identifier
工程师（几何 / 工艺 / 公差）,单位,Unit,value_with_unit,ap242,5,https://www.steptools.com/stds/smrl/data/modules/value_with_unit/sys/4_info_reqs.htm#value_with_unit_arm.unit
工程师（几何 / 工艺 / 公差）,通用副,Universal_pair,kinematic_structure,ap242,0,https://www.steptools.com/stds/smrl/data/modules/kinematic_structure/sys/4_info_reqs.htm#kinematic_structure_arm.universal_pair
工程师（几何 / 工艺 / 公差）,通用副值,Universal_pair_value,kinematic_state,ap242,0,https://www.steptools.com/stds/smrl/data/modules/kinematic_state/sys/4_info_reqs.htm#kinematic_state_arm.universal_pair_value
工程师（几何 / 工艺 / 公差）,通用副带范围,Universal_pair_with_range,kinematic_structure,ap242,0,https://www.steptools.com/stds/smrl/data/modules/kinematic_structure/sys/4_info_reqs.htm#kinematic_structure_arm.universal_pair_with_range
工程师（几何 / 工艺 / 公差）,上下极限,Upper_lower_limit,default_tolerance,ap242,0,https://www.steptools.com/stds/smrl/data/modules/default_tolerance/sys/4_info_reqs.htm#default_tolerance_arm.upper_lower_limit
工程师（几何 / 工艺 / 公差）,上下带公差基准,Upper_lower_toleranced_datum,default_tolerance,ap242,0,https://www.steptools.com/stds/smrl/data/modules/default_tolerance/sys/4_info_reqs.htm#default_tolerance_arm.upper_lower_toleranced_datum
工程师（几何 / 工艺 / 公差）,用户定义颜色,User_defined_colour,colour,ap242,0,https://www.steptools.com/stds/smrl/data/modules/colour/sys/4_info_reqs.htm#colour_arm.user_defined_colour
工程师（几何 / 工艺 / 公差）,用户定义曲线字体,User_defined_curve_font,styled_curve,ap242,0,https://www.steptools.com/stds/smrl/data/modules/styled_curve/sys/4_info_reqs.htm#styled_curve_arm.user_defined_curve_font
工程师（几何 / 工艺 / 公差）,用户定义剖面线样式,User_defined_hatch_style,fill_area_style,ap242,0,https://www.steptools.com/stds/smrl/data/modules/fill_area_style/sys/4_info_reqs.htm#fill_area_style_arm.user_defined_hatch_style
工程师（几何 / 工艺 / 公差）,用户定义标记,User_defined_marker,curve_appearance,ap242,0,https://www.steptools.com/stds/smrl/data/modules/curve_appearance/sys/4_info_reqs.htm#curve_appearance_arm.user_defined_marker
工程师（几何 / 工艺 / 公差）,用户定义曲面纹理参数,User_defined_surface_texture_parameter,surface_conditions,ap242,0,https://www.steptools.com/stds/smrl/data/modules/surface_conditions/sys/4_info_reqs.htm#surface_conditions_arm.user_defined_surface_texture_parameter
工程师（几何 / 工艺 / 公差）,用户定义终止符,User_defined_terminator,curve_appearance,ap242,0,https://www.steptools.com/stds/smrl/data/modules/curve_appearance/sys/4_info_reqs.htm#curve_appearance_arm.user_defined_terminator
工程师（几何 / 工艺 / 公差）,用户定义瓦片样式,User_defined_tile_style,fill_area_style,ap242,0,https://www.steptools.com/stds/smrl/data/modules/fill_area_style/sys/4_info_reqs.htm#fill_area_style_arm.user_defined_tile_style
工程师（几何 / 工艺 / 公差）,值格式类型限定符,Value_format_type_qualifier,qualified_measure,ap242,0,https://www.steptools.com/stds/smrl/data/modules/qualified_measure/sys/4_info_reqs.htm#qualified_measure_arm.value_format_type_qualifier
工程师（几何 / 工艺 / 公差）,值极限,Value_limit,extended_measure_representation,ap242,2,https://www.steptools.com/stds/smrl/data/modules/extended_measure_representation/sys/4_info_reqs.htm#extended_measure_representation_arm.value_limit
工程师（几何 / 工艺 / 公差）,值列表,Value_list,extended_measure_representation,ap242,2,https://www.steptools.com/stds/smrl/data/modules/extended_measure_representation/sys/4_info_reqs.htm#extended_measure_representation_arm.value_list
工程师（几何 / 工艺 / 公差）,值范围,Value_range,extended_measure_representation,ap242,2,https://www.steptools.com/stds/smrl/data/modules/extended_measure_representation/sys/4_info_reqs.htm#extended_measure_representation_arm.value_range
工程师（几何 / 工艺 / 公差）,值范围带全局单位,Value_range_with_global_unit,extended_measure_representation,ap242,0,https://www.steptools.com/stds/smrl/data/modules/extended_measure_representation/sys/4_info_reqs.htm#extended_measure_representation_arm.value_range_with_global_unit
工程师（几何 / 工艺 / 公差）,值集合,Value_set,extended_measure_representation,ap242,2,https://www.steptools.com/stds/smrl/data/modules/extended_measure_representation/sys/4_info_reqs.htm#extended_measure_representation_arm.value_set
工程师（几何 / 工艺 / 公差）,值带公差,Value_with_tolerances,extended_measure_representation,ap242,0,https://www.steptools.com/stds/smrl/data/modules/extended_measure_representation/sys/4_info_reqs.htm#extended_measure_representation_arm.value_with_tolerances
工程师（几何 / 工艺 / 公差）,带单位的量值,Value_with_unit,value_with_unit,ap242,19,https://www.steptools.com/stds/smrl/data/modules/value_with_unit/sys/4_info_reqs.htm#value_with_unit_arm.value_with_unit
工程师（几何 / 工艺 / 公差）,变量,Variable,generic_expression,ap242,0,https://www.steptools.com/stds/smrl/data/modules/generic_expression/sys/4_info_reqs.htm#generic_expression_arm.variable
工程师（几何 / 工艺 / 公差）,变量语义,Variable_semantics,generic_expression,ap242,0,https://www.steptools.com/stds/smrl/data/modules/generic_expression/sys/4_info_reqs.htm#generic_expression_arm.variable_semantics
工程师（几何 / 工艺 / 公差）,向量,Vector,extended_basic_geometry,ap242,3,https://www.steptools.com/stds/smrl/data/modules/extended_basic_geometry/sys/4_info_reqs.htm#extended_basic_geometry_arm.vector
工程师（几何 / 工艺 / 公差）,向量外观,Vector_appearance,curve_appearance,ap242,0,https://www.steptools.com/stds/smrl/data/modules/curve_appearance/sys/4_info_reqs.htm#curve_appearance_arm.vector_appearance
工程师（几何 / 工艺 / 公差）,V形轮廓,Vee_profile,machining_features,ap242,2,https://www.steptools.com/stds/smrl/data/modules/machining_features/sys/4_info_reqs.htm#machining_features_arm.vee_profile
工程师（几何 / 工艺 / 公差）,速度数据元素,Velocity_data_element,value_with_unit_extension,ap242,5,https://www.steptools.com/stds/smrl/data/modules/value_with_unit_extension/sys/4_info_reqs.htm#value_with_unit_extension_arm.velocity_data_element
工程师（几何 / 工艺 / 公差）,顶点,Vertex,elemental_topology,ap242,0,https://www.steptools.com/stds/smrl/data/modules/elemental_topology/sys/4_info_reqs.htm#elemental_topology_arm.vertex
工程师（几何 / 工艺 / 公差）,顶点环,Vertex_loop,elemental_topology,ap242,0,https://www.steptools.com/stds/smrl/data/modules/elemental_topology/sys/4_info_reqs.htm#elemental_topology_arm.vertex_loop
工程师（几何 / 工艺 / 公差）,顶点点,Vertex_point,basic_geometric_topology,ap242,3,https://www.steptools.com/stds/smrl/data/modules/basic_geometric_topology/sys/4_info_reqs.htm#basic_geometric_topology_arm.vertex_point
工程师（几何 / 工艺 / 公差）,视图,View,presentation_hierarchy,ap242,0,https://www.steptools.com/stds/smrl/data/modules/presentation_hierarchy/sys/4_info_reqs.htm#presentation_hierarchy_arm.view
工程师（几何 / 工艺 / 公差）,视图面积,View_area,presentation_hierarchy,ap242,0,https://www.steptools.com/stds/smrl/data/modules/presentation_hierarchy/sys/4_info_reqs.htm#presentation_hierarchy_arm.view_area
工程师（几何 / 工艺 / 公差）,视图面积赋值,View_area_assignment,presentation_hierarchy,ap242,0,https://www.steptools.com/stds/smrl/data/modules/presentation_hierarchy/sys/4_info_reqs.htm#presentation_hierarchy_arm.view_area_assignment
工程师（几何 / 工艺 / 公差）,视图面积关系,View_area_relationship,presentation_hierarchy,ap242,0,https://www.steptools.com/stds/smrl/data/modules/presentation_hierarchy/sys/4_info_reqs.htm#presentation_hierarchy_arm.view_area_relationship
工程师（几何 / 工艺 / 公差）,视图面积复制,View_area_replication,presentation_hierarchy,ap242,1,https://www.steptools.com/stds/smrl/data/modules/presentation_hierarchy/sys/4_info_reqs.htm#presentation_hierarchy_arm.view_area_replication
工程师（几何 / 工艺 / 公差）,视图定义上下文,View_definition_context,product_view_definition,ap242,3,https://www.steptools.com/stds/smrl/data/modules/product_view_definition/sys/4_info_reqs.htm#product_view_definition_arm.view_definition_context
工程师（几何 / 工艺 / 公差）,视图定义关系,View_definition_relationship,product_view_definition_relationship,ap242,16,https://www.steptools.com/stds/smrl/data/modules/product_view_definition_relationship/sys/4_info_reqs.htm#product_view_definition_relationship_arm.view_definition_relationship
工程师（几何 / 工艺 / 公差）,视图定义用法,View_definition_usage,product_view_definition_relationship,ap242,2,https://www.steptools.com/stds/smrl/data/modules/product_view_definition_relationship/sys/4_info_reqs.htm#product_view_definition_relationship_arm.view_definition_usage
工程师（几何 / 工艺 / 公差）,视图关系,View_relationship,presentation_hierarchy,ap242,0,https://www.steptools.com/stds/smrl/data/modules/presentation_hierarchy/sys/4_info_reqs.htm#presentation_hierarchy_arm.view_relationship
工程师（几何 / 工艺 / 公差）,视觉外观,Visual_appearance,surface_conditions,ap242,0,https://www.steptools.com/stds/smrl/data/modules/surface_conditions/sys/4_info_reqs.htm#surface_conditions_arm.visual_appearance
工程师（几何 / 工艺 / 公差）,体积数据元素,Volume_data_element,value_with_unit_extension,ap242,0,https://www.steptools.com/stds/smrl/data/modules/value_with_unit_extension/sys/4_info_reqs.htm#value_with_unit_extension_arm.volume_data_element
工程师（几何 / 工艺 / 公差）,体积单位,Volume_unit,value_with_unit,ap242,0,https://www.steptools.com/stds/smrl/data/modules/value_with_unit/sys/4_info_reqs.htm#value_with_unit_arm.volume_unit
工程师（几何 / 工艺 / 公差）,半圆槽端类型,Woodruff_slot_end_type,machining_features,ap242,0,https://www.steptools.com/stds/smrl/data/modules/machining_features/sys/4_info_reqs.htm#machining_features_arm.woodruff_slot_end_type
工程师（几何 / 工艺 / 公差）,异或表达式,Xor_expression,numeric_expression,ap242,0,https://www.steptools.com/stds/smrl/data/modules/numeric_expression/sys/4_info_reqs.htm#numeric_expression_arm.xor_expression
标准制定者（元模型 / 表达 / 库）,绝对值函数,Abs_function,elementary_function,ap242,0,https://www.steptools.com/stds/smrl/data/modules/elementary_function/sys/4_info_reqs.htm#elementary_function_arm.abs_function
标准制定者（元模型 / 表达 / 库）,反余弦函数,Acos_function,elementary_function,ap242,0,https://www.steptools.com/stds/smrl/data/modules/elementary_function/sys/4_info_reqs.htm#elementary_function_arm.acos_function
标准制定者（元模型 / 表达 / 库）,活动属性表示,Activity_property_representation,process_property_assignment,ap242,1,https://www.steptools.com/stds/smrl/data/modules/process_property_assignment/sys/4_info_reqs.htm#process_property_assignment_arm.activity_property_representation
标准制定者（元模型 / 表达 / 库）,附加零件视图定义上下文,Additional_part_view_definition_context,part_view_definition,ap242,0,https://www.steptools.com/stds/smrl/data/modules/part_view_definition/sys/4_info_reqs.htm#part_view_definition_arm.additional_part_view_definition_context
标准制定者（元模型 / 表达 / 库）,附加视图定义上下文,Additional_view_definition_context,product_view_definition,ap242,1,https://www.steptools.com/stds/smrl/data/modules/product_view_definition/sys/4_info_reqs.htm#product_view_definition_arm.additional_view_definition_context
标准制定者（元模型 / 表达 / 库）,地址赋值,Address_assignment,person_organization,ap242,2,https://www.steptools.com/stds/smrl/data/modules/person_organization/sys/4_info_reqs.htm#person_organization_arm.address_assignment
标准制定者（元模型 / 表达 / 库）,高级边界表示形状表示,Advanced_brep_shape_representation,advanced_boundary_representation,ap242,2,https://www.steptools.com/stds/smrl/data/modules/advanced_boundary_representation/sys/4_info_reqs.htm#advanced_boundary_representation_arm.advanced_brep_shape_representation
标准制定者（元模型 / 表达 / 库）,与表达式,And_expression,numeric_expression,ap242,0,https://www.steptools.com/stds/smrl/data/modules/numeric_expression/sys/4_info_reqs.htm#numeric_expression_arm.and_expression
标准制定者（元模型 / 表达 / 库）,应用独立材料属性,Applied_independent_material_property,generic_material_aspects,ap242,0,https://www.steptools.com/stds/smrl/data/modules/generic_material_aspects/sys/4_info_reqs.htm#generic_material_aspects_arm.applied_independent_material_property
标准制定者（元模型 / 表达 / 库）,反正弦函数,Asin_function,elementary_function,ap242,0,https://www.steptools.com/stds/smrl/data/modules/elementary_function/sys/4_info_reqs.htm#elementary_function_arm.asin_function
标准制定者（元模型 / 表达 / 库）,反正切函数,Atan_function,elementary_function,ap242,0,https://www.steptools.com/stds/smrl/data/modules/elementary_function/sys/4_info_reqs.htm#elementary_function_arm.atan_function
标准制定者（元模型 / 表达 / 库）,属性分类,Attribute_classification,attribute_classification,ap242,0,https://www.steptools.com/stds/smrl/data/modules/attribute_classification/sys/4_info_reqs.htm#attribute_classification_arm.attribute_classification
标准制定者（元模型 / 表达 / 库）,属性平移赋值,Attribute_translation_assignment,multi_linguism,ap242,0,https://www.steptools.com/stds/smrl/data/modules/multi_linguism/sys/4_info_reqs.htm#multi_linguism_arm.attribute_translation_assignment
标准制定者（元模型 / 表达 / 库）,二进制布尔表达式,Binary_boolean_expression,numeric_expression,ap242,1,https://www.steptools.com/stds/smrl/data/modules/numeric_expression/sys/4_info_reqs.htm#numeric_expression_arm.binary_boolean_expression
标准制定者（元模型 / 表达 / 库）,二元函数调用,Binary_function_call,elementary_function,ap242,0,https://www.steptools.com/stds/smrl/data/modules/elementary_function/sys/4_info_reqs.htm#elementary_function_arm.binary_function_call
标准制定者（元模型 / 表达 / 库）,二元通用表达式,Binary_generic_expression,generic_expression,ap242,0,https://www.steptools.com/stds/smrl/data/modules/generic_expression/sys/4_info_reqs.htm#generic_expression_arm.binary_generic_expression
标准制定者（元模型 / 表达 / 库）,二元数值表达式,Binary_numeric_expression,numeric_expression,ap242,1,https://www.steptools.com/stds/smrl/data/modules/numeric_expression/sys/4_info_reqs.htm#numeric_expression_arm.binary_numeric_expression
标准制定者（元模型 / 表达 / 库）,布尔定义函数,Boolean_defined_function,numeric_expression,ap242,0,https://www.steptools.com/stds/smrl/data/modules/numeric_expression/sys/4_info_reqs.htm#numeric_expression_arm.boolean_defined_function
标准制定者（元模型 / 表达 / 库）,布尔表达式,Boolean_expression,numeric_expression,ap242,2,https://www.steptools.com/stds/smrl/data/modules/numeric_expression/sys/4_info_reqs.htm#numeric_expression_arm.boolean_expression
标准制定者（元模型 / 表达 / 库）,布尔字面量,Boolean_literal,numeric_expression,ap242,0,https://www.steptools.com/stds/smrl/data/modules/numeric_expression/sys/4_info_reqs.htm#numeric_expression_arm.boolean_literal
标准制定者（元模型 / 表达 / 库）,布尔表示项,Boolean_representation_item,basic_data_representation,ap242,0,https://www.steptools.com/stds/smrl/data/modules/basic_data_representation/sys/4_info_reqs.htm#basic_data_representation_arm.boolean_representation_item
标准制定者（元模型 / 表达 / 库）,布尔变量,Boolean_variable,numeric_expression,ap242,1,https://www.steptools.com/stds/smrl/data/modules/numeric_expression/sys/4_info_reqs.htm#numeric_expression_arm.boolean_variable
标准制定者（元模型 / 表达 / 库）,特征数据表表示,Characteristic_data_table_representation,characteristic,ap242,0,https://www.steptools.com/stds/smrl/data/modules/characteristic/sys/4_info_reqs.htm#characteristic_arm.characteristic_data_table_representation
标准制定者（元模型 / 表达 / 库）,特征化链基于项之内表示,Characterized_chain_based_item_within_representation,characterized_representation,ap242,0,https://www.steptools.com/stds/smrl/data/modules/characterized_representation/sys/4_info_reqs.htm#characterized_representation_arm.characterized_chain_based_item_within_representation
标准制定者（元模型 / 表达 / 库）,特征化项之内表示,Characterized_item_within_representation,characterized_representation,ap242,1,https://www.steptools.com/stds/smrl/data/modules/characterized_representation/sys/4_info_reqs.htm#characterized_representation_arm.characterized_item_within_representation
标准制定者（元模型 / 表达 / 库）,特征化表示,Characterized_representation,characterized_representation,ap242,2,https://www.steptools.com/stds/smrl/data/modules/characterized_representation/sys/4_info_reqs.htm#characterized_representation_arm.characterized_representation
标准制定者（元模型 / 表达 / 库）,圆形闭合轮廓,Circular_closed_profile,machining_features,ap242,4,https://www.steptools.com/stds/smrl/data/modules/machining_features/sys/4_info_reqs.htm#machining_features_arm.circular_closed_profile
标准制定者（元模型 / 表达 / 库）,圆形闭合形状轮廓,Circular_closed_shape_profile,machining_features,ap242,0,https://www.steptools.com/stds/smrl/data/modules/machining_features/sys/4_info_reqs.htm#machining_features_arm.circular_closed_shape_profile
标准制定者（元模型 / 表达 / 库）,圆形路径,Circular_path,kinematic_motion_representation,ap242,0,https://www.steptools.com/stds/smrl/data/modules/kinematic_motion_representation/sys/4_info_reqs.htm#kinematic_motion_representation_arm.circular_path
标准制定者（元模型 / 表达 / 库）,类按扩展,Class_by_extension,class,ap242,0,https://www.steptools.com/stds/smrl/data/modules/class/sys/4_info_reqs.htm#class_arm.class_by_extension
标准制定者（元模型 / 表达 / 库）,类按内涵,Class_by_intension,class,ap242,0,https://www.steptools.com/stds/smrl/data/modules/class/sys/4_info_reqs.htm#class_arm.class_by_intension
标准制定者（元模型 / 表达 / 库）,类层次,Class_hierarchy,classification_with_attributes,ap242,0,https://www.steptools.com/stds/smrl/data/modules/classification_with_attributes/sys/4_info_reqs.htm#classification_with_attributes_arm.class_hierarchy
标准制定者（元模型 / 表达 / 库）,分类赋值,Classification_assignment,classification_assignment,ap242,1,https://www.steptools.com/stds/smrl/data/modules/classification_assignment/sys/4_info_reqs.htm#classification_assignment_arm.classification_assignment
标准制定者（元模型 / 表达 / 库）,分类赋值关系,Classification_assignment_relationship,classification_assignment,ap242,0,https://www.steptools.com/stds/smrl/data/modules/classification_assignment/sys/4_info_reqs.htm#classification_assignment_arm.classification_assignment_relationship
标准制定者（元模型 / 表达 / 库）,分类关联,Classification_association,classification_with_attributes,ap242,1,https://www.steptools.com/stds/smrl/data/modules/classification_with_attributes/sys/4_info_reqs.htm#classification_with_attributes_arm.classification_association
标准制定者（元模型 / 表达 / 库）,分类属性,Classification_attribute,classification_with_attributes,ap242,0,https://www.steptools.com/stds/smrl/data/modules/classification_with_attributes/sys/4_info_reqs.htm#classification_with_attributes_arm.classification_attribute
标准制定者（元模型 / 表达 / 库）,分类系统,Classification_system,classification_with_attributes,ap242,0,https://www.steptools.com/stds/smrl/data/modules/classification_with_attributes/sys/4_info_reqs.htm#classification_with_attributes_arm.classification_system
标准制定者（元模型 / 表达 / 库）,闭合轮廓,Closed_profile,machining_features,ap242,3,https://www.steptools.com/stds/smrl/data/modules/machining_features/sys/4_info_reqs.htm#machining_features_arm.closed_profile
标准制定者（元模型 / 表达 / 库）,闭合壳,Closed_shell,advanced_boundary_representation,ap242,1,https://www.steptools.com/stds/smrl/data/modules/advanced_boundary_representation/sys/4_info_reqs.htm#advanced_boundary_representation_arm.closed_shell
标准制定者（元模型 / 表达 / 库）,收集项关联,Collected_item_association,part_collection,ap242,1,https://www.steptools.com/stds/smrl/data/modules/part_collection/sys/4_info_reqs.htm#part_collection_arm.collected_item_association
标准制定者（元模型 / 表达 / 库）,集合定义,Collection_definition,part_collection,ap242,0,https://www.steptools.com/stds/smrl/data/modules/part_collection/sys/4_info_reqs.htm#part_collection_arm.collection_definition
标准制定者（元模型 / 表达 / 库）,比较相等,Comparison_equal,numeric_expression,ap242,0,https://www.steptools.com/stds/smrl/data/modules/numeric_expression/sys/4_info_reqs.htm#numeric_expression_arm.comparison_equal
标准制定者（元模型 / 表达 / 库）,比较表达式,Comparison_expression,numeric_expression,ap242,1,https://www.steptools.com/stds/smrl/data/modules/numeric_expression/sys/4_info_reqs.htm#numeric_expression_arm.comparison_expression
标准制定者（元模型 / 表达 / 库）,比较大于,Comparison_greater,numeric_expression,ap242,0,https://www.steptools.com/stds/smrl/data/modules/numeric_expression/sys/4_info_reqs.htm#numeric_expression_arm.comparison_greater
标准制定者（元模型 / 表达 / 库）,比较大于相等,Comparison_greater_equal,numeric_expression,ap242,0,https://www.steptools.com/stds/smrl/data/modules/numeric_expression/sys/4_info_reqs.htm#numeric_expression_arm.comparison_greater_equal
标准制定者（元模型 / 表达 / 库）,比较小于,Comparison_less,numeric_expression,ap242,0,https://www.steptools.com/stds/smrl/data/modules/numeric_expression/sys/4_info_reqs.htm#numeric_expression_arm.comparison_less
标准制定者（元模型 / 表达 / 库）,比较小于相等,Comparison_less_equal,numeric_expression,ap242,0,https://www.steptools.com/stds/smrl/data/modules/numeric_expression/sys/4_info_reqs.htm#numeric_expression_arm.comparison_less_equal
标准制定者（元模型 / 表达 / 库）,比较非相等,Comparison_not_equal,numeric_expression,ap242,0,https://www.steptools.com/stds/smrl/data/modules/numeric_expression/sys/4_info_reqs.htm#numeric_expression_arm.comparison_not_equal
标准制定者（元模型 / 表达 / 库）,组件上层级标识,Component_upper_level_identification,assembly_structure,ap242,0,https://www.steptools.com/stds/smrl/data/modules/assembly_structure/sys/4_info_reqs.htm#assembly_structure_arm.component_upper_level_identification
标准制定者（元模型 / 表达 / 库）,复合表示项,Compound_representation_item,basic_data_representation,ap242,0,https://www.steptools.com/stds/smrl/data/modules/basic_data_representation/sys/4_info_reqs.htm#basic_data_representation_arm.compound_representation_item
标准制定者（元模型 / 表达 / 库）,复合形状表示,Compound_shape_representation,compound_shape_representation,ap242,0,https://www.steptools.com/stds/smrl/data/modules/compound_shape_representation/sys/4_info_reqs.htm#compound_shape_representation_arm.compound_shape_representation
标准制定者（元模型 / 表达 / 库）,连接表达式,Concat_expression,expression,ap242,1,https://www.steptools.com/stds/smrl/data/modules/expression/sys/4_info_reqs.htm#expression_arm.concat_expression
标准制定者（元模型 / 表达 / 库）,上下文相关运动学链接表示,Context_dependent_kinematic_link_representation,kinematic_structure,ap242,0,https://www.steptools.com/stds/smrl/data/modules/kinematic_structure/sys/4_info_reqs.htm#kinematic_structure_arm.context_dependent_kinematic_link_representation
标准制定者（元模型 / 表达 / 库）,上下文相关单位,Context_dependent_unit,value_with_unit,ap242,1,https://www.steptools.com/stds/smrl/data/modules/value_with_unit/sys/4_info_reqs.htm#value_with_unit_arm.context_dependent_unit
标准制定者（元模型 / 表达 / 库）,上下文形状表示,Contextual_shape_representation,contextual_shape_positioning,ap242,0,https://www.steptools.com/stds/smrl/data/modules/contextual_shape_positioning/sys/4_info_reqs.htm#contextual_shape_positioning_arm.contextual_shape_representation
标准制定者（元模型 / 表达 / 库）,转换基于单位,Conversion_based_unit,value_with_unit,ap242,1,https://www.steptools.com/stds/smrl/data/modules/value_with_unit/sys/4_info_reqs.htm#value_with_unit_arm.conversion_based_unit
标准制定者（元模型 / 表达 / 库）,余弦函数,Cos_function,elementary_function,ap242,0,https://www.steptools.com/stds/smrl/data/modules/elementary_function/sys/4_info_reqs.htm#elementary_function_arm.cos_function
标准制定者（元模型 / 表达 / 库）,曲线基于路径,Curve_based_path,kinematic_motion_representation,ap242,0,https://www.steptools.com/stds/smrl/data/modules/kinematic_motion_representation/sys/4_info_reqs.htm#kinematic_motion_representation_arm.curve_based_path
标准制定者（元模型 / 表达 / 库）,曲线基于路径带定向,Curve_based_path_with_orientation,kinematic_motion_representation,ap242,0,https://www.steptools.com/stds/smrl/data/modules/kinematic_motion_representation/sys/4_info_reqs.htm#kinematic_motion_representation_arm.curve_based_path_with_orientation
标准制定者（元模型 / 表达 / 库）,曲线基于路径带定向与参数,Curve_based_path_with_orientation_and_parameters,kinematic_motion_representation,ap242,0,https://www.steptools.com/stds/smrl/data/modules/kinematic_motion_representation/sys/4_info_reqs.htm#kinematic_motion_representation_arm.curve_based_path_with_orientation_and_parameters
标准制定者（元模型 / 表达 / 库）,数据环境,Data_environment,generic_material_aspects,ap242,0,https://www.steptools.com/stds/smrl/data/modules/generic_material_aspects/sys/4_info_reqs.htm#generic_material_aspects_arm.data_environment
标准制定者（元模型 / 表达 / 库）,日期时间表示项,Date_time_representation_item,basic_data_representation,ap242,0,https://www.steptools.com/stds/smrl/data/modules/basic_data_representation/sys/4_info_reqs.htm#basic_data_representation_arm.date_time_representation_item
标准制定者（元模型 / 表达 / 库）,默认模型几何视图,Default_model_geometric_view,mechanical_design_presentation_representation_with_draughting,ap242,1,https://www.steptools.com/stds/smrl/data/modules/mechanical_design_presentation_representation_with_draughting/sys/4_info_reqs.htm#mechanical_design_presentation_representation_with_draughting_arm.default_model_geometric_view
标准制定者（元模型 / 表达 / 库）,定义字符字形,Defined_character_glyph,text_appearance,ap242,3,https://www.steptools.com/stds/smrl/data/modules/text_appearance/sys/4_info_reqs.htm#text_appearance_arm.defined_character_glyph
标准制定者（元模型 / 表达 / 库）,定义函数,Defined_function,numeric_expression,ap242,0,https://www.steptools.com/stds/smrl/data/modules/numeric_expression/sys/4_info_reqs.htm#numeric_expression_arm.defined_function
标准制定者（元模型 / 表达 / 库）,定义齿轮,Defined_gear,machining_features,ap242,0,https://www.steptools.com/stds/smrl/data/modules/machining_features/sys/4_info_reqs.htm#machining_features_arm.defined_gear
标准制定者（元模型 / 表达 / 库）,定义标记,Defined_marking,machining_features,ap242,0,https://www.steptools.com/stds/smrl/data/modules/machining_features/sys/4_info_reqs.htm#machining_features_arm.defined_marking
标准制定者（元模型 / 表达 / 库）,定义螺纹,Defined_thread,machining_features,ap242,0,https://www.steptools.com/stds/smrl/data/modules/machining_features/sys/4_info_reqs.htm#machining_features_arm.defined_thread
标准制定者（元模型 / 表达 / 库）,定义性表示,Definitional_representation,parametric_representation,ap242,1,https://www.steptools.com/stds/smrl/data/modules/parametric_representation/sys/4_info_reqs.htm#parametric_representation_arm.definitional_representation
标准制定者（元模型 / 表达 / 库）,定义性表示关系,Definitional_representation_relationship,geometric_model_relationship,ap242,0,https://www.steptools.com/stds/smrl/data/modules/geometric_model_relationship/sys/4_info_reqs.htm#geometric_model_relationship_arm.definitional_representation_relationship
标准制定者（元模型 / 表达 / 库）,派生单位,Derived_unit,value_with_unit,ap242,1,https://www.steptools.com/stds/smrl/data/modules/value_with_unit/sys/4_info_reqs.htm#value_with_unit_arm.derived_unit
标准制定者（元模型 / 表达 / 库）,派生单位元素,Derived_unit_element,value_with_unit,ap242,0,https://www.steptools.com/stds/smrl/data/modules/value_with_unit/sys/4_info_reqs.htm#value_with_unit_arm.derived_unit_element
标准制定者（元模型 / 表达 / 库）,数字文件,Digital_file,file_identification,ap242,8,https://www.steptools.com/stds/smrl/data/modules/file_identification/sys/4_info_reqs.htm#file_identification_arm.digital_file
标准制定者（元模型 / 表达 / 库）,整除表达式,Div_expression,numeric_expression,ap242,0,https://www.steptools.com/stds/smrl/data/modules/numeric_expression/sys/4_info_reqs.htm#numeric_expression_arm.div_expression
标准制定者（元模型 / 表达 / 库）,文档位置标识,Document_location_identification,document_definition,ap242,0,https://www.steptools.com/stds/smrl/data/modules/document_definition/sys/4_info_reqs.htm#document_definition_arm.document_location_identification
标准制定者（元模型 / 表达 / 库）,文档属性表示,Document_property_representation,document_properties,ap242,2,https://www.steptools.com/stds/smrl/data/modules/document_properties/sys/4_info_reqs.htm#document_properties_arm.document_property_representation
标准制定者（元模型 / 表达 / 库）,文档类型,Document_type,file_identification,ap242,3,https://www.steptools.com/stds/smrl/data/modules/file_identification/sys/4_info_reqs.htm#file_identification_arm.document_type
标准制定者（元模型 / 表达 / 库）,制图预定义文本字体,Draughting_pre_defined_text_font,text_appearance,ap242,0,https://www.steptools.com/stds/smrl/data/modules/text_appearance/sys/4_info_reqs.htm#text_appearance_arm.draughting_pre_defined_text_font
标准制定者（元模型 / 表达 / 库）,边基于线框形状表示,Edge_based_wireframe_shape_representation,edge_based_wireframe,ap242,1,https://www.steptools.com/stds/smrl/data/modules/edge_based_wireframe/sys/4_info_reqs.htm#edge_based_wireframe_arm.edge_based_wireframe_shape_representation
标准制定者（元模型 / 表达 / 库）,基本边界表示形状表示,Elementary_brep_shape_representation,elementary_boundary_representation,ap242,0,https://www.steptools.com/stds/smrl/data/modules/elementary_boundary_representation/sys/4_info_reqs.htm#elementary_boundary_representation_arm.elementary_brep_shape_representation
标准制定者（元模型 / 表达 / 库）,环境,Environment,generic_expression,ap242,0,https://www.steptools.com/stds/smrl/data/modules/generic_expression/sys/4_info_reqs.htm#generic_expression_arm.environment
标准制定者（元模型 / 表达 / 库）,等于表达式,Equals_expression,numeric_expression,ap242,0,https://www.steptools.com/stds/smrl/data/modules/numeric_expression/sys/4_info_reqs.htm#numeric_expression_arm.equals_expression
标准制定者（元模型 / 表达 / 库）,指数函数,Exp_function,elementary_function,ap242,0,https://www.steptools.com/stds/smrl/data/modules/elementary_function/sys/4_info_reqs.htm#elementary_function_arm.exp_function
标准制定者（元模型 / 表达 / 库）,展开不确定度,Expanded_uncertainty,qualified_measure,ap242,0,https://www.steptools.com/stds/smrl/data/modules/qualified_measure/sys/4_info_reqs.htm#qualified_measure_arm.expanded_uncertainty
标准制定者（元模型 / 表达 / 库）,表达式,Expression,numeric_expression,ap242,0,https://www.steptools.com/stds/smrl/data/modules/numeric_expression/sys/4_info_reqs.htm#numeric_expression_arm.expression
标准制定者（元模型 / 表达 / 库）,外部类,External_class,external_class,ap242,1,https://www.steptools.com/stds/smrl/data/modules/external_class/sys/4_info_reqs.htm#external_class_arm.external_class
标准制定者（元模型 / 表达 / 库）,外部类库,External_class_library,external_class,ap242,2,https://www.steptools.com/stds/smrl/data/modules/external_class/sys/4_info_reqs.htm#external_class_arm.external_class_library
标准制定者（元模型 / 表达 / 库）,外部类带属性,External_class_with_attributes,classification_with_attributes,ap242,0,https://www.steptools.com/stds/smrl/data/modules/classification_with_attributes/sys/4_info_reqs.htm#classification_with_attributes_arm.external_class_with_attributes
标准制定者（元模型 / 表达 / 库）,外部几何模型,External_geometric_model,external_model,ap242,1,https://www.steptools.com/stds/smrl/data/modules/external_model/sys/4_info_reqs.htm#external_model_arm.external_geometric_model
标准制定者（元模型 / 表达 / 库）,外部项标识,External_item_identification,external_item_identification_assignment,ap242,5,https://www.steptools.com/stds/smrl/data/modules/external_item_identification_assignment/sys/4_info_reqs.htm#external_item_identification_assignment_arm.external_item_identification
标准制定者（元模型 / 表达 / 库）,外部项标识关系,External_item_identification_relationship,external_item_identification_assignment,ap242,0,https://www.steptools.com/stds/smrl/data/modules/external_item_identification_assignment/sys/4_info_reqs.htm#external_item_identification_assignment_arm.external_item_identification_relationship
标准制定者（元模型 / 表达 / 库）,外部库属性,External_library_property,external_properties,ap242,0,https://www.steptools.com/stds/smrl/data/modules/external_properties/sys/4_info_reqs.htm#external_properties_arm.external_library_property
标准制定者（元模型 / 表达 / 库）,外部表示项,External_representation_item,external_representation_item,ap242,0,https://www.steptools.com/stds/smrl/data/modules/external_representation_item/sys/4_info_reqs.htm#external_representation_item_arm.external_representation_item
标准制定者（元模型 / 表达 / 库）,外部源,External_source,external_source,ap242,4,https://www.steptools.com/stds/smrl/data/modules/external_source/sys/4_info_reqs.htm#external_source_arm.external_source
标准制定者（元模型 / 表达 / 库）,外部源标识,External_source_identification,external_item_identification_assignment,ap242,13,https://www.steptools.com/stds/smrl/data/modules/external_item_identification_assignment/sys/4_info_reqs.htm#external_item_identification_assignment_arm.external_source_identification
标准制定者（元模型 / 表达 / 库）,外部字符串表示项,External_string_representation_item,external_representation_item,ap242,0,https://www.steptools.com/stds/smrl/data/modules/external_representation_item/sys/4_info_reqs.htm#external_representation_item_arm.external_string_representation_item
标准制定者（元模型 / 表达 / 库）,外部定义活动关系,Externally_defined_activity_relationship,pre_defined_product_data_management_specializations,ap242,1,https://www.steptools.com/stds/smrl/data/modules/pre_defined_product_data_management_specializations/sys/4_info_reqs.htm#pre_defined_product_data_management_specializations_arm.externally_defined_activity_relationship
标准制定者（元模型 / 表达 / 库）,外部定义地址赋值,Externally_defined_address_assignment,pre_defined_product_data_management_specializations,ap242,1,https://www.steptools.com/stds/smrl/data/modules/pre_defined_product_data_management_specializations/sys/4_info_reqs.htm#pre_defined_product_data_management_specializations_arm.externally_defined_address_assignment
标准制定者（元模型 / 表达 / 库）,外部定义批准,Externally_defined_approval,pre_defined_product_data_management_specializations,ap242,1,https://www.steptools.com/stds/smrl/data/modules/pre_defined_product_data_management_specializations/sys/4_info_reqs.htm#pre_defined_product_data_management_specializations_arm.externally_defined_approval
标准制定者（元模型 / 表达 / 库）,外部定义批准状态,Externally_defined_approval_status,pre_defined_product_data_management_specializations,ap242,1,https://www.steptools.com/stds/smrl/data/modules/pre_defined_product_data_management_specializations/sys/4_info_reqs.htm#pre_defined_product_data_management_specializations_arm.externally_defined_approval_status
标准制定者（元模型 / 表达 / 库）,外部定义颜色,Externally_defined_colour,colour,ap242,0,https://www.steptools.com/stds/smrl/data/modules/colour/sys/4_info_reqs.htm#colour_arm.externally_defined_colour
标准制定者（元模型 / 表达 / 库）,外部定义曲线字体,Externally_defined_curve_font,styled_curve,ap242,0,https://www.steptools.com/stds/smrl/data/modules/styled_curve/sys/4_info_reqs.htm#styled_curve_arm.externally_defined_curve_font
标准制定者（元模型 / 表达 / 库）,外部定义日期或日期时间赋值,Externally_defined_date_or_date_time_assignment,pre_defined_product_data_management_specializations,ap242,1,https://www.steptools.com/stds/smrl/data/modules/pre_defined_product_data_management_specializations/sys/4_info_reqs.htm#pre_defined_product_data_management_specializations_arm.externally_defined_date_or_date_time_assignment
标准制定者（元模型 / 表达 / 库）,外部定义剖面线样式,Externally_defined_hatch_style,fill_area_style,ap242,0,https://www.steptools.com/stds/smrl/data/modules/fill_area_style/sys/4_info_reqs.htm#fill_area_style_arm.externally_defined_hatch_style
标准制定者（元模型 / 表达 / 库）,外部定义标记,Externally_defined_marker,curve_appearance,ap242,0,https://www.steptools.com/stds/smrl/data/modules/curve_appearance/sys/4_info_reqs.htm#curve_appearance_arm.externally_defined_marker
标准制定者（元模型 / 表达 / 库）,外部定义组织或人员在组织赋值,Externally_defined_organization_or_person_in_organization_assignment,pre_defined_product_data_management_specializations,ap242,1,https://www.steptools.com/stds/smrl/data/modules/pre_defined_product_data_management_specializations/sys/4_info_reqs.htm#pre_defined_product_data_management_specializations_arm.externally_defined_organization_or_person_in_organization_assignment
标准制定者（元模型 / 表达 / 库）,外部定义表示,Externally_defined_representation,external_representation_item,ap242,1,https://www.steptools.com/stds/smrl/data/modules/external_representation_item/sys/4_info_reqs.htm#external_representation_item_arm.externally_defined_representation
标准制定者（元模型 / 表达 / 库）,外部定义安全分类,Externally_defined_security_classification,pre_defined_product_data_management_specializations,ap242,1,https://www.steptools.com/stds/smrl/data/modules/pre_defined_product_data_management_specializations/sys/4_info_reqs.htm#pre_defined_product_data_management_specializations_arm.externally_defined_security_classification
标准制定者（元模型 / 表达 / 库）,外部定义终止符,Externally_defined_terminator,curve_appearance,ap242,0,https://www.steptools.com/stds/smrl/data/modules/curve_appearance/sys/4_info_reqs.htm#curve_appearance_arm.externally_defined_terminator
标准制定者（元模型 / 表达 / 库）,外部定义文本字体,Externally_defined_text_font,text_appearance,ap242,0,https://www.steptools.com/stds/smrl/data/modules/text_appearance/sys/4_info_reqs.htm#text_appearance_arm.externally_defined_text_font
标准制定者（元模型 / 表达 / 库）,外部定义瓦片样式,Externally_defined_tile_style,fill_area_style,ap242,0,https://www.steptools.com/stds/smrl/data/modules/fill_area_style/sys/4_info_reqs.htm#fill_area_style_arm.externally_defined_tile_style
标准制定者（元模型 / 表达 / 库）,外部定义类型限定符,Externally_defined_type_qualifier,characteristic,ap242,0,https://www.steptools.com/stds/smrl/data/modules/characteristic/sys/4_info_reqs.htm#characteristic_arm.externally_defined_type_qualifier
标准制定者（元模型 / 表达 / 库）,外部定义工作请求,Externally_defined_work_request,pre_defined_product_data_management_specializations,ap242,1,https://www.steptools.com/stds/smrl/data/modules/pre_defined_product_data_management_specializations/sys/4_info_reqs.htm#pre_defined_product_data_management_specializations_arm.externally_defined_work_request
标准制定者（元模型 / 表达 / 库）,外部定义工作请求状态,Externally_defined_work_request_status,pre_defined_product_data_management_specializations,ap242,1,https://www.steptools.com/stds/smrl/data/modules/pre_defined_product_data_management_specializations/sys/4_info_reqs.htm#pre_defined_product_data_management_specializations_arm.externally_defined_work_request_status
标准制定者（元模型 / 表达 / 库）,分面边界表示形状表示,Faceted_brep_shape_representation,faceted_boundary_representation,ap242,1,https://www.steptools.com/stds/smrl/data/modules/faceted_boundary_representation/sys/4_info_reqs.htm#faceted_boundary_representation_arm.faceted_brep_shape_representation
标准制定者（元模型 / 表达 / 库）,文件,File,file_identification,ap242,5,https://www.steptools.com/stds/smrl/data/modules/file_identification/sys/4_info_reqs.htm#file_identification_arm.file
标准制定者（元模型 / 表达 / 库）,文件位置标识,File_location_identification,file_identification,ap242,0,https://www.steptools.com/stds/smrl/data/modules/file_identification/sys/4_info_reqs.htm#file_identification_arm.file_location_identification
标准制定者（元模型 / 表达 / 库）,文件关系,File_relationship,document_structure,ap242,3,https://www.steptools.com/stds/smrl/data/modules/document_structure/sys/4_info_reqs.htm#document_structure_arm.file_relationship
标准制定者（元模型 / 表达 / 库）,格式函数,Format_function,expression,ap242,1,https://www.steptools.com/stds/smrl/data/modules/expression/sys/4_info_reqs.htm#expression_arm.format_function
标准制定者（元模型 / 表达 / 库）,函数参数值,Function_parameter_value,numeric_function,ap242,1,https://www.steptools.com/stds/smrl/data/modules/numeric_function/sys/4_info_reqs.htm#numeric_function_arm.function_parameter_value
标准制定者（元模型 / 表达 / 库）,功能分解,Functional_breakdown,functional_breakdown,ap242,0,https://www.steptools.com/stds/smrl/data/modules/functional_breakdown/sys/4_info_reqs.htm#functional_breakdown_arm.functional_breakdown
标准制定者（元模型 / 表达 / 库）,功能分解上下文,Functional_breakdown_context,functional_breakdown,ap242,0,https://www.steptools.com/stds/smrl/data/modules/functional_breakdown/sys/4_info_reqs.htm#functional_breakdown_arm.functional_breakdown_context
标准制定者（元模型 / 表达 / 库）,功能分解版本,Functional_breakdown_version,functional_breakdown,ap242,0,https://www.steptools.com/stds/smrl/data/modules/functional_breakdown/sys/4_info_reqs.htm#functional_breakdown_arm.functional_breakdown_version
标准制定者（元模型 / 表达 / 库）,功能元素,Functional_element,functional_breakdown,ap242,0,https://www.steptools.com/stds/smrl/data/modules/functional_breakdown/sys/4_info_reqs.htm#functional_breakdown_arm.functional_element
标准制定者（元模型 / 表达 / 库）,功能元素定义,Functional_element_definition,functional_breakdown,ap242,2,https://www.steptools.com/stds/smrl/data/modules/functional_breakdown/sys/4_info_reqs.htm#functional_breakdown_arm.functional_element_definition
标准制定者（元模型 / 表达 / 库）,功能元素用法,Functional_element_usage,functional_breakdown,ap242,0,https://www.steptools.com/stds/smrl/data/modules/functional_breakdown/sys/4_info_reqs.htm#functional_breakdown_arm.functional_element_usage
标准制定者（元模型 / 表达 / 库）,功能元素版本,Functional_element_version,functional_breakdown,ap242,0,https://www.steptools.com/stds/smrl/data/modules/functional_breakdown/sys/4_info_reqs.htm#functional_breakdown_arm.functional_element_version
标准制定者（元模型 / 表达 / 库）,通用闭合轮廓,General_closed_profile,machining_features,ap242,0,https://www.steptools.com/stds/smrl/data/modules/machining_features/sys/4_info_reqs.htm#machining_features_arm.general_closed_profile
标准制定者（元模型 / 表达 / 库）,通用材料属性,General_material_property,generic_material_aspects,ap242,0,https://www.steptools.com/stds/smrl/data/modules/generic_material_aspects/sys/4_info_reqs.htm#generic_material_aspects_arm.general_material_property
标准制定者（元模型 / 表达 / 库）,通用开放轮廓,General_open_profile,machining_features,ap242,1,https://www.steptools.com/stds/smrl/data/modules/machining_features/sys/4_info_reqs.htm#machining_features_arm.general_open_profile
标准制定者（元模型 / 表达 / 库）,通用外部轮廓,General_outside_profile,machining_features,ap242,0,https://www.steptools.com/stds/smrl/data/modules/machining_features/sys/4_info_reqs.htm#machining_features_arm.general_outside_profile
标准制定者（元模型 / 表达 / 库）,通用轮廓底,General_profile_floor,machining_features,ap242,0,https://www.steptools.com/stds/smrl/data/modules/machining_features/sys/4_info_reqs.htm#machining_features_arm.general_profile_floor
标准制定者（元模型 / 表达 / 库）,通用形状轮廓,General_shape_profile,machining_features,ap242,0,https://www.steptools.com/stds/smrl/data/modules/machining_features/sys/4_info_reqs.htm#machining_features_arm.general_shape_profile
标准制定者（元模型 / 表达 / 库）,通用标注曲线,Generic_annotation_curve,draughting_element,ap242,0,https://www.steptools.com/stds/smrl/data/modules/draughting_element/sys/4_info_reqs.htm#draughting_element_arm.generic_annotation_curve
标准制定者（元模型 / 表达 / 库）,通用表达式,Generic_expression,generic_expression,ap242,4,https://www.steptools.com/stds/smrl/data/modules/generic_expression/sys/4_info_reqs.htm#generic_expression_arm.generic_expression
标准制定者（元模型 / 表达 / 库）,通用字面量,Generic_literal,generic_expression,ap242,0,https://www.steptools.com/stds/smrl/data/modules/generic_expression/sys/4_info_reqs.htm#generic_expression_arm.generic_literal
标准制定者（元模型 / 表达 / 库）,通用产品视图定义引用,Generic_product_view_definition_reference,product_view_definition_reference,ap242,3,https://www.steptools.com/stds/smrl/data/modules/product_view_definition_reference/sys/4_info_reqs.htm#product_view_definition_reference_arm.generic_product_view_definition_reference
标准制定者（元模型 / 表达 / 库）,通用变量,Generic_variable,generic_expression,ap242,0,https://www.steptools.com/stds/smrl/data/modules/generic_expression/sys/4_info_reqs.htm#generic_expression_arm.generic_variable
标准制定者（元模型 / 表达 / 库）,几何表示上下文带参数,Geometric_representation_context_with_parameter,kinematic_motion_representation,ap242,0,https://www.steptools.com/stds/smrl/data/modules/kinematic_motion_representation/sys/4_info_reqs.htm#kinematic_motion_representation_arm.geometric_representation_context_with_parameter
标准制定者（元模型 / 表达 / 库）,几何验证属性,Geometric_validation_property,geometric_validation_property_representation,ap242,0,https://www.steptools.com/stds/smrl/data/modules/geometric_validation_property_representation/sys/4_info_reqs.htm#geometric_validation_property_representation_arm.geometric_validation_property
标准制定者（元模型 / 表达 / 库）,几何有界曲面形状表示,Geometrically_bounded_surface_shape_representation,geometrically_bounded_surface,ap242,1,https://www.steptools.com/stds/smrl/data/modules/geometrically_bounded_surface/sys/4_info_reqs.htm#geometrically_bounded_surface_arm.geometrically_bounded_surface_shape_representation
标准制定者（元模型 / 表达 / 库）,几何有界线框形状表示,Geometrically_bounded_wireframe_shape_representation,geometrically_bounded_wireframe,ap242,1,https://www.steptools.com/stds/smrl/data/modules/geometrically_bounded_wireframe/sys/4_info_reqs.htm#geometrically_bounded_wireframe_arm.geometrically_bounded_wireframe_shape_representation
标准制定者（元模型 / 表达 / 库）,硬拷贝,Hardcopy,file_identification,ap242,5,https://www.steptools.com/stds/smrl/data/modules/file_identification/sys/4_info_reqs.htm#file_identification_arm.hardcopy
标准制定者（元模型 / 表达 / 库）,标识赋值,Identification_assignment,identification_assignment,ap242,5,https://www.steptools.com/stds/smrl/data/modules/identification_assignment/sys/4_info_reqs.htm#identification_assignment_arm.identification_assignment
标准制定者（元模型 / 表达 / 库）,包含文本块,Included_text_block,tagged_text_representation,ap242,1,https://www.steptools.com/stds/smrl/data/modules/tagged_text_representation/sys/4_info_reqs.htm#tagged_text_representation_arm.included_text_block
标准制定者（元模型 / 表达 / 库）,不完整引用标记,Incomplete_reference_marking,incomplete_data_reference_mechanism,ap242,0,https://www.steptools.com/stds/smrl/data/modules/incomplete_data_reference_mechanism/sys/4_info_reqs.htm#incomplete_data_reference_mechanism_arm.incomplete_reference_marking
标准制定者（元模型 / 表达 / 库）,独立属性表示,Independent_property_representation,independent_property_representation,ap242,2,https://www.steptools.com/stds/smrl/data/modules/independent_property_representation/sys/4_info_reqs.htm#independent_property_representation_arm.independent_property_representation
标准制定者（元模型 / 表达 / 库）,索引表达式,Index_expression,expression,ap242,1,https://www.steptools.com/stds/smrl/data/modules/expression/sys/4_info_reqs.htm#expression_arm.index_expression
标准制定者（元模型 / 表达 / 库）,初始零件视图定义上下文,Initial_part_view_definition_context,part_view_definition,ap242,0,https://www.steptools.com/stds/smrl/data/modules/part_view_definition/sys/4_info_reqs.htm#part_view_definition_arm.initial_part_view_definition_context
标准制定者（元模型 / 表达 / 库）,初始视图定义上下文,Initial_view_definition_context,product_view_definition,ap242,1,https://www.steptools.com/stds/smrl/data/modules/product_view_definition/sys/4_info_reqs.htm#product_view_definition_arm.initial_view_definition_context
标准制定者（元模型 / 表达 / 库）,整数字面量,Int_literal,numeric_expression,ap242,0,https://www.steptools.com/stds/smrl/data/modules/numeric_expression/sys/4_info_reqs.htm#numeric_expression_arm.int_literal
标准制定者（元模型 / 表达 / 库）,整数数值变量,Int_numeric_variable,numeric_expression,ap242,0,https://www.steptools.com/stds/smrl/data/modules/numeric_expression/sys/4_info_reqs.htm#numeric_expression_arm.int_numeric_variable
标准制定者（元模型 / 表达 / 库）,整数值函数,Int_value_function,numeric_function,ap242,0,https://www.steptools.com/stds/smrl/data/modules/numeric_function/sys/4_info_reqs.htm#numeric_function_arm.int_value_function
标准制定者（元模型 / 表达 / 库）,整数定义函数,Integer_defined_function,elementary_function,ap242,0,https://www.steptools.com/stds/smrl/data/modules/elementary_function/sys/4_info_reqs.htm#elementary_function_arm.integer_defined_function
标准制定者（元模型 / 表达 / 库）,整数表示项,Integer_representation_item,basic_data_representation,ap242,0,https://www.steptools.com/stds/smrl/data/modules/basic_data_representation/sys/4_info_reqs.htm#basic_data_representation_arm.integer_representation_item
标准制定者（元模型 / 表达 / 库）,插值配置表示,Interpolated_configuration_representation,kinematic_motion_representation,ap242,0,https://www.steptools.com/stds/smrl/data/modules/kinematic_motion_representation/sys/4_info_reqs.htm#kinematic_motion_representation_arm.interpolated_configuration_representation
标准制定者（元模型 / 表达 / 库）,插值配置段,Interpolated_configuration_segment,kinematic_motion_representation,ap242,0,https://www.steptools.com/stds/smrl/data/modules/kinematic_motion_representation/sys/4_info_reqs.htm#kinematic_motion_representation_arm.interpolated_configuration_segment
标准制定者（元模型 / 表达 / 库）,插值配置序列,Interpolated_configuration_sequence,kinematic_motion_representation,ap242,1,https://www.steptools.com/stds/smrl/data/modules/kinematic_motion_representation/sys/4_info_reqs.htm#kinematic_motion_representation_arm.interpolated_configuration_sequence
标准制定者（元模型 / 表达 / 库）,区间表达式,Interval_expression,numeric_expression,ap242,1,https://www.steptools.com/stds/smrl/data/modules/numeric_expression/sys/4_info_reqs.htm#numeric_expression_arm.interval_expression
标准制定者（元模型 / 表达 / 库）,ISO 159264RDL,Iso15926_4_rdl,external_library,ap242,0,https://www.steptools.com/stds/smrl/data/modules/external_library/sys/4_info_reqs.htm#external_library_arm.iso15926_4_rdl
标准制定者（元模型 / 表达 / 库）,项被标识表示用法,Item_identified_representation_usage,shape_property_assignment,ap242,0,https://www.steptools.com/stds/smrl/data/modules/shape_property_assignment/sys/4_info_reqs.htm#shape_property_assignment_arm.item_identified_representation_usage
标准制定者（元模型 / 表达 / 库）,项链接运动关系,Item_link_motion_relationship,kinematic_motion_representation,ap242,0,https://www.steptools.com/stds/smrl/data/modules/kinematic_motion_representation/sys/4_info_reqs.htm#kinematic_motion_representation_arm.item_link_motion_relationship
标准制定者（元模型 / 表达 / 库）,运动学链接表示,Kinematic_link_representation,kinematic_structure,ap242,3,https://www.steptools.com/stds/smrl/data/modules/kinematic_structure/sys/4_info_reqs.htm#kinematic_structure_arm.kinematic_link_representation
标准制定者（元模型 / 表达 / 库）,运动学链接表示关联,Kinematic_link_representation_association,kinematic_structure,ap242,2,https://www.steptools.com/stds/smrl/data/modules/kinematic_structure/sys/4_info_reqs.htm#kinematic_structure_arm.kinematic_link_representation_association
标准制定者（元模型 / 表达 / 库）,运动学路径,Kinematic_path,kinematic_motion_representation,ap242,2,https://www.steptools.com/stds/smrl/data/modules/kinematic_motion_representation/sys/4_info_reqs.htm#kinematic_motion_representation_arm.kinematic_path
标准制定者（元模型 / 表达 / 库）,运动学路径定义按曲线,Kinematic_path_defined_by_curves,kinematic_motion_representation,ap242,0,https://www.steptools.com/stds/smrl/data/modules/kinematic_motion_representation/sys/4_info_reqs.htm#kinematic_motion_representation_arm.kinematic_path_defined_by_curves
标准制定者（元模型 / 表达 / 库）,运动学路径定义按节点,Kinematic_path_defined_by_nodes,kinematic_motion_representation,ap242,0,https://www.steptools.com/stds/smrl/data/modules/kinematic_motion_representation/sys/4_info_reqs.htm#kinematic_motion_representation_arm.kinematic_path_defined_by_nodes
标准制定者（元模型 / 表达 / 库）,运动学路径段,Kinematic_path_segment,kinematic_motion_representation,ap242,0,https://www.steptools.com/stds/smrl/data/modules/kinematic_motion_representation/sys/4_info_reqs.htm#kinematic_motion_representation_arm.kinematic_path_segment
标准制定者（元模型 / 表达 / 库）,运动学属性定义表示,Kinematic_property_definition_representation,kinematic_topology,ap242,1,https://www.steptools.com/stds/smrl/data/modules/kinematic_topology/sys/4_info_reqs.htm#kinematic_topology_arm.kinematic_property_definition_representation
标准制定者（元模型 / 表达 / 库）,运动学属性机构表示,Kinematic_property_mechanism_representation,kinematic_structure,ap242,0,https://www.steptools.com/stds/smrl/data/modules/kinematic_structure/sys/4_info_reqs.htm#kinematic_structure_arm.kinematic_property_mechanism_representation
标准制定者（元模型 / 表达 / 库）,运动学属性拓扑表示,Kinematic_property_topology_representation,kinematic_topology,ap242,0,https://www.steptools.com/stds/smrl/data/modules/kinematic_topology/sys/4_info_reqs.htm#kinematic_topology_arm.kinematic_property_topology_representation
标准制定者（元模型 / 表达 / 库）,已知源,Known_source,external_library,ap242,0,https://www.steptools.com/stds/smrl/data/modules/external_library/sys/4_info_reqs.htm#external_library_arm.known_source
标准制定者（元模型 / 表达 / 库）,语言引用手动,Language_reference_manual,specification_document,ap242,0,https://www.steptools.com/stds/smrl/data/modules/specification_document/sys/4_info_reqs.htm#specification_document_arm.language_reference_manual
标准制定者（元模型 / 表达 / 库）,长度函数,Length_function,numeric_function,ap242,1,https://www.steptools.com/stds/smrl/data/modules/numeric_function/sys/4_info_reqs.htm#numeric_function_arm.length_function
标准制定者（元模型 / 表达 / 库）,类似表达式,Like_expression,expression,ap242,0,https://www.steptools.com/stds/smrl/data/modules/expression/sys/4_info_reqs.htm#expression_arm.like_expression
标准制定者（元模型 / 表达 / 库）,线轮廓公差,Line_profile_tolerance,geometric_tolerance,ap242,1,https://www.steptools.com/stds/smrl/data/modules/geometric_tolerance/sys/4_info_reqs.htm#geometric_tolerance_arm.line_profile_tolerance
标准制定者（元模型 / 表达 / 库）,线性柔性链接表示,Linear_flexible_link_representation,kinematic_structure,ap242,0,https://www.steptools.com/stds/smrl/data/modules/kinematic_structure/sys/4_info_reqs.htm#kinematic_structure_arm.linear_flexible_link_representation
标准制定者（元模型 / 表达 / 库）,线性路径,Linear_path,kinematic_motion_representation,ap242,0,https://www.steptools.com/stds/smrl/data/modules/kinematic_motion_representation/sys/4_info_reqs.htm#kinematic_motion_representation_arm.linear_path
标准制定者（元模型 / 表达 / 库）,线性轮廓,Linear_profile,machining_features,ap242,2,https://www.steptools.com/stds/smrl/data/modules/machining_features/sys/4_info_reqs.htm#machining_features_arm.linear_profile
标准制定者（元模型 / 表达 / 库）,链接运动关系,Link_motion_relationship,kinematic_motion_representation,ap242,1,https://www.steptools.com/stds/smrl/data/modules/kinematic_motion_representation/sys/4_info_reqs.htm#kinematic_motion_representation_arm.link_motion_relationship
标准制定者（元模型 / 表达 / 库）,链接运动表示沿路径,Link_motion_representation_along_path,kinematic_motion_representation,ap242,1,https://www.steptools.com/stds/smrl/data/modules/kinematic_motion_representation/sys/4_info_reqs.htm#kinematic_motion_representation_arm.link_motion_representation_along_path
标准制定者（元模型 / 表达 / 库）,链接运动变换,Link_motion_transformation,kinematic_motion_representation,ap242,0,https://www.steptools.com/stds/smrl/data/modules/kinematic_motion_representation/sys/4_info_reqs.htm#kinematic_motion_representation_arm.link_motion_transformation
标准制定者（元模型 / 表达 / 库）,字面量编号,Literal_number,numeric_expression,ap242,0,https://www.steptools.com/stds/smrl/data/modules/numeric_expression/sys/4_info_reqs.htm#numeric_expression_arm.literal_number
标准制定者（元模型 / 表达 / 库）,常用对数函数,Log10_function,elementary_function,ap242,0,https://www.steptools.com/stds/smrl/data/modules/elementary_function/sys/4_info_reqs.htm#elementary_function_arm.log10_function
标准制定者（元模型 / 表达 / 库）,底2对数函数,Log2_function,elementary_function,ap242,0,https://www.steptools.com/stds/smrl/data/modules/elementary_function/sys/4_info_reqs.htm#elementary_function_arm.log2_function
标准制定者（元模型 / 表达 / 库）,对数函数,Log_function,elementary_function,ap242,0,https://www.steptools.com/stds/smrl/data/modules/elementary_function/sys/4_info_reqs.htm#elementary_function_arm.log_function
标准制定者（元模型 / 表达 / 库）,逻辑表示项,Logical_representation_item,basic_data_representation,ap242,0,https://www.steptools.com/stds/smrl/data/modules/basic_data_representation/sys/4_info_reqs.htm#basic_data_representation_arm.logical_representation_item
标准制定者（元模型 / 表达 / 库）,流形实体边界表示,Manifold_solid_brep,advanced_boundary_representation,ap242,2,https://www.steptools.com/stds/smrl/data/modules/advanced_boundary_representation/sys/4_info_reqs.htm#advanced_boundary_representation_arm.manifold_solid_brep
标准制定者（元模型 / 表达 / 库）,流形曲面形状表示,Manifold_surface_shape_representation,manifold_surface,ap242,2,https://www.steptools.com/stds/smrl/data/modules/manifold_surface/sys/4_info_reqs.htm#manifold_surface_arm.manifold_surface_shape_representation
标准制定者（元模型 / 表达 / 库）,材料标识,Material_identification,generic_material_aspects,ap242,7,https://www.steptools.com/stds/smrl/data/modules/generic_material_aspects/sys/4_info_reqs.htm#generic_material_aspects_arm.material_identification
标准制定者（元模型 / 表达 / 库）,材料属性,Material_property,generic_material_aspects,ap242,1,https://www.steptools.com/stds/smrl/data/modules/generic_material_aspects/sys/4_info_reqs.htm#generic_material_aspects_arm.material_property
标准制定者（元模型 / 表达 / 库）,材料属性关联,Material_property_association,generic_material_aspects,ap242,0,https://www.steptools.com/stds/smrl/data/modules/generic_material_aspects/sys/4_info_reqs.htm#generic_material_aspects_arm.material_property_association
标准制定者（元模型 / 表达 / 库）,材料属性值表示,Material_property_value_representation,generic_material_aspects,ap242,1,https://www.steptools.com/stds/smrl/data/modules/generic_material_aspects/sys/4_info_reqs.htm#generic_material_aspects_arm.material_property_value_representation
标准制定者（元模型 / 表达 / 库）,数学值精度限定符,Maths_value_precision_qualifier,qualified_measure,ap242,0,https://www.steptools.com/stds/smrl/data/modules/qualified_measure/sys/4_info_reqs.htm#qualified_measure_arm.maths_value_precision_qualifier
标准制定者（元模型 / 表达 / 库）,数学值资格,Maths_value_qualification,qualified_measure,ap242,0,https://www.steptools.com/stds/smrl/data/modules/qualified_measure/sys/4_info_reqs.htm#qualified_measure_arm.maths_value_qualification
标准制定者（元模型 / 表达 / 库）,数学值带单位,Maths_value_with_unit,value_with_unit,ap242,0,https://www.steptools.com/stds/smrl/data/modules/value_with_unit/sys/4_info_reqs.htm#value_with_unit_arm.maths_value_with_unit
标准制定者（元模型 / 表达 / 库）,最大函数,Maximum_function,elementary_function,ap242,0,https://www.steptools.com/stds/smrl/data/modules/elementary_function/sys/4_info_reqs.htm#elementary_function_arm.maximum_function
标准制定者（元模型 / 表达 / 库）,量项,Measure_item,measure_representation,ap242,9,https://www.steptools.com/stds/smrl/data/modules/measure_representation/sys/4_info_reqs.htm#measure_representation_arm.measure_item
标准制定者（元模型 / 表达 / 库）,量项带精度,Measure_item_with_precision,extended_measure_representation,ap242,0,https://www.steptools.com/stds/smrl/data/modules/extended_measure_representation/sys/4_info_reqs.htm#extended_measure_representation_arm.measure_item_with_precision
标准制定者（元模型 / 表达 / 库）,量资格,Measure_qualification,qualified_measure,ap242,0,https://www.steptools.com/stds/smrl/data/modules/qualified_measure/sys/4_info_reqs.htm#qualified_measure_arm.measure_qualification
标准制定者（元模型 / 表达 / 库）,机械设计与制图关系,Mechanical_design_and_draughting_relationship,mechanical_design_presentation_representation_with_draughting,ap242,0,https://www.steptools.com/stds/smrl/data/modules/mechanical_design_presentation_representation_with_draughting/sys/4_info_reqs.htm#mechanical_design_presentation_representation_with_draughting_arm.mechanical_design_and_draughting_relationship
标准制定者（元模型 / 表达 / 库）,机械设计表示表示带制图,Mechanical_design_presentation_representation_with_draughting,mechanical_design_presentation_representation_with_draughting,ap242,1,https://www.steptools.com/stds/smrl/data/modules/mechanical_design_presentation_representation_with_draughting/sys/4_info_reqs.htm#mechanical_design_presentation_representation_with_draughting_arm.mechanical_design_presentation_representation_with_draughting
标准制定者（元模型 / 表达 / 库）,机械表示带样式模型,Mechanical_representation_styled_model,mechanical_design_geometric_presentation,ap242,1,https://www.steptools.com/stds/smrl/data/modules/mechanical_design_geometric_presentation/sys/4_info_reqs.htm#mechanical_design_geometric_presentation_arm.mechanical_representation_styled_model
标准制定者（元模型 / 表达 / 库）,机构表示,Mechanism_representation,kinematic_structure,ap242,3,https://www.steptools.com/stds/smrl/data/modules/kinematic_structure/sys/4_info_reqs.htm#kinematic_structure_arm.mechanism_representation
标准制定者（元模型 / 表达 / 库）,机构状态表示,Mechanism_state_representation,kinematic_state,ap242,1,https://www.steptools.com/stds/smrl/data/modules/kinematic_state/sys/4_info_reqs.htm#kinematic_state_arm.mechanism_state_representation
标准制定者（元模型 / 表达 / 库）,最小函数,Minimum_function,elementary_function,ap242,0,https://www.steptools.com/stds/smrl/data/modules/elementary_function/sys/4_info_reqs.htm#elementary_function_arm.minimum_function
标准制定者（元模型 / 表达 / 库）,减表达式,Minus_expression,numeric_expression,ap242,0,https://www.steptools.com/stds/smrl/data/modules/numeric_expression/sys/4_info_reqs.htm#numeric_expression_arm.minus_expression
标准制定者（元模型 / 表达 / 库）,减法函数,Minus_function,elementary_function,ap242,0,https://www.steptools.com/stds/smrl/data/modules/elementary_function/sys/4_info_reqs.htm#elementary_function_arm.minus_function
标准制定者（元模型 / 表达 / 库）,取模表达式,Mod_expression,numeric_expression,ap242,0,https://www.steptools.com/stds/smrl/data/modules/numeric_expression/sys/4_info_reqs.htm#numeric_expression_arm.mod_expression
标准制定者（元模型 / 表达 / 库）,模型几何视图,Model_geometric_view,mechanical_design_presentation_representation_with_draughting,ap242,0,https://www.steptools.com/stds/smrl/data/modules/mechanical_design_presentation_representation_with_draughting/sys/4_info_reqs.htm#mechanical_design_presentation_representation_with_draughting_arm.model_geometric_view
标准制定者（元模型 / 表达 / 库）,乘表达式,Mult_expression,numeric_expression,ap242,0,https://www.steptools.com/stds/smrl/data/modules/numeric_expression/sys/4_info_reqs.htm#numeric_expression_arm.mult_expression
标准制定者（元模型 / 表达 / 库）,多层级引用代号,Multi_level_reference_designator,assembly_structure,ap242,4,https://www.steptools.com/stds/smrl/data/modules/assembly_structure/sys/4_info_reqs.htm#assembly_structure_arm.multi_level_reference_designator
标准制定者（元模型 / 表达 / 库）,多个元数布尔表达式,Multiple_arity_boolean_expression,numeric_expression,ap242,1,https://www.steptools.com/stds/smrl/data/modules/numeric_expression/sys/4_info_reqs.htm#numeric_expression_arm.multiple_arity_boolean_expression
标准制定者（元模型 / 表达 / 库）,多元函数调用,Multiple_arity_function_call,numeric_expression,ap242,0,https://www.steptools.com/stds/smrl/data/modules/numeric_expression/sys/4_info_reqs.htm#numeric_expression_arm.multiple_arity_function_call
标准制定者（元模型 / 表达 / 库）,多元通用表达式,Multiple_arity_generic_expression,generic_expression,ap242,0,https://www.steptools.com/stds/smrl/data/modules/generic_expression/sys/4_info_reqs.htm#generic_expression_arm.multiple_arity_generic_expression
标准制定者（元模型 / 表达 / 库）,多元数值表达式,Multiple_arity_numeric_expression,numeric_expression,ap242,1,https://www.steptools.com/stds/smrl/data/modules/numeric_expression/sys/4_info_reqs.htm#numeric_expression_arm.multiple_arity_numeric_expression
标准制定者（元模型 / 表达 / 库）,名称赋值,Name_assignment,name_assignment,ap242,0,https://www.steptools.com/stds/smrl/data/modules/name_assignment/sys/4_info_reqs.htm#name_assignment_arm.name_assignment
标准制定者（元模型 / 表达 / 库）,多边形轮廓,Ngon_profile,machining_features,ap242,0,https://www.steptools.com/stds/smrl/data/modules/machining_features/sys/4_info_reqs.htm#machining_features_arm.ngon_profile
标准制定者（元模型 / 表达 / 库）,名义三维派生特征,Nominal_3d_derived_feature,model_based_3d_geometrical_dimensioning_and_tolerancing_representation,ap242,1,https://www.steptools.com/stds/smrl/data/modules/model_based_3d_geometrical_dimensioning_and_tolerancing_representation/sys/4_info_reqs.htm#model_based_3d_geometrical_dimensioning_and_tolerancing_representation_arm.nominal_3d_derived_feature
标准制定者（元模型 / 表达 / 库）,名义三维边,Nominal_3d_edge,model_based_3d_geometrical_dimensioning_and_tolerancing_representation,ap242,0,https://www.steptools.com/stds/smrl/data/modules/model_based_3d_geometrical_dimensioning_and_tolerancing_representation/sys/4_info_reqs.htm#model_based_3d_geometrical_dimensioning_and_tolerancing_representation_arm.nominal_3d_edge
标准制定者（元模型 / 表达 / 库）,名义三维特征,Nominal_3d_feature,model_based_3d_geometrical_dimensioning_and_tolerancing_representation,ap242,2,https://www.steptools.com/stds/smrl/data/modules/model_based_3d_geometrical_dimensioning_and_tolerancing_representation/sys/4_info_reqs.htm#model_based_3d_geometrical_dimensioning_and_tolerancing_representation_arm.nominal_3d_feature
标准制定者（元模型 / 表达 / 库）,名义三维积分特征,Nominal_3d_integral_feature,model_based_3d_geometrical_dimensioning_and_tolerancing_representation,ap242,1,https://www.steptools.com/stds/smrl/data/modules/model_based_3d_geometrical_dimensioning_and_tolerancing_representation/sys/4_info_reqs.htm#model_based_3d_geometrical_dimensioning_and_tolerancing_representation_arm.nominal_3d_integral_feature
标准制定者（元模型 / 表达 / 库）,非流形形状表示,Non_manifold_shape_representation,non_manifold_surface,ap242,1,https://www.steptools.com/stds/smrl/data/modules/non_manifold_surface/sys/4_info_reqs.htm#non_manifold_surface_arm.non_manifold_shape_representation
标准制定者（元模型 / 表达 / 库）,非表达式,Not_expression,numeric_expression,ap242,0,https://www.steptools.com/stds/smrl/data/modules/numeric_expression/sys/4_info_reqs.htm#numeric_expression_arm.not_expression
标准制定者（元模型 / 表达 / 库）,空表示项,Null_representation_item,characteristic,ap242,1,https://www.steptools.com/stds/smrl/data/modules/characteristic/sys/4_info_reqs.htm#characteristic_arm.null_representation_item
标准制定者（元模型 / 表达 / 库）,编号的十进制位,Number_of_decimal_places,default_tolerance,ap242,0,https://www.steptools.com/stds/smrl/data/modules/default_tolerance/sys/4_info_reqs.htm#default_tolerance_arm.number_of_decimal_places
标准制定者（元模型 / 表达 / 库）,数值定义函数,Numeric_defined_function,elementary_function,ap242,0,https://www.steptools.com/stds/smrl/data/modules/elementary_function/sys/4_info_reqs.htm#elementary_function_arm.numeric_defined_function
标准制定者（元模型 / 表达 / 库）,数值表达式,Numeric_expression,numeric_expression,ap242,0,https://www.steptools.com/stds/smrl/data/modules/numeric_expression/sys/4_info_reqs.htm#numeric_expression_arm.numeric_expression
标准制定者（元模型 / 表达 / 库）,数值变量,Numeric_variable,numeric_expression,ap242,1,https://www.steptools.com/stds/smrl/data/modules/numeric_expression/sys/4_info_reqs.htm#numeric_expression_arm.numeric_variable
标准制定者（元模型 / 表达 / 库）,数值项带全局单位,Numerical_item_with_global_unit,measure_representation,ap242,1,https://www.steptools.com/stds/smrl/data/modules/measure_representation/sys/4_info_reqs.htm#measure_representation_arm.numerical_item_with_global_unit
标准制定者（元模型 / 表达 / 库）,数值项带单位,Numerical_item_with_unit,measure_representation,ap242,124,https://www.steptools.com/stds/smrl/data/modules/measure_representation/sys/4_info_reqs.htm#measure_representation_arm.numerical_item_with_unit
标准制定者（元模型 / 表达 / 库）,数值表示上下文,Numerical_representation_context,foundation_representation,ap242,0,https://www.steptools.com/stds/smrl/data/modules/foundation_representation/sys/4_info_reqs.htm#foundation_representation_arm.numerical_representation_context
标准制定者（元模型 / 表达 / 库）,奇数函数,Odd_function,numeric_function,ap242,0,https://www.steptools.com/stds/smrl/data/modules/numeric_function/sys/4_info_reqs.htm#numeric_function_arm.odd_function
标准制定者（元模型 / 表达 / 库）,开放轮廓,Open_profile,machining_features,ap242,2,https://www.steptools.com/stds/smrl/data/modules/machining_features/sys/4_info_reqs.htm#machining_features_arm.open_profile
标准制定者（元模型 / 表达 / 库）,或表达式,Or_expression,numeric_expression,ap242,0,https://www.steptools.com/stds/smrl/data/modules/numeric_expression/sys/4_info_reqs.htm#numeric_expression_arm.or_expression
标准制定者（元模型 / 表达 / 库）,有向闭合壳,Oriented_closed_shell,advanced_boundary_representation,ap242,1,https://www.steptools.com/stds/smrl/data/modules/advanced_boundary_representation/sys/4_info_reqs.htm#advanced_boundary_representation_arm.oriented_closed_shell
标准制定者（元模型 / 表达 / 库）,OTD目录,Otd_catalogue,external_library,ap242,0,https://www.steptools.com/stds/smrl/data/modules/external_library/sys/4_info_reqs.htm#external_library_arm.otd_catalogue
标准制定者（元模型 / 表达 / 库）,OTD字典,Otd_dictionary,external_library,ap242,0,https://www.steptools.com/stds/smrl/data/modules/external_library/sys/4_info_reqs.htm#external_library_arm.otd_dictionary
标准制定者（元模型 / 表达 / 库）,副表示关系,Pair_representation_relationship,kinematic_structure,ap242,2,https://www.steptools.com/stds/smrl/data/modules/kinematic_structure/sys/4_info_reqs.htm#kinematic_structure_arm.pair_representation_relationship
标准制定者（元模型 / 表达 / 库）,参数化表示上下文,Parametric_representation_context,parametric_representation,ap242,0,https://www.steptools.com/stds/smrl/data/modules/parametric_representation/sys/4_info_reqs.htm#parametric_representation_arm.parametric_representation_context
标准制定者（元模型 / 表达 / 库）,零件函数关联,Part_function_association,specification_control,ap242,0,https://www.steptools.com/stds/smrl/data/modules/specification_control/sys/4_info_reqs.htm#specification_control_arm.part_function_association
标准制定者（元模型 / 表达 / 库）,部分圆形轮廓,Partial_circular_profile,machining_features,ap242,3,https://www.steptools.com/stds/smrl/data/modules/machining_features/sys/4_info_reqs.htm#machining_features_arm.partial_circular_profile
标准制定者（元模型 / 表达 / 库）,部分圆形形状轮廓,Partial_circular_shape_profile,machining_features,ap242,0,https://www.steptools.com/stds/smrl/data/modules/machining_features/sys/4_info_reqs.htm#machining_features_arm.partial_circular_shape_profile
标准制定者（元模型 / 表达 / 库）,部分文档带结构化文本表示赋值,Partial_document_with_structured_text_representation_assignment,specification_document,ap242,0,https://www.steptools.com/stds/smrl/data/modules/specification_document/sys/4_info_reqs.htm#specification_document_arm.partial_document_with_structured_text_representation_assignment
标准制定者（元模型 / 表达 / 库）,路径节点,Path_node,kinematic_motion_representation,ap242,0,https://www.steptools.com/stds/smrl/data/modules/kinematic_motion_representation/sys/4_info_reqs.htm#kinematic_motion_representation_arm.path_node
标准制定者（元模型 / 表达 / 库）,路径参数表示,Path_parameter_representation,kinematic_motion_representation,ap242,1,https://www.steptools.com/stds/smrl/data/modules/kinematic_motion_representation/sys/4_info_reqs.htm#kinematic_motion_representation_arm.path_parameter_representation
标准制定者（元模型 / 表达 / 库）,路径参数表示上下文,Path_parameter_representation_context,kinematic_motion_representation,ap242,0,https://www.steptools.com/stds/smrl/data/modules/kinematic_motion_representation/sys/4_info_reqs.htm#kinematic_motion_representation_arm.path_parameter_representation_context
标准制定者（元模型 / 表达 / 库）,平面轮廓底,Planar_profile_floor,machining_features,ap242,0,https://www.steptools.com/stds/smrl/data/modules/machining_features/sys/4_info_reqs.htm#machining_features_arm.planar_profile_floor
标准制定者（元模型 / 表达 / 库）,PLIB类引用,Plib_class_reference,plib_class_reference,ap242,1,https://www.steptools.com/stds/smrl/data/modules/plib_class_reference/sys/4_info_reqs.htm#plib_class_reference_arm.plib_class_reference
标准制定者（元模型 / 表达 / 库）,PLIB字典,Plib_dictionary,external_library,ap242,0,https://www.steptools.com/stds/smrl/data/modules/external_library/sys/4_info_reqs.htm#external_library_arm.plib_dictionary
标准制定者（元模型 / 表达 / 库）,PLIB库,Plib_library,external_library,ap242,0,https://www.steptools.com/stds/smrl/data/modules/external_library/sys/4_info_reqs.htm#external_library_arm.plib_library
标准制定者（元模型 / 表达 / 库）,PLIB属性引用,Plib_property_reference,external_properties,ap242,0,https://www.steptools.com/stds/smrl/data/modules/external_properties/sys/4_info_reqs.htm#external_properties_arm.plib_property_reference
标准制定者（元模型 / 表达 / 库）,加表达式,Plus_expression,numeric_expression,ap242,0,https://www.steptools.com/stds/smrl/data/modules/numeric_expression/sys/4_info_reqs.htm#numeric_expression_arm.plus_expression
标准制定者（元模型 / 表达 / 库）,点到点路径,Point_to_point_path,kinematic_motion_representation,ap242,0,https://www.steptools.com/stds/smrl/data/modules/kinematic_motion_representation/sys/4_info_reqs.htm#kinematic_motion_representation_arm.point_to_point_path
标准制定者（元模型 / 表达 / 库）,功率表达式,Power_expression,numeric_expression,ap242,0,https://www.steptools.com/stds/smrl/data/modules/numeric_expression/sys/4_info_reqs.htm#numeric_expression_arm.power_expression
标准制定者（元模型 / 表达 / 库）,预定义活动关系,Pre_defined_activity_relationship,pre_defined_product_data_management_specializations,ap242,0,https://www.steptools.com/stds/smrl/data/modules/pre_defined_product_data_management_specializations/sys/4_info_reqs.htm#pre_defined_product_data_management_specializations_arm.pre_defined_activity_relationship
标准制定者（元模型 / 表达 / 库）,预定义地址赋值,Pre_defined_address_assignment,pre_defined_product_data_management_specializations,ap242,0,https://www.steptools.com/stds/smrl/data/modules/pre_defined_product_data_management_specializations/sys/4_info_reqs.htm#pre_defined_product_data_management_specializations_arm.pre_defined_address_assignment
标准制定者（元模型 / 表达 / 库）,预定义批准,Pre_defined_approval,pre_defined_product_data_management_specializations,ap242,0,https://www.steptools.com/stds/smrl/data/modules/pre_defined_product_data_management_specializations/sys/4_info_reqs.htm#pre_defined_product_data_management_specializations_arm.pre_defined_approval
标准制定者（元模型 / 表达 / 库）,预定义批准状态,Pre_defined_approval_status,pre_defined_product_data_management_specializations,ap242,0,https://www.steptools.com/stds/smrl/data/modules/pre_defined_product_data_management_specializations/sys/4_info_reqs.htm#pre_defined_product_data_management_specializations_arm.pre_defined_approval_status
标准制定者（元模型 / 表达 / 库）,预定义颜色,Pre_defined_colour,colour,ap242,0,https://www.steptools.com/stds/smrl/data/modules/colour/sys/4_info_reqs.htm#colour_arm.pre_defined_colour
标准制定者（元模型 / 表达 / 库）,预定义日期或日期时间赋值,Pre_defined_date_or_date_time_assignment,pre_defined_product_data_management_specializations,ap242,0,https://www.steptools.com/stds/smrl/data/modules/pre_defined_product_data_management_specializations/sys/4_info_reqs.htm#pre_defined_product_data_management_specializations_arm.pre_defined_date_or_date_time_assignment
标准制定者（元模型 / 表达 / 库）,预定义安全分类,Pre_defined_security_classification,pre_defined_product_data_management_specializations,ap242,0,https://www.steptools.com/stds/smrl/data/modules/pre_defined_product_data_management_specializations/sys/4_info_reqs.htm#pre_defined_product_data_management_specializations_arm.pre_defined_security_classification
标准制定者（元模型 / 表达 / 库）,预定义类型限定符,Pre_defined_type_qualifier,qualified_measure,ap242,0,https://www.steptools.com/stds/smrl/data/modules/qualified_measure/sys/4_info_reqs.htm#qualified_measure_arm.pre_defined_type_qualifier
标准制定者（元模型 / 表达 / 库）,预定义工作请求,Pre_defined_work_request,pre_defined_product_data_management_specializations,ap242,0,https://www.steptools.com/stds/smrl/data/modules/pre_defined_product_data_management_specializations/sys/4_info_reqs.htm#pre_defined_product_data_management_specializations_arm.pre_defined_work_request
标准制定者（元模型 / 表达 / 库）,预定义工作请求状态,Pre_defined_work_request_status,pre_defined_product_data_management_specializations,ap242,0,https://www.steptools.com/stds/smrl/data/modules/pre_defined_product_data_management_specializations/sys/4_info_reqs.htm#pre_defined_product_data_management_specializations_arm.pre_defined_work_request_status
标准制定者（元模型 / 表达 / 库）,精度限定符,Precision_qualifier,qualified_measure,ap242,0,https://www.steptools.com/stds/smrl/data/modules/qualified_measure/sys/4_info_reqs.htm#qualified_measure_arm.precision_qualifier
标准制定者（元模型 / 表达 / 库）,产品结构链接运动关联,Product_structure_link_motion_association,kinematic_motion_representation,ap242,0,https://www.steptools.com/stds/smrl/data/modules/kinematic_motion_representation/sys/4_info_reqs.htm#kinematic_motion_representation_arm.product_structure_link_motion_association
标准制定者（元模型 / 表达 / 库）,产品视图定义引用带局部表示,Product_view_definition_reference_with_local_representation,product_view_definition_reference,ap242,1,https://www.steptools.com/stds/smrl/data/modules/product_view_definition_reference/sys/4_info_reqs.htm#product_view_definition_reference_arm.product_view_definition_reference_with_local_representation
标准制定者（元模型 / 表达 / 库）,轮廓,Profile,machining_features,ap242,5,https://www.steptools.com/stds/smrl/data/modules/machining_features/sys/4_info_reqs.htm#machining_features_arm.profile
标准制定者（元模型 / 表达 / 库）,轮廓特征,Profile_feature,machining_features,ap242,0,https://www.steptools.com/stds/smrl/data/modules/machining_features/sys/4_info_reqs.htm#machining_features_arm.profile_feature
标准制定者（元模型 / 表达 / 库）,轮廓底,Profile_floor,machining_features,ap242,0,https://www.steptools.com/stds/smrl/data/modules/machining_features/sys/4_info_reqs.htm#machining_features_arm.profile_floor
标准制定者（元模型 / 表达 / 库）,属性定义表示,Property_definition_representation,property_assignment,ap242,1,https://www.steptools.com/stds/smrl/data/modules/property_assignment/sys/4_info_reqs.htm#property_assignment_arm.property_definition_representation
标准制定者（元模型 / 表达 / 库）,属性表示,Property_representation,property_assignment,ap242,1,https://www.steptools.com/stds/smrl/data/modules/property_assignment/sys/4_info_reqs.htm#property_assignment_arm.property_representation
标准制定者（元模型 / 表达 / 库）,属性值表示,Property_value_representation,measure_representation,ap242,2,https://www.steptools.com/stds/smrl/data/modules/measure_representation/sys/4_info_reqs.htm#measure_representation_arm.property_value_representation
标准制定者（元模型 / 表达 / 库）,限定数值项带单位,Qualified_numerical_item_with_unit,qualified_measure,ap242,0,https://www.steptools.com/stds/smrl/data/modules/qualified_measure/sys/4_info_reqs.htm#qualified_measure_arm.qualified_numerical_item_with_unit
标准制定者（元模型 / 表达 / 库）,限定表示项,Qualified_representation_item,qualified_measure,ap242,1,https://www.steptools.com/stds/smrl/data/modules/qualified_measure/sys/4_info_reqs.htm#qualified_measure_arm.qualified_representation_item
标准制定者（元模型 / 表达 / 库）,限定公差特征,Qualified_tolerance_characteristic,characteristic,ap242,0,https://www.steptools.com/stds/smrl/data/modules/characteristic/sys/4_info_reqs.htm#characteristic_arm.qualified_tolerance_characteristic
标准制定者（元模型 / 表达 / 库）,定性不确定度,Qualitative_uncertainty,qualified_measure,ap242,0,https://www.steptools.com/stds/smrl/data/modules/qualified_measure/sys/4_info_reqs.htm#qualified_measure_arm.qualitative_uncertainty
标准制定者（元模型 / 表达 / 库）,有理表示项,Rational_representation_item,basic_data_representation,ap242,0,https://www.steptools.com/stds/smrl/data/modules/basic_data_representation/sys/4_info_reqs.htm#basic_data_representation_arm.rational_representation_item
标准制定者（元模型 / 表达 / 库）,实数定义函数,Real_defined_function,elementary_function,ap242,0,https://www.steptools.com/stds/smrl/data/modules/elementary_function/sys/4_info_reqs.htm#elementary_function_arm.real_defined_function
标准制定者（元模型 / 表达 / 库）,实数字面量,Real_literal,numeric_expression,ap242,0,https://www.steptools.com/stds/smrl/data/modules/numeric_expression/sys/4_info_reqs.htm#numeric_expression_arm.real_literal
标准制定者（元模型 / 表达 / 库）,实数数值变量,Real_numeric_variable,numeric_expression,ap242,0,https://www.steptools.com/stds/smrl/data/modules/numeric_expression/sys/4_info_reqs.htm#numeric_expression_arm.real_numeric_variable
标准制定者（元模型 / 表达 / 库）,实数表示项,Real_representation_item,basic_data_representation,ap242,0,https://www.steptools.com/stds/smrl/data/modules/basic_data_representation/sys/4_info_reqs.htm#basic_data_representation_arm.real_representation_item
标准制定者（元模型 / 表达 / 库）,矩形闭合轮廓,Rectangular_closed_profile,machining_features,ap242,3,https://www.steptools.com/stds/smrl/data/modules/machining_features/sys/4_info_reqs.htm#machining_features_arm.rectangular_closed_profile
标准制定者（元模型 / 表达 / 库）,矩形闭合形状轮廓,Rectangular_closed_shape_profile,machining_features,ap242,0,https://www.steptools.com/stds/smrl/data/modules/machining_features/sys/4_info_reqs.htm#machining_features_arm.rectangular_closed_shape_profile
标准制定者（元模型 / 表达 / 库）,矩形开放形状轮廓,Rectangular_open_shape_profile,machining_features,ap242,0,https://www.steptools.com/stds/smrl/data/modules/machining_features/sys/4_info_reqs.htm#machining_features_arm.rectangular_open_shape_profile
标准制定者（元模型 / 表达 / 库）,表示,Representation,foundation_representation,ap242,12,https://www.steptools.com/stds/smrl/data/modules/foundation_representation/sys/4_info_reqs.htm#foundation_representation_arm.representation
标准制定者（元模型 / 表达 / 库）,表示上下文,Representation_context,foundation_representation,ap242,3,https://www.steptools.com/stds/smrl/data/modules/foundation_representation/sys/4_info_reqs.htm#foundation_representation_arm.representation_context
标准制定者（元模型 / 表达 / 库）,表示上下文引用,Representation_context_reference,foundation_representation,ap242,0,https://www.steptools.com/stds/smrl/data/modules/foundation_representation/sys/4_info_reqs.htm#foundation_representation_arm.representation_context_reference
标准制定者（元模型 / 表达 / 库）,表示项,Representation_item,foundation_representation,ap242,10,https://www.steptools.com/stds/smrl/data/modules/foundation_representation/sys/4_info_reqs.htm#foundation_representation_arm.representation_item
标准制定者（元模型 / 表达 / 库）,表示项关系,Representation_item_relationship,foundation_representation,ap242,0,https://www.steptools.com/stds/smrl/data/modules/foundation_representation/sys/4_info_reqs.htm#foundation_representation_arm.representation_item_relationship
标准制定者（元模型 / 表达 / 库）,表示引用,Representation_reference,foundation_representation,ap242,0,https://www.steptools.com/stds/smrl/data/modules/foundation_representation/sys/4_info_reqs.htm#foundation_representation_arm.representation_reference
标准制定者（元模型 / 表达 / 库）,表示关系,Representation_relationship,foundation_representation,ap242,1,https://www.steptools.com/stds/smrl/data/modules/foundation_representation/sys/4_info_reqs.htm#foundation_representation_arm.representation_relationship
标准制定者（元模型 / 表达 / 库）,表示带不确定度,Representation_with_uncertainty,representation_with_uncertainty,ap242,0,https://www.steptools.com/stds/smrl/data/modules/representation_with_uncertainty/sys/4_info_reqs.htm#representation_with_uncertainty_arm.representation_with_uncertainty
标准制定者（元模型 / 表达 / 库）,刚性链接表示,Rigid_link_representation,kinematic_structure,ap242,0,https://www.steptools.com/stds/smrl/data/modules/kinematic_structure/sys/4_info_reqs.htm#kinematic_structure_arm.rigid_link_representation
标准制定者（元模型 / 表达 / 库）,圆角U轮廓,Rounded_u_profile,machining_features,ap242,0,https://www.steptools.com/stds/smrl/data/modules/machining_features/sys/4_info_reqs.htm#machining_features_arm.rounded_u_profile
标准制定者（元模型 / 表达 / 库）,扫描数据形状表示,Scan_data_shape_representation,scan_data_3d_shape,ap242,1,https://www.steptools.com/stds/smrl/data/modules/scan_data_3d_shape/sys/4_info_reqs.htm#scan_data_3d_shape_arm.scan_data_shape_representation
标准制定者（元模型 / 表达 / 库）,安全分类赋值,Security_classification_assignment,security_classification,ap242,3,https://www.steptools.com/stds/smrl/data/modules/security_classification/sys/4_info_reqs.htm#security_classification_arm.security_classification_assignment
标准制定者（元模型 / 表达 / 库）,序列表示项,Sequence_representation_item,basic_data_representation,ap242,0,https://www.steptools.com/stds/smrl/data/modules/basic_data_representation/sys/4_info_reqs.htm#basic_data_representation_arm.sequence_representation_item
标准制定者（元模型 / 表达 / 库）,集合表示项,Set_representation_item,basic_data_representation,ap242,0,https://www.steptools.com/stds/smrl/data/modules/basic_data_representation/sys/4_info_reqs.htm#basic_data_representation_arm.set_representation_item
标准制定者（元模型 / 表达 / 库）,形状相关属性表示,Shape_dependent_property_representation,shape_property_assignment,ap242,0,https://www.steptools.com/stds/smrl/data/modules/shape_property_assignment/sys/4_info_reqs.htm#shape_property_assignment_arm.shape_dependent_property_representation
标准制定者（元模型 / 表达 / 库）,形状轮廓,Shape_profile,machining_features,ap242,0,https://www.steptools.com/stds/smrl/data/modules/machining_features/sys/4_info_reqs.htm#machining_features_arm.shape_profile
标准制定者（元模型 / 表达 / 库）,壳基于线框形状表示,Shell_based_wireframe_shape_representation,shell_based_wireframe,ap242,1,https://www.steptools.com/stds/smrl/data/modules/shell_based_wireframe/sys/4_info_reqs.htm#shell_based_wireframe_arm.shell_based_wireframe_shape_representation
标准制定者（元模型 / 表达 / 库）,有效编号的数字,Significant_number_of_digits,default_tolerance,ap242,0,https://www.steptools.com/stds/smrl/data/modules/default_tolerance/sys/4_info_reqs.htm#default_tolerance_arm.significant_number_of_digits
标准制定者（元模型 / 表达 / 库）,简单布尔表达式,Simple_boolean_expression,numeric_expression,ap242,1,https://www.steptools.com/stds/smrl/data/modules/numeric_expression/sys/4_info_reqs.htm#numeric_expression_arm.simple_boolean_expression
标准制定者（元模型 / 表达 / 库）,简单通用表达式,Simple_generic_expression,generic_expression,ap242,0,https://www.steptools.com/stds/smrl/data/modules/generic_expression/sys/4_info_reqs.htm#generic_expression_arm.simple_generic_expression
标准制定者（元模型 / 表达 / 库）,简单数值表达式,Simple_numeric_expression,numeric_expression,ap242,1,https://www.steptools.com/stds/smrl/data/modules/numeric_expression/sys/4_info_reqs.htm#numeric_expression_arm.simple_numeric_expression
标准制定者（元模型 / 表达 / 库）,简单字符串表达式,Simple_string_expression,expression,ap242,1,https://www.steptools.com/stds/smrl/data/modules/expression/sys/4_info_reqs.htm#expression_arm.simple_string_expression
标准制定者（元模型 / 表达 / 库）,正弦函数,Sin_function,elementary_function,ap242,0,https://www.steptools.com/stds/smrl/data/modules/elementary_function/sys/4_info_reqs.htm#elementary_function_arm.sin_function
标准制定者（元模型 / 表达 / 库）,斜线表达式,Slash_expression,numeric_expression,ap242,0,https://www.steptools.com/stds/smrl/data/modules/numeric_expression/sys/4_info_reqs.htm#numeric_expression_arm.slash_expression
标准制定者（元模型 / 表达 / 库）,规范类别,Specification_category,product_class,ap242,2,https://www.steptools.com/stds/smrl/data/modules/product_class/sys/4_info_reqs.htm#product_class_arm.specification_category
标准制定者（元模型 / 表达 / 库）,规范类别分解影响,Specification_category_breakdown_influence,specification_control,ap242,0,https://www.steptools.com/stds/smrl/data/modules/specification_control/sys/4_info_reqs.htm#specification_control_arm.specification_category_breakdown_influence
标准制定者（元模型 / 表达 / 库）,规范类别层次,Specification_category_hierarchy,product_class,ap242,0,https://www.steptools.com/stds/smrl/data/modules/product_class/sys/4_info_reqs.htm#product_class_arm.specification_category_hierarchy
标准制定者（元模型 / 表达 / 库）,规范表达式,Specification_expression,product_class,ap242,1,https://www.steptools.com/stds/smrl/data/modules/product_class/sys/4_info_reqs.htm#product_class_arm.specification_expression
标准制定者（元模型 / 表达 / 库）,SQL可映射定义函数,Sql_mappable_defined_function,expression,ap242,0,https://www.steptools.com/stds/smrl/data/modules/expression/sys/4_info_reqs.htm#expression_arm.sql_mappable_defined_function
标准制定者（元模型 / 表达 / 库）,方形根函数,Square_root_function,elementary_function,ap242,0,https://www.steptools.com/stds/smrl/data/modules/elementary_function/sys/4_info_reqs.htm#elementary_function_arm.square_root_function
标准制定者（元模型 / 表达 / 库）,方形U轮廓,Square_u_profile,machining_features,ap242,2,https://www.steptools.com/stds/smrl/data/modules/machining_features/sys/4_info_reqs.htm#machining_features_arm.square_u_profile
标准制定者（元模型 / 表达 / 库）,标准不确定度,Standard_uncertainty,qualified_measure,ap242,0,https://www.steptools.com/stds/smrl/data/modules/qualified_measure/sys/4_info_reqs.htm#qualified_measure_arm.standard_uncertainty
标准制定者（元模型 / 表达 / 库）,字符串定义函数,String_defined_function,expression,ap242,0,https://www.steptools.com/stds/smrl/data/modules/expression/sys/4_info_reqs.htm#expression_arm.string_defined_function
标准制定者（元模型 / 表达 / 库）,字符串表达式,String_expression,expression,ap242,0,https://www.steptools.com/stds/smrl/data/modules/expression/sys/4_info_reqs.htm#expression_arm.string_expression
标准制定者（元模型 / 表达 / 库）,字符串字面量,String_literal,expression,ap242,0,https://www.steptools.com/stds/smrl/data/modules/expression/sys/4_info_reqs.htm#expression_arm.string_literal
标准制定者（元模型 / 表达 / 库）,字符串表示项,String_representation_item,foundation_representation,ap242,4,https://www.steptools.com/stds/smrl/data/modules/foundation_representation/sys/4_info_reqs.htm#foundation_representation_arm.string_representation_item
标准制定者（元模型 / 表达 / 库）,字符串变量,String_variable,expression,ap242,1,https://www.steptools.com/stds/smrl/data/modules/expression/sys/4_info_reqs.htm#expression_arm.string_variable
标准制定者（元模型 / 表达 / 库）,结构化文本组成,Structured_text_composition,tagged_text_representation,ap242,1,https://www.steptools.com/stds/smrl/data/modules/tagged_text_representation/sys/4_info_reqs.htm#tagged_text_representation_arm.structured_text_composition
标准制定者（元模型 / 表达 / 库）,结构化文本表示,Structured_text_representation,tagged_text_representation,ap242,1,https://www.steptools.com/stds/smrl/data/modules/tagged_text_representation/sys/4_info_reqs.htm#tagged_text_representation_arm.structured_text_representation
标准制定者（元模型 / 表达 / 库）,结构化方法层次,Structuring_method_hierarchy,layer_assignment,ap242,0,https://www.steptools.com/stds/smrl/data/modules/layer_assignment/sys/4_info_reqs.htm#layer_assignment_arm.structuring_method_hierarchy
标准制定者（元模型 / 表达 / 库）,子串表达式,Substring_expression,expression,ap242,1,https://www.steptools.com/stds/smrl/data/modules/expression/sys/4_info_reqs.htm#expression_arm.substring_expression
标准制定者（元模型 / 表达 / 库）,曲面轮廓公差,Surface_profile_tolerance,geometric_tolerance,ap242,0,https://www.steptools.com/stds/smrl/data/modules/geometric_tolerance/sys/4_info_reqs.htm#geometric_tolerance_arm.surface_profile_tolerance
标准制定者（元模型 / 表达 / 库）,带标记文本格式,Tagged_text_format,tagged_text_representation,ap242,0,https://www.steptools.com/stds/smrl/data/modules/tagged_text_representation/sys/4_info_reqs.htm#tagged_text_representation_arm.tagged_text_format
标准制定者（元模型 / 表达 / 库）,带标记文本项,Tagged_text_item,tagged_text_representation,ap242,0,https://www.steptools.com/stds/smrl/data/modules/tagged_text_representation/sys/4_info_reqs.htm#tagged_text_representation_arm.tagged_text_item
标准制定者（元模型 / 表达 / 库）,正切函数,Tan_function,elementary_function,ap242,0,https://www.steptools.com/stds/smrl/data/modules/elementary_function/sys/4_info_reqs.htm#elementary_function_arm.tan_function
标准制定者（元模型 / 表达 / 库）,T形轮廓,Tee_profile,machining_features,ap242,0,https://www.steptools.com/stds/smrl/data/modules/machining_features/sys/4_info_reqs.htm#machining_features_arm.tee_profile
标准制定者（元模型 / 表达 / 库）,镶嵌形状表示,Tessellated_shape_representation,tessellated_geometry,ap242,1,https://www.steptools.com/stds/smrl/data/modules/tessellated_geometry/sys/4_info_reqs.htm#tessellated_geometry_arm.tessellated_shape_representation
标准制定者（元模型 / 表达 / 库）,镶嵌形状表示带精度参数,Tessellated_shape_representation_with_accuracy_parameters,tessellated_geometry,ap242,0,https://www.steptools.com/stds/smrl/data/modules/tessellated_geometry/sys/4_info_reqs.htm#tessellated_geometry_arm.tessellated_shape_representation_with_accuracy_parameters
标准制定者（元模型 / 表达 / 库）,文本字面量,Text_literal,text_appearance,ap242,3,https://www.steptools.com/stds/smrl/data/modules/text_appearance/sys/4_info_reqs.htm#text_appearance_arm.text_literal
标准制定者（元模型 / 表达 / 库）,文本字面量带关联曲线,Text_literal_with_associated_curves,text_appearance,ap242,0,https://www.steptools.com/stds/smrl/data/modules/text_appearance/sys/4_info_reqs.htm#text_appearance_arm.text_literal_with_associated_curves
标准制定者（元模型 / 表达 / 库）,文本字面量带冲裁盒,Text_literal_with_blanking_box,text_appearance,ap242,0,https://www.steptools.com/stds/smrl/data/modules/text_appearance/sys/4_info_reqs.htm#text_appearance_arm.text_literal_with_blanking_box
标准制定者（元模型 / 表达 / 库）,文本字面量带轮廓线,Text_literal_with_delineation,text_appearance,ap242,0,https://www.steptools.com/stds/smrl/data/modules/text_appearance/sys/4_info_reqs.htm#text_appearance_arm.text_literal_with_delineation
标准制定者（元模型 / 表达 / 库）,文本字面量带范围,Text_literal_with_extent,text_appearance,ap242,0,https://www.steptools.com/stds/smrl/data/modules/text_appearance/sys/4_info_reqs.htm#text_appearance_arm.text_literal_with_extent
标准制定者（元模型 / 表达 / 库）,文本表示项,Text_representation_item,characteristic,ap242,0,https://www.steptools.com/stds/smrl/data/modules/characteristic/sys/4_info_reqs.htm#characteristic_arm.text_representation_item
标准制定者（元模型 / 表达 / 库）,文本字符串表示,Text_string_representation,associative_text,ap242,1,https://www.steptools.com/stds/smrl/data/modules/associative_text/sys/4_info_reqs.htm#associative_text_arm.text_string_representation
标准制定者（元模型 / 表达 / 库）,通轮廓底,Through_profile_floor,machining_features,ap242,0,https://www.steptools.com/stds/smrl/data/modules/machining_features/sys/4_info_reqs.htm#machining_features_arm.through_profile_floor
标准制定者（元模型 / 表达 / 库）,类型限定符,Type_qualifier,qualified_measure,ap242,0,https://www.steptools.com/stds/smrl/data/modules/qualified_measure/sys/4_info_reqs.htm#qualified_measure_arm.type_qualifier
标准制定者（元模型 / 表达 / 库）,一元布尔表达式,Unary_boolean_expression,numeric_expression,ap242,1,https://www.steptools.com/stds/smrl/data/modules/numeric_expression/sys/4_info_reqs.htm#numeric_expression_arm.unary_boolean_expression
标准制定者（元模型 / 表达 / 库）,一元函数调用,Unary_function_call,elementary_function,ap242,0,https://www.steptools.com/stds/smrl/data/modules/elementary_function/sys/4_info_reqs.htm#elementary_function_arm.unary_function_call
标准制定者（元模型 / 表达 / 库）,一元通用表达式,Unary_generic_expression,generic_expression,ap242,0,https://www.steptools.com/stds/smrl/data/modules/generic_expression/sys/4_info_reqs.htm#generic_expression_arm.unary_generic_expression
标准制定者（元模型 / 表达 / 库）,一元数值表达式,Unary_numeric_expression,numeric_expression,ap242,1,https://www.steptools.com/stds/smrl/data/modules/numeric_expression/sys/4_info_reqs.htm#numeric_expression_arm.unary_numeric_expression
标准制定者（元模型 / 表达 / 库）,不确定度限定符,Uncertainty_qualifier,qualified_measure,ap242,0,https://www.steptools.com/stds/smrl/data/modules/qualified_measure/sys/4_info_reqs.htm#qualified_measure_arm.uncertainty_qualifier
标准制定者（元模型 / 表达 / 库）,均匀资源标识符,Uniform_resource_identifier,tagged_text_representation,ap242,0,https://www.steptools.com/stds/smrl/data/modules/tagged_text_representation/sys/4_info_reqs.htm#tagged_text_representation_arm.uniform_resource_identifier
标准制定者（元模型 / 表达 / 库）,用户定义颜色,User_defined_colour,colour,ap242,0,https://www.steptools.com/stds/smrl/data/modules/colour/sys/4_info_reqs.htm#colour_arm.user_defined_colour
标准制定者（元模型 / 表达 / 库）,用户定义曲线字体,User_defined_curve_font,styled_curve,ap242,0,https://www.steptools.com/stds/smrl/data/modules/styled_curve/sys/4_info_reqs.htm#styled_curve_arm.user_defined_curve_font
标准制定者（元模型 / 表达 / 库）,用户定义剖面线样式,User_defined_hatch_style,fill_area_style,ap242,0,https://www.steptools.com/stds/smrl/data/modules/fill_area_style/sys/4_info_reqs.htm#fill_area_style_arm.user_defined_hatch_style
标准制定者（元模型 / 表达 / 库）,用户定义库或字典,User_defined_library_or_dictionary,external_library,ap242,0,https://www.steptools.com/stds/smrl/data/modules/external_library/sys/4_info_reqs.htm#external_library_arm.user_defined_library_or_dictionary
标准制定者（元模型 / 表达 / 库）,用户定义标记,User_defined_marker,curve_appearance,ap242,0,https://www.steptools.com/stds/smrl/data/modules/curve_appearance/sys/4_info_reqs.htm#curve_appearance_arm.user_defined_marker
标准制定者（元模型 / 表达 / 库）,用户定义曲面纹理参数,User_defined_surface_texture_parameter,surface_conditions,ap242,0,https://www.steptools.com/stds/smrl/data/modules/surface_conditions/sys/4_info_reqs.htm#surface_conditions_arm.user_defined_surface_texture_parameter
标准制定者（元模型 / 表达 / 库）,用户定义终止符,User_defined_terminator,curve_appearance,ap242,0,https://www.steptools.com/stds/smrl/data/modules/curve_appearance/sys/4_info_reqs.htm#curve_appearance_arm.user_defined_terminator
标准制定者（元模型 / 表达 / 库）,用户定义瓦片样式,User_defined_tile_style,fill_area_style,ap242,0,https://www.steptools.com/stds/smrl/data/modules/fill_area_style/sys/4_info_reqs.htm#fill_area_style_arm.user_defined_tile_style
标准制定者（元模型 / 表达 / 库）,值格式类型限定符,Value_format_type_qualifier,qualified_measure,ap242,0,https://www.steptools.com/stds/smrl/data/modules/qualified_measure/sys/4_info_reqs.htm#qualified_measure_arm.value_format_type_qualifier
标准制定者（元模型 / 表达 / 库）,值极限,Value_limit,extended_measure_representation,ap242,2,https://www.steptools.com/stds/smrl/data/modules/extended_measure_representation/sys/4_info_reqs.htm#extended_measure_representation_arm.value_limit
标准制定者（元模型 / 表达 / 库）,值列表,Value_list,extended_measure_representation,ap242,2,https://www.steptools.com/stds/smrl/data/modules/extended_measure_representation/sys/4_info_reqs.htm#extended_measure_representation_arm.value_list
标准制定者（元模型 / 表达 / 库）,值范围,Value_range,extended_measure_representation,ap242,2,https://www.steptools.com/stds/smrl/data/modules/extended_measure_representation/sys/4_info_reqs.htm#extended_measure_representation_arm.value_range
标准制定者（元模型 / 表达 / 库）,值范围带全局单位,Value_range_with_global_unit,extended_measure_representation,ap242,0,https://www.steptools.com/stds/smrl/data/modules/extended_measure_representation/sys/4_info_reqs.htm#extended_measure_representation_arm.value_range_with_global_unit
标准制定者（元模型 / 表达 / 库）,值集合,Value_set,extended_measure_representation,ap242,2,https://www.steptools.com/stds/smrl/data/modules/extended_measure_representation/sys/4_info_reqs.htm#extended_measure_representation_arm.value_set
标准制定者（元模型 / 表达 / 库）,值带公差,Value_with_tolerances,extended_measure_representation,ap242,0,https://www.steptools.com/stds/smrl/data/modules/extended_measure_representation/sys/4_info_reqs.htm#extended_measure_representation_arm.value_with_tolerances
标准制定者（元模型 / 表达 / 库）,变量,Variable,generic_expression,ap242,0,https://www.steptools.com/stds/smrl/data/modules/generic_expression/sys/4_info_reqs.htm#generic_expression_arm.variable
标准制定者（元模型 / 表达 / 库）,变量语义,Variable_semantics,generic_expression,ap242,0,https://www.steptools.com/stds/smrl/data/modules/generic_expression/sys/4_info_reqs.htm#generic_expression_arm.variable_semantics
标准制定者（元模型 / 表达 / 库）,V形轮廓,Vee_profile,machining_features,ap242,2,https://www.steptools.com/stds/smrl/data/modules/machining_features/sys/4_info_reqs.htm#machining_features_arm.vee_profile
标准制定者（元模型 / 表达 / 库）,视图定义上下文,View_definition_context,product_view_definition,ap242,3,https://www.steptools.com/stds/smrl/data/modules/product_view_definition/sys/4_info_reqs.htm#product_view_definition_arm.view_definition_context
标准制定者（元模型 / 表达 / 库）,异或表达式,Xor_expression,numeric_expression,ap242,0,https://www.steptools.com/stds/smrl/data/modules/numeric_expression/sys/4_info_reqs.htm#numeric_expression_arm.xor_expression
通用 / 基础,可特征化对象,Characterizable_object,characterizable_object,ap242,8,https://www.steptools.com/stds/smrl/data/modules/characterizable_object/sys/4_info_reqs.htm#characterizable_object_arm.characterizable_object
通用 / 基础,默认草图角,Default_draft_angle,default_setting_association,ap242,0,https://www.steptools.com/stds/smrl/data/modules/default_setting_association/sys/4_info_reqs.htm#default_setting_association_arm.default_draft_angle
通用 / 基础,默认厚度,Default_thickness,default_setting_association,ap242,0,https://www.steptools.com/stds/smrl/data/modules/default_setting_association/sys/4_info_reqs.htm#default_setting_association_arm.default_thickness
