类别,中文名,英文名,模块,来源,引用次数,官方定义链接
航空 / 航天,受驱动运动副对,Actuated_kinematic_pair,kinematic_structure,ap242,0,https://www.steptools.com/stds/smrl/data/modules/kinematic_structure/sys/4_info_reqs.htm#kinematic_structure_arm.actuated_kinematic_pair
航空 / 航天,装配组件关系,Assembly_component_relationship,assembly_structure,ap242,10,https://www.steptools.com/stds/smrl/data/modules/assembly_structure/sys/4_info_reqs.htm#assembly_structure_arm.assembly_component_relationship
航空 / 航天,装配定义,Assembly_definition,item_definition_structure,ap242,0,https://www.steptools.com/stds/smrl/data/modules/item_definition_structure/sys/4_info_reqs.htm#item_definition_structure_arm.assembly_definition
航空 / 航天,装配关系替换,Assembly_relationship_substitution,product_replacement,ap242,1,https://www.steptools.com/stds/smrl/data/modules/product_replacement/sys/4_info_reqs.htm#product_replacement_arm.assembly_relationship_substitution
航空 / 航天,基本圆孔实例在装配,Basic_round_hole_occurrence_in_assembly,mechanical_design_features_and_requirements,ap242,0,https://www.steptools.com/stds/smrl/data/modules/mechanical_design_features_and_requirements/sys/4_info_reqs.htm#mechanical_design_features_and_requirements_arm.basic_round_hole_occurrence_in_assembly
航空 / 航天,分解,Breakdown,product_breakdown,ap242,0,https://www.steptools.com/stds/smrl/data/modules/product_breakdown/sys/4_info_reqs.htm#product_breakdown_arm.breakdown
航空 / 航天,分解上下文,Breakdown_context,product_breakdown,ap242,0,https://www.steptools.com/stds/smrl/data/modules/product_breakdown/sys/4_info_reqs.htm#product_breakdown_arm.breakdown_context
航空 / 航天,分解元素,Breakdown_element,product_breakdown,ap242,1,https://www.steptools.com/stds/smrl/data/modules/product_breakdown/sys/4_info_reqs.htm#product_breakdown_arm.breakdown_element
航空 / 航天,分解元素定义,Breakdown_element_definition,product_breakdown,ap242,2,https://www.steptools.com/stds/smrl/data/modules/product_breakdown/sys/4_info_reqs.htm#product_breakdown_arm.breakdown_element_definition
航空 / 航天,分解元素实现,Breakdown_element_realization,product_breakdown,ap242,1,https://www.steptools.com/stds/smrl/data/modules/product_breakdown/sys/4_info_reqs.htm#product_breakdown_arm.breakdown_element_realization
航空 / 航天,分解元素用法,Breakdown_element_usage,product_breakdown,ap242,2,https://www.steptools.com/stds/smrl/data/modules/product_breakdown/sys/4_info_reqs.htm#product_breakdown_arm.breakdown_element_usage
航空 / 航天,分解元素版本,Breakdown_element_version,product_breakdown,ap242,0,https://www.steptools.com/stds/smrl/data/modules/product_breakdown/sys/4_info_reqs.htm#product_breakdown_arm.breakdown_element_version
航空 / 航天,分解节点关系,Breakdown_node_relationship,specification_control,ap242,0,https://www.steptools.com/stds/smrl/data/modules/specification_control/sys/4_info_reqs.htm#specification_control_arm.breakdown_node_relationship
航空 / 航天,分解的,Breakdown_of,product_breakdown,ap242,0,https://www.steptools.com/stds/smrl/data/modules/product_breakdown/sys/4_info_reqs.htm#product_breakdown_arm.breakdown_of
航空 / 航天,分解版本,Breakdown_version,product_breakdown,ap242,0,https://www.steptools.com/stds/smrl/data/modules/product_breakdown/sys/4_info_reqs.htm#product_breakdown_arm.breakdown_version
航空 / 航天,圆形路径,Circular_path,kinematic_motion_representation,ap242,0,https://www.steptools.com/stds/smrl/data/modules/kinematic_motion_representation/sys/4_info_reqs.htm#kinematic_motion_representation_arm.circular_path
航空 / 航天,类分解关联,Class_breakdown_association,specification_control,ap242,0,https://www.steptools.com/stds/smrl/data/modules/specification_control/sys/4_info_reqs.htm#specification_control_arm.class_breakdown_association
航空 / 航天,闭合组合曲线,Closed_composite_curve,basic_curve,ap242,1,https://www.steptools.com/stds/smrl/data/modules/basic_curve/sys/4_info_reqs.htm#basic_curve_arm.closed_composite_curve
航空 / 航天,组件上层级标识,Component_upper_level_identification,assembly_structure,ap242,0,https://www.steptools.com/stds/smrl/data/modules/assembly_structure/sys/4_info_reqs.htm#assembly_structure_arm.component_upper_level_identification
航空 / 航天,组合曲线,Composite_curve,basic_curve,ap242,1,https://www.steptools.com/stds/smrl/data/modules/basic_curve/sys/4_info_reqs.htm#basic_curve_arm.composite_curve
航空 / 航天,组合曲线段,Composite_curve_segment,basic_curve,ap242,0,https://www.steptools.com/stds/smrl/data/modules/basic_curve/sys/4_info_reqs.htm#basic_curve_arm.composite_curve_segment
航空 / 航天,组合组形状元素,Composite_group_shape_element,shape_composition,ap242,0,https://www.steptools.com/stds/smrl/data/modules/shape_composition/sys/4_info_reqs.htm#shape_composition_arm.composite_group_shape_element
航空 / 航天,组合可呈现文本,Composite_presentable_text,text_appearance,ap242,3,https://www.steptools.com/stds/smrl/data/modules/text_appearance/sys/4_info_reqs.htm#text_appearance_arm.composite_presentable_text
航空 / 航天,组合形状元素,Composite_shape_element,shape_composition,ap242,0,https://www.steptools.com/stds/smrl/data/modules/shape_composition/sys/4_info_reqs.htm#shape_composition_arm.composite_shape_element
航空 / 航天,组合单位形状元素,Composite_unit_shape_element,shape_composition,ap242,0,https://www.steptools.com/stds/smrl/data/modules/shape_composition/sys/4_info_reqs.htm#shape_composition_arm.composite_unit_shape_element
航空 / 航天,上下文相关运动学链接表示,Context_dependent_kinematic_link_representation,kinematic_structure,ap242,0,https://www.steptools.com/stds/smrl/data/modules/kinematic_structure/sys/4_info_reqs.htm#kinematic_structure_arm.context_dependent_kinematic_link_representation
航空 / 航天,曲线基于路径,Curve_based_path,kinematic_motion_representation,ap242,0,https://www.steptools.com/stds/smrl/data/modules/kinematic_motion_representation/sys/4_info_reqs.htm#kinematic_motion_representation_arm.curve_based_path
航空 / 航天,曲线基于路径带定向,Curve_based_path_with_orientation,kinematic_motion_representation,ap242,0,https://www.steptools.com/stds/smrl/data/modules/kinematic_motion_representation/sys/4_info_reqs.htm#kinematic_motion_representation_arm.curve_based_path_with_orientation
航空 / 航天,曲线基于路径带定向与参数,Curve_based_path_with_orientation_and_parameters,kinematic_motion_representation,ap242,0,https://www.steptools.com/stds/smrl/data/modules/kinematic_motion_representation/sys/4_info_reqs.htm#kinematic_motion_representation_arm.curve_based_path_with_orientation_and_parameters
航空 / 航天,圆柱副,Cylindrical_pair,kinematic_structure,ap242,0,https://www.steptools.com/stds/smrl/data/modules/kinematic_structure/sys/4_info_reqs.htm#kinematic_structure_arm.cylindrical_pair
航空 / 航天,圆柱副值,Cylindrical_pair_value,kinematic_state,ap242,0,https://www.steptools.com/stds/smrl/data/modules/kinematic_state/sys/4_info_reqs.htm#kinematic_state_arm.cylindrical_pair_value
航空 / 航天,圆柱副带范围,Cylindrical_pair_with_range,kinematic_structure,ap242,0,https://www.steptools.com/stds/smrl/data/modules/kinematic_structure/sys/4_info_reqs.htm#kinematic_structure_arm.cylindrical_pair_with_range
航空 / 航天,有效性受控装配定义,Effectivity_controlled_assembly_definition,item_definition_structure,ap242,0,https://www.steptools.com/stds/smrl/data/modules/item_definition_structure/sys/4_info_reqs.htm#item_definition_structure_arm.effectivity_controlled_assembly_definition
航空 / 航天,显式组合孔,Explicit_composite_hole,mechanical_design_features_and_requirements,ap242,0,https://www.steptools.com/stds/smrl/data/modules/mechanical_design_features_and_requirements/sys/4_info_reqs.htm#mechanical_design_features_and_requirements_arm.explicit_composite_hole
航空 / 航天,完全受约束副,Fully_constrained_pair,kinematic_structure,ap242,0,https://www.steptools.com/stds/smrl/data/modules/kinematic_structure/sys/4_info_reqs.htm#kinematic_structure_arm.fully_constrained_pair
航空 / 航天,功能分解,Functional_breakdown,functional_breakdown,ap242,0,https://www.steptools.com/stds/smrl/data/modules/functional_breakdown/sys/4_info_reqs.htm#functional_breakdown_arm.functional_breakdown
航空 / 航天,功能分解上下文,Functional_breakdown_context,functional_breakdown,ap242,0,https://www.steptools.com/stds/smrl/data/modules/functional_breakdown/sys/4_info_reqs.htm#functional_breakdown_arm.functional_breakdown_context
航空 / 航天,功能分解版本,Functional_breakdown_version,functional_breakdown,ap242,0,https://www.steptools.com/stds/smrl/data/modules/functional_breakdown/sys/4_info_reqs.htm#functional_breakdown_arm.functional_breakdown_version
航空 / 航天,功能元素,Functional_element,functional_breakdown,ap242,0,https://www.steptools.com/stds/smrl/data/modules/functional_breakdown/sys/4_info_reqs.htm#functional_breakdown_arm.functional_element
航空 / 航天,功能元素定义,Functional_element_definition,functional_breakdown,ap242,2,https://www.steptools.com/stds/smrl/data/modules/functional_breakdown/sys/4_info_reqs.htm#functional_breakdown_arm.functional_element_definition
航空 / 航天,功能元素用法,Functional_element_usage,functional_breakdown,ap242,0,https://www.steptools.com/stds/smrl/data/modules/functional_breakdown/sys/4_info_reqs.htm#functional_breakdown_arm.functional_element_usage
航空 / 航天,功能元素版本,Functional_element_version,functional_breakdown,ap242,0,https://www.steptools.com/stds/smrl/data/modules/functional_breakdown/sys/4_info_reqs.htm#functional_breakdown_arm.functional_element_version
航空 / 航天,齿轮副,Gear_pair,kinematic_structure,ap242,0,https://www.steptools.com/stds/smrl/data/modules/kinematic_structure/sys/4_info_reqs.htm#kinematic_structure_arm.gear_pair
航空 / 航天,齿轮副值,Gear_pair_value,kinematic_state,ap242,0,https://www.steptools.com/stds/smrl/data/modules/kinematic_state/sys/4_info_reqs.htm#kinematic_state_arm.gear_pair_value
航空 / 航天,齿轮副带范围,Gear_pair_with_range,kinematic_structure,ap242,0,https://www.steptools.com/stds/smrl/data/modules/kinematic_structure/sys/4_info_reqs.htm#kinematic_structure_arm.gear_pair_with_range
航空 / 航天,几何表示上下文带参数,Geometric_representation_context_with_parameter,kinematic_motion_representation,ap242,0,https://www.steptools.com/stds/smrl/data/modules/kinematic_motion_representation/sys/4_info_reqs.htm#kinematic_motion_representation_arm.geometric_representation_context_with_parameter
航空 / 航天,高次序运动学副,High_order_kinematic_pair,kinematic_structure,ap242,0,https://www.steptools.com/stds/smrl/data/modules/kinematic_structure/sys/4_info_reqs.htm#kinematic_structure_arm.high_order_kinematic_pair
航空 / 航天,等速副,Homokinetic_pair,kinematic_structure,ap242,0,https://www.steptools.com/stds/smrl/data/modules/kinematic_structure/sys/4_info_reqs.htm#kinematic_structure_arm.homokinetic_pair
航空 / 航天,不完整引用标记,Incomplete_reference_marking,incomplete_data_reference_mechanism,ap242,0,https://www.steptools.com/stds/smrl/data/modules/incomplete_data_reference_mechanism/sys/4_info_reqs.htm#incomplete_data_reference_mechanism_arm.incomplete_reference_marking
航空 / 航天,插值配置表示,Interpolated_configuration_representation,kinematic_motion_representation,ap242,0,https://www.steptools.com/stds/smrl/data/modules/kinematic_motion_representation/sys/4_info_reqs.htm#kinematic_motion_representation_arm.interpolated_configuration_representation
航空 / 航天,插值配置段,Interpolated_configuration_segment,kinematic_motion_representation,ap242,0,https://www.steptools.com/stds/smrl/data/modules/kinematic_motion_representation/sys/4_info_reqs.htm#kinematic_motion_representation_arm.interpolated_configuration_segment
航空 / 航天,插值配置序列,Interpolated_configuration_sequence,kinematic_motion_representation,ap242,1,https://www.steptools.com/stds/smrl/data/modules/kinematic_motion_representation/sys/4_info_reqs.htm#kinematic_motion_representation_arm.interpolated_configuration_sequence
航空 / 航天,项链接运动关系,Item_link_motion_relationship,kinematic_motion_representation,ap242,0,https://www.steptools.com/stds/smrl/data/modules/kinematic_motion_representation/sys/4_info_reqs.htm#kinematic_motion_representation_arm.item_link_motion_relationship
航空 / 航天,运动学分析一致性,Kinematic_analysis_consistency,kinematic_analysis_control_and_result,ap242,0,https://www.steptools.com/stds/smrl/data/modules/kinematic_analysis_control_and_result/sys/4_info_reqs.htm#kinematic_analysis_control_and_result_arm.kinematic_analysis_consistency
航空 / 航天,运动学分析结果,Kinematic_analysis_result,kinematic_analysis_control_and_result,ap242,0,https://www.steptools.com/stds/smrl/data/modules/kinematic_analysis_control_and_result/sys/4_info_reqs.htm#kinematic_analysis_control_and_result_arm.kinematic_analysis_result
航空 / 航天,运动学控制,Kinematic_control,kinematic_analysis_control_and_result,ap242,0,https://www.steptools.com/stds/smrl/data/modules/kinematic_analysis_control_and_result/sys/4_info_reqs.htm#kinematic_analysis_control_and_result_arm.kinematic_control
航空 / 航天,运动副,Kinematic_joint,kinematic_topology,ap242,3,https://www.steptools.com/stds/smrl/data/modules/kinematic_topology/sys/4_info_reqs.htm#kinematic_topology_arm.kinematic_joint
航空 / 航天,运动学链接,Kinematic_link,kinematic_topology,ap242,2,https://www.steptools.com/stds/smrl/data/modules/kinematic_topology/sys/4_info_reqs.htm#kinematic_topology_arm.kinematic_link
航空 / 航天,运动学链接表示,Kinematic_link_representation,kinematic_structure,ap242,3,https://www.steptools.com/stds/smrl/data/modules/kinematic_structure/sys/4_info_reqs.htm#kinematic_structure_arm.kinematic_link_representation
航空 / 航天,运动学链接表示关联,Kinematic_link_representation_association,kinematic_structure,ap242,2,https://www.steptools.com/stds/smrl/data/modules/kinematic_structure/sys/4_info_reqs.htm#kinematic_structure_arm.kinematic_link_representation_association
航空 / 航天,运动学环,Kinematic_loop,kinematic_topology,ap242,0,https://www.steptools.com/stds/smrl/data/modules/kinematic_topology/sys/4_info_reqs.htm#kinematic_topology_arm.kinematic_loop
航空 / 航天,运动副对,Kinematic_pair,kinematic_structure,ap242,1,https://www.steptools.com/stds/smrl/data/modules/kinematic_structure/sys/4_info_reqs.htm#kinematic_structure_arm.kinematic_pair
航空 / 航天,运动学路径,Kinematic_path,kinematic_motion_representation,ap242,2,https://www.steptools.com/stds/smrl/data/modules/kinematic_motion_representation/sys/4_info_reqs.htm#kinematic_motion_representation_arm.kinematic_path
航空 / 航天,运动学路径定义按曲线,Kinematic_path_defined_by_curves,kinematic_motion_representation,ap242,0,https://www.steptools.com/stds/smrl/data/modules/kinematic_motion_representation/sys/4_info_reqs.htm#kinematic_motion_representation_arm.kinematic_path_defined_by_curves
航空 / 航天,运动学路径定义按节点,Kinematic_path_defined_by_nodes,kinematic_motion_representation,ap242,0,https://www.steptools.com/stds/smrl/data/modules/kinematic_motion_representation/sys/4_info_reqs.htm#kinematic_motion_representation_arm.kinematic_path_defined_by_nodes
航空 / 航天,运动学路径段,Kinematic_path_segment,kinematic_motion_representation,ap242,0,https://www.steptools.com/stds/smrl/data/modules/kinematic_motion_representation/sys/4_info_reqs.htm#kinematic_motion_representation_arm.kinematic_path_segment
航空 / 航天,运动学属性定义表示,Kinematic_property_definition_representation,kinematic_topology,ap242,1,https://www.steptools.com/stds/smrl/data/modules/kinematic_topology/sys/4_info_reqs.htm#kinematic_topology_arm.kinematic_property_definition_representation
航空 / 航天,运动学属性机构表示,Kinematic_property_mechanism_representation,kinematic_structure,ap242,0,https://www.steptools.com/stds/smrl/data/modules/kinematic_structure/sys/4_info_reqs.htm#kinematic_structure_arm.kinematic_property_mechanism_representation
航空 / 航天,运动学属性拓扑表示,Kinematic_property_topology_representation,kinematic_topology,ap242,0,https://www.steptools.com/stds/smrl/data/modules/kinematic_topology/sys/4_info_reqs.htm#kinematic_topology_arm.kinematic_property_topology_representation
航空 / 航天,运动学拓扑有向结构,Kinematic_topology_directed_structure,kinematic_topology,ap242,0,https://www.steptools.com/stds/smrl/data/modules/kinematic_topology/sys/4_info_reqs.htm#kinematic_topology_arm.kinematic_topology_directed_structure
航空 / 航天,运动学拓扑网络结构,Kinematic_topology_network_structure,kinematic_topology,ap242,0,https://www.steptools.com/stds/smrl/data/modules/kinematic_topology/sys/4_info_reqs.htm#kinematic_topology_arm.kinematic_topology_network_structure
航空 / 航天,运动学拓扑结构,Kinematic_topology_structure,kinematic_topology,ap242,0,https://www.steptools.com/stds/smrl/data/modules/kinematic_topology/sys/4_info_reqs.htm#kinematic_topology_arm.kinematic_topology_structure
航空 / 航天,运动学拓扑子结构,Kinematic_topology_substructure,kinematic_topology,ap242,0,https://www.steptools.com/stds/smrl/data/modules/kinematic_topology/sys/4_info_reqs.htm#kinematic_topology_arm.kinematic_topology_substructure
航空 / 航天,运动学拓扑树结构,Kinematic_topology_tree_structure,kinematic_topology,ap242,0,https://www.steptools.com/stds/smrl/data/modules/kinematic_topology/sys/4_info_reqs.htm#kinematic_topology_arm.kinematic_topology_tree_structure
航空 / 航天,线性柔性与小齿轮副,Linear_flexible_and_pinion_pair,kinematic_structure,ap242,0,https://www.steptools.com/stds/smrl/data/modules/kinematic_structure/sys/4_info_reqs.htm#kinematic_structure_arm.linear_flexible_and_pinion_pair
航空 / 航天,线性柔性与平面曲线副,Linear_flexible_and_planar_curve_pair,kinematic_structure,ap242,0,https://www.steptools.com/stds/smrl/data/modules/kinematic_structure/sys/4_info_reqs.htm#kinematic_structure_arm.linear_flexible_and_planar_curve_pair
航空 / 航天,线性柔性链接表示,Linear_flexible_link_representation,kinematic_structure,ap242,0,https://www.steptools.com/stds/smrl/data/modules/kinematic_structure/sys/4_info_reqs.htm#kinematic_structure_arm.linear_flexible_link_representation
航空 / 航天,线性路径,Linear_path,kinematic_motion_representation,ap242,0,https://www.steptools.com/stds/smrl/data/modules/kinematic_motion_representation/sys/4_info_reqs.htm#kinematic_motion_representation_arm.linear_path
航空 / 航天,链接运动关系,Link_motion_relationship,kinematic_motion_representation,ap242,1,https://www.steptools.com/stds/smrl/data/modules/kinematic_motion_representation/sys/4_info_reqs.htm#kinematic_motion_representation_arm.link_motion_relationship
航空 / 航天,链接运动表示沿路径,Link_motion_representation_along_path,kinematic_motion_representation,ap242,1,https://www.steptools.com/stds/smrl/data/modules/kinematic_motion_representation/sys/4_info_reqs.htm#kinematic_motion_representation_arm.link_motion_representation_along_path
航空 / 航天,链接运动变换,Link_motion_transformation,kinematic_motion_representation,ap242,0,https://www.steptools.com/stds/smrl/data/modules/kinematic_motion_representation/sys/4_info_reqs.htm#kinematic_motion_representation_arm.link_motion_transformation
航空 / 航天,低次序运动学副,Low_order_kinematic_pair,kinematic_structure,ap242,0,https://www.steptools.com/stds/smrl/data/modules/kinematic_structure/sys/4_info_reqs.htm#kinematic_structure_arm.low_order_kinematic_pair
航空 / 航天,低次序运动学副带运动耦合,Low_order_kinematic_pair_with_motion_coupling,kinematic_structure,ap242,0,https://www.steptools.com/stds/smrl/data/modules/kinematic_structure/sys/4_info_reqs.htm#kinematic_structure_arm.low_order_kinematic_pair_with_motion_coupling
航空 / 航天,机械设计沉孔孔实例在装配,Md_counterbore_hole_occurrence_in_assembly,mechanical_design_features_and_requirements,ap242,0,https://www.steptools.com/stds/smrl/data/modules/mechanical_design_features_and_requirements/sys/4_info_reqs.htm#mechanical_design_features_and_requirements_arm.md_counterbore_hole_occurrence_in_assembly
航空 / 航天,机械设计沉钻孔实例在装配,Md_counterdrill_hole_occurrence_in_assembly,mechanical_design_features_and_requirements,ap242,0,https://www.steptools.com/stds/smrl/data/modules/mechanical_design_features_and_requirements/sys/4_info_reqs.htm#mechanical_design_features_and_requirements_arm.md_counterdrill_hole_occurrence_in_assembly
航空 / 航天,机械设计锥形沉孔孔实例在装配,Md_countersink_hole_occurrence_in_assembly,mechanical_design_features_and_requirements,ap242,0,https://www.steptools.com/stds/smrl/data/modules/mechanical_design_features_and_requirements/sys/4_info_reqs.htm#mechanical_design_features_and_requirements_arm.md_countersink_hole_occurrence_in_assembly
航空 / 航天,机构表示,Mechanism_representation,kinematic_structure,ap242,3,https://www.steptools.com/stds/smrl/data/modules/kinematic_structure/sys/4_info_reqs.htm#kinematic_structure_arm.mechanism_representation
航空 / 航天,机构状态表示,Mechanism_state_representation,kinematic_state,ap242,1,https://www.steptools.com/stds/smrl/data/modules/kinematic_state/sys/4_info_reqs.htm#kinematic_state_arm.mechanism_state_representation
航空 / 航天,多层级引用代号,Multi_level_reference_designator,assembly_structure,ap242,4,https://www.steptools.com/stds/smrl/data/modules/assembly_structure/sys/4_info_reqs.htm#assembly_structure_arm.multi_level_reference_designator
航空 / 航天,下一个装配用法,Next_assembly_usage,assembly_structure,ap242,2,https://www.steptools.com/stds/smrl/data/modules/assembly_structure/sys/4_info_reqs.htm#assembly_structure_arm.next_assembly_usage
航空 / 航天,有向关节,Oriented_joint,kinematic_topology,ap242,0,https://www.steptools.com/stds/smrl/data/modules/kinematic_topology/sys/4_info_reqs.htm#kinematic_topology_arm.oriented_joint
航空 / 航天,副表示关系,Pair_representation_relationship,kinematic_structure,ap242,2,https://www.steptools.com/stds/smrl/data/modules/kinematic_structure/sys/4_info_reqs.htm#kinematic_structure_arm.pair_representation_relationship
航空 / 航天,副值,Pair_value,kinematic_state,ap242,1,https://www.steptools.com/stds/smrl/data/modules/kinematic_state/sys/4_info_reqs.htm#kinematic_state_arm.pair_value
航空 / 航天,路径节点,Path_node,kinematic_motion_representation,ap242,0,https://www.steptools.com/stds/smrl/data/modules/kinematic_motion_representation/sys/4_info_reqs.htm#kinematic_motion_representation_arm.path_node
航空 / 航天,路径参数表示,Path_parameter_representation,kinematic_motion_representation,ap242,1,https://www.steptools.com/stds/smrl/data/modules/kinematic_motion_representation/sys/4_info_reqs.htm#kinematic_motion_representation_arm.path_parameter_representation
航空 / 航天,路径参数表示上下文,Path_parameter_representation_context,kinematic_motion_representation,ap242,0,https://www.steptools.com/stds/smrl/data/modules/kinematic_motion_representation/sys/4_info_reqs.htm#kinematic_motion_representation_arm.path_parameter_representation_context
航空 / 航天,物理分解,Physical_breakdown,physical_breakdown,ap242,0,https://www.steptools.com/stds/smrl/data/modules/physical_breakdown/sys/4_info_reqs.htm#physical_breakdown_arm.physical_breakdown
航空 / 航天,物理分解上下文,Physical_breakdown_context,physical_breakdown,ap242,0,https://www.steptools.com/stds/smrl/data/modules/physical_breakdown/sys/4_info_reqs.htm#physical_breakdown_arm.physical_breakdown_context
航空 / 航天,物理分解版本,Physical_breakdown_version,physical_breakdown,ap242,0,https://www.steptools.com/stds/smrl/data/modules/physical_breakdown/sys/4_info_reqs.htm#physical_breakdown_arm.physical_breakdown_version
航空 / 航天,物理元素,Physical_element,physical_breakdown,ap242,0,https://www.steptools.com/stds/smrl/data/modules/physical_breakdown/sys/4_info_reqs.htm#physical_breakdown_arm.physical_element
航空 / 航天,物理元素定义,Physical_element_definition,physical_breakdown,ap242,4,https://www.steptools.com/stds/smrl/data/modules/physical_breakdown/sys/4_info_reqs.htm#physical_breakdown_arm.physical_element_definition
航空 / 航天,物理元素放置,Physical_element_placement,product_placement,ap242,0,https://www.steptools.com/stds/smrl/data/modules/product_placement/sys/4_info_reqs.htm#product_placement_arm.physical_element_placement
航空 / 航天,物理元素用法,Physical_element_usage,physical_breakdown,ap242,0,https://www.steptools.com/stds/smrl/data/modules/physical_breakdown/sys/4_info_reqs.htm#physical_breakdown_arm.physical_element_usage
航空 / 航天,物理元素版本,Physical_element_version,physical_breakdown,ap242,0,https://www.steptools.com/stds/smrl/data/modules/physical_breakdown/sys/4_info_reqs.htm#physical_breakdown_arm.physical_element_version
航空 / 航天,平面曲线副,Planar_curve_pair,kinematic_structure,ap242,0,https://www.steptools.com/stds/smrl/data/modules/kinematic_structure/sys/4_info_reqs.htm#kinematic_structure_arm.planar_curve_pair
航空 / 航天,平面曲线副范围,Planar_curve_pair_range,kinematic_structure,ap242,0,https://www.steptools.com/stds/smrl/data/modules/kinematic_structure/sys/4_info_reqs.htm#kinematic_structure_arm.planar_curve_pair_range
航空 / 航天,平面副,Planar_pair,kinematic_structure,ap242,0,https://www.steptools.com/stds/smrl/data/modules/kinematic_structure/sys/4_info_reqs.htm#kinematic_structure_arm.planar_pair
航空 / 航天,平面副值,Planar_pair_value,kinematic_state,ap242,0,https://www.steptools.com/stds/smrl/data/modules/kinematic_state/sys/4_info_reqs.htm#kinematic_state_arm.planar_pair_value
航空 / 航天,平面副带范围,Planar_pair_with_range,kinematic_structure,ap242,0,https://www.steptools.com/stds/smrl/data/modules/kinematic_structure/sys/4_info_reqs.htm#kinematic_structure_arm.planar_pair_with_range
航空 / 航天,点在平面曲线副,Point_on_planar_curve_pair,kinematic_structure,ap242,0,https://www.steptools.com/stds/smrl/data/modules/kinematic_structure/sys/4_info_reqs.htm#kinematic_structure_arm.point_on_planar_curve_pair
航空 / 航天,点在平面曲线副值,Point_on_planar_curve_pair_value,kinematic_state,ap242,0,https://www.steptools.com/stds/smrl/data/modules/kinematic_state/sys/4_info_reqs.htm#kinematic_state_arm.point_on_planar_curve_pair_value
航空 / 航天,点在平面曲线副带范围,Point_on_planar_curve_pair_with_range,kinematic_structure,ap242,0,https://www.steptools.com/stds/smrl/data/modules/kinematic_structure/sys/4_info_reqs.htm#kinematic_structure_arm.point_on_planar_curve_pair_with_range
航空 / 航天,点在曲面副,Point_on_surface_pair,kinematic_structure,ap242,0,https://www.steptools.com/stds/smrl/data/modules/kinematic_structure/sys/4_info_reqs.htm#kinematic_structure_arm.point_on_surface_pair
航空 / 航天,点在曲面副值,Point_on_surface_pair_value,kinematic_state,ap242,0,https://www.steptools.com/stds/smrl/data/modules/kinematic_state/sys/4_info_reqs.htm#kinematic_state_arm.point_on_surface_pair_value
航空 / 航天,点在曲面副带范围,Point_on_surface_pair_with_range,kinematic_structure,ap242,0,https://www.steptools.com/stds/smrl/data/modules/kinematic_structure/sys/4_info_reqs.htm#kinematic_structure_arm.point_on_surface_pair_with_range
航空 / 航天,点到点路径,Point_to_point_path,kinematic_motion_representation,ap242,0,https://www.steptools.com/stds/smrl/data/modules/kinematic_motion_representation/sys/4_info_reqs.htm#kinematic_motion_representation_arm.point_to_point_path
航空 / 航天,规定路径,Prescribed_path,kinematic_analysis_control_and_result,ap242,1,https://www.steptools.com/stds/smrl/data/modules/kinematic_analysis_control_and_result/sys/4_info_reqs.htm#kinematic_analysis_control_and_result_arm.prescribed_path
航空 / 航天,棱柱副,Prismatic_pair,kinematic_structure,ap242,0,https://www.steptools.com/stds/smrl/data/modules/kinematic_structure/sys/4_info_reqs.htm#kinematic_structure_arm.prismatic_pair
航空 / 航天,棱柱副值,Prismatic_pair_value,kinematic_state,ap242,0,https://www.steptools.com/stds/smrl/data/modules/kinematic_state/sys/4_info_reqs.htm#kinematic_state_arm.prismatic_pair_value
航空 / 航天,棱柱副带范围,Prismatic_pair_with_range,kinematic_structure,ap242,0,https://www.steptools.com/stds/smrl/data/modules/kinematic_structure/sys/4_info_reqs.htm#kinematic_structure_arm.prismatic_pair_with_range
航空 / 航天,产品定义元素关系,Product_definition_element_relationship,product_breakdown,ap242,0,https://www.steptools.com/stds/smrl/data/modules/product_breakdown/sys/4_info_reqs.htm#product_breakdown_arm.product_definition_element_relationship
航空 / 航天,产品定义运动学,Product_definition_kinematics,kinematic_topology,ap242,0,https://www.steptools.com/stds/smrl/data/modules/kinematic_topology/sys/4_info_reqs.htm#kinematic_topology_arm.product_definition_kinematics
航空 / 航天,产品定义关系运动学,Product_definition_relationship_kinematics,kinematic_structure,ap242,0,https://www.steptools.com/stds/smrl/data/modules/kinematic_structure/sys/4_info_reqs.htm#kinematic_structure_arm.product_definition_relationship_kinematics
航空 / 航天,产品实例定义关系,Product_occurrence_definition_relationship,assembly_structure,ap242,6,https://www.steptools.com/stds/smrl/data/modules/assembly_structure/sys/4_info_reqs.htm#assembly_structure_arm.product_occurrence_definition_relationship
航空 / 航天,产品结构链接运动关联,Product_structure_link_motion_association,kinematic_motion_representation,ap242,0,https://www.steptools.com/stds/smrl/data/modules/kinematic_motion_representation/sys/4_info_reqs.htm#kinematic_motion_representation_arm.product_structure_link_motion_association
航空 / 航天,承诺性用法,Promissory_usage,assembly_structure,ap242,1,https://www.steptools.com/stds/smrl/data/modules/assembly_structure/sys/4_info_reqs.htm#assembly_structure_arm.promissory_usage
航空 / 航天,齿条与小齿轮副,Rack_and_pinion_pair,kinematic_structure,ap242,0,https://www.steptools.com/stds/smrl/data/modules/kinematic_structure/sys/4_info_reqs.htm#kinematic_structure_arm.rack_and_pinion_pair
航空 / 航天,齿条与小齿轮副值,Rack_and_pinion_pair_value,kinematic_state,ap242,0,https://www.steptools.com/stds/smrl/data/modules/kinematic_state/sys/4_info_reqs.htm#kinematic_state_arm.rack_and_pinion_pair_value
航空 / 航天,齿条与小齿轮副带范围,Rack_and_pinion_pair_with_range,kinematic_structure,ap242,0,https://www.steptools.com/stds/smrl/data/modules/kinematic_structure/sys/4_info_reqs.htm#kinematic_structure_arm.rack_and_pinion_pair_with_range
航空 / 航天,矩形组合曲面,Rectangular_composite_surface,composite_surface,ap242,0,https://www.steptools.com/stds/smrl/data/modules/composite_surface/sys/4_info_reqs.htm#composite_surface_arm.rectangular_composite_surface
航空 / 航天,结果路径,Resulting_path,kinematic_analysis_control_and_result,ap242,1,https://www.steptools.com/stds/smrl/data/modules/kinematic_analysis_control_and_result/sys/4_info_reqs.htm#kinematic_analysis_control_and_result_arm.resulting_path
航空 / 航天,旋转副,Revolute_pair,kinematic_structure,ap242,0,https://www.steptools.com/stds/smrl/data/modules/kinematic_structure/sys/4_info_reqs.htm#kinematic_structure_arm.revolute_pair
航空 / 航天,旋转副值,Revolute_pair_value,kinematic_state,ap242,0,https://www.steptools.com/stds/smrl/data/modules/kinematic_state/sys/4_info_reqs.htm#kinematic_state_arm.revolute_pair_value
航空 / 航天,旋转副带范围,Revolute_pair_with_range,kinematic_structure,ap242,0,https://www.steptools.com/stds/smrl/data/modules/kinematic_structure/sys/4_info_reqs.htm#kinematic_structure_arm.revolute_pair_with_range
航空 / 航天,刚性链接表示,Rigid_link_representation,kinematic_structure,ap242,0,https://www.steptools.com/stds/smrl/data/modules/kinematic_structure/sys/4_info_reqs.htm#kinematic_structure_arm.rigid_link_representation
航空 / 航天,滚动曲线副,Rolling_curve_pair,kinematic_structure,ap242,0,https://www.steptools.com/stds/smrl/data/modules/kinematic_structure/sys/4_info_reqs.htm#kinematic_structure_arm.rolling_curve_pair
航空 / 航天,滚动曲线副值,Rolling_curve_pair_value,kinematic_state,ap242,0,https://www.steptools.com/stds/smrl/data/modules/kinematic_state/sys/4_info_reqs.htm#kinematic_state_arm.rolling_curve_pair_value
航空 / 航天,滚动曲面副,Rolling_surface_pair,kinematic_structure,ap242,0,https://www.steptools.com/stds/smrl/data/modules/kinematic_structure/sys/4_info_reqs.htm#kinematic_structure_arm.rolling_surface_pair
航空 / 航天,滚动曲面副值,Rolling_surface_pair_value,kinematic_state,ap242,0,https://www.steptools.com/stds/smrl/data/modules/kinematic_state/sys/4_info_reqs.htm#kinematic_state_arm.rolling_surface_pair_value
航空 / 航天,旋转关于方向,Rotation_about_direction,kinematic_state,ap242,1,https://www.steptools.com/stds/smrl/data/modules/kinematic_state/sys/4_info_reqs.htm#kinematic_state_arm.rotation_about_direction
航空 / 航天,螺旋副,Screw_pair,kinematic_structure,ap242,0,https://www.steptools.com/stds/smrl/data/modules/kinematic_structure/sys/4_info_reqs.htm#kinematic_structure_arm.screw_pair
航空 / 航天,螺旋副值,Screw_pair_value,kinematic_state,ap242,0,https://www.steptools.com/stds/smrl/data/modules/kinematic_state/sys/4_info_reqs.htm#kinematic_state_arm.screw_pair_value
航空 / 航天,螺旋副带范围,Screw_pair_with_range,kinematic_structure,ap242,0,https://www.steptools.com/stds/smrl/data/modules/kinematic_structure/sys/4_info_reqs.htm#kinematic_structure_arm.screw_pair_with_range
航空 / 航天,滑动曲线副,Sliding_curve_pair,kinematic_structure,ap242,0,https://www.steptools.com/stds/smrl/data/modules/kinematic_structure/sys/4_info_reqs.htm#kinematic_structure_arm.sliding_curve_pair
航空 / 航天,滑动曲线副值,Sliding_curve_pair_value,kinematic_state,ap242,0,https://www.steptools.com/stds/smrl/data/modules/kinematic_state/sys/4_info_reqs.htm#kinematic_state_arm.sliding_curve_pair_value
航空 / 航天,滑动曲面副,Sliding_surface_pair,kinematic_structure,ap242,0,https://www.steptools.com/stds/smrl/data/modules/kinematic_structure/sys/4_info_reqs.htm#kinematic_structure_arm.sliding_surface_pair
航空 / 航天,滑动曲面副值,Sliding_surface_pair_value,kinematic_state,ap242,0,https://www.steptools.com/stds/smrl/data/modules/kinematic_state/sys/4_info_reqs.htm#kinematic_state_arm.sliding_surface_pair_value
航空 / 航天,规范类别分解影响,Specification_category_breakdown_influence,specification_control,ap242,0,https://www.steptools.com/stds/smrl/data/modules/specification_control/sys/4_info_reqs.htm#specification_control_arm.specification_category_breakdown_influence
航空 / 航天,球形副,Spherical_pair,kinematic_structure,ap242,0,https://www.steptools.com/stds/smrl/data/modules/kinematic_structure/sys/4_info_reqs.htm#kinematic_structure_arm.spherical_pair
航空 / 航天,球形副值,Spherical_pair_value,kinematic_state,ap242,0,https://www.steptools.com/stds/smrl/data/modules/kinematic_state/sys/4_info_reqs.htm#kinematic_state_arm.spherical_pair_value
航空 / 航天,球形副带销,Spherical_pair_with_pin,kinematic_structure,ap242,0,https://www.steptools.com/stds/smrl/data/modules/kinematic_structure/sys/4_info_reqs.htm#kinematic_structure_arm.spherical_pair_with_pin
航空 / 航天,球形副带销与范围,Spherical_pair_with_pin_and_range,kinematic_structure,ap242,0,https://www.steptools.com/stds/smrl/data/modules/kinematic_structure/sys/4_info_reqs.htm#kinematic_structure_arm.spherical_pair_with_pin_and_range
航空 / 航天,球形副带范围,Spherical_pair_with_range,kinematic_structure,ap242,0,https://www.steptools.com/stds/smrl/data/modules/kinematic_structure/sys/4_info_reqs.htm#kinematic_structure_arm.spherical_pair_with_range
航空 / 航天,锪平面实例在装配,Spotface_occurrence_in_assembly,mechanical_design_features_and_requirements,ap242,0,https://www.steptools.com/stds/smrl/data/modules/mechanical_design_features_and_requirements/sys/4_info_reqs.htm#mechanical_design_features_and_requirements_arm.spotface_occurrence_in_assembly
航空 / 航天,SU参数,Su_parameters,kinematic_structure,ap242,1,https://www.steptools.com/stds/smrl/data/modules/kinematic_structure/sys/4_info_reqs.htm#kinematic_structure_arm.su_parameters
航空 / 航天,曲面副,Surface_pair,kinematic_structure,ap242,0,https://www.steptools.com/stds/smrl/data/modules/kinematic_structure/sys/4_info_reqs.htm#kinematic_structure_arm.surface_pair
航空 / 航天,曲面副带范围,Surface_pair_with_range,kinematic_structure,ap242,0,https://www.steptools.com/stds/smrl/data/modules/kinematic_structure/sys/4_info_reqs.htm#kinematic_structure_arm.surface_pair_with_range
航空 / 航天,曲面面片,Surface_patch,composite_surface,ap242,0,https://www.steptools.com/stds/smrl/data/modules/composite_surface/sys/4_info_reqs.htm#composite_surface_arm.surface_patch
航空 / 航天,刀具附件点框架,Tool_attachment_point_frame,kinematic_structure,ap242,0,https://www.steptools.com/stds/smrl/data/modules/kinematic_structure/sys/4_info_reqs.htm#kinematic_structure_arm.tool_attachment_point_frame
航空 / 航天,刀具中心点框架,Tool_centre_point_frame,kinematic_structure,ap242,0,https://www.steptools.com/stds/smrl/data/modules/kinematic_structure/sys/4_info_reqs.htm#kinematic_structure_arm.tool_centre_point_frame
航空 / 航天,裁剪曲面,Trimmed_surface,composite_surface,ap242,3,https://www.steptools.com/stds/smrl/data/modules/composite_surface/sys/4_info_reqs.htm#composite_surface_arm.trimmed_surface
航空 / 航天,无约束副,Unconstrained_pair,kinematic_structure,ap242,0,https://www.steptools.com/stds/smrl/data/modules/kinematic_structure/sys/4_info_reqs.htm#kinematic_structure_arm.unconstrained_pair
航空 / 航天,无约束副值,Unconstrained_pair_value,kinematic_state,ap242,0,https://www.steptools.com/stds/smrl/data/modules/kinematic_state/sys/4_info_reqs.htm#kinematic_state_arm.unconstrained_pair_value
航空 / 航天,通用副,Universal_pair,kinematic_structure,ap242,0,https://www.steptools.com/stds/smrl/data/modules/kinematic_structure/sys/4_info_reqs.htm#kinematic_structure_arm.universal_pair
航空 / 航天,通用副值,Universal_pair_value,kinematic_state,ap242,0,https://www.steptools.com/stds/smrl/data/modules/kinematic_state/sys/4_info_reqs.htm#kinematic_state_arm.universal_pair_value
航空 / 航天,通用副带范围,Universal_pair_with_range,kinematic_structure,ap242,0,https://www.steptools.com/stds/smrl/data/modules/kinematic_structure/sys/4_info_reqs.htm#kinematic_structure_arm.universal_pair_with_range
汽车 / 车辆,受驱动运动副对,Actuated_kinematic_pair,kinematic_structure,ap242,0,https://www.steptools.com/stds/smrl/data/modules/kinematic_structure/sys/4_info_reqs.htm#kinematic_structure_arm.actuated_kinematic_pair
汽车 / 车辆,高级边界表示形状表示,Advanced_brep_shape_representation,advanced_boundary_representation,ap242,2,https://www.steptools.com/stds/smrl/data/modules/advanced_boundary_representation/sys/4_info_reqs.htm#advanced_boundary_representation_arm.advanced_brep_shape_representation
汽车 / 车辆,受影响平面公差区域,Affected_plane_tolerance_zone,geometric_tolerance,ap242,0,https://www.steptools.com/stds/smrl/data/modules/geometric_tolerance/sys/4_info_reqs.htm#geometric_tolerance_arm.affected_plane_tolerance_zone
汽车 / 车辆,全部绕形状元素,All_around_shape_element,geometric_tolerance,ap242,0,https://www.steptools.com/stds/smrl/data/modules/geometric_tolerance/sys/4_info_reqs.htm#geometric_tolerance_arm.all_around_shape_element
汽车 / 车辆,全部绕形状元素沿集合平面,All_around_shape_element_along_collection_plane,geometric_tolerance,ap242,0,https://www.steptools.com/stds/smrl/data/modules/geometric_tolerance/sys/4_info_reqs.htm#geometric_tolerance_arm.all_around_shape_element_along_collection_plane
汽车 / 车辆,角加减边界,Angle_plus_minus_bounds,dimension_tolerance,ap242,2,https://www.steptools.com/stds/smrl/data/modules/dimension_tolerance/sys/4_info_reqs.htm#dimension_tolerance_arm.angle_plus_minus_bounds
汽车 / 车辆,角度位置,Angular_location,dimension_tolerance,ap242,0,https://www.steptools.com/stds/smrl/data/modules/dimension_tolerance/sys/4_info_reqs.htm#dimension_tolerance_arm.angular_location
汽车 / 车辆,角度尺寸,Angular_size,dimension_tolerance,ap242,0,https://www.steptools.com/stds/smrl/data/modules/dimension_tolerance/sys/4_info_reqs.htm#dimension_tolerance_arm.angular_size
汽车 / 车辆,倾斜度公差,Angularity_tolerance,geometric_tolerance,ap242,0,https://www.steptools.com/stds/smrl/data/modules/geometric_tolerance/sys/4_info_reqs.htm#geometric_tolerance_arm.angularity_tolerance
汽车 / 车辆,标注占位符实例,Annotation_placeholder_occurrence,dimension_and_tolerance_callouts,ap242,1,https://www.steptools.com/stds/smrl/data/modules/dimension_and_tolerance_callouts/sys/4_info_reqs.htm#dimension_and_tolerance_callouts_arm.annotation_placeholder_occurrence
汽车 / 车辆,关联尺寸文本,Associated_dimension_text,dimension_and_tolerance_callouts,ap242,0,https://www.steptools.com/stds/smrl/data/modules/dimension_and_tolerance_callouts/sys/4_info_reqs.htm#dimension_and_tolerance_callouts_arm.associated_dimension_text
汽车 / 车辆,属性分类,Attribute_classification,attribute_classification,ap242,0,https://www.steptools.com/stds/smrl/data/modules/attribute_classification/sys/4_info_reqs.htm#attribute_classification_arm.attribute_classification
汽车 / 车辆,属性平移赋值,Attribute_translation_assignment,multi_linguism,ap242,0,https://www.steptools.com/stds/smrl/data/modules/multi_linguism/sys/4_info_reqs.htm#multi_linguism_arm.attribute_translation_assignment
汽车 / 车辆,轴放置形状元素,Axis_placement_shape_element,datum_and_datum_systems,ap242,3,https://www.steptools.com/stds/smrl/data/modules/datum_and_datum_systems/sys/4_info_reqs.htm#datum_and_datum_systems_arm.axis_placement_shape_element
汽车 / 车辆,基本圆孔,Basic_round_hole,mechanical_design_features_and_requirements,ap242,1,https://www.steptools.com/stds/smrl/data/modules/mechanical_design_features_and_requirements/sys/4_info_reqs.htm#mechanical_design_features_and_requirements_arm.basic_round_hole
汽车 / 车辆,基本圆孔实例,Basic_round_hole_occurrence,mechanical_design_features_and_requirements,ap242,0,https://www.steptools.com/stds/smrl/data/modules/mechanical_design_features_and_requirements/sys/4_info_reqs.htm#mechanical_design_features_and_requirements_arm.basic_round_hole_occurrence
汽车 / 车辆,基本圆孔实例在装配,Basic_round_hole_occurrence_in_assembly,mechanical_design_features_and_requirements,ap242,0,https://www.steptools.com/stds/smrl/data/modules/mechanical_design_features_and_requirements/sys/4_info_reqs.htm#mechanical_design_features_and_requirements_arm.basic_round_hole_occurrence_in_assembly
汽车 / 车辆,介于形状元素,Between_shape_element,geometric_tolerance,ap242,0,https://www.steptools.com/stds/smrl/data/modules/geometric_tolerance/sys/4_info_reqs.htm#geometric_tolerance_arm.between_shape_element
汽车 / 车辆,锥齿轮,Bevel_gear,machining_features,ap242,0,https://www.steptools.com/stds/smrl/data/modules/machining_features/sys/4_info_reqs.htm#machining_features_arm.bevel_gear
汽车 / 车辆,凸台,Boss,machining_features,ap242,1,https://www.steptools.com/stds/smrl/data/modules/machining_features/sys/4_info_reqs.htm#machining_features_arm.boss
汽车 / 车辆,凸台顶部条件,Boss_top_condition,machining_features,ap242,0,https://www.steptools.com/stds/smrl/data/modules/machining_features/sys/4_info_reqs.htm#machining_features_arm.boss_top_condition
汽车 / 车辆,标准齿轮,Catalogue_gear,machining_features,ap242,0,https://www.steptools.com/stds/smrl/data/modules/machining_features/sys/4_info_reqs.htm#machining_features_arm.catalogue_gear
汽车 / 车辆,标准滚花,Catalogue_knurl,machining_features,ap242,0,https://www.steptools.com/stds/smrl/data/modules/machining_features/sys/4_info_reqs.htm#machining_features_arm.catalogue_knurl
汽车 / 车辆,标准标记,Catalogue_marking,machining_features,ap242,0,https://www.steptools.com/stds/smrl/data/modules/machining_features/sys/4_info_reqs.htm#machining_features_arm.catalogue_marking
汽车 / 车辆,标准螺纹,Catalogue_thread,machining_features,ap242,0,https://www.steptools.com/stds/smrl/data/modules/machining_features/sys/4_info_reqs.htm#machining_features_arm.catalogue_thread
汽车 / 车辆,倒角,Chamfer,machining_features,ap242,0,https://www.steptools.com/stds/smrl/data/modules/machining_features/sys/4_info_reqs.htm#machining_features_arm.chamfer
汽车 / 车辆,倒角角,Chamfer_angle,machining_features,ap242,0,https://www.steptools.com/stds/smrl/data/modules/machining_features/sys/4_info_reqs.htm#machining_features_arm.chamfer_angle
汽车 / 车辆,圆形凸台,Circular_boss,machining_features,ap242,0,https://www.steptools.com/stds/smrl/data/modules/machining_features/sys/4_info_reqs.htm#machining_features_arm.circular_boss
汽车 / 车辆,圆形切口,Circular_cutout,machining_features,ap242,0,https://www.steptools.com/stds/smrl/data/modules/machining_features/sys/4_info_reqs.htm#machining_features_arm.circular_cutout
汽车 / 车辆,圆形偏置阵列,Circular_offset_pattern,machining_features,ap242,0,https://www.steptools.com/stds/smrl/data/modules/machining_features/sys/4_info_reqs.htm#machining_features_arm.circular_offset_pattern
汽车 / 车辆,圆形省略阵列,Circular_omit_pattern,machining_features,ap242,0,https://www.steptools.com/stds/smrl/data/modules/machining_features/sys/4_info_reqs.htm#machining_features_arm.circular_omit_pattern
汽车 / 车辆,圆形路径,Circular_path,kinematic_motion_representation,ap242,0,https://www.steptools.com/stds/smrl/data/modules/kinematic_motion_representation/sys/4_info_reqs.htm#kinematic_motion_representation_arm.circular_path
汽车 / 车辆,圆形阵列,Circular_pattern,machining_features,ap242,0,https://www.steptools.com/stds/smrl/data/modules/machining_features/sys/4_info_reqs.htm#machining_features_arm.circular_pattern
汽车 / 车辆,圆形跳动公差,Circular_runout_tolerance,geometric_tolerance,ap242,0,https://www.steptools.com/stds/smrl/data/modules/geometric_tolerance/sys/4_info_reqs.htm#geometric_tolerance_arm.circular_runout_tolerance
汽车 / 车辆,类层次,Class_hierarchy,classification_with_attributes,ap242,0,https://www.steptools.com/stds/smrl/data/modules/classification_with_attributes/sys/4_info_reqs.htm#classification_with_attributes_arm.class_hierarchy
汽车 / 车辆,类带属性,Class_with_attributes,classification_with_attributes,ap242,3,https://www.steptools.com/stds/smrl/data/modules/classification_with_attributes/sys/4_info_reqs.htm#classification_with_attributes_arm.class_with_attributes
汽车 / 车辆,分类关联,Classification_association,classification_with_attributes,ap242,1,https://www.steptools.com/stds/smrl/data/modules/classification_with_attributes/sys/4_info_reqs.htm#classification_with_attributes_arm.classification_association
汽车 / 车辆,分类属性,Classification_attribute,classification_with_attributes,ap242,0,https://www.steptools.com/stds/smrl/data/modules/classification_with_attributes/sys/4_info_reqs.htm#classification_with_attributes_arm.classification_attribute
汽车 / 车辆,分类系统,Classification_system,classification_with_attributes,ap242,0,https://www.steptools.com/stds/smrl/data/modules/classification_with_attributes/sys/4_info_reqs.htm#classification_with_attributes_arm.classification_system
汽车 / 车辆,闭合槽,Closed_slot,machining_features,ap242,0,https://www.steptools.com/stds/smrl/data/modules/machining_features/sys/4_info_reqs.htm#machining_features_arm.closed_slot
汽车 / 车辆,涂层层,Coating_layer,surface_conditions,ap242,2,https://www.steptools.com/stds/smrl/data/modules/surface_conditions/sys/4_info_reqs.htm#surface_conditions_arm.coating_layer
汽车 / 车辆,同轴度公差,Coaxiality_tolerance,geometric_tolerance,ap242,0,https://www.steptools.com/stds/smrl/data/modules/geometric_tolerance/sys/4_info_reqs.htm#geometric_tolerance_arm.coaxiality_tolerance
汽车 / 车辆,同轴度公差,Concentricity_tolerance,geometric_tolerance,ap242,0,https://www.steptools.com/stds/smrl/data/modules/geometric_tolerance/sys/4_info_reqs.htm#geometric_tolerance_arm.concentricity_tolerance
汽车 / 车辆,圆锥面孔底部,Conical_hole_bottom,machining_features,ap242,0,https://www.steptools.com/stds/smrl/data/modules/machining_features/sys/4_info_reqs.htm#machining_features_arm.conical_hole_bottom
汽车 / 车辆,常量半径圆角,Constant_radius_fillet,machining_features,ap242,0,https://www.steptools.com/stds/smrl/data/modules/machining_features/sys/4_info_reqs.htm#machining_features_arm.constant_radius_fillet
汽车 / 车辆,接触比,Contact_ratio,surface_conditions,ap242,0,https://www.steptools.com/stds/smrl/data/modules/surface_conditions/sys/4_info_reqs.htm#surface_conditions_arm.contact_ratio
汽车 / 车辆,接触特征,Contacting_feature,datum_and_datum_systems,ap242,0,https://www.steptools.com/stds/smrl/data/modules/datum_and_datum_systems/sys/4_info_reqs.htm#datum_and_datum_systems_arm.contacting_feature
汽车 / 车辆,上下文相关运动学链接表示,Context_dependent_kinematic_link_representation,kinematic_structure,ap242,0,https://www.steptools.com/stds/smrl/data/modules/kinematic_structure/sys/4_info_reqs.htm#kinematic_structure_arm.context_dependent_kinematic_link_representation
汽车 / 车辆,连续形状元素,Continuous_shape_element,geometric_tolerance,ap242,0,https://www.steptools.com/stds/smrl/data/modules/geometric_tolerance/sys/4_info_reqs.htm#geometric_tolerance_arm.continuous_shape_element
汽车 / 车辆,沉孔孔,Counterbore_hole,machining_features,ap242,0,https://www.steptools.com/stds/smrl/data/modules/machining_features/sys/4_info_reqs.htm#machining_features_arm.counterbore_hole
汽车 / 车辆,锥形沉孔孔,Countersunk_hole,machining_features,ap242,0,https://www.steptools.com/stds/smrl/data/modules/machining_features/sys/4_info_reqs.htm#machining_features_arm.countersunk_hole
汽车 / 车辆,构造实体几何实体,Csg_solid,primitive_solids,ap242,0,https://www.steptools.com/stds/smrl/data/modules/primitive_solids/sys/4_info_reqs.htm#primitive_solids_arm.csg_solid
汽车 / 车辆,曲线基于路径,Curve_based_path,kinematic_motion_representation,ap242,0,https://www.steptools.com/stds/smrl/data/modules/kinematic_motion_representation/sys/4_info_reqs.htm#kinematic_motion_representation_arm.curve_based_path
汽车 / 车辆,曲线基于路径带定向,Curve_based_path_with_orientation,kinematic_motion_representation,ap242,0,https://www.steptools.com/stds/smrl/data/modules/kinematic_motion_representation/sys/4_info_reqs.htm#kinematic_motion_representation_arm.curve_based_path_with_orientation
汽车 / 车辆,曲线基于路径带定向与参数,Curve_based_path_with_orientation_and_parameters,kinematic_motion_representation,ap242,0,https://www.steptools.com/stds/smrl/data/modules/kinematic_motion_representation/sys/4_info_reqs.htm#kinematic_motion_representation_arm.curve_based_path_with_orientation_and_parameters
汽车 / 车辆,曲线字体阵列,Curve_font_pattern,styled_curve,ap242,0,https://www.steptools.com/stds/smrl/data/modules/styled_curve/sys/4_info_reqs.htm#styled_curve_arm.curve_font_pattern
汽车 / 车辆,曲线距离,Curved_distance,dimension_tolerance,ap242,0,https://www.steptools.com/stds/smrl/data/modules/dimension_tolerance/sys/4_info_reqs.htm#dimension_tolerance_arm.curved_distance
汽车 / 车辆,曲线尺寸,Curved_size,dimension_tolerance,ap242,0,https://www.steptools.com/stds/smrl/data/modules/dimension_tolerance/sys/4_info_reqs.htm#dimension_tolerance_arm.curved_size
汽车 / 车辆,切口特征,Cutout_feature,machining_features,ap242,0,https://www.steptools.com/stds/smrl/data/modules/machining_features/sys/4_info_reqs.htm#machining_features_arm.cutout_feature
汽车 / 车辆,圆柱副,Cylindrical_pair,kinematic_structure,ap242,0,https://www.steptools.com/stds/smrl/data/modules/kinematic_structure/sys/4_info_reqs.htm#kinematic_structure_arm.cylindrical_pair
汽车 / 车辆,圆柱副值,Cylindrical_pair_value,kinematic_state,ap242,0,https://www.steptools.com/stds/smrl/data/modules/kinematic_state/sys/4_info_reqs.htm#kinematic_state_arm.cylindrical_pair_value
汽车 / 车辆,圆柱副带范围,Cylindrical_pair_with_range,kinematic_structure,ap242,0,https://www.steptools.com/stds/smrl/data/modules/kinematic_structure/sys/4_info_reqs.htm#kinematic_structure_arm.cylindrical_pair_with_range
汽车 / 车辆,圆柱度公差,Cylindricity_tolerance,geometric_tolerance,ap242,0,https://www.steptools.com/stds/smrl/data/modules/geometric_tolerance/sys/4_info_reqs.htm#geometric_tolerance_arm.cylindricity_tolerance
汽车 / 车辆,基准,Datum,datum_and_datum_systems,ap242,2,https://www.steptools.com/stds/smrl/data/modules/datum_and_datum_systems/sys/4_info_reqs.htm#datum_and_datum_systems_arm.datum
汽车 / 车辆,基准特征,Datum_feature,datum_and_datum_systems,ap242,0,https://www.steptools.com/stds/smrl/data/modules/datum_and_datum_systems/sys/4_info_reqs.htm#datum_and_datum_systems_arm.datum_feature
汽车 / 车辆,基准特征注记,Datum_feature_callout,draughting_element_specialisations,ap242,0,https://www.steptools.com/stds/smrl/data/modules/draughting_element_specialisations/sys/4_info_reqs.htm#draughting_element_specialisations_arm.datum_feature_callout
汽车 / 车辆,基准引用格,Datum_reference_compartment,datum_and_datum_systems,ap242,1,https://www.steptools.com/stds/smrl/data/modules/datum_and_datum_systems/sys/4_info_reqs.htm#datum_and_datum_systems_arm.datum_reference_compartment
汽车 / 车辆,基准引用元素,Datum_reference_element,datum_and_datum_systems,ap242,0,https://www.steptools.com/stds/smrl/data/modules/datum_and_datum_systems/sys/4_info_reqs.htm#datum_and_datum_systems_arm.datum_reference_element
汽车 / 车辆,基准引用修饰符带值,Datum_reference_modifier_with_value,datum_and_datum_systems,ap242,0,https://www.steptools.com/stds/smrl/data/modules/datum_and_datum_systems/sys/4_info_reqs.htm#datum_and_datum_systems_arm.datum_reference_modifier_with_value
汽车 / 车辆,基准系统,Datum_system,datum_and_datum_systems,ap242,14,https://www.steptools.com/stds/smrl/data/modules/datum_and_datum_systems/sys/4_info_reqs.htm#datum_and_datum_systems_arm.datum_system
汽车 / 车辆,基准系统带关联模型坐标系统,Datum_system_with_associated_model_coordinate_system,datum_and_datum_systems,ap242,1,https://www.steptools.com/stds/smrl/data/modules/datum_and_datum_systems/sys/4_info_reqs.htm#datum_and_datum_systems_arm.datum_system_with_associated_model_coordinate_system
汽车 / 车辆,基准目标,Datum_target,datum_and_datum_systems,ap242,0,https://www.steptools.com/stds/smrl/data/modules/datum_and_datum_systems/sys/4_info_reqs.htm#datum_and_datum_systems_arm.datum_target
汽车 / 车辆,基准目标注记,Datum_target_callout,draughting_element_specialisations,ap242,0,https://www.steptools.com/stds/smrl/data/modules/draughting_element_specialisations/sys/4_info_reqs.htm#draughting_element_specialisations_arm.datum_target_callout
汽车 / 车辆,默认倒角,Default_chamfer,default_setting_association,ap242,0,https://www.steptools.com/stds/smrl/data/modules/default_setting_association/sys/4_info_reqs.htm#default_setting_association_arm.default_chamfer
汽车 / 车辆,默认圆角,Default_fillet,default_setting_association,ap242,0,https://www.steptools.com/stds/smrl/data/modules/default_setting_association/sys/4_info_reqs.htm#default_setting_association_arm.default_fillet
汽车 / 车辆,定义齿轮,Defined_gear,machining_features,ap242,0,https://www.steptools.com/stds/smrl/data/modules/machining_features/sys/4_info_reqs.htm#machining_features_arm.defined_gear
汽车 / 车辆,定义标记,Defined_marking,machining_features,ap242,0,https://www.steptools.com/stds/smrl/data/modules/machining_features/sys/4_info_reqs.htm#machining_features_arm.defined_marking
汽车 / 车辆,定义螺纹,Defined_thread,machining_features,ap242,0,https://www.steptools.com/stds/smrl/data/modules/machining_features/sys/4_info_reqs.htm#machining_features_arm.defined_thread
汽车 / 车辆,对角滚花,Diagonal_knurl,machining_features,ap242,0,https://www.steptools.com/stds/smrl/data/modules/machining_features/sys/4_info_reqs.htm#machining_features_arm.diagonal_knurl
汽车 / 车辆,直径尺寸,Diameter_size,dimension_tolerance,ap242,0,https://www.steptools.com/stds/smrl/data/modules/dimension_tolerance/sys/4_info_reqs.htm#dimension_tolerance_arm.diameter_size
汽车 / 车辆,菱形滚花,Diamond_knurl,machining_features,ap242,0,https://www.steptools.com/stds/smrl/data/modules/machining_features/sys/4_info_reqs.htm#machining_features_arm.diamond_knurl
汽车 / 车辆,尺寸,Dimension,draughting_element_specialisations,ap242,0,https://www.steptools.com/stds/smrl/data/modules/draughting_element_specialisations/sys/4_info_reqs.htm#draughting_element_specialisations_arm.dimension
汽车 / 车辆,尺寸注记,Dimension_callout,draughting_element_specialisations,ap242,0,https://www.steptools.com/stds/smrl/data/modules/draughting_element_specialisations/sys/4_info_reqs.htm#draughting_element_specialisations_arm.dimension_callout
汽车 / 车辆,尺寸注记关系,Dimension_callout_relationship,draughting_element_specialisations,ap242,0,https://www.steptools.com/stds/smrl/data/modules/draughting_element_specialisations/sys/4_info_reqs.htm#draughting_element_specialisations_arm.dimension_callout_relationship
汽车 / 车辆,尺寸曲线,Dimension_curve,draughting_element,ap242,1,https://www.steptools.com/stds/smrl/data/modules/draughting_element/sys/4_info_reqs.htm#draughting_element_arm.dimension_curve
汽车 / 车辆,尺寸曲线有向注记,Dimension_curve_directed_callout,draughting_element,ap242,0,https://www.steptools.com/stds/smrl/data/modules/draughting_element/sys/4_info_reqs.htm#draughting_element_arm.dimension_curve_directed_callout
汽车 / 车辆,尺寸曲线终止符,Dimension_curve_terminator,draughting_annotation,ap242,0,https://www.steptools.com/stds/smrl/data/modules/draughting_annotation/sys/4_info_reqs.htm#draughting_annotation_arm.dimension_curve_terminator
汽车 / 车辆,尺寸曲线终止符到投影曲线关联性,Dimension_curve_terminator_to_projection_curve_associativity,dimension_and_tolerance_callouts,ap242,0,https://www.steptools.com/stds/smrl/data/modules/dimension_and_tolerance_callouts/sys/4_info_reqs.htm#dimension_and_tolerance_callouts_arm.dimension_curve_terminator_to_projection_curve_associativity
汽车 / 车辆,尺寸前缀,Dimension_prefix,draughting_element_specialisations,ap242,1,https://www.steptools.com/stds/smrl/data/modules/draughting_element_specialisations/sys/4_info_reqs.htm#draughting_element_specialisations_arm.dimension_prefix
汽车 / 车辆,尺寸序列副,Dimension_sequence_pair,draughting_element_specialisations,ap242,0,https://www.steptools.com/stds/smrl/data/modules/draughting_element_specialisations/sys/4_info_reqs.htm#draughting_element_specialisations_arm.dimension_sequence_pair
汽车 / 车辆,尺寸后缀,Dimension_suffix,draughting_element_specialisations,ap242,1,https://www.steptools.com/stds/smrl/data/modules/draughting_element_specialisations/sys/4_info_reqs.htm#draughting_element_specialisations_arm.dimension_suffix
汽车 / 车辆,尺寸符号,Dimension_symbol,draughting_annotation,ap242,0,https://www.steptools.com/stds/smrl/data/modules/draughting_annotation/sys/4_info_reqs.htm#draughting_annotation_arm.dimension_symbol
汽车 / 车辆,尺寸文本,Dimension_text,associative_text,ap242,5,https://www.steptools.com/stds/smrl/data/modules/associative_text/sys/4_info_reqs.htm#associative_text_arm.dimension_text
汽车 / 车辆,尺寸值,Dimension_value,draughting_element_specialisations,ap242,0,https://www.steptools.com/stds/smrl/data/modules/draughting_element_specialisations/sys/4_info_reqs.htm#draughting_element_specialisations_arm.dimension_value
汽车 / 车辆,尺寸值带限制,Dimension_value_with_limitation,dimension_tolerance,ap242,0,https://www.steptools.com/stds/smrl/data/modules/dimension_tolerance/sys/4_info_reqs.htm#dimension_tolerance_arm.dimension_value_with_limitation
汽车 / 车辆,尺寸位置,Dimensional_location,dimension_tolerance,ap242,4,https://www.steptools.com/stds/smrl/data/modules/dimension_tolerance/sys/4_info_reqs.htm#dimension_tolerance_arm.dimensional_location
汽车 / 车辆,尺寸位置带基准特征,Dimensional_location_with_datum_feature,dimension_tolerance,ap242,1,https://www.steptools.com/stds/smrl/data/modules/dimension_tolerance/sys/4_info_reqs.htm#dimension_tolerance_arm.dimensional_location_with_datum_feature
汽车 / 车辆,尺寸尺寸,Dimensional_size,dimension_tolerance,ap242,4,https://www.steptools.com/stds/smrl/data/modules/dimension_tolerance/sys/4_info_reqs.htm#dimension_tolerance_arm.dimensional_size
汽车 / 车辆,尺寸尺寸带基准特征,Dimensional_size_with_datum_feature,dimension_tolerance,ap242,1,https://www.steptools.com/stds/smrl/data/modules/dimension_tolerance/sys/4_info_reqs.htm#dimension_tolerance_arm.dimensional_size_with_datum_feature
汽车 / 车辆,有向或有向公差区域,Directed_or_oriented_tolerance_zone,geometric_tolerance,ap242,6,https://www.steptools.com/stds/smrl/data/modules/geometric_tolerance/sys/4_info_reqs.htm#geometric_tolerance_arm.directed_or_oriented_tolerance_zone
汽车 / 车辆,有向公差区域,Directed_tolerance_zone,geometric_tolerance,ap242,0,https://www.steptools.com/stds/smrl/data/modules/geometric_tolerance/sys/4_info_reqs.htm#geometric_tolerance_arm.directed_tolerance_zone
汽车 / 车辆,制图模型项关联带占位符,Draughting_model_item_association_with_placeholder,dimension_and_tolerance_callouts,ap242,0,https://www.steptools.com/stds/smrl/data/modules/dimension_and_tolerance_callouts/sys/4_info_reqs.htm#dimension_and_tolerance_callouts_arm.draughting_model_item_association_with_placeholder
汽车 / 车辆,边的未定义形状尺寸,Edge_of_undefined_shape_size,dimension_tolerance,ap242,0,https://www.steptools.com/stds/smrl/data/modules/dimension_tolerance/sys/4_info_reqs.htm#dimension_tolerance_arm.edge_of_undefined_shape_size
汽车 / 车辆,基本边界表示形状表示,Elementary_brep_shape_representation,elementary_boundary_representation,ap242,0,https://www.steptools.com/stds/smrl/data/modules/elementary_boundary_representation/sys/4_info_reqs.htm#elementary_boundary_representation_arm.elementary_brep_shape_representation
汽车 / 车辆,显式组合孔,Explicit_composite_hole,mechanical_design_features_and_requirements,ap242,0,https://www.steptools.com/stds/smrl/data/modules/mechanical_design_features_and_requirements/sys/4_info_reqs.htm#mechanical_design_features_and_requirements_arm.explicit_composite_hole
汽车 / 车辆,显式圆孔,Explicit_round_hole,mechanical_design_features_and_requirements,ap242,0,https://www.steptools.com/stds/smrl/data/modules/mechanical_design_features_and_requirements/sys/4_info_reqs.htm#mechanical_design_features_and_requirements_arm.explicit_round_hole
汽车 / 车辆,扩展视觉外观,Extended_visual_appearance,surface_conditions,ap242,0,https://www.steptools.com/stds/smrl/data/modules/surface_conditions/sys/4_info_reqs.htm#surface_conditions_arm.extended_visual_appearance
汽车 / 车辆,外部类带属性,External_class_with_attributes,classification_with_attributes,ap242,0,https://www.steptools.com/stds/smrl/data/modules/classification_with_attributes/sys/4_info_reqs.htm#classification_with_attributes_arm.external_class_with_attributes
汽车 / 车辆,分面边界表示形状表示,Faceted_brep_shape_representation,faceted_boundary_representation,ap242,1,https://www.steptools.com/stds/smrl/data/modules/faceted_boundary_representation/sys/4_info_reqs.htm#faceted_boundary_representation_arm.faceted_brep_shape_representation
汽车 / 车辆,圆角,Fillet,machining_features,ap242,0,https://www.steptools.com/stds/smrl/data/modules/machining_features/sys/4_info_reqs.htm#machining_features_arm.fillet
汽车 / 车辆,第一倒角偏置,First_chamfer_offset,machining_features,ap242,0,https://www.steptools.com/stds/smrl/data/modules/machining_features/sys/4_info_reqs.htm#machining_features_arm.first_chamfer_offset
汽车 / 车辆,平面孔底部,Flat_hole_bottom,machining_features,ap242,0,https://www.steptools.com/stds/smrl/data/modules/machining_features/sys/4_info_reqs.htm#machining_features_arm.flat_hole_bottom
汽车 / 车辆,平面槽端类型,Flat_slot_end_type,machining_features,ap242,0,https://www.steptools.com/stds/smrl/data/modules/machining_features/sys/4_info_reqs.htm#machining_features_arm.flat_slot_end_type
汽车 / 车辆,平面带半径孔底部,Flat_with_radius_hole_bottom,machining_features,ap242,0,https://www.steptools.com/stds/smrl/data/modules/machining_features/sys/4_info_reqs.htm#machining_features_arm.flat_with_radius_hole_bottom
汽车 / 车辆,平面带锥度孔底部,Flat_with_taper_hole_bottom,machining_features,ap242,0,https://www.steptools.com/stds/smrl/data/modules/machining_features/sys/4_info_reqs.htm#machining_features_arm.flat_with_taper_hole_bottom
汽车 / 车辆,平面度公差,Flatness_tolerance,geometric_tolerance,ap242,0,https://www.steptools.com/stds/smrl/data/modules/geometric_tolerance/sys/4_info_reqs.htm#geometric_tolerance_arm.flatness_tolerance
汽车 / 车辆,完全受约束副,Fully_constrained_pair,kinematic_structure,ap242,0,https://www.steptools.com/stds/smrl/data/modules/kinematic_structure/sys/4_info_reqs.htm#kinematic_structure_arm.fully_constrained_pair
汽车 / 车辆,齿轮,Gear,machining_features,ap242,1,https://www.steptools.com/stds/smrl/data/modules/machining_features/sys/4_info_reqs.htm#machining_features_arm.gear
汽车 / 车辆,齿轮副,Gear_pair,kinematic_structure,ap242,0,https://www.steptools.com/stds/smrl/data/modules/kinematic_structure/sys/4_info_reqs.htm#kinematic_structure_arm.gear_pair
汽车 / 车辆,齿轮副值,Gear_pair_value,kinematic_state,ap242,0,https://www.steptools.com/stds/smrl/data/modules/kinematic_state/sys/4_info_reqs.htm#kinematic_state_arm.gear_pair_value
汽车 / 车辆,齿轮副带范围,Gear_pair_with_range,kinematic_structure,ap242,0,https://www.steptools.com/stds/smrl/data/modules/kinematic_structure/sys/4_info_reqs.htm#kinematic_structure_arm.gear_pair_with_range
汽车 / 车辆,通用凸台,General_boss,machining_features,ap242,0,https://www.steptools.com/stds/smrl/data/modules/machining_features/sys/4_info_reqs.htm#machining_features_arm.general_boss
汽车 / 车辆,通用切口,General_cutout,machining_features,ap242,0,https://www.steptools.com/stds/smrl/data/modules/machining_features/sys/4_info_reqs.htm#machining_features_arm.general_cutout
汽车 / 车辆,通用基准引用,General_datum_reference,datum_and_datum_systems,ap242,1,https://www.steptools.com/stds/smrl/data/modules/datum_and_datum_systems/sys/4_info_reqs.htm#datum_and_datum_systems_arm.general_datum_reference
汽车 / 车辆,通用阵列,General_pattern,machining_features,ap242,0,https://www.steptools.com/stds/smrl/data/modules/machining_features/sys/4_info_reqs.htm#machining_features_arm.general_pattern
汽车 / 车辆,通用凹槽,General_pocket,machining_features,ap242,0,https://www.steptools.com/stds/smrl/data/modules/machining_features/sys/4_info_reqs.htm#machining_features_arm.general_pocket
汽车 / 车辆,通用凹槽底部条件,General_pocket_bottom_condition,machining_features,ap242,0,https://www.steptools.com/stds/smrl/data/modules/machining_features/sys/4_info_reqs.htm#machining_features_arm.general_pocket_bottom_condition
汽车 / 车辆,通用加强筋顶部底,General_rib_top_floor,machining_features,ap242,0,https://www.steptools.com/stds/smrl/data/modules/machining_features/sys/4_info_reqs.htm#machining_features_arm.general_rib_top_floor
汽车 / 车辆,通用公差表,General_tolerance_table,default_tolerance,ap242,0,https://www.steptools.com/stds/smrl/data/modules/default_tolerance/sys/4_info_reqs.htm#default_tolerance_arm.general_tolerance_table
汽车 / 车辆,通用公差,General_tolerances,default_tolerance,ap242,0,https://www.steptools.com/stds/smrl/data/modules/default_tolerance/sys/4_info_reqs.htm#default_tolerance_arm.general_tolerances
汽车 / 车辆,几何尺寸,Geometric_dimension,dimension_tolerance,ap242,3,https://www.steptools.com/stds/smrl/data/modules/dimension_tolerance/sys/4_info_reqs.htm#dimension_tolerance_arm.geometric_dimension
汽车 / 车辆,几何占位符集合,Geometric_placeholder_set,dimension_and_tolerance_callouts,ap242,1,https://www.steptools.com/stds/smrl/data/modules/dimension_and_tolerance_callouts/sys/4_info_reqs.htm#dimension_and_tolerance_callouts_arm.geometric_placeholder_set
汽车 / 车辆,几何表示上下文带参数,Geometric_representation_context_with_parameter,kinematic_motion_representation,ap242,0,https://www.steptools.com/stds/smrl/data/modules/kinematic_motion_representation/sys/4_info_reqs.htm#kinematic_motion_representation_arm.geometric_representation_context_with_parameter
汽车 / 车辆,几何公差,Geometric_tolerance,geometric_tolerance,ap242,5,https://www.steptools.com/stds/smrl/data/modules/geometric_tolerance/sys/4_info_reqs.htm#geometric_tolerance_arm.geometric_tolerance
汽车 / 车辆,几何公差辅助分类,Geometric_tolerance_auxiliary_classification,geometric_tolerance,ap242,0,https://www.steptools.com/stds/smrl/data/modules/geometric_tolerance/sys/4_info_reqs.htm#geometric_tolerance_arm.geometric_tolerance_auxiliary_classification
汽车 / 车辆,几何公差注记,Geometric_tolerance_callout,draughting_element_specialisations,ap242,0,https://www.steptools.com/stds/smrl/data/modules/draughting_element_specialisations/sys/4_info_reqs.htm#draughting_element_specialisations_arm.geometric_tolerance_callout
汽车 / 车辆,几何公差关系,Geometric_tolerance_relationship,geometric_tolerance,ap242,0,https://www.steptools.com/stds/smrl/data/modules/geometric_tolerance/sys/4_info_reqs.htm#geometric_tolerance_arm.geometric_tolerance_relationship
汽车 / 车辆,几何公差符号,Geometric_tolerance_symbol,draughting_annotation,ap242,0,https://www.steptools.com/stds/smrl/data/modules/draughting_annotation/sys/4_info_reqs.htm#draughting_annotation_arm.geometric_tolerance_symbol
汽车 / 车辆,GPS过滤,Gps_filter,geometric_tolerance,ap242,0,https://www.steptools.com/stds/smrl/data/modules/geometric_tolerance/sys/4_info_reqs.htm#geometric_tolerance_arm.gps_filter
汽车 / 车辆,GPS过滤规范,Gps_filtration_specification,geometric_tolerance,ap242,0,https://www.steptools.com/stds/smrl/data/modules/geometric_tolerance/sys/4_info_reqs.htm#geometric_tolerance_arm.gps_filtration_specification
汽车 / 车辆,槽,Groove,machining_features,ap242,0,https://www.steptools.com/stds/smrl/data/modules/machining_features/sys/4_info_reqs.htm#machining_features_arm.groove
汽车 / 车辆,硬度,Hardness,surface_conditions,ap242,0,https://www.steptools.com/stds/smrl/data/modules/surface_conditions/sys/4_info_reqs.htm#surface_conditions_arm.hardness
汽车 / 车辆,螺旋锥齿轮,Helical_bevel_gear,machining_features,ap242,0,https://www.steptools.com/stds/smrl/data/modules/machining_features/sys/4_info_reqs.htm#machining_features_arm.helical_bevel_gear
汽车 / 车辆,螺旋齿轮,Helical_gear,machining_features,ap242,0,https://www.steptools.com/stds/smrl/data/modules/machining_features/sys/4_info_reqs.htm#machining_features_arm.helical_gear
汽车 / 车辆,高次序运动学副,High_order_kinematic_pair,kinematic_structure,ap242,0,https://www.steptools.com/stds/smrl/data/modules/kinematic_structure/sys/4_info_reqs.htm#kinematic_structure_arm.high_order_kinematic_pair
汽车 / 车辆,孔,Hole,machining_features,ap242,1,https://www.steptools.com/stds/smrl/data/modules/machining_features/sys/4_info_reqs.htm#machining_features_arm.hole
汽车 / 车辆,等速副,Homokinetic_pair,kinematic_structure,ap242,0,https://www.steptools.com/stds/smrl/data/modules/kinematic_structure/sys/4_info_reqs.htm#kinematic_structure_arm.homokinetic_pair
汽车 / 车辆,不完整引用标记,Incomplete_reference_marking,incomplete_data_reference_mechanism,ap242,0,https://www.steptools.com/stds/smrl/data/modules/incomplete_data_reference_mechanism/sys/4_info_reqs.htm#incomplete_data_reference_mechanism_arm.incomplete_reference_marking
汽车 / 车辆,插值配置表示,Interpolated_configuration_representation,kinematic_motion_representation,ap242,0,https://www.steptools.com/stds/smrl/data/modules/kinematic_motion_representation/sys/4_info_reqs.htm#kinematic_motion_representation_arm.interpolated_configuration_representation
汽车 / 车辆,插值配置段,Interpolated_configuration_segment,kinematic_motion_representation,ap242,0,https://www.steptools.com/stds/smrl/data/modules/kinematic_motion_representation/sys/4_info_reqs.htm#kinematic_motion_representation_arm.interpolated_configuration_segment
汽车 / 车辆,插值配置序列,Interpolated_configuration_sequence,kinematic_motion_representation,ap242,1,https://www.steptools.com/stds/smrl/data/modules/kinematic_motion_representation/sys/4_info_reqs.htm#kinematic_motion_representation_arm.interpolated_configuration_sequence
汽车 / 车辆,项链接运动关系,Item_link_motion_relationship,kinematic_motion_representation,ap242,0,https://www.steptools.com/stds/smrl/data/modules/kinematic_motion_representation/sys/4_info_reqs.htm#kinematic_motion_representation_arm.item_link_motion_relationship
汽车 / 车辆,运动学分析一致性,Kinematic_analysis_consistency,kinematic_analysis_control_and_result,ap242,0,https://www.steptools.com/stds/smrl/data/modules/kinematic_analysis_control_and_result/sys/4_info_reqs.htm#kinematic_analysis_control_and_result_arm.kinematic_analysis_consistency
汽车 / 车辆,运动学分析结果,Kinematic_analysis_result,kinematic_analysis_control_and_result,ap242,0,https://www.steptools.com/stds/smrl/data/modules/kinematic_analysis_control_and_result/sys/4_info_reqs.htm#kinematic_analysis_control_and_result_arm.kinematic_analysis_result
汽车 / 车辆,运动学控制,Kinematic_control,kinematic_analysis_control_and_result,ap242,0,https://www.steptools.com/stds/smrl/data/modules/kinematic_analysis_control_and_result/sys/4_info_reqs.htm#kinematic_analysis_control_and_result_arm.kinematic_control
汽车 / 车辆,运动副,Kinematic_joint,kinematic_topology,ap242,3,https://www.steptools.com/stds/smrl/data/modules/kinematic_topology/sys/4_info_reqs.htm#kinematic_topology_arm.kinematic_joint
汽车 / 车辆,运动学链接,Kinematic_link,kinematic_topology,ap242,2,https://www.steptools.com/stds/smrl/data/modules/kinematic_topology/sys/4_info_reqs.htm#kinematic_topology_arm.kinematic_link
汽车 / 车辆,运动学链接表示,Kinematic_link_representation,kinematic_structure,ap242,3,https://www.steptools.com/stds/smrl/data/modules/kinematic_structure/sys/4_info_reqs.htm#kinematic_structure_arm.kinematic_link_representation
汽车 / 车辆,运动学链接表示关联,Kinematic_link_representation_association,kinematic_structure,ap242,2,https://www.steptools.com/stds/smrl/data/modules/kinematic_structure/sys/4_info_reqs.htm#kinematic_structure_arm.kinematic_link_representation_association
汽车 / 车辆,运动学环,Kinematic_loop,kinematic_topology,ap242,0,https://www.steptools.com/stds/smrl/data/modules/kinematic_topology/sys/4_info_reqs.htm#kinematic_topology_arm.kinematic_loop
汽车 / 车辆,运动副对,Kinematic_pair,kinematic_structure,ap242,1,https://www.steptools.com/stds/smrl/data/modules/kinematic_structure/sys/4_info_reqs.htm#kinematic_structure_arm.kinematic_pair
汽车 / 车辆,运动学路径,Kinematic_path,kinematic_motion_representation,ap242,2,https://www.steptools.com/stds/smrl/data/modules/kinematic_motion_representation/sys/4_info_reqs.htm#kinematic_motion_representation_arm.kinematic_path
汽车 / 车辆,运动学路径定义按曲线,Kinematic_path_defined_by_curves,kinematic_motion_representation,ap242,0,https://www.steptools.com/stds/smrl/data/modules/kinematic_motion_representation/sys/4_info_reqs.htm#kinematic_motion_representation_arm.kinematic_path_defined_by_curves
汽车 / 车辆,运动学路径定义按节点,Kinematic_path_defined_by_nodes,kinematic_motion_representation,ap242,0,https://www.steptools.com/stds/smrl/data/modules/kinematic_motion_representation/sys/4_info_reqs.htm#kinematic_motion_representation_arm.kinematic_path_defined_by_nodes
汽车 / 车辆,运动学路径段,Kinematic_path_segment,kinematic_motion_representation,ap242,0,https://www.steptools.com/stds/smrl/data/modules/kinematic_motion_representation/sys/4_info_reqs.htm#kinematic_motion_representation_arm.kinematic_path_segment
汽车 / 车辆,运动学属性定义表示,Kinematic_property_definition_representation,kinematic_topology,ap242,1,https://www.steptools.com/stds/smrl/data/modules/kinematic_topology/sys/4_info_reqs.htm#kinematic_topology_arm.kinematic_property_definition_representation
汽车 / 车辆,运动学属性机构表示,Kinematic_property_mechanism_representation,kinematic_structure,ap242,0,https://www.steptools.com/stds/smrl/data/modules/kinematic_structure/sys/4_info_reqs.htm#kinematic_structure_arm.kinematic_property_mechanism_representation
汽车 / 车辆,运动学属性拓扑表示,Kinematic_property_topology_representation,kinematic_topology,ap242,0,https://www.steptools.com/stds/smrl/data/modules/kinematic_topology/sys/4_info_reqs.htm#kinematic_topology_arm.kinematic_property_topology_representation
汽车 / 车辆,运动学拓扑有向结构,Kinematic_topology_directed_structure,kinematic_topology,ap242,0,https://www.steptools.com/stds/smrl/data/modules/kinematic_topology/sys/4_info_reqs.htm#kinematic_topology_arm.kinematic_topology_directed_structure
汽车 / 车辆,运动学拓扑网络结构,Kinematic_topology_network_structure,kinematic_topology,ap242,0,https://www.steptools.com/stds/smrl/data/modules/kinematic_topology/sys/4_info_reqs.htm#kinematic_topology_arm.kinematic_topology_network_structure
汽车 / 车辆,运动学拓扑结构,Kinematic_topology_structure,kinematic_topology,ap242,0,https://www.steptools.com/stds/smrl/data/modules/kinematic_topology/sys/4_info_reqs.htm#kinematic_topology_arm.kinematic_topology_structure
汽车 / 车辆,运动学拓扑子结构,Kinematic_topology_substructure,kinematic_topology,ap242,0,https://www.steptools.com/stds/smrl/data/modules/kinematic_topology/sys/4_info_reqs.htm#kinematic_topology_arm.kinematic_topology_substructure
汽车 / 车辆,运动学拓扑树结构,Kinematic_topology_tree_structure,kinematic_topology,ap242,0,https://www.steptools.com/stds/smrl/data/modules/kinematic_topology/sys/4_info_reqs.htm#kinematic_topology_arm.kinematic_topology_tree_structure
汽车 / 车辆,滚花,Knurl,machining_features,ap242,1,https://www.steptools.com/stds/smrl/data/modules/machining_features/sys/4_info_reqs.htm#machining_features_arm.knurl
汽车 / 车辆,长度加减边界,Length_plus_minus_bounds,dimension_tolerance,ap242,7,https://www.steptools.com/stds/smrl/data/modules/dimension_tolerance/sys/4_info_reqs.htm#dimension_tolerance_arm.length_plus_minus_bounds
汽车 / 车辆,长度公差特征,Length_tolerance_characteristic,characteristic,ap242,0,https://www.steptools.com/stds/smrl/data/modules/characteristic/sys/4_info_reqs.htm#characteristic_arm.length_tolerance_characteristic
汽车 / 车辆,极限与配合,Limits_and_fits,dimension_tolerance,ap242,1,https://www.steptools.com/stds/smrl/data/modules/dimension_tolerance/sys/4_info_reqs.htm#dimension_tolerance_arm.limits_and_fits
汽车 / 车辆,线轮廓公差,Line_profile_tolerance,geometric_tolerance,ap242,1,https://www.steptools.com/stds/smrl/data/modules/geometric_tolerance/sys/4_info_reqs.htm#geometric_tolerance_arm.line_profile_tolerance
汽车 / 车辆,线性距离,Linear_distance,dimension_tolerance,ap242,0,https://www.steptools.com/stds/smrl/data/modules/dimension_tolerance/sys/4_info_reqs.htm#dimension_tolerance_arm.linear_distance
汽车 / 车辆,线性柔性与小齿轮副,Linear_flexible_and_pinion_pair,kinematic_structure,ap242,0,https://www.steptools.com/stds/smrl/data/modules/kinematic_structure/sys/4_info_reqs.htm#kinematic_structure_arm.linear_flexible_and_pinion_pair
汽车 / 车辆,线性柔性与平面曲线副,Linear_flexible_and_planar_curve_pair,kinematic_structure,ap242,0,https://www.steptools.com/stds/smrl/data/modules/kinematic_structure/sys/4_info_reqs.htm#kinematic_structure_arm.linear_flexible_and_planar_curve_pair
汽车 / 车辆,线性柔性链接表示,Linear_flexible_link_representation,kinematic_structure,ap242,0,https://www.steptools.com/stds/smrl/data/modules/kinematic_structure/sys/4_info_reqs.htm#kinematic_structure_arm.linear_flexible_link_representation
汽车 / 车辆,线性路径,Linear_path,kinematic_motion_representation,ap242,0,https://www.steptools.com/stds/smrl/data/modules/kinematic_motion_representation/sys/4_info_reqs.htm#kinematic_motion_representation_arm.linear_path
汽车 / 车辆,链接运动关系,Link_motion_relationship,kinematic_motion_representation,ap242,1,https://www.steptools.com/stds/smrl/data/modules/kinematic_motion_representation/sys/4_info_reqs.htm#kinematic_motion_representation_arm.link_motion_relationship
汽车 / 车辆,链接运动表示沿路径,Link_motion_representation_along_path,kinematic_motion_representation,ap242,1,https://www.steptools.com/stds/smrl/data/modules/kinematic_motion_representation/sys/4_info_reqs.htm#kinematic_motion_representation_arm.link_motion_representation_along_path
汽车 / 车辆,链接运动变换,Link_motion_transformation,kinematic_motion_representation,ap242,0,https://www.steptools.com/stds/smrl/data/modules/kinematic_motion_representation/sys/4_info_reqs.htm#kinematic_motion_representation_arm.link_motion_transformation
汽车 / 车辆,环槽端类型,Loop_slot_end_type,machining_features,ap242,0,https://www.steptools.com/stds/smrl/data/modules/machining_features/sys/4_info_reqs.htm#machining_features_arm.loop_slot_end_type
汽车 / 车辆,低次序运动学副,Low_order_kinematic_pair,kinematic_structure,ap242,0,https://www.steptools.com/stds/smrl/data/modules/kinematic_structure/sys/4_info_reqs.htm#kinematic_structure_arm.low_order_kinematic_pair
汽车 / 车辆,低次序运动学副带运动耦合,Low_order_kinematic_pair_with_motion_coupling,kinematic_structure,ap242,0,https://www.steptools.com/stds/smrl/data/modules/kinematic_structure/sys/4_info_reqs.htm#kinematic_structure_arm.low_order_kinematic_pair_with_motion_coupling
汽车 / 车辆,加工特征尺寸,Machining_feature_size,dimension_tolerance,ap242,0,https://www.steptools.com/stds/smrl/data/modules/dimension_tolerance/sys/4_info_reqs.htm#dimension_tolerance_arm.machining_feature_size
汽车 / 车辆,流形实体边界表示,Manifold_solid_brep,advanced_boundary_representation,ap242,2,https://www.steptools.com/stds/smrl/data/modules/advanced_boundary_representation/sys/4_info_reqs.htm#advanced_boundary_representation_arm.manifold_solid_brep
汽车 / 车辆,标记特征,Marking_feature,machining_features,ap242,1,https://www.steptools.com/stds/smrl/data/modules/machining_features/sys/4_info_reqs.htm#machining_features_arm.marking_feature
汽车 / 车辆,最大公差特征,Maximum_tolerance_characteristic,characteristic,ap242,0,https://www.steptools.com/stds/smrl/data/modules/characteristic/sys/4_info_reqs.htm#characteristic_arm.maximum_tolerance_characteristic
汽车 / 车辆,机械设计沉孔孔定义,Md_counterbore_hole_definition,mechanical_design_features_and_requirements,ap242,1,https://www.steptools.com/stds/smrl/data/modules/mechanical_design_features_and_requirements/sys/4_info_reqs.htm#mechanical_design_features_and_requirements_arm.md_counterbore_hole_definition
汽车 / 车辆,机械设计沉孔孔实例,Md_counterbore_hole_occurrence,mechanical_design_features_and_requirements,ap242,0,https://www.steptools.com/stds/smrl/data/modules/mechanical_design_features_and_requirements/sys/4_info_reqs.htm#mechanical_design_features_and_requirements_arm.md_counterbore_hole_occurrence
汽车 / 车辆,机械设计沉孔孔实例在装配,Md_counterbore_hole_occurrence_in_assembly,mechanical_design_features_and_requirements,ap242,0,https://www.steptools.com/stds/smrl/data/modules/mechanical_design_features_and_requirements/sys/4_info_reqs.htm#mechanical_design_features_and_requirements_arm.md_counterbore_hole_occurrence_in_assembly
汽车 / 车辆,机械设计沉钻孔定义,Md_counterdrill_hole_definition,mechanical_design_features_and_requirements,ap242,1,https://www.steptools.com/stds/smrl/data/modules/mechanical_design_features_and_requirements/sys/4_info_reqs.htm#mechanical_design_features_and_requirements_arm.md_counterdrill_hole_definition
汽车 / 车辆,机械设计沉钻孔实例,Md_counterdrill_hole_occurrence,mechanical_design_features_and_requirements,ap242,0,https://www.steptools.com/stds/smrl/data/modules/mechanical_design_features_and_requirements/sys/4_info_reqs.htm#mechanical_design_features_and_requirements_arm.md_counterdrill_hole_occurrence
汽车 / 车辆,机械设计沉钻孔实例在装配,Md_counterdrill_hole_occurrence_in_assembly,mechanical_design_features_and_requirements,ap242,0,https://www.steptools.com/stds/smrl/data/modules/mechanical_design_features_and_requirements/sys/4_info_reqs.htm#mechanical_design_features_and_requirements_arm.md_counterdrill_hole_occurrence_in_assembly
汽车 / 车辆,机械设计锥形沉孔孔定义,Md_countersink_hole_definition,mechanical_design_features_and_requirements,ap242,1,https://www.steptools.com/stds/smrl/data/modules/mechanical_design_features_and_requirements/sys/4_info_reqs.htm#mechanical_design_features_and_requirements_arm.md_countersink_hole_definition
汽车 / 车辆,机械设计锥形沉孔孔实例,Md_countersink_hole_occurrence,mechanical_design_features_and_requirements,ap242,0,https://www.steptools.com/stds/smrl/data/modules/mechanical_design_features_and_requirements/sys/4_info_reqs.htm#mechanical_design_features_and_requirements_arm.md_countersink_hole_occurrence
汽车 / 车辆,机械设计锥形沉孔孔实例在装配,Md_countersink_hole_occurrence_in_assembly,mechanical_design_features_and_requirements,ap242,0,https://www.steptools.com/stds/smrl/data/modules/mechanical_design_features_and_requirements/sys/4_info_reqs.htm#mechanical_design_features_and_requirements_arm.md_countersink_hole_occurrence_in_assembly
汽车 / 车辆,测量路径,Measurement_path,dimension_tolerance,ap242,2,https://www.steptools.com/stds/smrl/data/modules/dimension_tolerance/sys/4_info_reqs.htm#dimension_tolerance_arm.measurement_path
汽车 / 车辆,机构表示,Mechanism_representation,kinematic_structure,ap242,3,https://www.steptools.com/stds/smrl/data/modules/kinematic_structure/sys/4_info_reqs.htm#kinematic_structure_arm.mechanism_representation
汽车 / 车辆,机构状态表示,Mechanism_state_representation,kinematic_state,ap242,1,https://www.steptools.com/stds/smrl/data/modules/kinematic_state/sys/4_info_reqs.htm#kinematic_state_arm.mechanism_state_representation
汽车 / 车辆,最小公差特征,Minimum_tolerance_characteristic,characteristic,ap242,0,https://www.steptools.com/stds/smrl/data/modules/characteristic/sys/4_info_reqs.htm#characteristic_arm.minimum_tolerance_characteristic
汽车 / 车辆,名义三维派生特征,Nominal_3d_derived_feature,model_based_3d_geometrical_dimensioning_and_tolerancing_representation,ap242,1,https://www.steptools.com/stds/smrl/data/modules/model_based_3d_geometrical_dimensioning_and_tolerancing_representation/sys/4_info_reqs.htm#model_based_3d_geometrical_dimensioning_and_tolerancing_representation_arm.nominal_3d_derived_feature
汽车 / 车辆,名义三维边,Nominal_3d_edge,model_based_3d_geometrical_dimensioning_and_tolerancing_representation,ap242,0,https://www.steptools.com/stds/smrl/data/modules/model_based_3d_geometrical_dimensioning_and_tolerancing_representation/sys/4_info_reqs.htm#model_based_3d_geometrical_dimensioning_and_tolerancing_representation_arm.nominal_3d_edge
汽车 / 车辆,名义三维特征,Nominal_3d_feature,model_based_3d_geometrical_dimensioning_and_tolerancing_representation,ap242,2,https://www.steptools.com/stds/smrl/data/modules/model_based_3d_geometrical_dimensioning_and_tolerancing_representation/sys/4_info_reqs.htm#model_based_3d_geometrical_dimensioning_and_tolerancing_representation_arm.nominal_3d_feature
汽车 / 车辆,名义三维积分特征,Nominal_3d_integral_feature,model_based_3d_geometrical_dimensioning_and_tolerancing_representation,ap242,1,https://www.steptools.com/stds/smrl/data/modules/model_based_3d_geometrical_dimensioning_and_tolerancing_representation/sys/4_info_reqs.htm#model_based_3d_geometrical_dimensioning_and_tolerancing_representation_arm.nominal_3d_integral_feature
汽车 / 车辆,名义公差特征,Nominal_tolerance_characteristic,characteristic,ap242,0,https://www.steptools.com/stds/smrl/data/modules/characteristic/sys/4_info_reqs.htm#characteristic_arm.nominal_tolerance_characteristic
汽车 / 车辆,非均匀区域定义,Non_uniform_zone_definition,geometric_tolerance,ap242,0,https://www.steptools.com/stds/smrl/data/modules/geometric_tolerance/sys/4_info_reqs.htm#geometric_tolerance_arm.non_uniform_zone_definition
汽车 / 车辆,编号的十进制位,Number_of_decimal_places,default_tolerance,ap242,0,https://www.steptools.com/stds/smrl/data/modules/default_tolerance/sys/4_info_reqs.htm#default_tolerance_arm.number_of_decimal_places
汽车 / 车辆,开放槽,Open_slot,machining_features,ap242,0,https://www.steptools.com/stds/smrl/data/modules/machining_features/sys/4_info_reqs.htm#machining_features_arm.open_slot
汽车 / 车辆,开放槽端类型,Open_slot_end_type,machining_features,ap242,0,https://www.steptools.com/stds/smrl/data/modules/machining_features/sys/4_info_reqs.htm#machining_features_arm.open_slot_end_type
汽车 / 车辆,有向关节,Oriented_joint,kinematic_topology,ap242,0,https://www.steptools.com/stds/smrl/data/modules/kinematic_topology/sys/4_info_reqs.htm#kinematic_topology_arm.oriented_joint
汽车 / 车辆,有向公差区域,Oriented_tolerance_zone,geometric_tolerance,ap242,0,https://www.steptools.com/stds/smrl/data/modules/geometric_tolerance/sys/4_info_reqs.htm#geometric_tolerance_arm.oriented_tolerance_zone
汽车 / 车辆,副表示关系,Pair_representation_relationship,kinematic_structure,ap242,2,https://www.steptools.com/stds/smrl/data/modules/kinematic_structure/sys/4_info_reqs.htm#kinematic_structure_arm.pair_representation_relationship
汽车 / 车辆,副值,Pair_value,kinematic_state,ap242,1,https://www.steptools.com/stds/smrl/data/modules/kinematic_state/sys/4_info_reqs.htm#kinematic_state_arm.pair_value
汽车 / 车辆,平行度公差,Parallelism_tolerance,geometric_tolerance,ap242,1,https://www.steptools.com/stds/smrl/data/modules/geometric_tolerance/sys/4_info_reqs.htm#geometric_tolerance_arm.parallelism_tolerance
汽车 / 车辆,路径节点,Path_node,kinematic_motion_representation,ap242,0,https://www.steptools.com/stds/smrl/data/modules/kinematic_motion_representation/sys/4_info_reqs.htm#kinematic_motion_representation_arm.path_node
汽车 / 车辆,路径参数表示,Path_parameter_representation,kinematic_motion_representation,ap242,1,https://www.steptools.com/stds/smrl/data/modules/kinematic_motion_representation/sys/4_info_reqs.htm#kinematic_motion_representation_arm.path_parameter_representation
汽车 / 车辆,路径参数表示上下文,Path_parameter_representation_context,kinematic_motion_representation,ap242,0,https://www.steptools.com/stds/smrl/data/modules/kinematic_motion_representation/sys/4_info_reqs.htm#kinematic_motion_representation_arm.path_parameter_representation_context
汽车 / 车辆,垂直度公差,Perpendicularity_tolerance,geometric_tolerance,ap242,1,https://www.steptools.com/stds/smrl/data/modules/geometric_tolerance/sys/4_info_reqs.htm#geometric_tolerance_arm.perpendicularity_tolerance
汽车 / 车辆,放置目标,Placed_target,datum_and_datum_systems,ap242,0,https://www.steptools.com/stds/smrl/data/modules/datum_and_datum_systems/sys/4_info_reqs.htm#datum_and_datum_systems_arm.placed_target
汽车 / 车辆,平面曲线副,Planar_curve_pair,kinematic_structure,ap242,0,https://www.steptools.com/stds/smrl/data/modules/kinematic_structure/sys/4_info_reqs.htm#kinematic_structure_arm.planar_curve_pair
汽车 / 车辆,平面曲线副范围,Planar_curve_pair_range,kinematic_structure,ap242,0,https://www.steptools.com/stds/smrl/data/modules/kinematic_structure/sys/4_info_reqs.htm#kinematic_structure_arm.planar_curve_pair_range
汽车 / 车辆,平面副,Planar_pair,kinematic_structure,ap242,0,https://www.steptools.com/stds/smrl/data/modules/kinematic_structure/sys/4_info_reqs.htm#kinematic_structure_arm.planar_pair
汽车 / 车辆,平面副值,Planar_pair_value,kinematic_state,ap242,0,https://www.steptools.com/stds/smrl/data/modules/kinematic_state/sys/4_info_reqs.htm#kinematic_state_arm.planar_pair_value
汽车 / 车辆,平面副带范围,Planar_pair_with_range,kinematic_structure,ap242,0,https://www.steptools.com/stds/smrl/data/modules/kinematic_structure/sys/4_info_reqs.htm#kinematic_structure_arm.planar_pair_with_range
汽车 / 车辆,平面凹槽底部条件,Planar_pocket_bottom_condition,machining_features,ap242,0,https://www.steptools.com/stds/smrl/data/modules/machining_features/sys/4_info_reqs.htm#machining_features_arm.planar_pocket_bottom_condition
汽车 / 车辆,平面加强筋顶部底,Planar_rib_top_floor,machining_features,ap242,0,https://www.steptools.com/stds/smrl/data/modules/machining_features/sys/4_info_reqs.htm#machining_features_arm.planar_rib_top_floor
汽车 / 车辆,平面形状元素,Plane_shape_element,datum_and_datum_systems,ap242,1,https://www.steptools.com/stds/smrl/data/modules/datum_and_datum_systems/sys/4_info_reqs.htm#datum_and_datum_systems_arm.plane_shape_element
汽车 / 车辆,加减边界,Plus_minus_bounds,dimension_tolerance,ap242,1,https://www.steptools.com/stds/smrl/data/modules/dimension_tolerance/sys/4_info_reqs.htm#dimension_tolerance_arm.plus_minus_bounds
汽车 / 车辆,加减公差特征,Plus_minus_tolerance_characteristic,characteristic,ap242,0,https://www.steptools.com/stds/smrl/data/modules/characteristic/sys/4_info_reqs.htm#characteristic_arm.plus_minus_tolerance_characteristic
汽车 / 车辆,加减带公差基准,Plus_minus_toleranced_datum,default_tolerance,ap242,0,https://www.steptools.com/stds/smrl/data/modules/default_tolerance/sys/4_info_reqs.htm#default_tolerance_arm.plus_minus_toleranced_datum
汽车 / 车辆,凹槽,Pocket,machining_features,ap242,0,https://www.steptools.com/stds/smrl/data/modules/machining_features/sys/4_info_reqs.htm#machining_features_arm.pocket
汽车 / 车辆,凹槽底部条件,Pocket_bottom_condition,machining_features,ap242,0,https://www.steptools.com/stds/smrl/data/modules/machining_features/sys/4_info_reqs.htm#machining_features_arm.pocket_bottom_condition
汽车 / 车辆,点在平面曲线副,Point_on_planar_curve_pair,kinematic_structure,ap242,0,https://www.steptools.com/stds/smrl/data/modules/kinematic_structure/sys/4_info_reqs.htm#kinematic_structure_arm.point_on_planar_curve_pair
汽车 / 车辆,点在平面曲线副值,Point_on_planar_curve_pair_value,kinematic_state,ap242,0,https://www.steptools.com/stds/smrl/data/modules/kinematic_state/sys/4_info_reqs.htm#kinematic_state_arm.point_on_planar_curve_pair_value
汽车 / 车辆,点在平面曲线副带范围,Point_on_planar_curve_pair_with_range,kinematic_structure,ap242,0,https://www.steptools.com/stds/smrl/data/modules/kinematic_structure/sys/4_info_reqs.htm#kinematic_structure_arm.point_on_planar_curve_pair_with_range
汽车 / 车辆,点在曲面副,Point_on_surface_pair,kinematic_structure,ap242,0,https://www.steptools.com/stds/smrl/data/modules/kinematic_structure/sys/4_info_reqs.htm#kinematic_structure_arm.point_on_surface_pair
汽车 / 车辆,点在曲面副值,Point_on_surface_pair_value,kinematic_state,ap242,0,https://www.steptools.com/stds/smrl/data/modules/kinematic_state/sys/4_info_reqs.htm#kinematic_state_arm.point_on_surface_pair_value
汽车 / 车辆,点在曲面副带范围,Point_on_surface_pair_with_range,kinematic_structure,ap242,0,https://www.steptools.com/stds/smrl/data/modules/kinematic_structure/sys/4_info_reqs.htm#kinematic_structure_arm.point_on_surface_pair_with_range
汽车 / 车辆,点形状元素,Point_shape_element,datum_and_datum_systems,ap242,1,https://www.steptools.com/stds/smrl/data/modules/datum_and_datum_systems/sys/4_info_reqs.htm#datum_and_datum_systems_arm.point_shape_element
汽车 / 车辆,点到点路径,Point_to_point_path,kinematic_motion_representation,ap242,0,https://www.steptools.com/stds/smrl/data/modules/kinematic_motion_representation/sys/4_info_reqs.htm#kinematic_motion_representation_arm.point_to_point_path
汽车 / 车辆,位置公差,Position_tolerance,geometric_tolerance,ap242,1,https://www.steptools.com/stds/smrl/data/modules/geometric_tolerance/sys/4_info_reqs.htm#geometric_tolerance_arm.position_tolerance
汽车 / 车辆,规定路径,Prescribed_path,kinematic_analysis_control_and_result,ap242,1,https://www.steptools.com/stds/smrl/data/modules/kinematic_analysis_control_and_result/sys/4_info_reqs.htm#kinematic_analysis_control_and_result_arm.prescribed_path
汽车 / 车辆,棱柱副,Prismatic_pair,kinematic_structure,ap242,0,https://www.steptools.com/stds/smrl/data/modules/kinematic_structure/sys/4_info_reqs.htm#kinematic_structure_arm.prismatic_pair
汽车 / 车辆,棱柱副值,Prismatic_pair_value,kinematic_state,ap242,0,https://www.steptools.com/stds/smrl/data/modules/kinematic_state/sys/4_info_reqs.htm#kinematic_state_arm.prismatic_pair_value
汽车 / 车辆,棱柱副带范围,Prismatic_pair_with_range,kinematic_structure,ap242,0,https://www.steptools.com/stds/smrl/data/modules/kinematic_structure/sys/4_info_reqs.htm#kinematic_structure_arm.prismatic_pair_with_range
汽车 / 车辆,产品定义运动学,Product_definition_kinematics,kinematic_topology,ap242,0,https://www.steptools.com/stds/smrl/data/modules/kinematic_topology/sys/4_info_reqs.htm#kinematic_topology_arm.product_definition_kinematics
汽车 / 车辆,产品定义关系运动学,Product_definition_relationship_kinematics,kinematic_structure,ap242,0,https://www.steptools.com/stds/smrl/data/modules/kinematic_structure/sys/4_info_reqs.htm#kinematic_structure_arm.product_definition_relationship_kinematics
汽车 / 车辆,产品结构链接运动关联,Product_structure_link_motion_association,kinematic_motion_representation,ap242,0,https://www.steptools.com/stds/smrl/data/modules/kinematic_motion_representation/sys/4_info_reqs.htm#kinematic_motion_representation_arm.product_structure_link_motion_association
汽车 / 车辆,投影区域定义,Projected_zone_definition,geometric_tolerance,ap242,0,https://www.steptools.com/stds/smrl/data/modules/geometric_tolerance/sys/4_info_reqs.htm#geometric_tolerance_arm.projected_zone_definition
汽车 / 车辆,投影区域定义带偏置,Projected_zone_definition_with_offset,geometric_tolerance,ap242,0,https://www.steptools.com/stds/smrl/data/modules/geometric_tolerance/sys/4_info_reqs.htm#geometric_tolerance_arm.projected_zone_definition_with_offset
汽车 / 车辆,凸起,Protrusion,machining_features,ap242,1,https://www.steptools.com/stds/smrl/data/modules/machining_features/sys/4_info_reqs.htm#machining_features_arm.protrusion
汽车 / 车辆,限定公差特征,Qualified_tolerance_characteristic,characteristic,ap242,0,https://www.steptools.com/stds/smrl/data/modules/characteristic/sys/4_info_reqs.htm#characteristic_arm.qualified_tolerance_characteristic
汽车 / 车辆,齿条与小齿轮副,Rack_and_pinion_pair,kinematic_structure,ap242,0,https://www.steptools.com/stds/smrl/data/modules/kinematic_structure/sys/4_info_reqs.htm#kinematic_structure_arm.rack_and_pinion_pair
汽车 / 车辆,齿条与小齿轮副值,Rack_and_pinion_pair_value,kinematic_state,ap242,0,https://www.steptools.com/stds/smrl/data/modules/kinematic_state/sys/4_info_reqs.htm#kinematic_state_arm.rack_and_pinion_pair_value
汽车 / 车辆,齿条与小齿轮副带范围,Rack_and_pinion_pair_with_range,kinematic_structure,ap242,0,https://www.steptools.com/stds/smrl/data/modules/kinematic_structure/sys/4_info_reqs.htm#kinematic_structure_arm.rack_and_pinion_pair_with_range
汽车 / 车辆,径向尺寸,Radial_size,dimension_tolerance,ap242,0,https://www.steptools.com/stds/smrl/data/modules/dimension_tolerance/sys/4_info_reqs.htm#dimension_tolerance_arm.radial_size
汽车 / 车辆,圆角槽端类型,Radiused_slot_end_type,machining_features,ap242,0,https://www.steptools.com/stds/smrl/data/modules/machining_features/sys/4_info_reqs.htm#machining_features_arm.radiused_slot_end_type
汽车 / 车辆,凹槽,Recess,machining_features,ap242,0,https://www.steptools.com/stds/smrl/data/modules/machining_features/sys/4_info_reqs.htm#machining_features_arm.recess
汽车 / 车辆,矩形凸台,Rectangular_boss,machining_features,ap242,0,https://www.steptools.com/stds/smrl/data/modules/machining_features/sys/4_info_reqs.htm#machining_features_arm.rectangular_boss
汽车 / 车辆,矩形闭合凹槽,Rectangular_closed_pocket,machining_features,ap242,0,https://www.steptools.com/stds/smrl/data/modules/machining_features/sys/4_info_reqs.htm#machining_features_arm.rectangular_closed_pocket
汽车 / 车辆,矩形偏置阵列,Rectangular_offset_pattern,machining_features,ap242,0,https://www.steptools.com/stds/smrl/data/modules/machining_features/sys/4_info_reqs.htm#machining_features_arm.rectangular_offset_pattern
汽车 / 车辆,矩形省略阵列,Rectangular_omit_pattern,machining_features,ap242,0,https://www.steptools.com/stds/smrl/data/modules/machining_features/sys/4_info_reqs.htm#machining_features_arm.rectangular_omit_pattern
汽车 / 车辆,矩形开放凹槽,Rectangular_open_pocket,machining_features,ap242,0,https://www.steptools.com/stds/smrl/data/modules/machining_features/sys/4_info_reqs.htm#machining_features_arm.rectangular_open_pocket
汽车 / 车辆,矩形阵列,Rectangular_pattern,machining_features,ap242,0,https://www.steptools.com/stds/smrl/data/modules/machining_features/sys/4_info_reqs.htm#machining_features_arm.rectangular_pattern
汽车 / 车辆,结果路径,Resulting_path,kinematic_analysis_control_and_result,ap242,1,https://www.steptools.com/stds/smrl/data/modules/kinematic_analysis_control_and_result/sys/4_info_reqs.htm#kinematic_analysis_control_and_result_arm.resulting_path
汽车 / 车辆,旋转副,Revolute_pair,kinematic_structure,ap242,0,https://www.steptools.com/stds/smrl/data/modules/kinematic_structure/sys/4_info_reqs.htm#kinematic_structure_arm.revolute_pair
汽车 / 车辆,旋转副值,Revolute_pair_value,kinematic_state,ap242,0,https://www.steptools.com/stds/smrl/data/modules/kinematic_state/sys/4_info_reqs.htm#kinematic_state_arm.revolute_pair_value
汽车 / 车辆,旋转副带范围,Revolute_pair_with_range,kinematic_structure,ap242,0,https://www.steptools.com/stds/smrl/data/modules/kinematic_structure/sys/4_info_reqs.htm#kinematic_structure_arm.revolute_pair_with_range
汽车 / 车辆,加强筋顶部,Rib_top,machining_features,ap242,1,https://www.steptools.com/stds/smrl/data/modules/machining_features/sys/4_info_reqs.htm#machining_features_arm.rib_top
汽车 / 车辆,加强筋顶部底,Rib_top_floor,machining_features,ap242,0,https://www.steptools.com/stds/smrl/data/modules/machining_features/sys/4_info_reqs.htm#machining_features_arm.rib_top_floor
汽车 / 车辆,刚性链接表示,Rigid_link_representation,kinematic_structure,ap242,0,https://www.steptools.com/stds/smrl/data/modules/kinematic_structure/sys/4_info_reqs.htm#kinematic_structure_arm.rigid_link_representation
汽车 / 车辆,滚动曲线副,Rolling_curve_pair,kinematic_structure,ap242,0,https://www.steptools.com/stds/smrl/data/modules/kinematic_structure/sys/4_info_reqs.htm#kinematic_structure_arm.rolling_curve_pair
汽车 / 车辆,滚动曲线副值,Rolling_curve_pair_value,kinematic_state,ap242,0,https://www.steptools.com/stds/smrl/data/modules/kinematic_state/sys/4_info_reqs.htm#kinematic_state_arm.rolling_curve_pair_value
汽车 / 车辆,滚动曲面副,Rolling_surface_pair,kinematic_structure,ap242,0,https://www.steptools.com/stds/smrl/data/modules/kinematic_structure/sys/4_info_reqs.htm#kinematic_structure_arm.rolling_surface_pair
汽车 / 车辆,滚动曲面副值,Rolling_surface_pair_value,kinematic_state,ap242,0,https://www.steptools.com/stds/smrl/data/modules/kinematic_state/sys/4_info_reqs.htm#kinematic_state_arm.rolling_surface_pair_value
汽车 / 车辆,旋转关于方向,Rotation_about_direction,kinematic_state,ap242,1,https://www.steptools.com/stds/smrl/data/modules/kinematic_state/sys/4_info_reqs.htm#kinematic_state_arm.rotation_about_direction
汽车 / 车辆,圆孔,Round_hole,machining_features,ap242,0,https://www.steptools.com/stds/smrl/data/modules/machining_features/sys/4_info_reqs.htm#machining_features_arm.round_hole
汽车 / 车辆,圆度公差,Roundness_tolerance,geometric_tolerance,ap242,0,https://www.steptools.com/stds/smrl/data/modules/geometric_tolerance/sys/4_info_reqs.htm#geometric_tolerance_arm.roundness_tolerance
汽车 / 车辆,跳动区域定义,Runout_zone_definition,geometric_tolerance,ap242,0,https://www.steptools.com/stds/smrl/data/modules/geometric_tolerance/sys/4_info_reqs.htm#geometric_tolerance_arm.runout_zone_definition
汽车 / 车辆,螺旋副,Screw_pair,kinematic_structure,ap242,0,https://www.steptools.com/stds/smrl/data/modules/kinematic_structure/sys/4_info_reqs.htm#kinematic_structure_arm.screw_pair
汽车 / 车辆,螺旋副值,Screw_pair_value,kinematic_state,ap242,0,https://www.steptools.com/stds/smrl/data/modules/kinematic_state/sys/4_info_reqs.htm#kinematic_state_arm.screw_pair_value
汽车 / 车辆,螺旋副带范围,Screw_pair_with_range,kinematic_structure,ap242,0,https://www.steptools.com/stds/smrl/data/modules/kinematic_structure/sys/4_info_reqs.htm#kinematic_structure_arm.screw_pair_with_range
汽车 / 车辆,秒倒角偏置,Second_chamfer_offset,machining_features,ap242,0,https://www.steptools.com/stds/smrl/data/modules/machining_features/sys/4_info_reqs.htm#machining_features_arm.second_chamfer_offset
汽车 / 车辆,秒倒角参数,Second_chamfer_parameter,machining_features,ap242,0,https://www.steptools.com/stds/smrl/data/modules/machining_features/sys/4_info_reqs.htm#machining_features_arm.second_chamfer_parameter
汽车 / 车辆,有效编号的数字,Significant_number_of_digits,default_tolerance,ap242,0,https://www.steptools.com/stds/smrl/data/modules/default_tolerance/sys/4_info_reqs.htm#default_tolerance_arm.significant_number_of_digits
汽车 / 车辆,简化机械设计沉孔孔定义,Simplified_md_counterbore_hole_definition,mechanical_design_features_and_requirements,ap242,0,https://www.steptools.com/stds/smrl/data/modules/mechanical_design_features_and_requirements/sys/4_info_reqs.htm#mechanical_design_features_and_requirements_arm.simplified_md_counterbore_hole_definition
汽车 / 车辆,简化机械设计沉钻孔定义,Simplified_md_counterdrill_hole_definition,mechanical_design_features_and_requirements,ap242,0,https://www.steptools.com/stds/smrl/data/modules/mechanical_design_features_and_requirements/sys/4_info_reqs.htm#mechanical_design_features_and_requirements_arm.simplified_md_counterdrill_hole_definition
汽车 / 车辆,简化机械设计锥形沉孔孔定义,Simplified_md_countersink_hole_definition,mechanical_design_features_and_requirements,ap242,0,https://www.steptools.com/stds/smrl/data/modules/mechanical_design_features_and_requirements/sys/4_info_reqs.htm#mechanical_design_features_and_requirements_arm.simplified_md_countersink_hole_definition
汽车 / 车辆,简化锪平面孔定义,Simplified_spotface_hole_definition,mechanical_design_features_and_requirements,ap242,0,https://www.steptools.com/stds/smrl/data/modules/mechanical_design_features_and_requirements/sys/4_info_reqs.htm#mechanical_design_features_and_requirements_arm.simplified_spotface_hole_definition
汽车 / 车辆,滑动曲线副,Sliding_curve_pair,kinematic_structure,ap242,0,https://www.steptools.com/stds/smrl/data/modules/kinematic_structure/sys/4_info_reqs.htm#kinematic_structure_arm.sliding_curve_pair
汽车 / 车辆,滑动曲线副值,Sliding_curve_pair_value,kinematic_state,ap242,0,https://www.steptools.com/stds/smrl/data/modules/kinematic_state/sys/4_info_reqs.htm#kinematic_state_arm.sliding_curve_pair_value
汽车 / 车辆,滑动曲面副,Sliding_surface_pair,kinematic_structure,ap242,0,https://www.steptools.com/stds/smrl/data/modules/kinematic_structure/sys/4_info_reqs.htm#kinematic_structure_arm.sliding_surface_pair
汽车 / 车辆,滑动曲面副值,Sliding_surface_pair_value,kinematic_state,ap242,0,https://www.steptools.com/stds/smrl/data/modules/kinematic_state/sys/4_info_reqs.htm#kinematic_state_arm.sliding_surface_pair_value
汽车 / 车辆,槽,Slot,machining_features,ap242,0,https://www.steptools.com/stds/smrl/data/modules/machining_features/sys/4_info_reqs.htm#machining_features_arm.slot
汽车 / 车辆,槽端类型,Slot_end_type,machining_features,ap242,0,https://www.steptools.com/stds/smrl/data/modules/machining_features/sys/4_info_reqs.htm#machining_features_arm.slot_end_type
汽车 / 车辆,实体模型,Solid_model,solid_model,ap242,0,https://www.steptools.com/stds/smrl/data/modules/solid_model/sys/4_info_reqs.htm#solid_model_arm.solid_model
汽车 / 车辆,球形孔底部,Spherical_hole_bottom,machining_features,ap242,0,https://www.steptools.com/stds/smrl/data/modules/machining_features/sys/4_info_reqs.htm#machining_features_arm.spherical_hole_bottom
汽车 / 车辆,球形副,Spherical_pair,kinematic_structure,ap242,0,https://www.steptools.com/stds/smrl/data/modules/kinematic_structure/sys/4_info_reqs.htm#kinematic_structure_arm.spherical_pair
汽车 / 车辆,球形副值,Spherical_pair_value,kinematic_state,ap242,0,https://www.steptools.com/stds/smrl/data/modules/kinematic_state/sys/4_info_reqs.htm#kinematic_state_arm.spherical_pair_value
汽车 / 车辆,球形副带销,Spherical_pair_with_pin,kinematic_structure,ap242,0,https://www.steptools.com/stds/smrl/data/modules/kinematic_structure/sys/4_info_reqs.htm#kinematic_structure_arm.spherical_pair_with_pin
汽车 / 车辆,球形副带销与范围,Spherical_pair_with_pin_and_range,kinematic_structure,ap242,0,https://www.steptools.com/stds/smrl/data/modules/kinematic_structure/sys/4_info_reqs.htm#kinematic_structure_arm.spherical_pair_with_pin_and_range
汽车 / 车辆,球形副带范围,Spherical_pair_with_range,kinematic_structure,ap242,0,https://www.steptools.com/stds/smrl/data/modules/kinematic_structure/sys/4_info_reqs.htm#kinematic_structure_arm.spherical_pair_with_range
汽车 / 车辆,锪平面孔定义,Spotface_hole_definition,mechanical_design_features_and_requirements,ap242,0,https://www.steptools.com/stds/smrl/data/modules/mechanical_design_features_and_requirements/sys/4_info_reqs.htm#mechanical_design_features_and_requirements_arm.spotface_hole_definition
汽车 / 车辆,直齿齿轮,Spur_gear,machining_features,ap242,0,https://www.steptools.com/stds/smrl/data/modules/machining_features/sys/4_info_reqs.htm#machining_features_arm.spur_gear
汽车 / 车辆,标准曲面纹理参数,Standard_surface_texture_parameter,surface_conditions,ap242,0,https://www.steptools.com/stds/smrl/data/modules/surface_conditions/sys/4_info_reqs.htm#surface_conditions_arm.standard_surface_texture_parameter
汽车 / 车辆,统计公差特征,Statistical_tolerance_characteristic,characteristic,ap242,0,https://www.steptools.com/stds/smrl/data/modules/characteristic/sys/4_info_reqs.htm#characteristic_arm.statistical_tolerance_characteristic
汽车 / 车辆,直线锥齿轮,Straight_bevel_gear,machining_features,ap242,0,https://www.steptools.com/stds/smrl/data/modules/machining_features/sys/4_info_reqs.htm#machining_features_arm.straight_bevel_gear
汽车 / 车辆,直线滚花,Straight_knurl,machining_features,ap242,0,https://www.steptools.com/stds/smrl/data/modules/machining_features/sys/4_info_reqs.htm#machining_features_arm.straight_knurl
汽车 / 车辆,直线度公差,Straightness_tolerance,geometric_tolerance,ap242,1,https://www.steptools.com/stds/smrl/data/modules/geometric_tolerance/sys/4_info_reqs.htm#geometric_tolerance_arm.straightness_tolerance
汽车 / 车辆,结构化尺寸注记,Structured_dimension_callout,draughting_element_specialisations,ap242,2,https://www.steptools.com/stds/smrl/data/modules/draughting_element_specialisations/sys/4_info_reqs.htm#draughting_element_specialisations_arm.structured_dimension_callout
汽车 / 车辆,SU参数,Su_parameters,kinematic_structure,ap242,1,https://www.steptools.com/stds/smrl/data/modules/kinematic_structure/sys/4_info_reqs.htm#kinematic_structure_arm.su_parameters
汽车 / 车辆,曲面条件,Surface_condition,surface_conditions,ap242,0,https://www.steptools.com/stds/smrl/data/modules/surface_conditions/sys/4_info_reqs.htm#surface_conditions_arm.surface_condition
汽车 / 车辆,曲面条件注记,Surface_condition_callout,draughting_element_specialisations,ap242,0,https://www.steptools.com/stds/smrl/data/modules/draughting_element_specialisations/sys/4_info_reqs.htm#draughting_element_specialisations_arm.surface_condition_callout
汽车 / 车辆,曲面条件符号,Surface_condition_symbol,draughting_annotation,ap242,0,https://www.steptools.com/stds/smrl/data/modules/draughting_annotation/sys/4_info_reqs.htm#draughting_annotation_arm.surface_condition_symbol
汽车 / 车辆,曲面副,Surface_pair,kinematic_structure,ap242,0,https://www.steptools.com/stds/smrl/data/modules/kinematic_structure/sys/4_info_reqs.htm#kinematic_structure_arm.surface_pair
汽车 / 车辆,曲面副带范围,Surface_pair_with_range,kinematic_structure,ap242,0,https://www.steptools.com/stds/smrl/data/modules/kinematic_structure/sys/4_info_reqs.htm#kinematic_structure_arm.surface_pair_with_range
汽车 / 车辆,曲面轮廓公差,Surface_profile_tolerance,geometric_tolerance,ap242,0,https://www.steptools.com/stds/smrl/data/modules/geometric_tolerance/sys/4_info_reqs.htm#geometric_tolerance_arm.surface_profile_tolerance
汽车 / 车辆,曲面纹理,Surface_texture,surface_conditions,ap242,0,https://www.steptools.com/stds/smrl/data/modules/surface_conditions/sys/4_info_reqs.htm#surface_conditions_arm.surface_texture
汽车 / 车辆,曲面纹理参数,Surface_texture_parameter,surface_conditions,ap242,0,https://www.steptools.com/stds/smrl/data/modules/surface_conditions/sys/4_info_reqs.htm#surface_conditions_arm.surface_texture_parameter
汽车 / 车辆,对称公差特征,Symmetrical_tolerance_characteristic,characteristic,ap242,0,https://www.steptools.com/stds/smrl/data/modules/characteristic/sys/4_info_reqs.htm#characteristic_arm.symmetrical_tolerance_characteristic
汽车 / 车辆,对称度公差,Symmetry_tolerance,geometric_tolerance,ap242,1,https://www.steptools.com/stds/smrl/data/modules/geometric_tolerance/sys/4_info_reqs.htm#geometric_tolerance_arm.symmetry_tolerance
汽车 / 车辆,触觉外观,Tactile_appearance,surface_conditions,ap242,0,https://www.steptools.com/stds/smrl/data/modules/surface_conditions/sys/4_info_reqs.htm#surface_conditions_arm.tactile_appearance
汽车 / 车辆,目标面积,Target_area,datum_and_datum_systems,ap242,0,https://www.steptools.com/stds/smrl/data/modules/datum_and_datum_systems/sys/4_info_reqs.htm#datum_and_datum_systems_arm.target_area
汽车 / 车辆,目标圆,Target_circle,datum_and_datum_systems,ap242,0,https://www.steptools.com/stds/smrl/data/modules/datum_and_datum_systems/sys/4_info_reqs.htm#datum_and_datum_systems_arm.target_circle
汽车 / 车辆,目标圆形曲线,Target_circular_curve,datum_and_datum_systems,ap242,0,https://www.steptools.com/stds/smrl/data/modules/datum_and_datum_systems/sys/4_info_reqs.htm#datum_and_datum_systems_arm.target_circular_curve
汽车 / 车辆,目标曲线,Target_curve,datum_and_datum_systems,ap242,0,https://www.steptools.com/stds/smrl/data/modules/datum_and_datum_systems/sys/4_info_reqs.htm#datum_and_datum_systems_arm.target_curve
汽车 / 车辆,目标点,Target_point,datum_and_datum_systems,ap242,0,https://www.steptools.com/stds/smrl/data/modules/datum_and_datum_systems/sys/4_info_reqs.htm#datum_and_datum_systems_arm.target_point
汽车 / 车辆,目标矩形,Target_rectangle,datum_and_datum_systems,ap242,0,https://www.steptools.com/stds/smrl/data/modules/datum_and_datum_systems/sys/4_info_reqs.htm#datum_and_datum_systems_arm.target_rectangle
汽车 / 车辆,目标直线线,Target_straight_line,datum_and_datum_systems,ap242,0,https://www.steptools.com/stds/smrl/data/modules/datum_and_datum_systems/sys/4_info_reqs.htm#datum_and_datum_systems_arm.target_straight_line
汽车 / 车辆,厚度尺寸,Thickness_size,dimension_tolerance,ap242,1,https://www.steptools.com/stds/smrl/data/modules/dimension_tolerance/sys/4_info_reqs.htm#dimension_tolerance_arm.thickness_size
汽车 / 车辆,螺纹,Thread,machining_features,ap242,1,https://www.steptools.com/stds/smrl/data/modules/machining_features/sys/4_info_reqs.htm#machining_features_arm.thread
汽车 / 车辆,螺纹跳动,Thread_runout,machining_features,ap242,0,https://www.steptools.com/stds/smrl/data/modules/machining_features/sys/4_info_reqs.htm#machining_features_arm.thread_runout
汽车 / 车辆,通凹槽底部条件,Through_pocket_bottom_condition,machining_features,ap242,0,https://www.steptools.com/stds/smrl/data/modules/machining_features/sys/4_info_reqs.htm#machining_features_arm.through_pocket_bottom_condition
汽车 / 车辆,公差特征,Tolerance_characteristic,characteristic,ap242,0,https://www.steptools.com/stds/smrl/data/modules/characteristic/sys/4_info_reqs.htm#characteristic_arm.tolerance_characteristic
汽车 / 车辆,公差范围,Tolerance_range,dimension_tolerance,ap242,0,https://www.steptools.com/stds/smrl/data/modules/dimension_tolerance/sys/4_info_reqs.htm#dimension_tolerance_arm.tolerance_range
汽车 / 车辆,公差表单元,Tolerance_table_cell,default_tolerance,ap242,0,https://www.steptools.com/stds/smrl/data/modules/default_tolerance/sys/4_info_reqs.htm#default_tolerance_arm.tolerance_table_cell
汽车 / 车辆,公差区域,Tolerance_zone,geometric_tolerance,ap242,0,https://www.steptools.com/stds/smrl/data/modules/geometric_tolerance/sys/4_info_reqs.htm#geometric_tolerance_arm.tolerance_zone
汽车 / 车辆,公差区域定义,Tolerance_zone_definition,geometric_tolerance,ap242,0,https://www.steptools.com/stds/smrl/data/modules/geometric_tolerance/sys/4_info_reqs.htm#geometric_tolerance_arm.tolerance_zone_definition
汽车 / 车辆,公差区域带基准,Tolerance_zone_with_datum,geometric_tolerance,ap242,0,https://www.steptools.com/stds/smrl/data/modules/geometric_tolerance/sys/4_info_reqs.htm#geometric_tolerance_arm.tolerance_zone_with_datum
汽车 / 车辆,刀具附件点框架,Tool_attachment_point_frame,kinematic_structure,ap242,0,https://www.steptools.com/stds/smrl/data/modules/kinematic_structure/sys/4_info_reqs.htm#kinematic_structure_arm.tool_attachment_point_frame
汽车 / 车辆,刀具中心点框架,Tool_centre_point_frame,kinematic_structure,ap242,0,https://www.steptools.com/stds/smrl/data/modules/kinematic_structure/sys/4_info_reqs.htm#kinematic_structure_arm.tool_centre_point_frame
汽车 / 车辆,总跳动公差,Total_runout_tolerance,geometric_tolerance,ap242,0,https://www.steptools.com/stds/smrl/data/modules/geometric_tolerance/sys/4_info_reqs.htm#geometric_tolerance_arm.total_runout_tolerance
汽车 / 车辆,处理结果,Treatment_result,surface_conditions,ap242,0,https://www.steptools.com/stds/smrl/data/modules/surface_conditions/sys/4_info_reqs.htm#surface_conditions_arm.treatment_result
汽车 / 车辆,车削滚花,Turned_knurl,machining_features,ap242,0,https://www.steptools.com/stds/smrl/data/modules/machining_features/sys/4_info_reqs.htm#machining_features_arm.turned_knurl
汽车 / 车辆,典型公差特征,Typical_tolerance_characteristic,characteristic,ap242,0,https://www.steptools.com/stds/smrl/data/modules/characteristic/sys/4_info_reqs.htm#characteristic_arm.typical_tolerance_characteristic
汽车 / 车辆,无约束副,Unconstrained_pair,kinematic_structure,ap242,0,https://www.steptools.com/stds/smrl/data/modules/kinematic_structure/sys/4_info_reqs.htm#kinematic_structure_arm.unconstrained_pair
汽车 / 车辆,无约束副值,Unconstrained_pair_value,kinematic_state,ap242,0,https://www.steptools.com/stds/smrl/data/modules/kinematic_state/sys/4_info_reqs.htm#kinematic_state_arm.unconstrained_pair_value
汽车 / 车辆,通用副,Universal_pair,kinematic_structure,ap242,0,https://www.steptools.com/stds/smrl/data/modules/kinematic_structure/sys/4_info_reqs.htm#kinematic_structure_arm.universal_pair
汽车 / 车辆,通用副值,Universal_pair_value,kinematic_state,ap242,0,https://www.steptools.com/stds/smrl/data/modules/kinematic_state/sys/4_info_reqs.htm#kinematic_state_arm.universal_pair_value
汽车 / 车辆,通用副带范围,Universal_pair_with_range,kinematic_structure,ap242,0,https://www.steptools.com/stds/smrl/data/modules/kinematic_structure/sys/4_info_reqs.htm#kinematic_structure_arm.universal_pair_with_range
汽车 / 车辆,上下极限,Upper_lower_limit,default_tolerance,ap242,0,https://www.steptools.com/stds/smrl/data/modules/default_tolerance/sys/4_info_reqs.htm#default_tolerance_arm.upper_lower_limit
汽车 / 车辆,上下带公差基准,Upper_lower_toleranced_datum,default_tolerance,ap242,0,https://www.steptools.com/stds/smrl/data/modules/default_tolerance/sys/4_info_reqs.htm#default_tolerance_arm.upper_lower_toleranced_datum
汽车 / 车辆,用户定义曲面纹理参数,User_defined_surface_texture_parameter,surface_conditions,ap242,0,https://www.steptools.com/stds/smrl/data/modules/surface_conditions/sys/4_info_reqs.htm#surface_conditions_arm.user_defined_surface_texture_parameter
汽车 / 车辆,值带公差,Value_with_tolerances,extended_measure_representation,ap242,0,https://www.steptools.com/stds/smrl/data/modules/extended_measure_representation/sys/4_info_reqs.htm#extended_measure_representation_arm.value_with_tolerances
汽车 / 车辆,视觉外观,Visual_appearance,surface_conditions,ap242,0,https://www.steptools.com/stds/smrl/data/modules/surface_conditions/sys/4_info_reqs.htm#surface_conditions_arm.visual_appearance
汽车 / 车辆,半圆槽端类型,Woodruff_slot_end_type,machining_features,ap242,0,https://www.steptools.com/stds/smrl/data/modules/machining_features/sys/4_info_reqs.htm#machining_features_arm.woodruff_slot_end_type
造船 / 船舶,增材制造设置构建板,Additive_manufacturing_setup_build_plate,additive_manufacturing_part_and_build_information,ap242,1,https://www.steptools.com/stds/smrl/data/modules/additive_manufacturing_part_and_build_information/sys/4_info_reqs.htm#additive_manufacturing_part_and_build_information_arm.additive_manufacturing_setup_build_plate
造船 / 船舶,高级面,Advanced_face,topologically_bounded_surface,ap242,1,https://www.steptools.com/stds/smrl/data/modules/topologically_bounded_surface/sys/4_info_reqs.htm#topologically_bounded_surface_arm.advanced_face
造船 / 船舶,标注曲线,Annotation_curve,associative_text,ap242,1,https://www.steptools.com/stds/smrl/data/modules/associative_text/sys/4_info_reqs.htm#associative_text_arm.annotation_curve
造船 / 船舶,B样条曲线,B_spline_curve,b_spline_geometry,ap242,0,https://www.steptools.com/stds/smrl/data/modules/b_spline_geometry/sys/4_info_reqs.htm#b_spline_geometry_arm.b_spline_curve
造船 / 船舶,B样条曲面,B_spline_surface,b_spline_geometry,ap242,0,https://www.steptools.com/stds/smrl/data/modules/b_spline_geometry/sys/4_info_reqs.htm#b_spline_geometry_arm.b_spline_surface
造船 / 船舶,边界曲线,Boundary_curve,geometrically_bounded_surface,ap242,1,https://www.steptools.com/stds/smrl/data/modules/geometrically_bounded_surface/sys/4_info_reqs.htm#geometrically_bounded_surface_arm.boundary_curve
造船 / 船舶,边界曲线外观,Boundary_curve_appearance,general_surface_appearance,ap242,0,https://www.steptools.com/stds/smrl/data/modules/general_surface_appearance/sys/4_info_reqs.htm#general_surface_appearance_arm.boundary_curve_appearance
造船 / 船舶,有界曲线,Bounded_curve,basic_geometry,ap242,15,https://www.steptools.com/stds/smrl/data/modules/basic_geometry/sys/4_info_reqs.htm#basic_geometry_arm.bounded_curve
造船 / 船舶,有界曲面,Bounded_surface,basic_geometry,ap242,1,https://www.steptools.com/stds/smrl/data/modules/basic_geometry/sys/4_info_reqs.htm#basic_geometry_arm.bounded_surface
造船 / 船舶,圆形闭合轮廓,Circular_closed_profile,machining_features,ap242,4,https://www.steptools.com/stds/smrl/data/modules/machining_features/sys/4_info_reqs.htm#machining_features_arm.circular_closed_profile
造船 / 船舶,圆形闭合形状轮廓,Circular_closed_shape_profile,machining_features,ap242,0,https://www.steptools.com/stds/smrl/data/modules/machining_features/sys/4_info_reqs.htm#machining_features_arm.circular_closed_shape_profile
造船 / 船舶,闭合组合曲线,Closed_composite_curve,basic_curve,ap242,1,https://www.steptools.com/stds/smrl/data/modules/basic_curve/sys/4_info_reqs.htm#basic_curve_arm.closed_composite_curve
造船 / 船舶,闭合轮廓,Closed_profile,machining_features,ap242,3,https://www.steptools.com/stds/smrl/data/modules/machining_features/sys/4_info_reqs.htm#machining_features_arm.closed_profile
造船 / 船舶,闭合壳,Closed_shell,advanced_boundary_representation,ap242,1,https://www.steptools.com/stds/smrl/data/modules/advanced_boundary_representation/sys/4_info_reqs.htm#advanced_boundary_representation_arm.closed_shell
造船 / 船舶,涂层层,Coating_layer,surface_conditions,ap242,2,https://www.steptools.com/stds/smrl/data/modules/surface_conditions/sys/4_info_reqs.htm#surface_conditions_arm.coating_layer
造船 / 船舶,复合三角剖分曲面集合,Complex_triangulated_surface_set,tessellated_geometry,ap242,0,https://www.steptools.com/stds/smrl/data/modules/tessellated_geometry/sys/4_info_reqs.htm#tessellated_geometry_arm.complex_triangulated_surface_set
造船 / 船舶,组合曲线,Composite_curve,basic_curve,ap242,1,https://www.steptools.com/stds/smrl/data/modules/basic_curve/sys/4_info_reqs.htm#basic_curve_arm.composite_curve
造船 / 船舶,组合曲线段,Composite_curve_segment,basic_curve,ap242,0,https://www.steptools.com/stds/smrl/data/modules/basic_curve/sys/4_info_reqs.htm#basic_curve_arm.composite_curve_segment
造船 / 船舶,圆锥面曲面,Conical_surface,basic_geometry,ap242,0,https://www.steptools.com/stds/smrl/data/modules/basic_geometry/sys/4_info_reqs.htm#basic_geometry_arm.conical_surface
造船 / 船舶,连接面集合,Connected_face_set,elemental_topology,ap242,4,https://www.steptools.com/stds/smrl/data/modules/elemental_topology/sys/4_info_reqs.htm#elemental_topology_arm.connected_face_set
造船 / 船舶,连接面子集合,Connected_face_sub_set,elemental_topology,ap242,0,https://www.steptools.com/stds/smrl/data/modules/elemental_topology/sys/4_info_reqs.htm#elemental_topology_arm.connected_face_sub_set
造船 / 船舶,接触比,Contact_ratio,surface_conditions,ap242,0,https://www.steptools.com/stds/smrl/data/modules/surface_conditions/sys/4_info_reqs.htm#surface_conditions_arm.contact_ratio
造船 / 船舶,控制网格外观,Control_grid_appearance,general_surface_appearance,ap242,0,https://www.steptools.com/stds/smrl/data/modules/general_surface_appearance/sys/4_info_reqs.htm#general_surface_appearance_arm.control_grid_appearance
造船 / 船舶,曲线,Curve,basic_geometry,ap242,16,https://www.steptools.com/stds/smrl/data/modules/basic_geometry/sys/4_info_reqs.htm#basic_geometry_arm.curve
造船 / 船舶,曲线外观,Curve_appearance,curve_appearance,ap242,1,https://www.steptools.com/stds/smrl/data/modules/curve_appearance/sys/4_info_reqs.htm#curve_appearance_arm.curve_appearance
造船 / 船舶,曲线基于路径,Curve_based_path,kinematic_motion_representation,ap242,0,https://www.steptools.com/stds/smrl/data/modules/kinematic_motion_representation/sys/4_info_reqs.htm#kinematic_motion_representation_arm.curve_based_path
造船 / 船舶,曲线基于路径带定向,Curve_based_path_with_orientation,kinematic_motion_representation,ap242,0,https://www.steptools.com/stds/smrl/data/modules/kinematic_motion_representation/sys/4_info_reqs.htm#kinematic_motion_representation_arm.curve_based_path_with_orientation
造船 / 船舶,曲线基于路径带定向与参数,Curve_based_path_with_orientation_and_parameters,kinematic_motion_representation,ap242,0,https://www.steptools.com/stds/smrl/data/modules/kinematic_motion_representation/sys/4_info_reqs.htm#kinematic_motion_representation_arm.curve_based_path_with_orientation_and_parameters
造船 / 船舶,曲线有界曲面,Curve_bounded_surface,geometrically_bounded_surface,ap242,0,https://www.steptools.com/stds/smrl/data/modules/geometrically_bounded_surface/sys/4_info_reqs.htm#geometrically_bounded_surface_arm.curve_bounded_surface
造船 / 船舶,曲线字体,Curve_font,styled_curve,ap242,0,https://www.steptools.com/stds/smrl/data/modules/styled_curve/sys/4_info_reqs.htm#styled_curve_arm.curve_font
造船 / 船舶,曲线字体阵列,Curve_font_pattern,styled_curve,ap242,0,https://www.steptools.com/stds/smrl/data/modules/styled_curve/sys/4_info_reqs.htm#styled_curve_arm.curve_font_pattern
造船 / 船舶,曲线扫掠实体,Curve_swept_solid,curve_swept_solid,ap242,0,https://www.steptools.com/stds/smrl/data/modules/curve_swept_solid/sys/4_info_reqs.htm#curve_swept_solid_arm.curve_swept_solid
造船 / 船舶,曲线带显式节点,Curve_with_explicit_knots,b_spline_geometry,ap242,0,https://www.steptools.com/stds/smrl/data/modules/b_spline_geometry/sys/4_info_reqs.htm#b_spline_geometry_arm.curve_with_explicit_knots
造船 / 船舶,曲线带隐式节点,Curve_with_implicit_knots,b_spline_geometry,ap242,0,https://www.steptools.com/stds/smrl/data/modules/b_spline_geometry/sys/4_info_reqs.htm#b_spline_geometry_arm.curve_with_implicit_knots
造船 / 船舶,曲线距离,Curved_distance,dimension_tolerance,ap242,0,https://www.steptools.com/stds/smrl/data/modules/dimension_tolerance/sys/4_info_reqs.htm#dimension_tolerance_arm.curved_distance
造船 / 船舶,曲线尺寸,Curved_size,dimension_tolerance,ap242,0,https://www.steptools.com/stds/smrl/data/modules/dimension_tolerance/sys/4_info_reqs.htm#dimension_tolerance_arm.curved_size
造船 / 船舶,圆柱曲面,Cylindrical_surface,basic_geometry,ap242,0,https://www.steptools.com/stds/smrl/data/modules/basic_geometry/sys/4_info_reqs.htm#basic_geometry_arm.cylindrical_surface
造船 / 船舶,退化参数曲线,Degenerate_pcurve,basic_geometry,ap242,0,https://www.steptools.com/stds/smrl/data/modules/basic_geometry/sys/4_info_reqs.htm#basic_geometry_arm.degenerate_pcurve
造船 / 船舶,尺寸曲线,Dimension_curve,draughting_element,ap242,1,https://www.steptools.com/stds/smrl/data/modules/draughting_element/sys/4_info_reqs.htm#draughting_element_arm.dimension_curve
造船 / 船舶,尺寸曲线有向注记,Dimension_curve_directed_callout,draughting_element,ap242,0,https://www.steptools.com/stds/smrl/data/modules/draughting_element/sys/4_info_reqs.htm#draughting_element_arm.dimension_curve_directed_callout
造船 / 船舶,尺寸曲线终止符,Dimension_curve_terminator,draughting_annotation,ap242,0,https://www.steptools.com/stds/smrl/data/modules/draughting_annotation/sys/4_info_reqs.htm#draughting_annotation_arm.dimension_curve_terminator
造船 / 船舶,尺寸曲线终止符到投影曲线关联性,Dimension_curve_terminator_to_projection_curve_associativity,dimension_and_tolerance_callouts,ap242,0,https://www.steptools.com/stds/smrl/data/modules/dimension_and_tolerance_callouts/sys/4_info_reqs.htm#dimension_and_tolerance_callouts_arm.dimension_curve_terminator_to_projection_curve_associativity
造船 / 船舶,边曲线,Edge_curve,basic_geometric_topology,ap242,3,https://www.steptools.com/stds/smrl/data/modules/basic_geometric_topology/sys/4_info_reqs.htm#basic_geometric_topology_arm.edge_curve
造船 / 船舶,扩展视觉外观,Extended_visual_appearance,surface_conditions,ap242,0,https://www.steptools.com/stds/smrl/data/modules/surface_conditions/sys/4_info_reqs.htm#surface_conditions_arm.extended_visual_appearance
造船 / 船舶,外部定义曲线字体,Externally_defined_curve_font,styled_curve,ap242,0,https://www.steptools.com/stds/smrl/data/modules/styled_curve/sys/4_info_reqs.htm#styled_curve_arm.externally_defined_curve_font
造船 / 船舶,外部定义标记,Externally_defined_marker,curve_appearance,ap242,0,https://www.steptools.com/stds/smrl/data/modules/curve_appearance/sys/4_info_reqs.htm#curve_appearance_arm.externally_defined_marker
造船 / 船舶,外部定义终止符,Externally_defined_terminator,curve_appearance,ap242,0,https://www.steptools.com/stds/smrl/data/modules/curve_appearance/sys/4_info_reqs.htm#curve_appearance_arm.externally_defined_terminator
造船 / 船舶,拉伸曲面,Extruded_surface,basic_geometry,ap242,0,https://www.steptools.com/stds/smrl/data/modules/basic_geometry/sys/4_info_reqs.htm#basic_geometry_arm.extruded_surface
造船 / 船舶,面曲面,Face_surface,basic_geometric_topology,ap242,2,https://www.steptools.com/stds/smrl/data/modules/basic_geometric_topology/sys/4_info_reqs.htm#basic_geometric_topology_arm.face_surface
造船 / 船舶,通用闭合轮廓,General_closed_profile,machining_features,ap242,0,https://www.steptools.com/stds/smrl/data/modules/machining_features/sys/4_info_reqs.htm#machining_features_arm.general_closed_profile
造船 / 船舶,通用开放轮廓,General_open_profile,machining_features,ap242,1,https://www.steptools.com/stds/smrl/data/modules/machining_features/sys/4_info_reqs.htm#machining_features_arm.general_open_profile
造船 / 船舶,通用外部轮廓,General_outside_profile,machining_features,ap242,0,https://www.steptools.com/stds/smrl/data/modules/machining_features/sys/4_info_reqs.htm#machining_features_arm.general_outside_profile
造船 / 船舶,通用轮廓底,General_profile_floor,machining_features,ap242,0,https://www.steptools.com/stds/smrl/data/modules/machining_features/sys/4_info_reqs.htm#machining_features_arm.general_profile_floor
造船 / 船舶,通用形状轮廓,General_shape_profile,machining_features,ap242,0,https://www.steptools.com/stds/smrl/data/modules/machining_features/sys/4_info_reqs.htm#machining_features_arm.general_shape_profile
造船 / 船舶,通用标注曲线,Generic_annotation_curve,draughting_element,ap242,0,https://www.steptools.com/stds/smrl/data/modules/draughting_element/sys/4_info_reqs.htm#draughting_element_arm.generic_annotation_curve
造船 / 船舶,几何有界曲面形状表示,Geometrically_bounded_surface_shape_representation,geometrically_bounded_surface,ap242,1,https://www.steptools.com/stds/smrl/data/modules/geometrically_bounded_surface/sys/4_info_reqs.htm#geometrically_bounded_surface_arm.geometrically_bounded_surface_shape_representation
造船 / 船舶,硬度,Hardness,surface_conditions,ap242,0,https://www.steptools.com/stds/smrl/data/modules/surface_conditions/sys/4_info_reqs.htm#surface_conditions_arm.hardness
造船 / 船舶,运动学路径定义按曲线,Kinematic_path_defined_by_curves,kinematic_motion_representation,ap242,0,https://www.steptools.com/stds/smrl/data/modules/kinematic_motion_representation/sys/4_info_reqs.htm#kinematic_motion_representation_arm.kinematic_path_defined_by_curves
造船 / 船舶,线轮廓公差,Line_profile_tolerance,geometric_tolerance,ap242,1,https://www.steptools.com/stds/smrl/data/modules/geometric_tolerance/sys/4_info_reqs.htm#geometric_tolerance_arm.line_profile_tolerance
造船 / 船舶,线性柔性与平面曲线副,Linear_flexible_and_planar_curve_pair,kinematic_structure,ap242,0,https://www.steptools.com/stds/smrl/data/modules/kinematic_structure/sys/4_info_reqs.htm#kinematic_structure_arm.linear_flexible_and_planar_curve_pair
造船 / 船舶,线性轮廓,Linear_profile,machining_features,ap242,2,https://www.steptools.com/stds/smrl/data/modules/machining_features/sys/4_info_reqs.htm#machining_features_arm.linear_profile
造船 / 船舶,流形子曲面模型,Manifold_subsurface_model,manifold_subsurface,ap242,1,https://www.steptools.com/stds/smrl/data/modules/manifold_subsurface/sys/4_info_reqs.htm#manifold_subsurface_arm.manifold_subsurface_model
造船 / 船舶,流形曲面形状表示,Manifold_surface_shape_representation,manifold_surface,ap242,2,https://www.steptools.com/stds/smrl/data/modules/manifold_surface/sys/4_info_reqs.htm#manifold_surface_arm.manifold_surface_shape_representation
造船 / 船舶,标记,Marker,curve_appearance,ap242,2,https://www.steptools.com/stds/smrl/data/modules/curve_appearance/sys/4_info_reqs.htm#curve_appearance_arm.marker
造船 / 船舶,中位曲线,Median_curve,derived_shape_element,ap242,0,https://www.steptools.com/stds/smrl/data/modules/derived_shape_element/sys/4_info_reqs.htm#derived_shape_element_arm.median_curve
造船 / 船舶,中位曲面,Median_surface,derived_shape_element,ap242,0,https://www.steptools.com/stds/smrl/data/modules/derived_shape_element/sys/4_info_reqs.htm#derived_shape_element_arm.median_surface
造船 / 船舶,多边形轮廓,Ngon_profile,machining_features,ap242,0,https://www.steptools.com/stds/smrl/data/modules/machining_features/sys/4_info_reqs.htm#machining_features_arm.ngon_profile
造船 / 船舶,非流形形状表示,Non_manifold_shape_representation,non_manifold_surface,ap242,1,https://www.steptools.com/stds/smrl/data/modules/non_manifold_surface/sys/4_info_reqs.htm#non_manifold_surface_arm.non_manifold_shape_representation
造船 / 船舶,开放轮廓,Open_profile,machining_features,ap242,2,https://www.steptools.com/stds/smrl/data/modules/machining_features/sys/4_info_reqs.htm#machining_features_arm.open_profile
造船 / 船舶,开放壳,Open_shell,manifold_surface,ap242,0,https://www.steptools.com/stds/smrl/data/modules/manifold_surface/sys/4_info_reqs.htm#manifold_surface_arm.open_shell
造船 / 船舶,有向闭合壳,Oriented_closed_shell,advanced_boundary_representation,ap242,1,https://www.steptools.com/stds/smrl/data/modules/advanced_boundary_representation/sys/4_info_reqs.htm#advanced_boundary_representation_arm.oriented_closed_shell
造船 / 船舶,参数线外观,Parameter_line_appearance,general_surface_appearance,ap242,0,https://www.steptools.com/stds/smrl/data/modules/general_surface_appearance/sys/4_info_reqs.htm#general_surface_appearance_arm.parameter_line_appearance
造船 / 船舶,部分圆形轮廓,Partial_circular_profile,machining_features,ap242,3,https://www.steptools.com/stds/smrl/data/modules/machining_features/sys/4_info_reqs.htm#machining_features_arm.partial_circular_profile
造船 / 船舶,部分圆形形状轮廓,Partial_circular_shape_profile,machining_features,ap242,0,https://www.steptools.com/stds/smrl/data/modules/machining_features/sys/4_info_reqs.htm#machining_features_arm.partial_circular_shape_profile
造船 / 船舶,平面曲线副,Planar_curve_pair,kinematic_structure,ap242,0,https://www.steptools.com/stds/smrl/data/modules/kinematic_structure/sys/4_info_reqs.htm#kinematic_structure_arm.planar_curve_pair
造船 / 船舶,平面曲线副范围,Planar_curve_pair_range,kinematic_structure,ap242,0,https://www.steptools.com/stds/smrl/data/modules/kinematic_structure/sys/4_info_reqs.htm#kinematic_structure_arm.planar_curve_pair_range
造船 / 船舶,平面轮廓底,Planar_profile_floor,machining_features,ap242,0,https://www.steptools.com/stds/smrl/data/modules/machining_features/sys/4_info_reqs.htm#machining_features_arm.planar_profile_floor
造船 / 船舶,点外观,Point_appearance,curve_appearance,ap242,0,https://www.steptools.com/stds/smrl/data/modules/curve_appearance/sys/4_info_reqs.htm#curve_appearance_arm.point_appearance
造船 / 船舶,点在曲线,Point_on_curve,basic_geometry,ap242,5,https://www.steptools.com/stds/smrl/data/modules/basic_geometry/sys/4_info_reqs.htm#basic_geometry_arm.point_on_curve
造船 / 船舶,点在平面曲线副,Point_on_planar_curve_pair,kinematic_structure,ap242,0,https://www.steptools.com/stds/smrl/data/modules/kinematic_structure/sys/4_info_reqs.htm#kinematic_structure_arm.point_on_planar_curve_pair
造船 / 船舶,点在平面曲线副值,Point_on_planar_curve_pair_value,kinematic_state,ap242,0,https://www.steptools.com/stds/smrl/data/modules/kinematic_state/sys/4_info_reqs.htm#kinematic_state_arm.point_on_planar_curve_pair_value
造船 / 船舶,点在平面曲线副带范围,Point_on_planar_curve_pair_with_range,kinematic_structure,ap242,0,https://www.steptools.com/stds/smrl/data/modules/kinematic_structure/sys/4_info_reqs.htm#kinematic_structure_arm.point_on_planar_curve_pair_with_range
造船 / 船舶,点在曲面,Point_on_surface,basic_geometry,ap242,5,https://www.steptools.com/stds/smrl/data/modules/basic_geometry/sys/4_info_reqs.htm#basic_geometry_arm.point_on_surface
造船 / 船舶,点在曲面副,Point_on_surface_pair,kinematic_structure,ap242,0,https://www.steptools.com/stds/smrl/data/modules/kinematic_structure/sys/4_info_reqs.htm#kinematic_structure_arm.point_on_surface_pair
造船 / 船舶,点在曲面副值,Point_on_surface_pair_value,kinematic_state,ap242,0,https://www.steptools.com/stds/smrl/data/modules/kinematic_state/sys/4_info_reqs.htm#kinematic_state_arm.point_on_surface_pair_value
造船 / 船舶,点在曲面副带范围,Point_on_surface_pair_with_range,kinematic_structure,ap242,0,https://www.steptools.com/stds/smrl/data/modules/kinematic_structure/sys/4_info_reqs.htm#kinematic_structure_arm.point_on_surface_pair_with_range
造船 / 船舶,预定义曲线字体,Predefined_curve_font,styled_curve,ap242,0,https://www.steptools.com/stds/smrl/data/modules/styled_curve/sys/4_info_reqs.htm#styled_curve_arm.predefined_curve_font
造船 / 船舶,预定义标记,Predefined_marker,curve_appearance,ap242,0,https://www.steptools.com/stds/smrl/data/modules/curve_appearance/sys/4_info_reqs.htm#curve_appearance_arm.predefined_marker
造船 / 船舶,预定义终止符,Predefined_terminator,curve_appearance,ap242,0,https://www.steptools.com/stds/smrl/data/modules/curve_appearance/sys/4_info_reqs.htm#curve_appearance_arm.predefined_terminator
造船 / 船舶,轮廓,Profile,machining_features,ap242,5,https://www.steptools.com/stds/smrl/data/modules/machining_features/sys/4_info_reqs.htm#machining_features_arm.profile
造船 / 船舶,轮廓特征,Profile_feature,machining_features,ap242,0,https://www.steptools.com/stds/smrl/data/modules/machining_features/sys/4_info_reqs.htm#machining_features_arm.profile_feature
造船 / 船舶,轮廓底,Profile_floor,machining_features,ap242,0,https://www.steptools.com/stds/smrl/data/modules/machining_features/sys/4_info_reqs.htm#machining_features_arm.profile_floor
造船 / 船舶,投影曲线,Projection_curve,draughting_element,ap242,2,https://www.steptools.com/stds/smrl/data/modules/draughting_element/sys/4_info_reqs.htm#draughting_element_arm.projection_curve
造船 / 船舶,有理B样条曲线,Rational_b_spline_curve,b_spline_geometry,ap242,0,https://www.steptools.com/stds/smrl/data/modules/b_spline_geometry/sys/4_info_reqs.htm#b_spline_geometry_arm.rational_b_spline_curve
造船 / 船舶,有理B样条曲面,Rational_b_spline_surface,b_spline_geometry,ap242,0,https://www.steptools.com/stds/smrl/data/modules/b_spline_geometry/sys/4_info_reqs.htm#b_spline_geometry_arm.rational_b_spline_surface
造船 / 船舶,矩形闭合轮廓,Rectangular_closed_profile,machining_features,ap242,3,https://www.steptools.com/stds/smrl/data/modules/machining_features/sys/4_info_reqs.htm#machining_features_arm.rectangular_closed_profile
造船 / 船舶,矩形闭合形状轮廓,Rectangular_closed_shape_profile,machining_features,ap242,0,https://www.steptools.com/stds/smrl/data/modules/machining_features/sys/4_info_reqs.htm#machining_features_arm.rectangular_closed_shape_profile
造船 / 船舶,矩形组合曲面,Rectangular_composite_surface,composite_surface,ap242,0,https://www.steptools.com/stds/smrl/data/modules/composite_surface/sys/4_info_reqs.htm#composite_surface_arm.rectangular_composite_surface
造船 / 船舶,矩形开放形状轮廓,Rectangular_open_shape_profile,machining_features,ap242,0,https://www.steptools.com/stds/smrl/data/modules/machining_features/sys/4_info_reqs.htm#machining_features_arm.rectangular_open_shape_profile
造船 / 船舶,滚动曲线副,Rolling_curve_pair,kinematic_structure,ap242,0,https://www.steptools.com/stds/smrl/data/modules/kinematic_structure/sys/4_info_reqs.htm#kinematic_structure_arm.rolling_curve_pair
造船 / 船舶,滚动曲线副值,Rolling_curve_pair_value,kinematic_state,ap242,0,https://www.steptools.com/stds/smrl/data/modules/kinematic_state/sys/4_info_reqs.htm#kinematic_state_arm.rolling_curve_pair_value
造船 / 船舶,滚动曲面副,Rolling_surface_pair,kinematic_structure,ap242,0,https://www.steptools.com/stds/smrl/data/modules/kinematic_structure/sys/4_info_reqs.htm#kinematic_structure_arm.rolling_surface_pair
造船 / 船舶,滚动曲面副值,Rolling_surface_pair_value,kinematic_state,ap242,0,https://www.steptools.com/stds/smrl/data/modules/kinematic_state/sys/4_info_reqs.htm#kinematic_state_arm.rolling_surface_pair_value
造船 / 船舶,圆角U轮廓,Rounded_u_profile,machining_features,ap242,0,https://www.steptools.com/stds/smrl/data/modules/machining_features/sys/4_info_reqs.htm#machining_features_arm.rounded_u_profile
造船 / 船舶,分段曲线外观,Segmentation_curve_appearance,general_surface_appearance,ap242,0,https://www.steptools.com/stds/smrl/data/modules/general_surface_appearance/sys/4_info_reqs.htm#general_surface_appearance_arm.segmentation_curve_appearance
造船 / 船舶,形状轮廓,Shape_profile,machining_features,ap242,0,https://www.steptools.com/stds/smrl/data/modules/machining_features/sys/4_info_reqs.htm#machining_features_arm.shape_profile
造船 / 船舶,壳基于曲面模型,Shell_based_surface_model,manifold_surface,ap242,2,https://www.steptools.com/stds/smrl/data/modules/manifold_surface/sys/4_info_reqs.htm#manifold_surface_arm.shell_based_surface_model
造船 / 船舶,壳基于线框形状表示,Shell_based_wireframe_shape_representation,shell_based_wireframe,ap242,1,https://www.steptools.com/stds/smrl/data/modules/shell_based_wireframe/sys/4_info_reqs.htm#shell_based_wireframe_arm.shell_based_wireframe_shape_representation
造船 / 船舶,轮廓曲线外观,Silhouette_curve_appearance,general_surface_appearance,ap242,0,https://www.steptools.com/stds/smrl/data/modules/general_surface_appearance/sys/4_info_reqs.htm#general_surface_appearance_arm.silhouette_curve_appearance
造船 / 船舶,滑动曲线副,Sliding_curve_pair,kinematic_structure,ap242,0,https://www.steptools.com/stds/smrl/data/modules/kinematic_structure/sys/4_info_reqs.htm#kinematic_structure_arm.sliding_curve_pair
造船 / 船舶,滑动曲线副值,Sliding_curve_pair_value,kinematic_state,ap242,0,https://www.steptools.com/stds/smrl/data/modules/kinematic_state/sys/4_info_reqs.htm#kinematic_state_arm.sliding_curve_pair_value
造船 / 船舶,滑动曲面副,Sliding_surface_pair,kinematic_structure,ap242,0,https://www.steptools.com/stds/smrl/data/modules/kinematic_structure/sys/4_info_reqs.htm#kinematic_structure_arm.sliding_surface_pair
造船 / 船舶,滑动曲面副值,Sliding_surface_pair_value,kinematic_state,ap242,0,https://www.steptools.com/stds/smrl/data/modules/kinematic_state/sys/4_info_reqs.htm#kinematic_state_arm.sliding_surface_pair_value
造船 / 船舶,实体曲线字体,Solid_curve_font,styled_curve,ap242,0,https://www.steptools.com/stds/smrl/data/modules/styled_curve/sys/4_info_reqs.htm#styled_curve_arm.solid_curve_font
造船 / 船舶,球形曲面,Spherical_surface,basic_geometry,ap242,0,https://www.steptools.com/stds/smrl/data/modules/basic_geometry/sys/4_info_reqs.htm#basic_geometry_arm.spherical_surface
造船 / 船舶,方形U轮廓,Square_u_profile,machining_features,ap242,2,https://www.steptools.com/stds/smrl/data/modules/machining_features/sys/4_info_reqs.htm#machining_features_arm.square_u_profile
造船 / 船舶,标准曲面纹理参数,Standard_surface_texture_parameter,surface_conditions,ap242,0,https://www.steptools.com/stds/smrl/data/modules/surface_conditions/sys/4_info_reqs.htm#surface_conditions_arm.standard_surface_texture_parameter
造船 / 船舶,曲面,Surface,basic_geometry,ap242,12,https://www.steptools.com/stds/smrl/data/modules/basic_geometry/sys/4_info_reqs.htm#basic_geometry_arm.surface
造船 / 船舶,曲面外观,Surface_appearance,general_surface_appearance,ap242,0,https://www.steptools.com/stds/smrl/data/modules/general_surface_appearance/sys/4_info_reqs.htm#general_surface_appearance_arm.surface_appearance
造船 / 船舶,曲面外观元素,Surface_appearance_element,general_surface_appearance,ap242,0,https://www.steptools.com/stds/smrl/data/modules/general_surface_appearance/sys/4_info_reqs.htm#general_surface_appearance_arm.surface_appearance_element
造船 / 船舶,曲面颜色,Surface_colour,general_surface_appearance,ap242,0,https://www.steptools.com/stds/smrl/data/modules/general_surface_appearance/sys/4_info_reqs.htm#general_surface_appearance_arm.surface_colour
造船 / 船舶,曲面条件,Surface_condition,surface_conditions,ap242,0,https://www.steptools.com/stds/smrl/data/modules/surface_conditions/sys/4_info_reqs.htm#surface_conditions_arm.surface_condition
造船 / 船舶,曲面条件注记,Surface_condition_callout,draughting_element_specialisations,ap242,0,https://www.steptools.com/stds/smrl/data/modules/draughting_element_specialisations/sys/4_info_reqs.htm#draughting_element_specialisations_arm.surface_condition_callout
造船 / 船舶,曲面条件符号,Surface_condition_symbol,draughting_annotation,ap242,0,https://www.steptools.com/stds/smrl/data/modules/draughting_annotation/sys/4_info_reqs.htm#draughting_annotation_arm.surface_condition_symbol
造船 / 船舶,曲面精加工规范,Surface_finish_specification,specification_document,ap242,0,https://www.steptools.com/stds/smrl/data/modules/specification_document/sys/4_info_reqs.htm#specification_document_arm.surface_finish_specification
造船 / 船舶,曲面的回转,Surface_of_revolution,basic_geometry,ap242,0,https://www.steptools.com/stds/smrl/data/modules/basic_geometry/sys/4_info_reqs.htm#basic_geometry_arm.surface_of_revolution
造船 / 船舶,曲面副,Surface_pair,kinematic_structure,ap242,0,https://www.steptools.com/stds/smrl/data/modules/kinematic_structure/sys/4_info_reqs.htm#kinematic_structure_arm.surface_pair
造船 / 船舶,曲面副带范围,Surface_pair_with_range,kinematic_structure,ap242,0,https://www.steptools.com/stds/smrl/data/modules/kinematic_structure/sys/4_info_reqs.htm#kinematic_structure_arm.surface_pair_with_range
造船 / 船舶,曲面面片,Surface_patch,composite_surface,ap242,0,https://www.steptools.com/stds/smrl/data/modules/composite_surface/sys/4_info_reqs.htm#composite_surface_arm.surface_patch
造船 / 船舶,曲面轮廓公差,Surface_profile_tolerance,geometric_tolerance,ap242,0,https://www.steptools.com/stds/smrl/data/modules/geometric_tolerance/sys/4_info_reqs.htm#geometric_tolerance_arm.surface_profile_tolerance
造船 / 船舶,曲面相关曲线外观,Surface_related_curve_appearance,general_surface_appearance,ap242,0,https://www.steptools.com/stds/smrl/data/modules/general_surface_appearance/sys/4_info_reqs.htm#general_surface_appearance_arm.surface_related_curve_appearance
造船 / 船舶,曲面集合,Surface_set,geometrically_bounded_surface,ap242,2,https://www.steptools.com/stds/smrl/data/modules/geometrically_bounded_surface/sys/4_info_reqs.htm#geometrically_bounded_surface_arm.surface_set
造船 / 船舶,曲面样式渲染,Surface_style_rendering,mechanical_design_shaded_presentation,ap242,0,https://www.steptools.com/stds/smrl/data/modules/mechanical_design_shaded_presentation/sys/4_info_reqs.htm#mechanical_design_shaded_presentation_arm.surface_style_rendering
造船 / 船舶,曲面纹理,Surface_texture,surface_conditions,ap242,0,https://www.steptools.com/stds/smrl/data/modules/surface_conditions/sys/4_info_reqs.htm#surface_conditions_arm.surface_texture
造船 / 船舶,曲面纹理参数,Surface_texture_parameter,surface_conditions,ap242,0,https://www.steptools.com/stds/smrl/data/modules/surface_conditions/sys/4_info_reqs.htm#surface_conditions_arm.surface_texture_parameter
造船 / 船舶,曲面带显式节点,Surface_with_explicit_knots,b_spline_geometry,ap242,0,https://www.steptools.com/stds/smrl/data/modules/b_spline_geometry/sys/4_info_reqs.htm#b_spline_geometry_arm.surface_with_explicit_knots
造船 / 船舶,曲面带隐式节点,Surface_with_implicit_knots,b_spline_geometry,ap242,0,https://www.steptools.com/stds/smrl/data/modules/b_spline_geometry/sys/4_info_reqs.htm#b_spline_geometry_arm.surface_with_implicit_knots
造船 / 船舶,扫掠曲面,Swept_surface,basic_geometry,ap242,0,https://www.steptools.com/stds/smrl/data/modules/basic_geometry/sys/4_info_reqs.htm#basic_geometry_arm.swept_surface
造船 / 船舶,触觉外观,Tactile_appearance,surface_conditions,ap242,0,https://www.steptools.com/stds/smrl/data/modules/surface_conditions/sys/4_info_reqs.htm#surface_conditions_arm.tactile_appearance
造船 / 船舶,目标圆形曲线,Target_circular_curve,datum_and_datum_systems,ap242,0,https://www.steptools.com/stds/smrl/data/modules/datum_and_datum_systems/sys/4_info_reqs.htm#datum_and_datum_systems_arm.target_circular_curve
造船 / 船舶,目标曲线,Target_curve,datum_and_datum_systems,ap242,0,https://www.steptools.com/stds/smrl/data/modules/datum_and_datum_systems/sys/4_info_reqs.htm#datum_and_datum_systems_arm.target_curve
造船 / 船舶,T形轮廓,Tee_profile,machining_features,ap242,0,https://www.steptools.com/stds/smrl/data/modules/machining_features/sys/4_info_reqs.htm#machining_features_arm.tee_profile
造船 / 船舶,终止符,Terminator,curve_appearance,ap242,2,https://www.steptools.com/stds/smrl/data/modules/curve_appearance/sys/4_info_reqs.htm#curve_appearance_arm.terminator
造船 / 船舶,镶嵌曲线集合,Tessellated_curve_set,tessellated_geometry,ap242,0,https://www.steptools.com/stds/smrl/data/modules/tessellated_geometry/sys/4_info_reqs.htm#tessellated_geometry_arm.tessellated_curve_set
造船 / 船舶,镶嵌壳,Tessellated_shell,tessellated_geometry,ap242,1,https://www.steptools.com/stds/smrl/data/modules/tessellated_geometry/sys/4_info_reqs.htm#tessellated_geometry_arm.tessellated_shell
造船 / 船舶,镶嵌曲面集合,Tessellated_surface_set,tessellated_geometry,ap242,1,https://www.steptools.com/stds/smrl/data/modules/tessellated_geometry/sys/4_info_reqs.htm#tessellated_geometry_arm.tessellated_surface_set
造船 / 船舶,文本字面量带关联曲线,Text_literal_with_associated_curves,text_appearance,ap242,0,https://www.steptools.com/stds/smrl/data/modules/text_appearance/sys/4_info_reqs.htm#text_appearance_arm.text_literal_with_associated_curves
造船 / 船舶,通轮廓底,Through_profile_floor,machining_features,ap242,0,https://www.steptools.com/stds/smrl/data/modules/machining_features/sys/4_info_reqs.htm#machining_features_arm.through_profile_floor
造船 / 船舶,环面曲面,Toroidal_surface,basic_geometry,ap242,0,https://www.steptools.com/stds/smrl/data/modules/basic_geometry/sys/4_info_reqs.htm#basic_geometry_arm.toroidal_surface
造船 / 船舶,处理结果,Treatment_result,surface_conditions,ap242,0,https://www.steptools.com/stds/smrl/data/modules/surface_conditions/sys/4_info_reqs.htm#surface_conditions_arm.treatment_result
造船 / 船舶,三角剖分曲面集合,Triangulated_surface_set,tessellated_geometry,ap242,0,https://www.steptools.com/stds/smrl/data/modules/tessellated_geometry/sys/4_info_reqs.htm#tessellated_geometry_arm.triangulated_surface_set
造船 / 船舶,裁剪曲线,Trimmed_curve,basic_curve,ap242,3,https://www.steptools.com/stds/smrl/data/modules/basic_curve/sys/4_info_reqs.htm#basic_curve_arm.trimmed_curve
造船 / 船舶,裁剪曲面,Trimmed_surface,composite_surface,ap242,3,https://www.steptools.com/stds/smrl/data/modules/composite_surface/sys/4_info_reqs.htm#composite_surface_arm.trimmed_surface
造船 / 船舶,用户定义曲线字体,User_defined_curve_font,styled_curve,ap242,0,https://www.steptools.com/stds/smrl/data/modules/styled_curve/sys/4_info_reqs.htm#styled_curve_arm.user_defined_curve_font
造船 / 船舶,用户定义标记,User_defined_marker,curve_appearance,ap242,0,https://www.steptools.com/stds/smrl/data/modules/curve_appearance/sys/4_info_reqs.htm#curve_appearance_arm.user_defined_marker
造船 / 船舶,用户定义曲面纹理参数,User_defined_surface_texture_parameter,surface_conditions,ap242,0,https://www.steptools.com/stds/smrl/data/modules/surface_conditions/sys/4_info_reqs.htm#surface_conditions_arm.user_defined_surface_texture_parameter
造船 / 船舶,用户定义终止符,User_defined_terminator,curve_appearance,ap242,0,https://www.steptools.com/stds/smrl/data/modules/curve_appearance/sys/4_info_reqs.htm#curve_appearance_arm.user_defined_terminator
造船 / 船舶,向量外观,Vector_appearance,curve_appearance,ap242,0,https://www.steptools.com/stds/smrl/data/modules/curve_appearance/sys/4_info_reqs.htm#curve_appearance_arm.vector_appearance
造船 / 船舶,V形轮廓,Vee_profile,machining_features,ap242,2,https://www.steptools.com/stds/smrl/data/modules/machining_features/sys/4_info_reqs.htm#machining_features_arm.vee_profile
造船 / 船舶,视觉外观,Visual_appearance,surface_conditions,ap242,0,https://www.steptools.com/stds/smrl/data/modules/surface_conditions/sys/4_info_reqs.htm#surface_conditions_arm.visual_appearance
机械 / 装备制造,活动方法赋值,Activity_method_assignment,work_request,ap242,2,https://www.steptools.com/stds/smrl/data/modules/work_request/sys/4_info_reqs.htm#work_request_arm.activity_method_assignment
机械 / 装备制造,受驱动运动副对,Actuated_kinematic_pair,kinematic_structure,ap242,0,https://www.steptools.com/stds/smrl/data/modules/kinematic_structure/sys/4_info_reqs.htm#kinematic_structure_arm.actuated_kinematic_pair
机械 / 装备制造,增材制造构建方向元素,Additive_manufacturing_build_direction_element,additive_manufacturing_part_and_build_information,ap242,0,https://www.steptools.com/stds/smrl/data/modules/additive_manufacturing_part_and_build_information/sys/4_info_reqs.htm#additive_manufacturing_part_and_build_information_arm.additive_manufacturing_build_direction_element
机械 / 装备制造,增材制造定向元素,Additive_manufacturing_orientation_element,additive_manufacturing_part_and_build_information,ap242,0,https://www.steptools.com/stds/smrl/data/modules/additive_manufacturing_part_and_build_information/sys/4_info_reqs.htm#additive_manufacturing_part_and_build_information_arm.additive_manufacturing_orientation_element
机械 / 装备制造,增材制造零件定义,Additive_manufacturing_part_definition,additive_manufacturing_part_and_build_information,ap242,0,https://www.steptools.com/stds/smrl/data/modules/additive_manufacturing_part_and_build_information/sys/4_info_reqs.htm#additive_manufacturing_part_and_build_information_arm.additive_manufacturing_part_definition
机械 / 装备制造,增材制造设置,Additive_manufacturing_setup,additive_manufacturing_part_and_build_information,ap242,1,https://www.steptools.com/stds/smrl/data/modules/additive_manufacturing_part_and_build_information/sys/4_info_reqs.htm#additive_manufacturing_part_and_build_information_arm.additive_manufacturing_setup
机械 / 装备制造,增材制造设置构建板,Additive_manufacturing_setup_build_plate,additive_manufacturing_part_and_build_information,ap242,1,https://www.steptools.com/stds/smrl/data/modules/additive_manufacturing_part_and_build_information/sys/4_info_reqs.htm#additive_manufacturing_part_and_build_information_arm.additive_manufacturing_setup_build_plate
机械 / 装备制造,增材制造支持结构,Additive_manufacturing_support_structure,additive_manufacturing_part_and_build_information,ap242,0,https://www.steptools.com/stds/smrl/data/modules/additive_manufacturing_part_and_build_information/sys/4_info_reqs.htm#additive_manufacturing_part_and_build_information_arm.additive_manufacturing_support_structure
机械 / 装备制造,增材制造支持结构设置,Additive_manufacturing_support_structure_setup,additive_manufacturing_part_and_build_information,ap242,1,https://www.steptools.com/stds/smrl/data/modules/additive_manufacturing_part_and_build_information/sys/4_info_reqs.htm#additive_manufacturing_part_and_build_information_arm.additive_manufacturing_support_structure_setup
机械 / 装备制造,增材制造工件设置,Additive_manufacturing_workpiece_setup,additive_manufacturing_part_and_build_information,ap242,1,https://www.steptools.com/stds/smrl/data/modules/additive_manufacturing_part_and_build_information/sys/4_info_reqs.htm#additive_manufacturing_part_and_build_information_arm.additive_manufacturing_workpiece_setup
机械 / 装备制造,增材制造工作计划,Additive_manufacturing_workplan,additive_manufacturing_part_and_build_information,ap242,0,https://www.steptools.com/stds/smrl/data/modules/additive_manufacturing_part_and_build_information/sys/4_info_reqs.htm#additive_manufacturing_part_and_build_information_arm.additive_manufacturing_workplan
机械 / 装备制造,增材制造X方向元素,Additive_manufacturing_x_direction_element,additive_manufacturing_part_and_build_information,ap242,0,https://www.steptools.com/stds/smrl/data/modules/additive_manufacturing_part_and_build_information/sys/4_info_reqs.htm#additive_manufacturing_part_and_build_information_arm.additive_manufacturing_x_direction_element
机械 / 装备制造,高级边界表示形状表示,Advanced_brep_shape_representation,advanced_boundary_representation,ap242,2,https://www.steptools.com/stds/smrl/data/modules/advanced_boundary_representation/sys/4_info_reqs.htm#advanced_boundary_representation_arm.advanced_brep_shape_representation
机械 / 装备制造,受影响项赋值,Affected_items_assignment,work_request,ap242,2,https://www.steptools.com/stds/smrl/data/modules/work_request/sys/4_info_reqs.htm#work_request_arm.affected_items_assignment
机械 / 装备制造,受影响平面公差区域,Affected_plane_tolerance_zone,geometric_tolerance,ap242,0,https://www.steptools.com/stds/smrl/data/modules/geometric_tolerance/sys/4_info_reqs.htm#geometric_tolerance_arm.affected_plane_tolerance_zone
机械 / 装备制造,全部绕形状元素,All_around_shape_element,geometric_tolerance,ap242,0,https://www.steptools.com/stds/smrl/data/modules/geometric_tolerance/sys/4_info_reqs.htm#geometric_tolerance_arm.all_around_shape_element
机械 / 装备制造,全部绕形状元素沿集合平面,All_around_shape_element_along_collection_plane,geometric_tolerance,ap242,0,https://www.steptools.com/stds/smrl/data/modules/geometric_tolerance/sys/4_info_reqs.htm#geometric_tolerance_arm.all_around_shape_element_along_collection_plane
机械 / 装备制造,角加减边界,Angle_plus_minus_bounds,dimension_tolerance,ap242,2,https://www.steptools.com/stds/smrl/data/modules/dimension_tolerance/sys/4_info_reqs.htm#dimension_tolerance_arm.angle_plus_minus_bounds
机械 / 装备制造,角锥度,Angle_taper,machining_features,ap242,0,https://www.steptools.com/stds/smrl/data/modules/machining_features/sys/4_info_reqs.htm#machining_features_arm.angle_taper
机械 / 装备制造,角度位置,Angular_location,dimension_tolerance,ap242,0,https://www.steptools.com/stds/smrl/data/modules/dimension_tolerance/sys/4_info_reqs.htm#dimension_tolerance_arm.angular_location
机械 / 装备制造,角度尺寸,Angular_size,dimension_tolerance,ap242,0,https://www.steptools.com/stds/smrl/data/modules/dimension_tolerance/sys/4_info_reqs.htm#dimension_tolerance_arm.angular_size
机械 / 装备制造,倾斜度公差,Angularity_tolerance,geometric_tolerance,ap242,0,https://www.steptools.com/stds/smrl/data/modules/geometric_tolerance/sys/4_info_reqs.htm#geometric_tolerance_arm.angularity_tolerance
机械 / 装备制造,标注占位符实例,Annotation_placeholder_occurrence,dimension_and_tolerance_callouts,ap242,1,https://www.steptools.com/stds/smrl/data/modules/dimension_and_tolerance_callouts/sys/4_info_reqs.htm#dimension_and_tolerance_callouts_arm.annotation_placeholder_occurrence
机械 / 装备制造,关联尺寸文本,Associated_dimension_text,dimension_and_tolerance_callouts,ap242,0,https://www.steptools.com/stds/smrl/data/modules/dimension_and_tolerance_callouts/sys/4_info_reqs.htm#dimension_and_tolerance_callouts_arm.associated_dimension_text
机械 / 装备制造,属性分类,Attribute_classification,attribute_classification,ap242,0,https://www.steptools.com/stds/smrl/data/modules/attribute_classification/sys/4_info_reqs.htm#attribute_classification_arm.attribute_classification
机械 / 装备制造,属性平移赋值,Attribute_translation_assignment,multi_linguism,ap242,0,https://www.steptools.com/stds/smrl/data/modules/multi_linguism/sys/4_info_reqs.htm#multi_linguism_arm.attribute_translation_assignment
机械 / 装备制造,轴放置形状元素,Axis_placement_shape_element,datum_and_datum_systems,ap242,3,https://www.steptools.com/stds/smrl/data/modules/datum_and_datum_systems/sys/4_info_reqs.htm#datum_and_datum_systems_arm.axis_placement_shape_element
机械 / 装备制造,基本圆孔,Basic_round_hole,mechanical_design_features_and_requirements,ap242,1,https://www.steptools.com/stds/smrl/data/modules/mechanical_design_features_and_requirements/sys/4_info_reqs.htm#mechanical_design_features_and_requirements_arm.basic_round_hole
机械 / 装备制造,基本圆孔实例,Basic_round_hole_occurrence,mechanical_design_features_and_requirements,ap242,0,https://www.steptools.com/stds/smrl/data/modules/mechanical_design_features_and_requirements/sys/4_info_reqs.htm#mechanical_design_features_and_requirements_arm.basic_round_hole_occurrence
机械 / 装备制造,基本圆孔实例在装配,Basic_round_hole_occurrence_in_assembly,mechanical_design_features_and_requirements,ap242,0,https://www.steptools.com/stds/smrl/data/modules/mechanical_design_features_and_requirements/sys/4_info_reqs.htm#mechanical_design_features_and_requirements_arm.basic_round_hole_occurrence_in_assembly
机械 / 装备制造,介于形状元素,Between_shape_element,geometric_tolerance,ap242,0,https://www.steptools.com/stds/smrl/data/modules/geometric_tolerance/sys/4_info_reqs.htm#geometric_tolerance_arm.between_shape_element
机械 / 装备制造,锥齿轮,Bevel_gear,machining_features,ap242,0,https://www.steptools.com/stds/smrl/data/modules/machining_features/sys/4_info_reqs.htm#machining_features_arm.bevel_gear
机械 / 装备制造,盲孔底部条件,Blind_bottom_condition,machining_features,ap242,0,https://www.steptools.com/stds/smrl/data/modules/machining_features/sys/4_info_reqs.htm#machining_features_arm.blind_bottom_condition
机械 / 装备制造,布尔结果,Boolean_result,primitive_solids,ap242,0,https://www.steptools.com/stds/smrl/data/modules/primitive_solids/sys/4_info_reqs.htm#primitive_solids_arm.boolean_result
机械 / 装备制造,凸台,Boss,machining_features,ap242,1,https://www.steptools.com/stds/smrl/data/modules/machining_features/sys/4_info_reqs.htm#machining_features_arm.boss
机械 / 装备制造,凸台顶部条件,Boss_top_condition,machining_features,ap242,0,https://www.steptools.com/stds/smrl/data/modules/machining_features/sys/4_info_reqs.htm#machining_features_arm.boss_top_condition
机械 / 装备制造,盒域,Box_domain,primitive_solids,ap242,0,https://www.steptools.com/stds/smrl/data/modules/primitive_solids/sys/4_info_reqs.htm#primitive_solids_arm.box_domain
机械 / 装备制造,盒式半空间,Boxed_half_space,primitive_solids,ap242,0,https://www.steptools.com/stds/smrl/data/modules/primitive_solids/sys/4_info_reqs.htm#primitive_solids_arm.boxed_half_space
机械 / 装备制造,构建平台定义,Build_platform_definition,additive_manufacturing_part_and_build_information,ap242,0,https://www.steptools.com/stds/smrl/data/modules/additive_manufacturing_part_and_build_information/sys/4_info_reqs.htm#additive_manufacturing_part_and_build_information_arm.build_platform_definition
机械 / 装备制造,构建体积,Build_volume,additive_manufacturing_part_and_build_information,ap242,1,https://www.steptools.com/stds/smrl/data/modules/additive_manufacturing_part_and_build_information/sys/4_info_reqs.htm#additive_manufacturing_part_and_build_information_arm.build_volume
机械 / 装备制造,标准齿轮,Catalogue_gear,machining_features,ap242,0,https://www.steptools.com/stds/smrl/data/modules/machining_features/sys/4_info_reqs.htm#machining_features_arm.catalogue_gear
机械 / 装备制造,标准滚花,Catalogue_knurl,machining_features,ap242,0,https://www.steptools.com/stds/smrl/data/modules/machining_features/sys/4_info_reqs.htm#machining_features_arm.catalogue_knurl
机械 / 装备制造,标准标记,Catalogue_marking,machining_features,ap242,0,https://www.steptools.com/stds/smrl/data/modules/machining_features/sys/4_info_reqs.htm#machining_features_arm.catalogue_marking
机械 / 装备制造,标准螺纹,Catalogue_thread,machining_features,ap242,0,https://www.steptools.com/stds/smrl/data/modules/machining_features/sys/4_info_reqs.htm#machining_features_arm.catalogue_thread
机械 / 装备制造,倒角,Chamfer,machining_features,ap242,0,https://www.steptools.com/stds/smrl/data/modules/machining_features/sys/4_info_reqs.htm#machining_features_arm.chamfer
机械 / 装备制造,倒角角,Chamfer_angle,machining_features,ap242,0,https://www.steptools.com/stds/smrl/data/modules/machining_features/sys/4_info_reqs.htm#machining_features_arm.chamfer_angle
机械 / 装备制造,特征数据列头链接,Characteristic_data_column_header_link,characteristic,ap242,0,https://www.steptools.com/stds/smrl/data/modules/characteristic/sys/4_info_reqs.htm#characteristic_arm.characteristic_data_column_header_link
机械 / 装备制造,圆形凸台,Circular_boss,machining_features,ap242,0,https://www.steptools.com/stds/smrl/data/modules/machining_features/sys/4_info_reqs.htm#machining_features_arm.circular_boss
机械 / 装备制造,圆形构建体积,Circular_build_volume,additive_manufacturing_part_and_build_information,ap242,0,https://www.steptools.com/stds/smrl/data/modules/additive_manufacturing_part_and_build_information/sys/4_info_reqs.htm#additive_manufacturing_part_and_build_information_arm.circular_build_volume
机械 / 装备制造,圆形闭合轮廓,Circular_closed_profile,machining_features,ap242,4,https://www.steptools.com/stds/smrl/data/modules/machining_features/sys/4_info_reqs.htm#machining_features_arm.circular_closed_profile
机械 / 装备制造,圆形闭合形状轮廓,Circular_closed_shape_profile,machining_features,ap242,0,https://www.steptools.com/stds/smrl/data/modules/machining_features/sys/4_info_reqs.htm#machining_features_arm.circular_closed_shape_profile
机械 / 装备制造,圆形圆锥,Circular_cone,primitive_solids,ap242,0,https://www.steptools.com/stds/smrl/data/modules/primitive_solids/sys/4_info_reqs.htm#primitive_solids_arm.circular_cone
机械 / 装备制造,圆形切口,Circular_cutout,machining_features,ap242,0,https://www.steptools.com/stds/smrl/data/modules/machining_features/sys/4_info_reqs.htm#machining_features_arm.circular_cutout
机械 / 装备制造,圆形圆柱,Circular_cylinder,primitive_solids,ap242,1,https://www.steptools.com/stds/smrl/data/modules/primitive_solids/sys/4_info_reqs.htm#primitive_solids_arm.circular_cylinder
机械 / 装备制造,圆形偏置阵列,Circular_offset_pattern,machining_features,ap242,0,https://www.steptools.com/stds/smrl/data/modules/machining_features/sys/4_info_reqs.htm#machining_features_arm.circular_offset_pattern
机械 / 装备制造,圆形省略阵列,Circular_omit_pattern,machining_features,ap242,0,https://www.steptools.com/stds/smrl/data/modules/machining_features/sys/4_info_reqs.htm#machining_features_arm.circular_omit_pattern
机械 / 装备制造,圆形路径,Circular_path,kinematic_motion_representation,ap242,0,https://www.steptools.com/stds/smrl/data/modules/kinematic_motion_representation/sys/4_info_reqs.htm#kinematic_motion_representation_arm.circular_path
机械 / 装备制造,圆形路径特征组件,Circular_path_feature_component,machining_features,ap242,0,https://www.steptools.com/stds/smrl/data/modules/machining_features/sys/4_info_reqs.htm#machining_features_arm.circular_path_feature_component
机械 / 装备制造,圆形阵列,Circular_pattern,machining_features,ap242,0,https://www.steptools.com/stds/smrl/data/modules/machining_features/sys/4_info_reqs.htm#machining_features_arm.circular_pattern
机械 / 装备制造,圆形跳动公差,Circular_runout_tolerance,geometric_tolerance,ap242,0,https://www.steptools.com/stds/smrl/data/modules/geometric_tolerance/sys/4_info_reqs.htm#geometric_tolerance_arm.circular_runout_tolerance
机械 / 装备制造,类层次,Class_hierarchy,classification_with_attributes,ap242,0,https://www.steptools.com/stds/smrl/data/modules/classification_with_attributes/sys/4_info_reqs.htm#classification_with_attributes_arm.class_hierarchy
机械 / 装备制造,类带属性,Class_with_attributes,classification_with_attributes,ap242,3,https://www.steptools.com/stds/smrl/data/modules/classification_with_attributes/sys/4_info_reqs.htm#classification_with_attributes_arm.class_with_attributes
机械 / 装备制造,分类关联,Classification_association,classification_with_attributes,ap242,1,https://www.steptools.com/stds/smrl/data/modules/classification_with_attributes/sys/4_info_reqs.htm#classification_with_attributes_arm.classification_association
机械 / 装备制造,分类属性,Classification_attribute,classification_with_attributes,ap242,0,https://www.steptools.com/stds/smrl/data/modules/classification_with_attributes/sys/4_info_reqs.htm#classification_with_attributes_arm.classification_attribute
机械 / 装备制造,分类系统,Classification_system,classification_with_attributes,ap242,0,https://www.steptools.com/stds/smrl/data/modules/classification_with_attributes/sys/4_info_reqs.htm#classification_with_attributes_arm.classification_system
机械 / 装备制造,闭合轮廓,Closed_profile,machining_features,ap242,3,https://www.steptools.com/stds/smrl/data/modules/machining_features/sys/4_info_reqs.htm#machining_features_arm.closed_profile
机械 / 装备制造,闭合槽,Closed_slot,machining_features,ap242,0,https://www.steptools.com/stds/smrl/data/modules/machining_features/sys/4_info_reqs.htm#machining_features_arm.closed_slot
机械 / 装备制造,涂层层,Coating_layer,surface_conditions,ap242,2,https://www.steptools.com/stds/smrl/data/modules/surface_conditions/sys/4_info_reqs.htm#surface_conditions_arm.coating_layer
机械 / 装备制造,同轴度公差,Coaxiality_tolerance,geometric_tolerance,ap242,0,https://www.steptools.com/stds/smrl/data/modules/geometric_tolerance/sys/4_info_reqs.htm#geometric_tolerance_arm.coaxiality_tolerance
机械 / 装备制造,完整圆形路径特征组件,Complete_circular_path_feature_component,machining_features,ap242,1,https://www.steptools.com/stds/smrl/data/modules/machining_features/sys/4_info_reqs.htm#machining_features_arm.complete_circular_path_feature_component
机械 / 装备制造,复合三角剖分面,Complex_triangulated_face,tessellated_geometry,ap242,0,https://www.steptools.com/stds/smrl/data/modules/tessellated_geometry/sys/4_info_reqs.htm#tessellated_geometry_arm.complex_triangulated_face
机械 / 装备制造,复合三角剖分曲面集合,Complex_triangulated_surface_set,tessellated_geometry,ap242,0,https://www.steptools.com/stds/smrl/data/modules/tessellated_geometry/sys/4_info_reqs.htm#tessellated_geometry_arm.complex_triangulated_surface_set
机械 / 装备制造,复合特征,Compound_feature,machining_features,ap242,0,https://www.steptools.com/stds/smrl/data/modules/machining_features/sys/4_info_reqs.htm#machining_features_arm.compound_feature
机械 / 装备制造,复合特征元素,Compound_feature_element,machining_features,ap242,0,https://www.steptools.com/stds/smrl/data/modules/machining_features/sys/4_info_reqs.htm#machining_features_arm.compound_feature_element
机械 / 装备制造,复合特征关系,Compound_feature_relationship,machining_features,ap242,0,https://www.steptools.com/stds/smrl/data/modules/machining_features/sys/4_info_reqs.htm#machining_features_arm.compound_feature_relationship
机械 / 装备制造,同轴度公差,Concentricity_tolerance,geometric_tolerance,ap242,0,https://www.steptools.com/stds/smrl/data/modules/geometric_tolerance/sys/4_info_reqs.htm#geometric_tolerance_arm.concentricity_tolerance
机械 / 装备制造,圆锥面孔底部,Conical_hole_bottom,machining_features,ap242,0,https://www.steptools.com/stds/smrl/data/modules/machining_features/sys/4_info_reqs.htm#machining_features_arm.conical_hole_bottom
机械 / 装备制造,连接区域,Connection_zone,feature_and_connection_zone,ap242,1,https://www.steptools.com/stds/smrl/data/modules/feature_and_connection_zone/sys/4_info_reqs.htm#feature_and_connection_zone_arm.connection_zone
机械 / 装备制造,常量半径边圆,Constant_radius_edge_round,machining_features,ap242,0,https://www.steptools.com/stds/smrl/data/modules/machining_features/sys/4_info_reqs.htm#machining_features_arm.constant_radius_edge_round
机械 / 装备制造,常量半径圆角,Constant_radius_fillet,machining_features,ap242,0,https://www.steptools.com/stds/smrl/data/modules/machining_features/sys/4_info_reqs.htm#machining_features_arm.constant_radius_fillet
机械 / 装备制造,接触比,Contact_ratio,surface_conditions,ap242,0,https://www.steptools.com/stds/smrl/data/modules/surface_conditions/sys/4_info_reqs.htm#surface_conditions_arm.contact_ratio
机械 / 装备制造,接触特征,Contacting_feature,datum_and_datum_systems,ap242,0,https://www.steptools.com/stds/smrl/data/modules/datum_and_datum_systems/sys/4_info_reqs.htm#datum_and_datum_systems_arm.contacting_feature
机械 / 装备制造,上下文相关运动学链接表示,Context_dependent_kinematic_link_representation,kinematic_structure,ap242,0,https://www.steptools.com/stds/smrl/data/modules/kinematic_structure/sys/4_info_reqs.htm#kinematic_structure_arm.context_dependent_kinematic_link_representation
机械 / 装备制造,连续形状元素,Continuous_shape_element,geometric_tolerance,ap242,0,https://www.steptools.com/stds/smrl/data/modules/geometric_tolerance/sys/4_info_reqs.htm#geometric_tolerance_arm.continuous_shape_element
机械 / 装备制造,凸六面体,Convex_hexahedron,primitive_solids,ap242,0,https://www.steptools.com/stds/smrl/data/modules/primitive_solids/sys/4_info_reqs.htm#primitive_solids_arm.convex_hexahedron
机械 / 装备制造,坐标列表,Coordinates_list,tessellated_geometry,ap242,2,https://www.steptools.com/stds/smrl/data/modules/tessellated_geometry/sys/4_info_reqs.htm#tessellated_geometry_arm.coordinates_list
机械 / 装备制造,沉孔孔,Counterbore_hole,machining_features,ap242,0,https://www.steptools.com/stds/smrl/data/modules/machining_features/sys/4_info_reqs.htm#machining_features_arm.counterbore_hole
机械 / 装备制造,锥形沉孔孔,Countersunk_hole,machining_features,ap242,0,https://www.steptools.com/stds/smrl/data/modules/machining_features/sys/4_info_reqs.htm#machining_features_arm.countersunk_hole
机械 / 装备制造,构造实体几何实体,Csg_solid,primitive_solids,ap242,0,https://www.steptools.com/stds/smrl/data/modules/primitive_solids/sys/4_info_reqs.htm#primitive_solids_arm.csg_solid
机械 / 装备制造,三次贝塞尔镶嵌边,Cubic_bezier_tessellated_edge,tessellated_geometry,ap242,0,https://www.steptools.com/stds/smrl/data/modules/tessellated_geometry/sys/4_info_reqs.htm#tessellated_geometry_arm.cubic_bezier_tessellated_edge
机械 / 装备制造,三次贝塞尔三角剖分面,Cubic_bezier_triangulated_face,tessellated_geometry,ap242,0,https://www.steptools.com/stds/smrl/data/modules/tessellated_geometry/sys/4_info_reqs.htm#tessellated_geometry_arm.cubic_bezier_triangulated_face
机械 / 装备制造,三次镶嵌连接边,Cubic_tessellated_connecting_edge,tessellated_geometry,ap242,0,https://www.steptools.com/stds/smrl/data/modules/tessellated_geometry/sys/4_info_reqs.htm#tessellated_geometry_arm.cubic_tessellated_connecting_edge
机械 / 装备制造,曲线基于路径,Curve_based_path,kinematic_motion_representation,ap242,0,https://www.steptools.com/stds/smrl/data/modules/kinematic_motion_representation/sys/4_info_reqs.htm#kinematic_motion_representation_arm.curve_based_path
机械 / 装备制造,曲线基于路径带定向,Curve_based_path_with_orientation,kinematic_motion_representation,ap242,0,https://www.steptools.com/stds/smrl/data/modules/kinematic_motion_representation/sys/4_info_reqs.htm#kinematic_motion_representation_arm.curve_based_path_with_orientation
机械 / 装备制造,曲线基于路径带定向与参数,Curve_based_path_with_orientation_and_parameters,kinematic_motion_representation,ap242,0,https://www.steptools.com/stds/smrl/data/modules/kinematic_motion_representation/sys/4_info_reqs.htm#kinematic_motion_representation_arm.curve_based_path_with_orientation_and_parameters
机械 / 装备制造,曲线字体阵列,Curve_font_pattern,styled_curve,ap242,0,https://www.steptools.com/stds/smrl/data/modules/styled_curve/sys/4_info_reqs.htm#styled_curve_arm.curve_font_pattern
机械 / 装备制造,曲线距离,Curved_distance,dimension_tolerance,ap242,0,https://www.steptools.com/stds/smrl/data/modules/dimension_tolerance/sys/4_info_reqs.htm#dimension_tolerance_arm.curved_distance
机械 / 装备制造,曲线尺寸,Curved_size,dimension_tolerance,ap242,0,https://www.steptools.com/stds/smrl/data/modules/dimension_tolerance/sys/4_info_reqs.htm#dimension_tolerance_arm.curved_size
机械 / 装备制造,切口特征,Cutout_feature,machining_features,ap242,0,https://www.steptools.com/stds/smrl/data/modules/machining_features/sys/4_info_reqs.htm#machining_features_arm.cutout_feature
机械 / 装备制造,圆环曲面段实体,Cyclide_segment_solid,primitive_solids,ap242,0,https://www.steptools.com/stds/smrl/data/modules/primitive_solids/sys/4_info_reqs.htm#primitive_solids_arm.cyclide_segment_solid
机械 / 装备制造,圆柱副,Cylindrical_pair,kinematic_structure,ap242,0,https://www.steptools.com/stds/smrl/data/modules/kinematic_structure/sys/4_info_reqs.htm#kinematic_structure_arm.cylindrical_pair
机械 / 装备制造,圆柱副值,Cylindrical_pair_value,kinematic_state,ap242,0,https://www.steptools.com/stds/smrl/data/modules/kinematic_state/sys/4_info_reqs.htm#kinematic_state_arm.cylindrical_pair_value
机械 / 装备制造,圆柱副带范围,Cylindrical_pair_with_range,kinematic_structure,ap242,0,https://www.steptools.com/stds/smrl/data/modules/kinematic_structure/sys/4_info_reqs.htm#kinematic_structure_arm.cylindrical_pair_with_range
机械 / 装备制造,圆柱度公差,Cylindricity_tolerance,geometric_tolerance,ap242,0,https://www.steptools.com/stds/smrl/data/modules/geometric_tolerance/sys/4_info_reqs.htm#geometric_tolerance_arm.cylindricity_tolerance
机械 / 装备制造,注明日期配置,Dated_configuration,manufacturing_configuration_effectivity,ap242,0,https://www.steptools.com/stds/smrl/data/modules/manufacturing_configuration_effectivity/sys/4_info_reqs.htm#manufacturing_configuration_effectivity_arm.dated_configuration
机械 / 装备制造,基准,Datum,datum_and_datum_systems,ap242,2,https://www.steptools.com/stds/smrl/data/modules/datum_and_datum_systems/sys/4_info_reqs.htm#datum_and_datum_systems_arm.datum
机械 / 装备制造,基准特征,Datum_feature,datum_and_datum_systems,ap242,0,https://www.steptools.com/stds/smrl/data/modules/datum_and_datum_systems/sys/4_info_reqs.htm#datum_and_datum_systems_arm.datum_feature
机械 / 装备制造,基准特征注记,Datum_feature_callout,draughting_element_specialisations,ap242,0,https://www.steptools.com/stds/smrl/data/modules/draughting_element_specialisations/sys/4_info_reqs.htm#draughting_element_specialisations_arm.datum_feature_callout
机械 / 装备制造,基准引用格,Datum_reference_compartment,datum_and_datum_systems,ap242,1,https://www.steptools.com/stds/smrl/data/modules/datum_and_datum_systems/sys/4_info_reqs.htm#datum_and_datum_systems_arm.datum_reference_compartment
机械 / 装备制造,基准引用元素,Datum_reference_element,datum_and_datum_systems,ap242,0,https://www.steptools.com/stds/smrl/data/modules/datum_and_datum_systems/sys/4_info_reqs.htm#datum_and_datum_systems_arm.datum_reference_element
机械 / 装备制造,基准引用修饰符带值,Datum_reference_modifier_with_value,datum_and_datum_systems,ap242,0,https://www.steptools.com/stds/smrl/data/modules/datum_and_datum_systems/sys/4_info_reqs.htm#datum_and_datum_systems_arm.datum_reference_modifier_with_value
机械 / 装备制造,基准系统,Datum_system,datum_and_datum_systems,ap242,14,https://www.steptools.com/stds/smrl/data/modules/datum_and_datum_systems/sys/4_info_reqs.htm#datum_and_datum_systems_arm.datum_system
机械 / 装备制造,基准系统带关联模型坐标系统,Datum_system_with_associated_model_coordinate_system,datum_and_datum_systems,ap242,1,https://www.steptools.com/stds/smrl/data/modules/datum_and_datum_systems/sys/4_info_reqs.htm#datum_and_datum_systems_arm.datum_system_with_associated_model_coordinate_system
机械 / 装备制造,基准目标,Datum_target,datum_and_datum_systems,ap242,0,https://www.steptools.com/stds/smrl/data/modules/datum_and_datum_systems/sys/4_info_reqs.htm#datum_and_datum_systems_arm.datum_target
机械 / 装备制造,基准目标注记,Datum_target_callout,draughting_element_specialisations,ap242,0,https://www.steptools.com/stds/smrl/data/modules/draughting_element_specialisations/sys/4_info_reqs.htm#draughting_element_specialisations_arm.datum_target_callout
机械 / 装备制造,默认倒角,Default_chamfer,default_setting_association,ap242,0,https://www.steptools.com/stds/smrl/data/modules/default_setting_association/sys/4_info_reqs.htm#default_setting_association_arm.default_chamfer
机械 / 装备制造,默认边圆,Default_edge_round,default_setting_association,ap242,0,https://www.steptools.com/stds/smrl/data/modules/default_setting_association/sys/4_info_reqs.htm#default_setting_association_arm.default_edge_round
机械 / 装备制造,默认圆角,Default_fillet,default_setting_association,ap242,0,https://www.steptools.com/stds/smrl/data/modules/default_setting_association/sys/4_info_reqs.htm#default_setting_association_arm.default_fillet
机械 / 装备制造,定义齿轮,Defined_gear,machining_features,ap242,0,https://www.steptools.com/stds/smrl/data/modules/machining_features/sys/4_info_reqs.htm#machining_features_arm.defined_gear
机械 / 装备制造,定义标记,Defined_marking,machining_features,ap242,0,https://www.steptools.com/stds/smrl/data/modules/machining_features/sys/4_info_reqs.htm#machining_features_arm.defined_marking
机械 / 装备制造,定义螺纹,Defined_thread,machining_features,ap242,0,https://www.steptools.com/stds/smrl/data/modules/machining_features/sys/4_info_reqs.htm#machining_features_arm.defined_thread
机械 / 装备制造,对角滚花,Diagonal_knurl,machining_features,ap242,0,https://www.steptools.com/stds/smrl/data/modules/machining_features/sys/4_info_reqs.htm#machining_features_arm.diagonal_knurl
机械 / 装备制造,直径尺寸,Diameter_size,dimension_tolerance,ap242,0,https://www.steptools.com/stds/smrl/data/modules/dimension_tolerance/sys/4_info_reqs.htm#dimension_tolerance_arm.diameter_size
机械 / 装备制造,直径锥度,Diameter_taper,machining_features,ap242,0,https://www.steptools.com/stds/smrl/data/modules/machining_features/sys/4_info_reqs.htm#machining_features_arm.diameter_taper
机械 / 装备制造,菱形滚花,Diamond_knurl,machining_features,ap242,0,https://www.steptools.com/stds/smrl/data/modules/machining_features/sys/4_info_reqs.htm#machining_features_arm.diamond_knurl
机械 / 装备制造,尺寸,Dimension,draughting_element_specialisations,ap242,0,https://www.steptools.com/stds/smrl/data/modules/draughting_element_specialisations/sys/4_info_reqs.htm#draughting_element_specialisations_arm.dimension
机械 / 装备制造,尺寸注记,Dimension_callout,draughting_element_specialisations,ap242,0,https://www.steptools.com/stds/smrl/data/modules/draughting_element_specialisations/sys/4_info_reqs.htm#draughting_element_specialisations_arm.dimension_callout
机械 / 装备制造,尺寸注记关系,Dimension_callout_relationship,draughting_element_specialisations,ap242,0,https://www.steptools.com/stds/smrl/data/modules/draughting_element_specialisations/sys/4_info_reqs.htm#draughting_element_specialisations_arm.dimension_callout_relationship
机械 / 装备制造,尺寸曲线,Dimension_curve,draughting_element,ap242,1,https://www.steptools.com/stds/smrl/data/modules/draughting_element/sys/4_info_reqs.htm#draughting_element_arm.dimension_curve
机械 / 装备制造,尺寸曲线有向注记,Dimension_curve_directed_callout,draughting_element,ap242,0,https://www.steptools.com/stds/smrl/data/modules/draughting_element/sys/4_info_reqs.htm#draughting_element_arm.dimension_curve_directed_callout
机械 / 装备制造,尺寸曲线终止符,Dimension_curve_terminator,draughting_annotation,ap242,0,https://www.steptools.com/stds/smrl/data/modules/draughting_annotation/sys/4_info_reqs.htm#draughting_annotation_arm.dimension_curve_terminator
机械 / 装备制造,尺寸曲线终止符到投影曲线关联性,Dimension_curve_terminator_to_projection_curve_associativity,dimension_and_tolerance_callouts,ap242,0,https://www.steptools.com/stds/smrl/data/modules/dimension_and_tolerance_callouts/sys/4_info_reqs.htm#dimension_and_tolerance_callouts_arm.dimension_curve_terminator_to_projection_curve_associativity
机械 / 装备制造,尺寸前缀,Dimension_prefix,draughting_element_specialisations,ap242,1,https://www.steptools.com/stds/smrl/data/modules/draughting_element_specialisations/sys/4_info_reqs.htm#draughting_element_specialisations_arm.dimension_prefix
机械 / 装备制造,尺寸序列副,Dimension_sequence_pair,draughting_element_specialisations,ap242,0,https://www.steptools.com/stds/smrl/data/modules/draughting_element_specialisations/sys/4_info_reqs.htm#draughting_element_specialisations_arm.dimension_sequence_pair
机械 / 装备制造,尺寸后缀,Dimension_suffix,draughting_element_specialisations,ap242,1,https://www.steptools.com/stds/smrl/data/modules/draughting_element_specialisations/sys/4_info_reqs.htm#draughting_element_specialisations_arm.dimension_suffix
机械 / 装备制造,尺寸符号,Dimension_symbol,draughting_annotation,ap242,0,https://www.steptools.com/stds/smrl/data/modules/draughting_annotation/sys/4_info_reqs.htm#draughting_annotation_arm.dimension_symbol
机械 / 装备制造,尺寸文本,Dimension_text,associative_text,ap242,5,https://www.steptools.com/stds/smrl/data/modules/associative_text/sys/4_info_reqs.htm#associative_text_arm.dimension_text
机械 / 装备制造,尺寸值,Dimension_value,draughting_element_specialisations,ap242,0,https://www.steptools.com/stds/smrl/data/modules/draughting_element_specialisations/sys/4_info_reqs.htm#draughting_element_specialisations_arm.dimension_value
机械 / 装备制造,尺寸值带限制,Dimension_value_with_limitation,dimension_tolerance,ap242,0,https://www.steptools.com/stds/smrl/data/modules/dimension_tolerance/sys/4_info_reqs.htm#dimension_tolerance_arm.dimension_value_with_limitation
机械 / 装备制造,尺寸位置,Dimensional_location,dimension_tolerance,ap242,4,https://www.steptools.com/stds/smrl/data/modules/dimension_tolerance/sys/4_info_reqs.htm#dimension_tolerance_arm.dimensional_location
机械 / 装备制造,尺寸位置带基准特征,Dimensional_location_with_datum_feature,dimension_tolerance,ap242,1,https://www.steptools.com/stds/smrl/data/modules/dimension_tolerance/sys/4_info_reqs.htm#dimension_tolerance_arm.dimensional_location_with_datum_feature
机械 / 装备制造,尺寸尺寸,Dimensional_size,dimension_tolerance,ap242,4,https://www.steptools.com/stds/smrl/data/modules/dimension_tolerance/sys/4_info_reqs.htm#dimension_tolerance_arm.dimensional_size
机械 / 装备制造,尺寸尺寸带基准特征,Dimensional_size_with_datum_feature,dimension_tolerance,ap242,1,https://www.steptools.com/stds/smrl/data/modules/dimension_tolerance/sys/4_info_reqs.htm#dimension_tolerance_arm.dimensional_size_with_datum_feature
机械 / 装备制造,有向活动,Directed_activity,work_order,ap242,2,https://www.steptools.com/stds/smrl/data/modules/work_order/sys/4_info_reqs.htm#work_order_arm.directed_activity
机械 / 装备制造,有向活动项赋值,Directed_activity_items_assignment,work_order,ap242,0,https://www.steptools.com/stds/smrl/data/modules/work_order/sys/4_info_reqs.htm#work_order_arm.directed_activity_items_assignment
机械 / 装备制造,有向或有向公差区域,Directed_or_oriented_tolerance_zone,geometric_tolerance,ap242,6,https://www.steptools.com/stds/smrl/data/modules/geometric_tolerance/sys/4_info_reqs.htm#geometric_tolerance_arm.directed_or_oriented_tolerance_zone
机械 / 装备制造,有向锥度,Directed_taper,machining_features,ap242,0,https://www.steptools.com/stds/smrl/data/modules/machining_features/sys/4_info_reqs.htm#machining_features_arm.directed_taper
机械 / 装备制造,有向公差区域,Directed_tolerance_zone,geometric_tolerance,ap242,0,https://www.steptools.com/stds/smrl/data/modules/geometric_tolerance/sys/4_info_reqs.htm#geometric_tolerance_arm.directed_tolerance_zone
机械 / 装备制造,方向元素,Direction_element,machining_features,ap242,10,https://www.steptools.com/stds/smrl/data/modules/machining_features/sys/4_info_reqs.htm#machining_features_arm.direction_element
机械 / 装备制造,制图模型项关联带占位符,Draughting_model_item_association_with_placeholder,dimension_and_tolerance_callouts,ap242,0,https://www.steptools.com/stds/smrl/data/modules/dimension_and_tolerance_callouts/sys/4_info_reqs.htm#dimension_and_tolerance_callouts_arm.draughting_model_item_association_with_placeholder
机械 / 装备制造,偏心圆锥,Eccentric_cone,primitive_solids,ap242,0,https://www.steptools.com/stds/smrl/data/modules/primitive_solids/sys/4_info_reqs.htm#primitive_solids_arm.eccentric_cone
机械 / 装备制造,边的未定义形状尺寸,Edge_of_undefined_shape_size,dimension_tolerance,ap242,0,https://www.steptools.com/stds/smrl/data/modules/dimension_tolerance/sys/4_info_reqs.htm#dimension_tolerance_arm.edge_of_undefined_shape_size
机械 / 装备制造,边圆,Edge_round,machining_features,ap242,0,https://www.steptools.com/stds/smrl/data/modules/machining_features/sys/4_info_reqs.htm#machining_features_arm.edge_round
机械 / 装备制造,基本边界表示形状表示,Elementary_brep_shape_representation,elementary_boundary_representation,ap242,0,https://www.steptools.com/stds/smrl/data/modules/elementary_boundary_representation/sys/4_info_reqs.htm#elementary_boundary_representation_arm.elementary_brep_shape_representation
机械 / 装备制造,椭球,Ellipsoid,primitive_solids,ap242,0,https://www.steptools.com/stds/smrl/data/modules/primitive_solids/sys/4_info_reqs.htm#primitive_solids_arm.ellipsoid
机械 / 装备制造,显式组合孔,Explicit_composite_hole,mechanical_design_features_and_requirements,ap242,0,https://www.steptools.com/stds/smrl/data/modules/mechanical_design_features_and_requirements/sys/4_info_reqs.htm#mechanical_design_features_and_requirements_arm.explicit_composite_hole
机械 / 装备制造,显式圆孔,Explicit_round_hole,mechanical_design_features_and_requirements,ap242,0,https://www.steptools.com/stds/smrl/data/modules/mechanical_design_features_and_requirements/sys/4_info_reqs.htm#mechanical_design_features_and_requirements_arm.explicit_round_hole
机械 / 装备制造,扩展视觉外观,Extended_visual_appearance,surface_conditions,ap242,0,https://www.steptools.com/stds/smrl/data/modules/surface_conditions/sys/4_info_reqs.htm#surface_conditions_arm.extended_visual_appearance
机械 / 装备制造,外部类带属性,External_class_with_attributes,classification_with_attributes,ap242,0,https://www.steptools.com/stds/smrl/data/modules/classification_with_attributes/sys/4_info_reqs.htm#classification_with_attributes_arm.external_class_with_attributes
机械 / 装备制造,外部定义工作请求,Externally_defined_work_request,pre_defined_product_data_management_specializations,ap242,1,https://www.steptools.com/stds/smrl/data/modules/pre_defined_product_data_management_specializations/sys/4_info_reqs.htm#pre_defined_product_data_management_specializations_arm.externally_defined_work_request
机械 / 装备制造,外部定义工作请求状态,Externally_defined_work_request_status,pre_defined_product_data_management_specializations,ap242,1,https://www.steptools.com/stds/smrl/data/modules/pre_defined_product_data_management_specializations/sys/4_info_reqs.htm#pre_defined_product_data_management_specializations_arm.externally_defined_work_request_status
机械 / 装备制造,拉伸面实体,Extruded_face_solid,primitive_solids,ap242,0,https://www.steptools.com/stds/smrl/data/modules/primitive_solids/sys/4_info_reqs.htm#primitive_solids_arm.extruded_face_solid
机械 / 装备制造,制造技术规范,Fabrication_technology_specification,specification_document,ap242,0,https://www.steptools.com/stds/smrl/data/modules/specification_document/sys/4_info_reqs.htm#specification_document_arm.fabrication_technology_specification
机械 / 装备制造,面形状元素,Face_shape_element,machining_features,ap242,13,https://www.steptools.com/stds/smrl/data/modules/machining_features/sys/4_info_reqs.htm#machining_features_arm.face_shape_element
机械 / 装备制造,面形状元素关系,Face_shape_element_relationship,machining_features,ap242,0,https://www.steptools.com/stds/smrl/data/modules/machining_features/sys/4_info_reqs.htm#machining_features_arm.face_shape_element_relationship
机械 / 装备制造,分面边界表示形状表示,Faceted_brep_shape_representation,faceted_boundary_representation,ap242,1,https://www.steptools.com/stds/smrl/data/modules/faceted_boundary_representation/sys/4_info_reqs.htm#faceted_boundary_representation_arm.faceted_brep_shape_representation
机械 / 装备制造,分面基本体,Faceted_primitive,primitive_solids,ap242,0,https://www.steptools.com/stds/smrl/data/modules/primitive_solids/sys/4_info_reqs.htm#primitive_solids_arm.faceted_primitive
机械 / 装备制造,特征定义带连接面积,Feature_definition_with_connection_area,feature_and_connection_zone,ap242,0,https://www.steptools.com/stds/smrl/data/modules/feature_and_connection_zone/sys/4_info_reqs.htm#feature_and_connection_zone_arm.feature_definition_with_connection_area
机械 / 装备制造,圆角,Fillet,machining_features,ap242,0,https://www.steptools.com/stds/smrl/data/modules/machining_features/sys/4_info_reqs.htm#machining_features_arm.fillet
机械 / 装备制造,第一倒角偏置,First_chamfer_offset,machining_features,ap242,0,https://www.steptools.com/stds/smrl/data/modules/machining_features/sys/4_info_reqs.htm#machining_features_arm.first_chamfer_offset
机械 / 装备制造,平面孔底部,Flat_hole_bottom,machining_features,ap242,0,https://www.steptools.com/stds/smrl/data/modules/machining_features/sys/4_info_reqs.htm#machining_features_arm.flat_hole_bottom
机械 / 装备制造,平面槽端类型,Flat_slot_end_type,machining_features,ap242,0,https://www.steptools.com/stds/smrl/data/modules/machining_features/sys/4_info_reqs.htm#machining_features_arm.flat_slot_end_type
机械 / 装备制造,平面带半径孔底部,Flat_with_radius_hole_bottom,machining_features,ap242,0,https://www.steptools.com/stds/smrl/data/modules/machining_features/sys/4_info_reqs.htm#machining_features_arm.flat_with_radius_hole_bottom
机械 / 装备制造,平面带锥度孔底部,Flat_with_taper_hole_bottom,machining_features,ap242,0,https://www.steptools.com/stds/smrl/data/modules/machining_features/sys/4_info_reqs.htm#machining_features_arm.flat_with_taper_hole_bottom
机械 / 装备制造,平面度公差,Flatness_tolerance,geometric_tolerance,ap242,0,https://www.steptools.com/stds/smrl/data/modules/geometric_tolerance/sys/4_info_reqs.htm#geometric_tolerance_arm.flatness_tolerance
机械 / 装备制造,完全受约束副,Fully_constrained_pair,kinematic_structure,ap242,0,https://www.steptools.com/stds/smrl/data/modules/kinematic_structure/sys/4_info_reqs.htm#kinematic_structure_arm.fully_constrained_pair
机械 / 装备制造,齿轮,Gear,machining_features,ap242,1,https://www.steptools.com/stds/smrl/data/modules/machining_features/sys/4_info_reqs.htm#machining_features_arm.gear
机械 / 装备制造,齿轮副,Gear_pair,kinematic_structure,ap242,0,https://www.steptools.com/stds/smrl/data/modules/kinematic_structure/sys/4_info_reqs.htm#kinematic_structure_arm.gear_pair
机械 / 装备制造,齿轮副值,Gear_pair_value,kinematic_state,ap242,0,https://www.steptools.com/stds/smrl/data/modules/kinematic_state/sys/4_info_reqs.htm#kinematic_state_arm.gear_pair_value
机械 / 装备制造,齿轮副带范围,Gear_pair_with_range,kinematic_structure,ap242,0,https://www.steptools.com/stds/smrl/data/modules/kinematic_structure/sys/4_info_reqs.htm#kinematic_structure_arm.gear_pair_with_range
机械 / 装备制造,通用凸台,General_boss,machining_features,ap242,0,https://www.steptools.com/stds/smrl/data/modules/machining_features/sys/4_info_reqs.htm#machining_features_arm.general_boss
机械 / 装备制造,通用闭合轮廓,General_closed_profile,machining_features,ap242,0,https://www.steptools.com/stds/smrl/data/modules/machining_features/sys/4_info_reqs.htm#machining_features_arm.general_closed_profile
机械 / 装备制造,通用切口,General_cutout,machining_features,ap242,0,https://www.steptools.com/stds/smrl/data/modules/machining_features/sys/4_info_reqs.htm#machining_features_arm.general_cutout
机械 / 装备制造,通用基准引用,General_datum_reference,datum_and_datum_systems,ap242,1,https://www.steptools.com/stds/smrl/data/modules/datum_and_datum_systems/sys/4_info_reqs.htm#datum_and_datum_systems_arm.general_datum_reference
机械 / 装备制造,通用特征,General_feature,shape_feature,ap242,0,https://www.steptools.com/stds/smrl/data/modules/shape_feature/sys/4_info_reqs.htm#shape_feature_arm.general_feature
机械 / 装备制造,通用开放轮廓,General_open_profile,machining_features,ap242,1,https://www.steptools.com/stds/smrl/data/modules/machining_features/sys/4_info_reqs.htm#machining_features_arm.general_open_profile
机械 / 装备制造,通用外部轮廓,General_outside_profile,machining_features,ap242,0,https://www.steptools.com/stds/smrl/data/modules/machining_features/sys/4_info_reqs.htm#machining_features_arm.general_outside_profile
机械 / 装备制造,通用零件特征,General_part_feature,part_shape,ap242,1,https://www.steptools.com/stds/smrl/data/modules/part_shape/sys/4_info_reqs.htm#part_shape_arm.general_part_feature
机械 / 装备制造,通用路径特征组件,General_path_feature_component,machining_features,ap242,1,https://www.steptools.com/stds/smrl/data/modules/machining_features/sys/4_info_reqs.htm#machining_features_arm.general_path_feature_component
机械 / 装备制造,通用阵列,General_pattern,machining_features,ap242,0,https://www.steptools.com/stds/smrl/data/modules/machining_features/sys/4_info_reqs.htm#machining_features_arm.general_pattern
机械 / 装备制造,通用凹槽,General_pocket,machining_features,ap242,0,https://www.steptools.com/stds/smrl/data/modules/machining_features/sys/4_info_reqs.htm#machining_features_arm.general_pocket
机械 / 装备制造,通用凹槽底部条件,General_pocket_bottom_condition,machining_features,ap242,0,https://www.steptools.com/stds/smrl/data/modules/machining_features/sys/4_info_reqs.htm#machining_features_arm.general_pocket_bottom_condition
机械 / 装备制造,通用轮廓底,General_profile_floor,machining_features,ap242,0,https://www.steptools.com/stds/smrl/data/modules/machining_features/sys/4_info_reqs.htm#machining_features_arm.general_profile_floor
机械 / 装备制造,通用移除体积,General_removal_volume,machining_features,ap242,0,https://www.steptools.com/stds/smrl/data/modules/machining_features/sys/4_info_reqs.htm#machining_features_arm.general_removal_volume
机械 / 装备制造,通用回转,General_revolution,machining_features,ap242,0,https://www.steptools.com/stds/smrl/data/modules/machining_features/sys/4_info_reqs.htm#machining_features_arm.general_revolution
机械 / 装备制造,通用加强筋顶部底,General_rib_top_floor,machining_features,ap242,0,https://www.steptools.com/stds/smrl/data/modules/machining_features/sys/4_info_reqs.htm#machining_features_arm.general_rib_top_floor
机械 / 装备制造,通用形状轮廓,General_shape_profile,machining_features,ap242,0,https://www.steptools.com/stds/smrl/data/modules/machining_features/sys/4_info_reqs.htm#machining_features_arm.general_shape_profile
机械 / 装备制造,通用公差表,General_tolerance_table,default_tolerance,ap242,0,https://www.steptools.com/stds/smrl/data/modules/default_tolerance/sys/4_info_reqs.htm#default_tolerance_arm.general_tolerance_table
机械 / 装备制造,通用公差,General_tolerances,default_tolerance,ap242,0,https://www.steptools.com/stds/smrl/data/modules/default_tolerance/sys/4_info_reqs.htm#default_tolerance_arm.general_tolerances
机械 / 装备制造,通用顶部条件,General_top_condition,machining_features,ap242,0,https://www.steptools.com/stds/smrl/data/modules/machining_features/sys/4_info_reqs.htm#machining_features_arm.general_top_condition
机械 / 装备制造,几何尺寸,Geometric_dimension,dimension_tolerance,ap242,3,https://www.steptools.com/stds/smrl/data/modules/dimension_tolerance/sys/4_info_reqs.htm#dimension_tolerance_arm.geometric_dimension
机械 / 装备制造,几何占位符集合,Geometric_placeholder_set,dimension_and_tolerance_callouts,ap242,1,https://www.steptools.com/stds/smrl/data/modules/dimension_and_tolerance_callouts/sys/4_info_reqs.htm#dimension_and_tolerance_callouts_arm.geometric_placeholder_set
机械 / 装备制造,几何表示上下文带参数,Geometric_representation_context_with_parameter,kinematic_motion_representation,ap242,0,https://www.steptools.com/stds/smrl/data/modules/kinematic_motion_representation/sys/4_info_reqs.htm#kinematic_motion_representation_arm.geometric_representation_context_with_parameter
机械 / 装备制造,几何公差,Geometric_tolerance,geometric_tolerance,ap242,5,https://www.steptools.com/stds/smrl/data/modules/geometric_tolerance/sys/4_info_reqs.htm#geometric_tolerance_arm.geometric_tolerance
机械 / 装备制造,几何公差辅助分类,Geometric_tolerance_auxiliary_classification,geometric_tolerance,ap242,0,https://www.steptools.com/stds/smrl/data/modules/geometric_tolerance/sys/4_info_reqs.htm#geometric_tolerance_arm.geometric_tolerance_auxiliary_classification
机械 / 装备制造,几何公差注记,Geometric_tolerance_callout,draughting_element_specialisations,ap242,0,https://www.steptools.com/stds/smrl/data/modules/draughting_element_specialisations/sys/4_info_reqs.htm#draughting_element_specialisations_arm.geometric_tolerance_callout
机械 / 装备制造,几何公差关系,Geometric_tolerance_relationship,geometric_tolerance,ap242,0,https://www.steptools.com/stds/smrl/data/modules/geometric_tolerance/sys/4_info_reqs.htm#geometric_tolerance_arm.geometric_tolerance_relationship
机械 / 装备制造,几何公差符号,Geometric_tolerance_symbol,draughting_annotation,ap242,0,https://www.steptools.com/stds/smrl/data/modules/draughting_annotation/sys/4_info_reqs.htm#draughting_annotation_arm.geometric_tolerance_symbol
机械 / 装备制造,GPS过滤,Gps_filter,geometric_tolerance,ap242,0,https://www.steptools.com/stds/smrl/data/modules/geometric_tolerance/sys/4_info_reqs.htm#geometric_tolerance_arm.gps_filter
机械 / 装备制造,GPS过滤规范,Gps_filtration_specification,geometric_tolerance,ap242,0,https://www.steptools.com/stds/smrl/data/modules/geometric_tolerance/sys/4_info_reqs.htm#geometric_tolerance_arm.gps_filtration_specification
机械 / 装备制造,槽,Groove,machining_features,ap242,0,https://www.steptools.com/stds/smrl/data/modules/machining_features/sys/4_info_reqs.htm#machining_features_arm.groove
机械 / 装备制造,半空间实体,Half_space_solid,primitive_solids,ap242,0,https://www.steptools.com/stds/smrl/data/modules/primitive_solids/sys/4_info_reqs.htm#primitive_solids_arm.half_space_solid
机械 / 装备制造,硬度,Hardness,surface_conditions,ap242,0,https://www.steptools.com/stds/smrl/data/modules/surface_conditions/sys/4_info_reqs.htm#surface_conditions_arm.hardness
机械 / 装备制造,螺旋锥齿轮,Helical_bevel_gear,machining_features,ap242,0,https://www.steptools.com/stds/smrl/data/modules/machining_features/sys/4_info_reqs.htm#machining_features_arm.helical_bevel_gear
机械 / 装备制造,螺旋齿轮,Helical_gear,machining_features,ap242,0,https://www.steptools.com/stds/smrl/data/modules/machining_features/sys/4_info_reqs.htm#machining_features_arm.helical_gear
机械 / 装备制造,高次序运动学副,High_order_kinematic_pair,kinematic_structure,ap242,0,https://www.steptools.com/stds/smrl/data/modules/kinematic_structure/sys/4_info_reqs.htm#kinematic_structure_arm.high_order_kinematic_pair
机械 / 装备制造,孔,Hole,machining_features,ap242,1,https://www.steptools.com/stds/smrl/data/modules/machining_features/sys/4_info_reqs.htm#machining_features_arm.hole
机械 / 装备制造,等速副,Homokinetic_pair,kinematic_structure,ap242,0,https://www.steptools.com/stds/smrl/data/modules/kinematic_structure/sys/4_info_reqs.htm#kinematic_structure_arm.homokinetic_pair
机械 / 装备制造,不完整引用标记,Incomplete_reference_marking,incomplete_data_reference_mechanism,ap242,0,https://www.steptools.com/stds/smrl/data/modules/incomplete_data_reference_mechanism/sys/4_info_reqs.htm#incomplete_data_reference_mechanism_arm.incomplete_reference_marking
机械 / 装备制造,实例化特征,Instanced_feature,shape_feature,ap242,1,https://www.steptools.com/stds/smrl/data/modules/shape_feature/sys/4_info_reqs.htm#shape_feature_arm.instanced_feature
机械 / 装备制造,实例化制造特征,Instanced_manufacturing_feature,machining_features,ap242,0,https://www.steptools.com/stds/smrl/data/modules/machining_features/sys/4_info_reqs.htm#machining_features_arm.instanced_manufacturing_feature
机械 / 装备制造,插值配置表示,Interpolated_configuration_representation,kinematic_motion_representation,ap242,0,https://www.steptools.com/stds/smrl/data/modules/kinematic_motion_representation/sys/4_info_reqs.htm#kinematic_motion_representation_arm.interpolated_configuration_representation
机械 / 装备制造,插值配置段,Interpolated_configuration_segment,kinematic_motion_representation,ap242,0,https://www.steptools.com/stds/smrl/data/modules/kinematic_motion_representation/sys/4_info_reqs.htm#kinematic_motion_representation_arm.interpolated_configuration_segment
机械 / 装备制造,插值配置序列,Interpolated_configuration_sequence,kinematic_motion_representation,ap242,1,https://www.steptools.com/stds/smrl/data/modules/kinematic_motion_representation/sys/4_info_reqs.htm#kinematic_motion_representation_arm.interpolated_configuration_sequence
机械 / 装备制造,项链接运动关系,Item_link_motion_relationship,kinematic_motion_representation,ap242,0,https://www.steptools.com/stds/smrl/data/modules/kinematic_motion_representation/sys/4_info_reqs.htm#kinematic_motion_representation_arm.item_link_motion_relationship
机械 / 装备制造,运动学分析一致性,Kinematic_analysis_consistency,kinematic_analysis_control_and_result,ap242,0,https://www.steptools.com/stds/smrl/data/modules/kinematic_analysis_control_and_result/sys/4_info_reqs.htm#kinematic_analysis_control_and_result_arm.kinematic_analysis_consistency
机械 / 装备制造,运动学分析结果,Kinematic_analysis_result,kinematic_analysis_control_and_result,ap242,0,https://www.steptools.com/stds/smrl/data/modules/kinematic_analysis_control_and_result/sys/4_info_reqs.htm#kinematic_analysis_control_and_result_arm.kinematic_analysis_result
机械 / 装备制造,运动学控制,Kinematic_control,kinematic_analysis_control_and_result,ap242,0,https://www.steptools.com/stds/smrl/data/modules/kinematic_analysis_control_and_result/sys/4_info_reqs.htm#kinematic_analysis_control_and_result_arm.kinematic_control
机械 / 装备制造,运动副,Kinematic_joint,kinematic_topology,ap242,3,https://www.steptools.com/stds/smrl/data/modules/kinematic_topology/sys/4_info_reqs.htm#kinematic_topology_arm.kinematic_joint
机械 / 装备制造,运动学链接,Kinematic_link,kinematic_topology,ap242,2,https://www.steptools.com/stds/smrl/data/modules/kinematic_topology/sys/4_info_reqs.htm#kinematic_topology_arm.kinematic_link
机械 / 装备制造,运动学链接表示,Kinematic_link_representation,kinematic_structure,ap242,3,https://www.steptools.com/stds/smrl/data/modules/kinematic_structure/sys/4_info_reqs.htm#kinematic_structure_arm.kinematic_link_representation
机械 / 装备制造,运动学链接表示关联,Kinematic_link_representation_association,kinematic_structure,ap242,2,https://www.steptools.com/stds/smrl/data/modules/kinematic_structure/sys/4_info_reqs.htm#kinematic_structure_arm.kinematic_link_representation_association
机械 / 装备制造,运动学环,Kinematic_loop,kinematic_topology,ap242,0,https://www.steptools.com/stds/smrl/data/modules/kinematic_topology/sys/4_info_reqs.htm#kinematic_topology_arm.kinematic_loop
机械 / 装备制造,运动副对,Kinematic_pair,kinematic_structure,ap242,1,https://www.steptools.com/stds/smrl/data/modules/kinematic_structure/sys/4_info_reqs.htm#kinematic_structure_arm.kinematic_pair
机械 / 装备制造,运动学路径,Kinematic_path,kinematic_motion_representation,ap242,2,https://www.steptools.com/stds/smrl/data/modules/kinematic_motion_representation/sys/4_info_reqs.htm#kinematic_motion_representation_arm.kinematic_path
机械 / 装备制造,运动学路径定义按曲线,Kinematic_path_defined_by_curves,kinematic_motion_representation,ap242,0,https://www.steptools.com/stds/smrl/data/modules/kinematic_motion_representation/sys/4_info_reqs.htm#kinematic_motion_representation_arm.kinematic_path_defined_by_curves
机械 / 装备制造,运动学路径定义按节点,Kinematic_path_defined_by_nodes,kinematic_motion_representation,ap242,0,https://www.steptools.com/stds/smrl/data/modules/kinematic_motion_representation/sys/4_info_reqs.htm#kinematic_motion_representation_arm.kinematic_path_defined_by_nodes
机械 / 装备制造,运动学路径段,Kinematic_path_segment,kinematic_motion_representation,ap242,0,https://www.steptools.com/stds/smrl/data/modules/kinematic_motion_representation/sys/4_info_reqs.htm#kinematic_motion_representation_arm.kinematic_path_segment
机械 / 装备制造,运动学属性定义表示,Kinematic_property_definition_representation,kinematic_topology,ap242,1,https://www.steptools.com/stds/smrl/data/modules/kinematic_topology/sys/4_info_reqs.htm#kinematic_topology_arm.kinematic_property_definition_representation
机械 / 装备制造,运动学属性机构表示,Kinematic_property_mechanism_representation,kinematic_structure,ap242,0,https://www.steptools.com/stds/smrl/data/modules/kinematic_structure/sys/4_info_reqs.htm#kinematic_structure_arm.kinematic_property_mechanism_representation
机械 / 装备制造,运动学属性拓扑表示,Kinematic_property_topology_representation,kinematic_topology,ap242,0,https://www.steptools.com/stds/smrl/data/modules/kinematic_topology/sys/4_info_reqs.htm#kinematic_topology_arm.kinematic_property_topology_representation
机械 / 装备制造,运动学拓扑有向结构,Kinematic_topology_directed_structure,kinematic_topology,ap242,0,https://www.steptools.com/stds/smrl/data/modules/kinematic_topology/sys/4_info_reqs.htm#kinematic_topology_arm.kinematic_topology_directed_structure
机械 / 装备制造,运动学拓扑网络结构,Kinematic_topology_network_structure,kinematic_topology,ap242,0,https://www.steptools.com/stds/smrl/data/modules/kinematic_topology/sys/4_info_reqs.htm#kinematic_topology_arm.kinematic_topology_network_structure
机械 / 装备制造,运动学拓扑结构,Kinematic_topology_structure,kinematic_topology,ap242,0,https://www.steptools.com/stds/smrl/data/modules/kinematic_topology/sys/4_info_reqs.htm#kinematic_topology_arm.kinematic_topology_structure
机械 / 装备制造,运动学拓扑子结构,Kinematic_topology_substructure,kinematic_topology,ap242,0,https://www.steptools.com/stds/smrl/data/modules/kinematic_topology/sys/4_info_reqs.htm#kinematic_topology_arm.kinematic_topology_substructure
机械 / 装备制造,运动学拓扑树结构,Kinematic_topology_tree_structure,kinematic_topology,ap242,0,https://www.steptools.com/stds/smrl/data/modules/kinematic_topology/sys/4_info_reqs.htm#kinematic_topology_arm.kinematic_topology_tree_structure
机械 / 装备制造,滚花,Knurl,machining_features,ap242,1,https://www.steptools.com/stds/smrl/data/modules/machining_features/sys/4_info_reqs.htm#machining_features_arm.knurl
机械 / 装备制造,长度加减边界,Length_plus_minus_bounds,dimension_tolerance,ap242,7,https://www.steptools.com/stds/smrl/data/modules/dimension_tolerance/sys/4_info_reqs.htm#dimension_tolerance_arm.length_plus_minus_bounds
机械 / 装备制造,长度公差特征,Length_tolerance_characteristic,characteristic,ap242,0,https://www.steptools.com/stds/smrl/data/modules/characteristic/sys/4_info_reqs.htm#characteristic_arm.length_tolerance_characteristic
机械 / 装备制造,极限与配合,Limits_and_fits,dimension_tolerance,ap242,1,https://www.steptools.com/stds/smrl/data/modules/dimension_tolerance/sys/4_info_reqs.htm#dimension_tolerance_arm.limits_and_fits
机械 / 装备制造,线轮廓公差,Line_profile_tolerance,geometric_tolerance,ap242,1,https://www.steptools.com/stds/smrl/data/modules/geometric_tolerance/sys/4_info_reqs.htm#geometric_tolerance_arm.line_profile_tolerance
机械 / 装备制造,线性距离,Linear_distance,dimension_tolerance,ap242,0,https://www.steptools.com/stds/smrl/data/modules/dimension_tolerance/sys/4_info_reqs.htm#dimension_tolerance_arm.linear_distance
机械 / 装备制造,线性柔性与小齿轮副,Linear_flexible_and_pinion_pair,kinematic_structure,ap242,0,https://www.steptools.com/stds/smrl/data/modules/kinematic_structure/sys/4_info_reqs.htm#kinematic_structure_arm.linear_flexible_and_pinion_pair
机械 / 装备制造,线性柔性与平面曲线副,Linear_flexible_and_planar_curve_pair,kinematic_structure,ap242,0,https://www.steptools.com/stds/smrl/data/modules/kinematic_structure/sys/4_info_reqs.htm#kinematic_structure_arm.linear_flexible_and_planar_curve_pair
机械 / 装备制造,线性柔性链接表示,Linear_flexible_link_representation,kinematic_structure,ap242,0,https://www.steptools.com/stds/smrl/data/modules/kinematic_structure/sys/4_info_reqs.htm#kinematic_structure_arm.linear_flexible_link_representation
机械 / 装备制造,线性路径,Linear_path,kinematic_motion_representation,ap242,0,https://www.steptools.com/stds/smrl/data/modules/kinematic_motion_representation/sys/4_info_reqs.htm#kinematic_motion_representation_arm.linear_path
机械 / 装备制造,线性路径特征组件,Linear_path_feature_component,machining_features,ap242,7,https://www.steptools.com/stds/smrl/data/modules/machining_features/sys/4_info_reqs.htm#machining_features_arm.linear_path_feature_component
机械 / 装备制造,线性轮廓,Linear_profile,machining_features,ap242,2,https://www.steptools.com/stds/smrl/data/modules/machining_features/sys/4_info_reqs.htm#machining_features_arm.linear_profile
机械 / 装备制造,链接运动关系,Link_motion_relationship,kinematic_motion_representation,ap242,1,https://www.steptools.com/stds/smrl/data/modules/kinematic_motion_representation/sys/4_info_reqs.htm#kinematic_motion_representation_arm.link_motion_relationship
机械 / 装备制造,链接运动表示沿路径,Link_motion_representation_along_path,kinematic_motion_representation,ap242,1,https://www.steptools.com/stds/smrl/data/modules/kinematic_motion_representation/sys/4_info_reqs.htm#kinematic_motion_representation_arm.link_motion_representation_along_path
机械 / 装备制造,链接运动变换,Link_motion_transformation,kinematic_motion_representation,ap242,0,https://www.steptools.com/stds/smrl/data/modules/kinematic_motion_representation/sys/4_info_reqs.htm#kinematic_motion_representation_arm.link_motion_transformation
机械 / 装备制造,位置元素,Location_element,machining_features,ap242,2,https://www.steptools.com/stds/smrl/data/modules/machining_features/sys/4_info_reqs.htm#machining_features_arm.location_element
机械 / 装备制造,环槽端类型,Loop_slot_end_type,machining_features,ap242,0,https://www.steptools.com/stds/smrl/data/modules/machining_features/sys/4_info_reqs.htm#machining_features_arm.loop_slot_end_type
机械 / 装备制造,批次配置,Lot_configuration,manufacturing_configuration_effectivity,ap242,0,https://www.steptools.com/stds/smrl/data/modules/manufacturing_configuration_effectivity/sys/4_info_reqs.htm#manufacturing_configuration_effectivity_arm.lot_configuration
机械 / 装备制造,低次序运动学副,Low_order_kinematic_pair,kinematic_structure,ap242,0,https://www.steptools.com/stds/smrl/data/modules/kinematic_structure/sys/4_info_reqs.htm#kinematic_structure_arm.low_order_kinematic_pair
机械 / 装备制造,低次序运动学副带运动耦合,Low_order_kinematic_pair_with_motion_coupling,kinematic_structure,ap242,0,https://www.steptools.com/stds/smrl/data/modules/kinematic_structure/sys/4_info_reqs.htm#kinematic_structure_arm.low_order_kinematic_pair_with_motion_coupling
机械 / 装备制造,加工特征,Machining_feature,machining_features,ap242,2,https://www.steptools.com/stds/smrl/data/modules/machining_features/sys/4_info_reqs.htm#machining_features_arm.machining_feature
机械 / 装备制造,加工特征尺寸,Machining_feature_size,dimension_tolerance,ap242,0,https://www.steptools.com/stds/smrl/data/modules/dimension_tolerance/sys/4_info_reqs.htm#dimension_tolerance_arm.machining_feature_size
机械 / 装备制造,流形实体边界表示,Manifold_solid_brep,advanced_boundary_representation,ap242,2,https://www.steptools.com/stds/smrl/data/modules/advanced_boundary_representation/sys/4_info_reqs.htm#advanced_boundary_representation_arm.manifold_solid_brep
机械 / 装备制造,制造配置,Manufacturing_configuration,manufacturing_configuration_effectivity,ap242,0,https://www.steptools.com/stds/smrl/data/modules/manufacturing_configuration_effectivity/sys/4_info_reqs.htm#manufacturing_configuration_effectivity_arm.manufacturing_configuration
机械 / 装备制造,制造特征,Manufacturing_feature,machining_features,ap242,8,https://www.steptools.com/stds/smrl/data/modules/machining_features/sys/4_info_reqs.htm#machining_features_arm.manufacturing_feature
机械 / 装备制造,制造特征组,Manufacturing_feature_group,machining_features,ap242,0,https://www.steptools.com/stds/smrl/data/modules/machining_features/sys/4_info_reqs.htm#machining_features_arm.manufacturing_feature_group
机械 / 装备制造,标记特征,Marking_feature,machining_features,ap242,1,https://www.steptools.com/stds/smrl/data/modules/machining_features/sys/4_info_reqs.htm#machining_features_arm.marking_feature
机械 / 装备制造,最大公差特征,Maximum_tolerance_characteristic,characteristic,ap242,0,https://www.steptools.com/stds/smrl/data/modules/characteristic/sys/4_info_reqs.htm#characteristic_arm.maximum_tolerance_characteristic
机械 / 装备制造,机械设计沉孔孔定义,Md_counterbore_hole_definition,mechanical_design_features_and_requirements,ap242,1,https://www.steptools.com/stds/smrl/data/modules/mechanical_design_features_and_requirements/sys/4_info_reqs.htm#mechanical_design_features_and_requirements_arm.md_counterbore_hole_definition
机械 / 装备制造,机械设计沉孔孔实例,Md_counterbore_hole_occurrence,mechanical_design_features_and_requirements,ap242,0,https://www.steptools.com/stds/smrl/data/modules/mechanical_design_features_and_requirements/sys/4_info_reqs.htm#mechanical_design_features_and_requirements_arm.md_counterbore_hole_occurrence
机械 / 装备制造,机械设计沉孔孔实例在装配,Md_counterbore_hole_occurrence_in_assembly,mechanical_design_features_and_requirements,ap242,0,https://www.steptools.com/stds/smrl/data/modules/mechanical_design_features_and_requirements/sys/4_info_reqs.htm#mechanical_design_features_and_requirements_arm.md_counterbore_hole_occurrence_in_assembly
机械 / 装备制造,机械设计沉钻孔定义,Md_counterdrill_hole_definition,mechanical_design_features_and_requirements,ap242,1,https://www.steptools.com/stds/smrl/data/modules/mechanical_design_features_and_requirements/sys/4_info_reqs.htm#mechanical_design_features_and_requirements_arm.md_counterdrill_hole_definition
机械 / 装备制造,机械设计沉钻孔实例,Md_counterdrill_hole_occurrence,mechanical_design_features_and_requirements,ap242,0,https://www.steptools.com/stds/smrl/data/modules/mechanical_design_features_and_requirements/sys/4_info_reqs.htm#mechanical_design_features_and_requirements_arm.md_counterdrill_hole_occurrence
机械 / 装备制造,机械设计沉钻孔实例在装配,Md_counterdrill_hole_occurrence_in_assembly,mechanical_design_features_and_requirements,ap242,0,https://www.steptools.com/stds/smrl/data/modules/mechanical_design_features_and_requirements/sys/4_info_reqs.htm#mechanical_design_features_and_requirements_arm.md_counterdrill_hole_occurrence_in_assembly
机械 / 装备制造,机械设计锥形沉孔孔定义,Md_countersink_hole_definition,mechanical_design_features_and_requirements,ap242,1,https://www.steptools.com/stds/smrl/data/modules/mechanical_design_features_and_requirements/sys/4_info_reqs.htm#mechanical_design_features_and_requirements_arm.md_countersink_hole_definition
机械 / 装备制造,机械设计锥形沉孔孔实例,Md_countersink_hole_occurrence,mechanical_design_features_and_requirements,ap242,0,https://www.steptools.com/stds/smrl/data/modules/mechanical_design_features_and_requirements/sys/4_info_reqs.htm#mechanical_design_features_and_requirements_arm.md_countersink_hole_occurrence
机械 / 装备制造,机械设计锥形沉孔孔实例在装配,Md_countersink_hole_occurrence_in_assembly,mechanical_design_features_and_requirements,ap242,0,https://www.steptools.com/stds/smrl/data/modules/mechanical_design_features_and_requirements/sys/4_info_reqs.htm#mechanical_design_features_and_requirements_arm.md_countersink_hole_occurrence_in_assembly
机械 / 装备制造,测量路径,Measurement_path,dimension_tolerance,ap242,2,https://www.steptools.com/stds/smrl/data/modules/dimension_tolerance/sys/4_info_reqs.htm#dimension_tolerance_arm.measurement_path
机械 / 装备制造,机械设计要求项关联,Mechanical_design_requirement_item_association,mechanical_design_features_and_requirements,ap242,0,https://www.steptools.com/stds/smrl/data/modules/mechanical_design_features_and_requirements/sys/4_info_reqs.htm#mechanical_design_features_and_requirements_arm.mechanical_design_requirement_item_association
机械 / 装备制造,机构表示,Mechanism_representation,kinematic_structure,ap242,3,https://www.steptools.com/stds/smrl/data/modules/kinematic_structure/sys/4_info_reqs.htm#kinematic_structure_arm.mechanism_representation
机械 / 装备制造,机构状态表示,Mechanism_state_representation,kinematic_state,ap242,1,https://www.steptools.com/stds/smrl/data/modules/kinematic_state/sys/4_info_reqs.htm#kinematic_state_arm.mechanism_state_representation
机械 / 装备制造,最小公差特征,Minimum_tolerance_characteristic,characteristic,ap242,0,https://www.steptools.com/stds/smrl/data/modules/characteristic/sys/4_info_reqs.htm#characteristic_arm.minimum_tolerance_characteristic
机械 / 装备制造,多轴特征,Multi_axis_feature,machining_features,ap242,0,https://www.steptools.com/stds/smrl/data/modules/machining_features/sys/4_info_reqs.htm#machining_features_arm.multi_axis_feature
机械 / 装备制造,多边形轮廓,Ngon_profile,machining_features,ap242,0,https://www.steptools.com/stds/smrl/data/modules/machining_features/sys/4_info_reqs.htm#machining_features_arm.ngon_profile
机械 / 装备制造,名义三维派生特征,Nominal_3d_derived_feature,model_based_3d_geometrical_dimensioning_and_tolerancing_representation,ap242,1,https://www.steptools.com/stds/smrl/data/modules/model_based_3d_geometrical_dimensioning_and_tolerancing_representation/sys/4_info_reqs.htm#model_based_3d_geometrical_dimensioning_and_tolerancing_representation_arm.nominal_3d_derived_feature
机械 / 装备制造,名义三维边,Nominal_3d_edge,model_based_3d_geometrical_dimensioning_and_tolerancing_representation,ap242,0,https://www.steptools.com/stds/smrl/data/modules/model_based_3d_geometrical_dimensioning_and_tolerancing_representation/sys/4_info_reqs.htm#model_based_3d_geometrical_dimensioning_and_tolerancing_representation_arm.nominal_3d_edge
机械 / 装备制造,名义三维特征,Nominal_3d_feature,model_based_3d_geometrical_dimensioning_and_tolerancing_representation,ap242,2,https://www.steptools.com/stds/smrl/data/modules/model_based_3d_geometrical_dimensioning_and_tolerancing_representation/sys/4_info_reqs.htm#model_based_3d_geometrical_dimensioning_and_tolerancing_representation_arm.nominal_3d_feature
机械 / 装备制造,名义三维积分特征,Nominal_3d_integral_feature,model_based_3d_geometrical_dimensioning_and_tolerancing_representation,ap242,1,https://www.steptools.com/stds/smrl/data/modules/model_based_3d_geometrical_dimensioning_and_tolerancing_representation/sys/4_info_reqs.htm#model_based_3d_geometrical_dimensioning_and_tolerancing_representation_arm.nominal_3d_integral_feature
机械 / 装备制造,名义公差特征,Nominal_tolerance_characteristic,characteristic,ap242,0,https://www.steptools.com/stds/smrl/data/modules/characteristic/sys/4_info_reqs.htm#characteristic_arm.nominal_tolerance_characteristic
机械 / 装备制造,非均匀区域定义,Non_uniform_zone_definition,geometric_tolerance,ap242,0,https://www.steptools.com/stds/smrl/data/modules/geometric_tolerance/sys/4_info_reqs.htm#geometric_tolerance_arm.non_uniform_zone_definition
机械 / 装备制造,编号的十进制位,Number_of_decimal_places,default_tolerance,ap242,0,https://www.steptools.com/stds/smrl/data/modules/default_tolerance/sys/4_info_reqs.htm#default_tolerance_arm.number_of_decimal_places
机械 / 装备制造,开放轮廓,Open_profile,machining_features,ap242,2,https://www.steptools.com/stds/smrl/data/modules/machining_features/sys/4_info_reqs.htm#machining_features_arm.open_profile
机械 / 装备制造,开放槽,Open_slot,machining_features,ap242,0,https://www.steptools.com/stds/smrl/data/modules/machining_features/sys/4_info_reqs.htm#machining_features_arm.open_slot
机械 / 装备制造,开放槽端类型,Open_slot_end_type,machining_features,ap242,0,https://www.steptools.com/stds/smrl/data/modules/machining_features/sys/4_info_reqs.htm#machining_features_arm.open_slot_end_type
机械 / 装备制造,有向关节,Oriented_joint,kinematic_topology,ap242,0,https://www.steptools.com/stds/smrl/data/modules/kinematic_topology/sys/4_info_reqs.htm#kinematic_topology_arm.oriented_joint
机械 / 装备制造,有向公差区域,Oriented_tolerance_zone,geometric_tolerance,ap242,0,https://www.steptools.com/stds/smrl/data/modules/geometric_tolerance/sys/4_info_reqs.htm#geometric_tolerance_arm.oriented_tolerance_zone
机械 / 装备制造,外直径,Outer_diameter,machining_features,ap242,0,https://www.steptools.com/stds/smrl/data/modules/machining_features/sys/4_info_reqs.htm#machining_features_arm.outer_diameter
机械 / 装备制造,外直径到台肩,Outer_diameter_to_shoulder,machining_features,ap242,0,https://www.steptools.com/stds/smrl/data/modules/machining_features/sys/4_info_reqs.htm#machining_features_arm.outer_diameter_to_shoulder
机械 / 装备制造,外圆,Outer_round,machining_features,ap242,1,https://www.steptools.com/stds/smrl/data/modules/machining_features/sys/4_info_reqs.htm#machining_features_arm.outer_round
机械 / 装备制造,副表示关系,Pair_representation_relationship,kinematic_structure,ap242,2,https://www.steptools.com/stds/smrl/data/modules/kinematic_structure/sys/4_info_reqs.htm#kinematic_structure_arm.pair_representation_relationship
机械 / 装备制造,副值,Pair_value,kinematic_state,ap242,1,https://www.steptools.com/stds/smrl/data/modules/kinematic_state/sys/4_info_reqs.htm#kinematic_state_arm.pair_value
机械 / 装备制造,平行度公差,Parallelism_tolerance,geometric_tolerance,ap242,1,https://www.steptools.com/stds/smrl/data/modules/geometric_tolerance/sys/4_info_reqs.htm#geometric_tolerance_arm.parallelism_tolerance
机械 / 装备制造,部分面积定义,Partial_area_definition,machining_features,ap242,0,https://www.steptools.com/stds/smrl/data/modules/machining_features/sys/4_info_reqs.htm#machining_features_arm.partial_area_definition
机械 / 装备制造,部分圆形路径特征组件,Partial_circular_path_feature_component,machining_features,ap242,0,https://www.steptools.com/stds/smrl/data/modules/machining_features/sys/4_info_reqs.htm#machining_features_arm.partial_circular_path_feature_component
机械 / 装备制造,部分圆形轮廓,Partial_circular_profile,machining_features,ap242,3,https://www.steptools.com/stds/smrl/data/modules/machining_features/sys/4_info_reqs.htm#machining_features_arm.partial_circular_profile
机械 / 装备制造,部分圆形形状轮廓,Partial_circular_shape_profile,machining_features,ap242,0,https://www.steptools.com/stds/smrl/data/modules/machining_features/sys/4_info_reqs.htm#machining_features_arm.partial_circular_shape_profile
机械 / 装备制造,路径元素,Path_element,machining_features,ap242,3,https://www.steptools.com/stds/smrl/data/modules/machining_features/sys/4_info_reqs.htm#machining_features_arm.path_element
机械 / 装备制造,路径特征组件,Path_feature_component,machining_features,ap242,2,https://www.steptools.com/stds/smrl/data/modules/machining_features/sys/4_info_reqs.htm#machining_features_arm.path_feature_component
机械 / 装备制造,路径节点,Path_node,kinematic_motion_representation,ap242,0,https://www.steptools.com/stds/smrl/data/modules/kinematic_motion_representation/sys/4_info_reqs.htm#kinematic_motion_representation_arm.path_node
机械 / 装备制造,路径参数表示,Path_parameter_representation,kinematic_motion_representation,ap242,1,https://www.steptools.com/stds/smrl/data/modules/kinematic_motion_representation/sys/4_info_reqs.htm#kinematic_motion_representation_arm.path_parameter_representation
机械 / 装备制造,路径参数表示上下文,Path_parameter_representation_context,kinematic_motion_representation,ap242,0,https://www.steptools.com/stds/smrl/data/modules/kinematic_motion_representation/sys/4_info_reqs.htm#kinematic_motion_representation_arm.path_parameter_representation_context
机械 / 装备制造,垂直度公差,Perpendicularity_tolerance,geometric_tolerance,ap242,1,https://www.steptools.com/stds/smrl/data/modules/geometric_tolerance/sys/4_info_reqs.htm#geometric_tolerance_arm.perpendicularity_tolerance
机械 / 装备制造,人员在组织关系,Person_in_organization_relationship,management_resource_information,ap242,0,https://www.steptools.com/stds/smrl/data/modules/management_resource_information/sys/4_info_reqs.htm#management_resource_information_arm.person_in_organization_relationship
机械 / 装备制造,放置特征,Placed_feature,shape_feature,ap242,0,https://www.steptools.com/stds/smrl/data/modules/shape_feature/sys/4_info_reqs.htm#shape_feature_arm.placed_feature
机械 / 装备制造,放置目标,Placed_target,datum_and_datum_systems,ap242,0,https://www.steptools.com/stds/smrl/data/modules/datum_and_datum_systems/sys/4_info_reqs.htm#datum_and_datum_systems_arm.placed_target
机械 / 装备制造,平面曲线副,Planar_curve_pair,kinematic_structure,ap242,0,https://www.steptools.com/stds/smrl/data/modules/kinematic_structure/sys/4_info_reqs.htm#kinematic_structure_arm.planar_curve_pair
机械 / 装备制造,平面曲线副范围,Planar_curve_pair_range,kinematic_structure,ap242,0,https://www.steptools.com/stds/smrl/data/modules/kinematic_structure/sys/4_info_reqs.htm#kinematic_structure_arm.planar_curve_pair_range
机械 / 装备制造,平面元素,Planar_element,machining_features,ap242,4,https://www.steptools.com/stds/smrl/data/modules/machining_features/sys/4_info_reqs.htm#machining_features_arm.planar_element
机械 / 装备制造,平面面,Planar_face,machining_features,ap242,0,https://www.steptools.com/stds/smrl/data/modules/machining_features/sys/4_info_reqs.htm#machining_features_arm.planar_face
机械 / 装备制造,平面副,Planar_pair,kinematic_structure,ap242,0,https://www.steptools.com/stds/smrl/data/modules/kinematic_structure/sys/4_info_reqs.htm#kinematic_structure_arm.planar_pair
机械 / 装备制造,平面副值,Planar_pair_value,kinematic_state,ap242,0,https://www.steptools.com/stds/smrl/data/modules/kinematic_state/sys/4_info_reqs.htm#kinematic_state_arm.planar_pair_value
机械 / 装备制造,平面副带范围,Planar_pair_with_range,kinematic_structure,ap242,0,https://www.steptools.com/stds/smrl/data/modules/kinematic_structure/sys/4_info_reqs.htm#kinematic_structure_arm.planar_pair_with_range
机械 / 装备制造,平面凹槽底部条件,Planar_pocket_bottom_condition,machining_features,ap242,0,https://www.steptools.com/stds/smrl/data/modules/machining_features/sys/4_info_reqs.htm#machining_features_arm.planar_pocket_bottom_condition
机械 / 装备制造,平面轮廓底,Planar_profile_floor,machining_features,ap242,0,https://www.steptools.com/stds/smrl/data/modules/machining_features/sys/4_info_reqs.htm#machining_features_arm.planar_profile_floor
机械 / 装备制造,平面加强筋顶部底,Planar_rib_top_floor,machining_features,ap242,0,https://www.steptools.com/stds/smrl/data/modules/machining_features/sys/4_info_reqs.htm#machining_features_arm.planar_rib_top_floor
机械 / 装备制造,平面顶部条件,Planar_top_condition,machining_features,ap242,0,https://www.steptools.com/stds/smrl/data/modules/machining_features/sys/4_info_reqs.htm#machining_features_arm.planar_top_condition
机械 / 装备制造,平面形状元素,Plane_shape_element,datum_and_datum_systems,ap242,1,https://www.steptools.com/stds/smrl/data/modules/datum_and_datum_systems/sys/4_info_reqs.htm#datum_and_datum_systems_arm.plane_shape_element
机械 / 装备制造,加减边界,Plus_minus_bounds,dimension_tolerance,ap242,1,https://www.steptools.com/stds/smrl/data/modules/dimension_tolerance/sys/4_info_reqs.htm#dimension_tolerance_arm.plus_minus_bounds
机械 / 装备制造,加减公差特征,Plus_minus_tolerance_characteristic,characteristic,ap242,0,https://www.steptools.com/stds/smrl/data/modules/characteristic/sys/4_info_reqs.htm#characteristic_arm.plus_minus_tolerance_characteristic
机械 / 装备制造,加减带公差基准,Plus_minus_toleranced_datum,default_tolerance,ap242,0,https://www.steptools.com/stds/smrl/data/modules/default_tolerance/sys/4_info_reqs.htm#default_tolerance_arm.plus_minus_toleranced_datum
机械 / 装备制造,凹槽,Pocket,machining_features,ap242,0,https://www.steptools.com/stds/smrl/data/modules/machining_features/sys/4_info_reqs.htm#machining_features_arm.pocket
机械 / 装备制造,凹槽底部条件,Pocket_bottom_condition,machining_features,ap242,0,https://www.steptools.com/stds/smrl/data/modules/machining_features/sys/4_info_reqs.htm#machining_features_arm.pocket_bottom_condition
机械 / 装备制造,点点云数据集,Point_cloud_dataset,scan_data_3d_shape,ap242,0,https://www.steptools.com/stds/smrl/data/modules/scan_data_3d_shape/sys/4_info_reqs.htm#scan_data_3d_shape_arm.point_cloud_dataset
机械 / 装备制造,点点云数据集带颜色,Point_cloud_dataset_with_colours,scan_data_3d_shape,ap242,0,https://www.steptools.com/stds/smrl/data/modules/scan_data_3d_shape/sys/4_info_reqs.htm#scan_data_3d_shape_arm.point_cloud_dataset_with_colours
机械 / 装备制造,点点云数据集带强度,Point_cloud_dataset_with_intensities,scan_data_3d_shape,ap242,0,https://www.steptools.com/stds/smrl/data/modules/scan_data_3d_shape/sys/4_info_reqs.htm#scan_data_3d_shape_arm.point_cloud_dataset_with_intensities
机械 / 装备制造,点点云数据集带法向量,Point_cloud_dataset_with_normals,scan_data_3d_shape,ap242,0,https://www.steptools.com/stds/smrl/data/modules/scan_data_3d_shape/sys/4_info_reqs.htm#scan_data_3d_shape_arm.point_cloud_dataset_with_normals
机械 / 装备制造,点点云超数据集,Point_cloud_superdataset,scan_data_3d_shape,ap242,0,https://www.steptools.com/stds/smrl/data/modules/scan_data_3d_shape/sys/4_info_reqs.htm#scan_data_3d_shape_arm.point_cloud_superdataset
机械 / 装备制造,点在平面曲线副,Point_on_planar_curve_pair,kinematic_structure,ap242,0,https://www.steptools.com/stds/smrl/data/modules/kinematic_structure/sys/4_info_reqs.htm#kinematic_structure_arm.point_on_planar_curve_pair
机械 / 装备制造,点在平面曲线副值,Point_on_planar_curve_pair_value,kinematic_state,ap242,0,https://www.steptools.com/stds/smrl/data/modules/kinematic_state/sys/4_info_reqs.htm#kinematic_state_arm.point_on_planar_curve_pair_value
机械 / 装备制造,点在平面曲线副带范围,Point_on_planar_curve_pair_with_range,kinematic_structure,ap242,0,https://www.steptools.com/stds/smrl/data/modules/kinematic_structure/sys/4_info_reqs.htm#kinematic_structure_arm.point_on_planar_curve_pair_with_range
机械 / 装备制造,点在曲面副,Point_on_surface_pair,kinematic_structure,ap242,0,https://www.steptools.com/stds/smrl/data/modules/kinematic_structure/sys/4_info_reqs.htm#kinematic_structure_arm.point_on_surface_pair
机械 / 装备制造,点在曲面副值,Point_on_surface_pair_value,kinematic_state,ap242,0,https://www.steptools.com/stds/smrl/data/modules/kinematic_state/sys/4_info_reqs.htm#kinematic_state_arm.point_on_surface_pair_value
机械 / 装备制造,点在曲面副带范围,Point_on_surface_pair_with_range,kinematic_structure,ap242,0,https://www.steptools.com/stds/smrl/data/modules/kinematic_structure/sys/4_info_reqs.htm#kinematic_structure_arm.point_on_surface_pair_with_range
机械 / 装备制造,点形状元素,Point_shape_element,datum_and_datum_systems,ap242,1,https://www.steptools.com/stds/smrl/data/modules/datum_and_datum_systems/sys/4_info_reqs.htm#datum_and_datum_systems_arm.point_shape_element
机械 / 装备制造,点到点路径,Point_to_point_path,kinematic_motion_representation,ap242,0,https://www.steptools.com/stds/smrl/data/modules/kinematic_motion_representation/sys/4_info_reqs.htm#kinematic_motion_representation_arm.point_to_point_path
机械 / 装备制造,位置公差,Position_tolerance,geometric_tolerance,ap242,1,https://www.steptools.com/stds/smrl/data/modules/geometric_tolerance/sys/4_info_reqs.htm#geometric_tolerance_arm.position_tolerance
机械 / 装备制造,预定义工作请求,Pre_defined_work_request,pre_defined_product_data_management_specializations,ap242,0,https://www.steptools.com/stds/smrl/data/modules/pre_defined_product_data_management_specializations/sys/4_info_reqs.htm#pre_defined_product_data_management_specializations_arm.pre_defined_work_request
机械 / 装备制造,预定义工作请求状态,Pre_defined_work_request_status,pre_defined_product_data_management_specializations,ap242,0,https://www.steptools.com/stds/smrl/data/modules/pre_defined_product_data_management_specializations/sys/4_info_reqs.htm#pre_defined_product_data_management_specializations_arm.pre_defined_work_request_status
机械 / 装备制造,规定路径,Prescribed_path,kinematic_analysis_control_and_result,ap242,1,https://www.steptools.com/stds/smrl/data/modules/kinematic_analysis_control_and_result/sys/4_info_reqs.htm#kinematic_analysis_control_and_result_arm.prescribed_path
机械 / 装备制造,棱柱副,Prismatic_pair,kinematic_structure,ap242,0,https://www.steptools.com/stds/smrl/data/modules/kinematic_structure/sys/4_info_reqs.htm#kinematic_structure_arm.prismatic_pair
机械 / 装备制造,棱柱副值,Prismatic_pair_value,kinematic_state,ap242,0,https://www.steptools.com/stds/smrl/data/modules/kinematic_state/sys/4_info_reqs.htm#kinematic_state_arm.prismatic_pair_value
机械 / 装备制造,棱柱副带范围,Prismatic_pair_with_range,kinematic_structure,ap242,0,https://www.steptools.com/stds/smrl/data/modules/kinematic_structure/sys/4_info_reqs.htm#kinematic_structure_arm.prismatic_pair_with_range
机械 / 装备制造,过程操作定义,Process_operation_definition,process_plan,ap242,0,https://www.steptools.com/stds/smrl/data/modules/process_plan/sys/4_info_reqs.htm#process_plan_arm.process_operation_definition
机械 / 装备制造,过程操作定义关系,Process_operation_definition_relationship,process_plan,ap242,0,https://www.steptools.com/stds/smrl/data/modules/process_plan/sys/4_info_reqs.htm#process_plan_arm.process_operation_definition_relationship
机械 / 装备制造,过程操作输入或输出,Process_operation_input_or_output,process_plan,ap242,0,https://www.steptools.com/stds/smrl/data/modules/process_plan/sys/4_info_reqs.htm#process_plan_arm.process_operation_input_or_output
机械 / 装备制造,过程操作实例,Process_operation_occurrence,process_plan,ap242,0,https://www.steptools.com/stds/smrl/data/modules/process_plan/sys/4_info_reqs.htm#process_plan_arm.process_operation_occurrence
机械 / 装备制造,过程操作实例关系,Process_operation_occurrence_relationship,process_plan,ap242,0,https://www.steptools.com/stds/smrl/data/modules/process_plan/sys/4_info_reqs.htm#process_plan_arm.process_operation_occurrence_relationship
机械 / 装备制造,过程操作资源赋值,Process_operation_resource_assignment,process_plan,ap242,0,https://www.steptools.com/stds/smrl/data/modules/process_plan/sys/4_info_reqs.htm#process_plan_arm.process_operation_resource_assignment
机械 / 装备制造,过程计划,Process_plan,process_plan,ap242,0,https://www.steptools.com/stds/smrl/data/modules/process_plan/sys/4_info_reqs.htm#process_plan_arm.process_plan
机械 / 装备制造,过程计划关系,Process_plan_relationship,process_plan,ap242,0,https://www.steptools.com/stds/smrl/data/modules/process_plan/sys/4_info_reqs.htm#process_plan_arm.process_plan_relationship
机械 / 装备制造,过程状态关系,Process_state_relationship,process_plan,ap242,0,https://www.steptools.com/stds/smrl/data/modules/process_plan/sys/4_info_reqs.htm#process_plan_arm.process_state_relationship
机械 / 装备制造,产品定义运动学,Product_definition_kinematics,kinematic_topology,ap242,0,https://www.steptools.com/stds/smrl/data/modules/kinematic_topology/sys/4_info_reqs.htm#kinematic_topology_arm.product_definition_kinematics
机械 / 装备制造,产品定义关系运动学,Product_definition_relationship_kinematics,kinematic_structure,ap242,0,https://www.steptools.com/stds/smrl/data/modules/kinematic_structure/sys/4_info_reqs.htm#kinematic_structure_arm.product_definition_relationship_kinematics
机械 / 装备制造,产品资源,Product_resource,process_plan,ap242,1,https://www.steptools.com/stds/smrl/data/modules/process_plan/sys/4_info_reqs.htm#process_plan_arm.product_resource
机械 / 装备制造,产品结构链接运动关联,Product_structure_link_motion_association,kinematic_motion_representation,ap242,0,https://www.steptools.com/stds/smrl/data/modules/kinematic_motion_representation/sys/4_info_reqs.htm#kinematic_motion_representation_arm.product_structure_link_motion_association
机械 / 装备制造,产品版本资源,Product_version_resource,process_plan,ap242,1,https://www.steptools.com/stds/smrl/data/modules/process_plan/sys/4_info_reqs.htm#process_plan_arm.product_version_resource
机械 / 装备制造,产品视图资源,Product_view_resource,process_plan,ap242,1,https://www.steptools.com/stds/smrl/data/modules/process_plan/sys/4_info_reqs.htm#process_plan_arm.product_view_resource
机械 / 装备制造,轮廓,Profile,machining_features,ap242,5,https://www.steptools.com/stds/smrl/data/modules/machining_features/sys/4_info_reqs.htm#machining_features_arm.profile
机械 / 装备制造,轮廓特征,Profile_feature,machining_features,ap242,0,https://www.steptools.com/stds/smrl/data/modules/machining_features/sys/4_info_reqs.htm#machining_features_arm.profile_feature
机械 / 装备制造,轮廓底,Profile_floor,machining_features,ap242,0,https://www.steptools.com/stds/smrl/data/modules/machining_features/sys/4_info_reqs.htm#machining_features_arm.profile_floor
机械 / 装备制造,投影区域定义,Projected_zone_definition,geometric_tolerance,ap242,0,https://www.steptools.com/stds/smrl/data/modules/geometric_tolerance/sys/4_info_reqs.htm#geometric_tolerance_arm.projected_zone_definition
机械 / 装备制造,投影区域定义带偏置,Projected_zone_definition_with_offset,geometric_tolerance,ap242,0,https://www.steptools.com/stds/smrl/data/modules/geometric_tolerance/sys/4_info_reqs.htm#geometric_tolerance_arm.projected_zone_definition_with_offset
机械 / 装备制造,凸起,Protrusion,machining_features,ap242,1,https://www.steptools.com/stds/smrl/data/modules/machining_features/sys/4_info_reqs.htm#machining_features_arm.protrusion
机械 / 装备制造,限定公差特征,Qualified_tolerance_characteristic,characteristic,ap242,0,https://www.steptools.com/stds/smrl/data/modules/characteristic/sys/4_info_reqs.htm#characteristic_arm.qualified_tolerance_characteristic
机械 / 装备制造,齿条与小齿轮副,Rack_and_pinion_pair,kinematic_structure,ap242,0,https://www.steptools.com/stds/smrl/data/modules/kinematic_structure/sys/4_info_reqs.htm#kinematic_structure_arm.rack_and_pinion_pair
机械 / 装备制造,齿条与小齿轮副值,Rack_and_pinion_pair_value,kinematic_state,ap242,0,https://www.steptools.com/stds/smrl/data/modules/kinematic_state/sys/4_info_reqs.htm#kinematic_state_arm.rack_and_pinion_pair_value
机械 / 装备制造,齿条与小齿轮副带范围,Rack_and_pinion_pair_with_range,kinematic_structure,ap242,0,https://www.steptools.com/stds/smrl/data/modules/kinematic_structure/sys/4_info_reqs.htm#kinematic_structure_arm.rack_and_pinion_pair_with_range
机械 / 装备制造,径向尺寸,Radial_size,dimension_tolerance,ap242,0,https://www.steptools.com/stds/smrl/data/modules/dimension_tolerance/sys/4_info_reqs.htm#dimension_tolerance_arm.radial_size
机械 / 装备制造,圆角槽端类型,Radiused_slot_end_type,machining_features,ap242,0,https://www.steptools.com/stds/smrl/data/modules/machining_features/sys/4_info_reqs.htm#machining_features_arm.radiused_slot_end_type
机械 / 装备制造,凹槽,Recess,machining_features,ap242,0,https://www.steptools.com/stds/smrl/data/modules/machining_features/sys/4_info_reqs.htm#machining_features_arm.recess
机械 / 装备制造,矩形块,Rectangular_block,primitive_solids,ap242,1,https://www.steptools.com/stds/smrl/data/modules/primitive_solids/sys/4_info_reqs.htm#primitive_solids_arm.rectangular_block
机械 / 装备制造,矩形凸台,Rectangular_boss,machining_features,ap242,0,https://www.steptools.com/stds/smrl/data/modules/machining_features/sys/4_info_reqs.htm#machining_features_arm.rectangular_boss
机械 / 装备制造,矩形构建体积,Rectangular_build_volume,additive_manufacturing_part_and_build_information,ap242,0,https://www.steptools.com/stds/smrl/data/modules/additive_manufacturing_part_and_build_information/sys/4_info_reqs.htm#additive_manufacturing_part_and_build_information_arm.rectangular_build_volume
机械 / 装备制造,矩形闭合凹槽,Rectangular_closed_pocket,machining_features,ap242,0,https://www.steptools.com/stds/smrl/data/modules/machining_features/sys/4_info_reqs.htm#machining_features_arm.rectangular_closed_pocket
机械 / 装备制造,矩形闭合轮廓,Rectangular_closed_profile,machining_features,ap242,3,https://www.steptools.com/stds/smrl/data/modules/machining_features/sys/4_info_reqs.htm#machining_features_arm.rectangular_closed_profile
机械 / 装备制造,矩形闭合形状轮廓,Rectangular_closed_shape_profile,machining_features,ap242,0,https://www.steptools.com/stds/smrl/data/modules/machining_features/sys/4_info_reqs.htm#machining_features_arm.rectangular_closed_shape_profile
机械 / 装备制造,矩形偏置阵列,Rectangular_offset_pattern,machining_features,ap242,0,https://www.steptools.com/stds/smrl/data/modules/machining_features/sys/4_info_reqs.htm#machining_features_arm.rectangular_offset_pattern
机械 / 装备制造,矩形省略阵列,Rectangular_omit_pattern,machining_features,ap242,0,https://www.steptools.com/stds/smrl/data/modules/machining_features/sys/4_info_reqs.htm#machining_features_arm.rectangular_omit_pattern
机械 / 装备制造,矩形开放凹槽,Rectangular_open_pocket,machining_features,ap242,0,https://www.steptools.com/stds/smrl/data/modules/machining_features/sys/4_info_reqs.htm#machining_features_arm.rectangular_open_pocket
机械 / 装备制造,矩形开放形状轮廓,Rectangular_open_shape_profile,machining_features,ap242,0,https://www.steptools.com/stds/smrl/data/modules/machining_features/sys/4_info_reqs.htm#machining_features_arm.rectangular_open_shape_profile
机械 / 装备制造,矩形阵列,Rectangular_pattern,machining_features,ap242,0,https://www.steptools.com/stds/smrl/data/modules/machining_features/sys/4_info_reqs.htm#machining_features_arm.rectangular_pattern
机械 / 装备制造,矩形棱锥,Rectangular_pyramid,primitive_solids,ap242,0,https://www.steptools.com/stds/smrl/data/modules/primitive_solids/sys/4_info_reqs.htm#primitive_solids_arm.rectangular_pyramid
机械 / 装备制造,复制基础,Replicate_base,machining_features,ap242,0,https://www.steptools.com/stds/smrl/data/modules/machining_features/sys/4_info_reqs.htm#machining_features_arm.replicate_base
机械 / 装备制造,复制特征,Replicate_feature,machining_features,ap242,1,https://www.steptools.com/stds/smrl/data/modules/machining_features/sys/4_info_reqs.htm#machining_features_arm.replicate_feature
机械 / 装备制造,重新定位镶嵌项,Repositioned_tessellated_item,tessellated_geometry,ap242,0,https://www.steptools.com/stds/smrl/data/modules/tessellated_geometry/sys/4_info_reqs.htm#tessellated_geometry_arm.repositioned_tessellated_item
机械 / 装备制造,资源组关系,Resource_group_relationship,resource_item,ap242,0,https://www.steptools.com/stds/smrl/data/modules/resource_item/sys/4_info_reqs.htm#resource_item_arm.resource_group_relationship
机械 / 装备制造,资源项,Resource_item,resource_item,ap242,1,https://www.steptools.com/stds/smrl/data/modules/resource_item/sys/4_info_reqs.htm#resource_item_arm.resource_item
机械 / 装备制造,资源项赋值,Resource_item_assignment,resource_item,ap242,1,https://www.steptools.com/stds/smrl/data/modules/resource_item/sys/4_info_reqs.htm#resource_item_arm.resource_item_assignment
机械 / 装备制造,资源项实现,Resource_item_realization,resource_item,ap242,0,https://www.steptools.com/stds/smrl/data/modules/resource_item/sys/4_info_reqs.htm#resource_item_arm.resource_item_realization
机械 / 装备制造,资源项关系,Resource_item_relationship,resource_item,ap242,1,https://www.steptools.com/stds/smrl/data/modules/resource_item/sys/4_info_reqs.htm#resource_item_arm.resource_item_relationship
机械 / 装备制造,资源要求类型,Resource_requirement_type,process_plan,ap242,0,https://www.steptools.com/stds/smrl/data/modules/process_plan/sys/4_info_reqs.htm#process_plan_arm.resource_requirement_type
机械 / 装备制造,结果路径,Resulting_path,kinematic_analysis_control_and_result,ap242,1,https://www.steptools.com/stds/smrl/data/modules/kinematic_analysis_control_and_result/sys/4_info_reqs.htm#kinematic_analysis_control_and_result_arm.resulting_path
机械 / 装备制造,旋转副,Revolute_pair,kinematic_structure,ap242,0,https://www.steptools.com/stds/smrl/data/modules/kinematic_structure/sys/4_info_reqs.htm#kinematic_structure_arm.revolute_pair
机械 / 装备制造,旋转副值,Revolute_pair_value,kinematic_state,ap242,0,https://www.steptools.com/stds/smrl/data/modules/kinematic_state/sys/4_info_reqs.htm#kinematic_state_arm.revolute_pair_value
机械 / 装备制造,旋转副带范围,Revolute_pair_with_range,kinematic_structure,ap242,0,https://www.steptools.com/stds/smrl/data/modules/kinematic_structure/sys/4_info_reqs.htm#kinematic_structure_arm.revolute_pair_with_range
机械 / 装备制造,回转面实体,Revolved_face_solid,primitive_solids,ap242,0,https://www.steptools.com/stds/smrl/data/modules/primitive_solids/sys/4_info_reqs.htm#primitive_solids_arm.revolved_face_solid
机械 / 装备制造,回转特征,Revolved_feature,machining_features,ap242,0,https://www.steptools.com/stds/smrl/data/modules/machining_features/sys/4_info_reqs.htm#machining_features_arm.revolved_feature
机械 / 装备制造,回转平面,Revolved_flat,machining_features,ap242,0,https://www.steptools.com/stds/smrl/data/modules/machining_features/sys/4_info_reqs.htm#machining_features_arm.revolved_flat
机械 / 装备制造,回转圆,Revolved_round,machining_features,ap242,0,https://www.steptools.com/stds/smrl/data/modules/machining_features/sys/4_info_reqs.htm#machining_features_arm.revolved_round
机械 / 装备制造,加强筋顶部,Rib_top,machining_features,ap242,1,https://www.steptools.com/stds/smrl/data/modules/machining_features/sys/4_info_reqs.htm#machining_features_arm.rib_top
机械 / 装备制造,加强筋顶部底,Rib_top_floor,machining_features,ap242,0,https://www.steptools.com/stds/smrl/data/modules/machining_features/sys/4_info_reqs.htm#machining_features_arm.rib_top_floor
机械 / 装备制造,右角度楔,Right_angular_wedge,primitive_solids,ap242,0,https://www.steptools.com/stds/smrl/data/modules/primitive_solids/sys/4_info_reqs.htm#primitive_solids_arm.right_angular_wedge
机械 / 装备制造,刚性链接表示,Rigid_link_representation,kinematic_structure,ap242,0,https://www.steptools.com/stds/smrl/data/modules/kinematic_structure/sys/4_info_reqs.htm#kinematic_structure_arm.rigid_link_representation
机械 / 装备制造,滚动曲线副,Rolling_curve_pair,kinematic_structure,ap242,0,https://www.steptools.com/stds/smrl/data/modules/kinematic_structure/sys/4_info_reqs.htm#kinematic_structure_arm.rolling_curve_pair
机械 / 装备制造,滚动曲线副值,Rolling_curve_pair_value,kinematic_state,ap242,0,https://www.steptools.com/stds/smrl/data/modules/kinematic_state/sys/4_info_reqs.htm#kinematic_state_arm.rolling_curve_pair_value
机械 / 装备制造,滚动曲面副,Rolling_surface_pair,kinematic_structure,ap242,0,https://www.steptools.com/stds/smrl/data/modules/kinematic_structure/sys/4_info_reqs.htm#kinematic_structure_arm.rolling_surface_pair
机械 / 装备制造,滚动曲面副值,Rolling_surface_pair_value,kinematic_state,ap242,0,https://www.steptools.com/stds/smrl/data/modules/kinematic_state/sys/4_info_reqs.htm#kinematic_state_arm.rolling_surface_pair_value
机械 / 装备制造,旋转关于方向,Rotation_about_direction,kinematic_state,ap242,1,https://www.steptools.com/stds/smrl/data/modules/kinematic_state/sys/4_info_reqs.htm#kinematic_state_arm.rotation_about_direction
机械 / 装备制造,圆孔,Round_hole,machining_features,ap242,0,https://www.steptools.com/stds/smrl/data/modules/machining_features/sys/4_info_reqs.htm#machining_features_arm.round_hole
机械 / 装备制造,圆角端,Rounded_end,machining_features,ap242,1,https://www.steptools.com/stds/smrl/data/modules/machining_features/sys/4_info_reqs.htm#machining_features_arm.rounded_end
机械 / 装备制造,圆角U轮廓,Rounded_u_profile,machining_features,ap242,0,https://www.steptools.com/stds/smrl/data/modules/machining_features/sys/4_info_reqs.htm#machining_features_arm.rounded_u_profile
机械 / 装备制造,圆度公差,Roundness_tolerance,geometric_tolerance,ap242,0,https://www.steptools.com/stds/smrl/data/modules/geometric_tolerance/sys/4_info_reqs.htm#geometric_tolerance_arm.roundness_tolerance
机械 / 装备制造,跳动区域定义,Runout_zone_definition,geometric_tolerance,ap242,0,https://www.steptools.com/stds/smrl/data/modules/geometric_tolerance/sys/4_info_reqs.htm#geometric_tolerance_arm.runout_zone_definition
机械 / 装备制造,相同时间加工关系,Same_time_machining_relationship,process_plan,ap242,0,https://www.steptools.com/stds/smrl/data/modules/process_plan/sys/4_info_reqs.htm#process_plan_arm.same_time_machining_relationship
机械 / 装备制造,扫描三维模型,Scan_3d_model,scan_data_3d_shape,ap242,0,https://www.steptools.com/stds/smrl/data/modules/scan_data_3d_shape/sys/4_info_reqs.htm#scan_data_3d_shape_arm.scan_3d_model
机械 / 装备制造,扫描数据形状表示,Scan_data_shape_representation,scan_data_3d_shape,ap242,1,https://www.steptools.com/stds/smrl/data/modules/scan_data_3d_shape/sys/4_info_reqs.htm#scan_data_3d_shape_arm.scan_data_shape_representation
机械 / 装备制造,扫描数据项,Scanned_data_item,scan_data_3d_shape,ap242,1,https://www.steptools.com/stds/smrl/data/modules/scan_data_3d_shape/sys/4_info_reqs.htm#scan_data_3d_shape_arm.scanned_data_item
机械 / 装备制造,扫描仪基本属性,Scanner_basic_properties,scan_data_3d_shape,ap242,0,https://www.steptools.com/stds/smrl/data/modules/scan_data_3d_shape/sys/4_info_reqs.htm#scan_data_3d_shape_arm.scanner_basic_properties
机械 / 装备制造,扫描仪属性,Scanner_property,scan_data_3d_shape,ap242,1,https://www.steptools.com/stds/smrl/data/modules/scan_data_3d_shape/sys/4_info_reqs.htm#scan_data_3d_shape_arm.scanner_property
机械 / 装备制造,螺旋副,Screw_pair,kinematic_structure,ap242,0,https://www.steptools.com/stds/smrl/data/modules/kinematic_structure/sys/4_info_reqs.htm#kinematic_structure_arm.screw_pair
机械 / 装备制造,螺旋副值,Screw_pair_value,kinematic_state,ap242,0,https://www.steptools.com/stds/smrl/data/modules/kinematic_state/sys/4_info_reqs.htm#kinematic_state_arm.screw_pair_value
机械 / 装备制造,螺旋副带范围,Screw_pair_with_range,kinematic_structure,ap242,0,https://www.steptools.com/stds/smrl/data/modules/kinematic_structure/sys/4_info_reqs.htm#kinematic_structure_arm.screw_pair_with_range
机械 / 装备制造,秒倒角偏置,Second_chamfer_offset,machining_features,ap242,0,https://www.steptools.com/stds/smrl/data/modules/machining_features/sys/4_info_reqs.htm#machining_features_arm.second_chamfer_offset
机械 / 装备制造,秒倒角参数,Second_chamfer_parameter,machining_features,ap242,0,https://www.steptools.com/stds/smrl/data/modules/machining_features/sys/4_info_reqs.htm#machining_features_arm.second_chamfer_parameter
机械 / 装备制造,串行配置,Serial_configuration,manufacturing_configuration_effectivity,ap242,0,https://www.steptools.com/stds/smrl/data/modules/manufacturing_configuration_effectivity/sys/4_info_reqs.htm#manufacturing_configuration_effectivity_arm.serial_configuration
机械 / 装备制造,形状特征定义,Shape_feature_definition,shape_feature,ap242,5,https://www.steptools.com/stds/smrl/data/modules/shape_feature/sys/4_info_reqs.htm#shape_feature_arm.shape_feature_definition
机械 / 装备制造,形状特征定义元素,Shape_feature_definition_element,shape_feature,ap242,0,https://www.steptools.com/stds/smrl/data/modules/shape_feature/sys/4_info_reqs.htm#shape_feature_arm.shape_feature_definition_element
机械 / 装备制造,形状特征定义元素关系,Shape_feature_definition_element_relationship,shape_feature,ap242,0,https://www.steptools.com/stds/smrl/data/modules/shape_feature/sys/4_info_reqs.htm#shape_feature_arm.shape_feature_definition_element_relationship
机械 / 装备制造,形状特征定义实例元素,Shape_feature_definition_occurrence_element,shape_feature,ap242,0,https://www.steptools.com/stds/smrl/data/modules/shape_feature/sys/4_info_reqs.htm#shape_feature_arm.shape_feature_definition_occurrence_element
机械 / 装备制造,形状特征定义实例元素关系,Shape_feature_definition_occurrence_element_relationship,shape_feature,ap242,0,https://www.steptools.com/stds/smrl/data/modules/shape_feature/sys/4_info_reqs.htm#shape_feature_arm.shape_feature_definition_occurrence_element_relationship
机械 / 装备制造,形状特征定义关系,Shape_feature_definition_relationship,shape_feature,ap242,0,https://www.steptools.com/stds/smrl/data/modules/shape_feature/sys/4_info_reqs.htm#shape_feature_arm.shape_feature_definition_relationship
机械 / 装备制造,形状轮廓,Shape_profile,machining_features,ap242,0,https://www.steptools.com/stds/smrl/data/modules/machining_features/sys/4_info_reqs.htm#machining_features_arm.shape_profile
机械 / 装备制造,有效编号的数字,Significant_number_of_digits,default_tolerance,ap242,0,https://www.steptools.com/stds/smrl/data/modules/default_tolerance/sys/4_info_reqs.htm#default_tolerance_arm.significant_number_of_digits
机械 / 装备制造,简化机械设计沉孔孔定义,Simplified_md_counterbore_hole_definition,mechanical_design_features_and_requirements,ap242,0,https://www.steptools.com/stds/smrl/data/modules/mechanical_design_features_and_requirements/sys/4_info_reqs.htm#mechanical_design_features_and_requirements_arm.simplified_md_counterbore_hole_definition
机械 / 装备制造,简化机械设计沉钻孔定义,Simplified_md_counterdrill_hole_definition,mechanical_design_features_and_requirements,ap242,0,https://www.steptools.com/stds/smrl/data/modules/mechanical_design_features_and_requirements/sys/4_info_reqs.htm#mechanical_design_features_and_requirements_arm.simplified_md_counterdrill_hole_definition
机械 / 装备制造,简化机械设计锥形沉孔孔定义,Simplified_md_countersink_hole_definition,mechanical_design_features_and_requirements,ap242,0,https://www.steptools.com/stds/smrl/data/modules/mechanical_design_features_and_requirements/sys/4_info_reqs.htm#mechanical_design_features_and_requirements_arm.simplified_md_countersink_hole_definition
机械 / 装备制造,简化锪平面孔定义,Simplified_spotface_hole_definition,mechanical_design_features_and_requirements,ap242,0,https://www.steptools.com/stds/smrl/data/modules/mechanical_design_features_and_requirements/sys/4_info_reqs.htm#mechanical_design_features_and_requirements_arm.simplified_spotface_hole_definition
机械 / 装备制造,滑动曲线副,Sliding_curve_pair,kinematic_structure,ap242,0,https://www.steptools.com/stds/smrl/data/modules/kinematic_structure/sys/4_info_reqs.htm#kinematic_structure_arm.sliding_curve_pair
机械 / 装备制造,滑动曲线副值,Sliding_curve_pair_value,kinematic_state,ap242,0,https://www.steptools.com/stds/smrl/data/modules/kinematic_state/sys/4_info_reqs.htm#kinematic_state_arm.sliding_curve_pair_value
机械 / 装备制造,滑动曲面副,Sliding_surface_pair,kinematic_structure,ap242,0,https://www.steptools.com/stds/smrl/data/modules/kinematic_structure/sys/4_info_reqs.htm#kinematic_structure_arm.sliding_surface_pair
机械 / 装备制造,滑动曲面副值,Sliding_surface_pair_value,kinematic_state,ap242,0,https://www.steptools.com/stds/smrl/data/modules/kinematic_state/sys/4_info_reqs.htm#kinematic_state_arm.sliding_surface_pair_value
机械 / 装备制造,槽,Slot,machining_features,ap242,0,https://www.steptools.com/stds/smrl/data/modules/machining_features/sys/4_info_reqs.htm#machining_features_arm.slot
机械 / 装备制造,槽端类型,Slot_end_type,machining_features,ap242,0,https://www.steptools.com/stds/smrl/data/modules/machining_features/sys/4_info_reqs.htm#machining_features_arm.slot_end_type
机械 / 装备制造,实体模型,Solid_model,solid_model,ap242,0,https://www.steptools.com/stds/smrl/data/modules/solid_model/sys/4_info_reqs.htm#solid_model_arm.solid_model
机械 / 装备制造,实体复制,Solid_replica,primitive_solids,ap242,0,https://www.steptools.com/stds/smrl/data/modules/primitive_solids/sys/4_info_reqs.htm#primitive_solids_arm.solid_replica
机械 / 装备制造,球,Sphere,primitive_solids,ap242,0,https://www.steptools.com/stds/smrl/data/modules/primitive_solids/sys/4_info_reqs.htm#primitive_solids_arm.sphere
机械 / 装备制造,球形盖,Spherical_cap,machining_features,ap242,0,https://www.steptools.com/stds/smrl/data/modules/machining_features/sys/4_info_reqs.htm#machining_features_arm.spherical_cap
机械 / 装备制造,球形孔底部,Spherical_hole_bottom,machining_features,ap242,0,https://www.steptools.com/stds/smrl/data/modules/machining_features/sys/4_info_reqs.htm#machining_features_arm.spherical_hole_bottom
机械 / 装备制造,球形副,Spherical_pair,kinematic_structure,ap242,0,https://www.steptools.com/stds/smrl/data/modules/kinematic_structure/sys/4_info_reqs.htm#kinematic_structure_arm.spherical_pair
机械 / 装备制造,球形副值,Spherical_pair_value,kinematic_state,ap242,0,https://www.steptools.com/stds/smrl/data/modules/kinematic_state/sys/4_info_reqs.htm#kinematic_state_arm.spherical_pair_value
机械 / 装备制造,球形副带销,Spherical_pair_with_pin,kinematic_structure,ap242,0,https://www.steptools.com/stds/smrl/data/modules/kinematic_structure/sys/4_info_reqs.htm#kinematic_structure_arm.spherical_pair_with_pin
机械 / 装备制造,球形副带销与范围,Spherical_pair_with_pin_and_range,kinematic_structure,ap242,0,https://www.steptools.com/stds/smrl/data/modules/kinematic_structure/sys/4_info_reqs.htm#kinematic_structure_arm.spherical_pair_with_pin_and_range
机械 / 装备制造,球形副带范围,Spherical_pair_with_range,kinematic_structure,ap242,0,https://www.steptools.com/stds/smrl/data/modules/kinematic_structure/sys/4_info_reqs.htm#kinematic_structure_arm.spherical_pair_with_range
机械 / 装备制造,锪平面定义,Spotface_definition,mechanical_design_features_and_requirements,ap242,0,https://www.steptools.com/stds/smrl/data/modules/mechanical_design_features_and_requirements/sys/4_info_reqs.htm#mechanical_design_features_and_requirements_arm.spotface_definition
机械 / 装备制造,锪平面孔定义,Spotface_hole_definition,mechanical_design_features_and_requirements,ap242,0,https://www.steptools.com/stds/smrl/data/modules/mechanical_design_features_and_requirements/sys/4_info_reqs.htm#mechanical_design_features_and_requirements_arm.spotface_hole_definition
机械 / 装备制造,锪平面实例,Spotface_occurrence,mechanical_design_features_and_requirements,ap242,0,https://www.steptools.com/stds/smrl/data/modules/mechanical_design_features_and_requirements/sys/4_info_reqs.htm#mechanical_design_features_and_requirements_arm.spotface_occurrence
机械 / 装备制造,锪平面实例在装配,Spotface_occurrence_in_assembly,mechanical_design_features_and_requirements,ap242,0,https://www.steptools.com/stds/smrl/data/modules/mechanical_design_features_and_requirements/sys/4_info_reqs.htm#mechanical_design_features_and_requirements_arm.spotface_occurrence_in_assembly
机械 / 装备制造,直齿齿轮,Spur_gear,machining_features,ap242,0,https://www.steptools.com/stds/smrl/data/modules/machining_features/sys/4_info_reqs.htm#machining_features_arm.spur_gear
机械 / 装备制造,方形U轮廓,Square_u_profile,machining_features,ap242,2,https://www.steptools.com/stds/smrl/data/modules/machining_features/sys/4_info_reqs.htm#machining_features_arm.square_u_profile
机械 / 装备制造,标准曲面纹理参数,Standard_surface_texture_parameter,surface_conditions,ap242,0,https://www.steptools.com/stds/smrl/data/modules/surface_conditions/sys/4_info_reqs.htm#surface_conditions_arm.standard_surface_texture_parameter
机械 / 装备制造,统计公差特征,Statistical_tolerance_characteristic,characteristic,ap242,0,https://www.steptools.com/stds/smrl/data/modules/characteristic/sys/4_info_reqs.htm#characteristic_arm.statistical_tolerance_characteristic
机械 / 装备制造,步,Step,machining_features,ap242,0,https://www.steptools.com/stds/smrl/data/modules/machining_features/sys/4_info_reqs.htm#machining_features_arm.step
机械 / 装备制造,直线锥齿轮,Straight_bevel_gear,machining_features,ap242,0,https://www.steptools.com/stds/smrl/data/modules/machining_features/sys/4_info_reqs.htm#machining_features_arm.straight_bevel_gear
机械 / 装备制造,直线滚花,Straight_knurl,machining_features,ap242,0,https://www.steptools.com/stds/smrl/data/modules/machining_features/sys/4_info_reqs.htm#machining_features_arm.straight_knurl
机械 / 装备制造,直线度公差,Straightness_tolerance,geometric_tolerance,ap242,1,https://www.steptools.com/stds/smrl/data/modules/geometric_tolerance/sys/4_info_reqs.htm#geometric_tolerance_arm.straightness_tolerance
机械 / 装备制造,结构化尺寸注记,Structured_dimension_callout,draughting_element_specialisations,ap242,2,https://www.steptools.com/stds/smrl/data/modules/draughting_element_specialisations/sys/4_info_reqs.htm#draughting_element_specialisations_arm.structured_dimension_callout
机械 / 装备制造,带样式镶嵌元素带颜色,Styled_tessellated_element_with_colours,vertex_colours_for_tessellated_geometry,ap242,0,https://www.steptools.com/stds/smrl/data/modules/vertex_colours_for_tessellated_geometry/sys/4_info_reqs.htm#vertex_colours_for_tessellated_geometry_arm.styled_tessellated_element_with_colours
机械 / 装备制造,SU参数,Su_parameters,kinematic_structure,ap242,1,https://www.steptools.com/stds/smrl/data/modules/kinematic_structure/sys/4_info_reqs.htm#kinematic_structure_arm.su_parameters
机械 / 装备制造,曲面条件,Surface_condition,surface_conditions,ap242,0,https://www.steptools.com/stds/smrl/data/modules/surface_conditions/sys/4_info_reqs.htm#surface_conditions_arm.surface_condition
机械 / 装备制造,曲面条件注记,Surface_condition_callout,draughting_element_specialisations,ap242,0,https://www.steptools.com/stds/smrl/data/modules/draughting_element_specialisations/sys/4_info_reqs.htm#draughting_element_specialisations_arm.surface_condition_callout
机械 / 装备制造,曲面条件符号,Surface_condition_symbol,draughting_annotation,ap242,0,https://www.steptools.com/stds/smrl/data/modules/draughting_annotation/sys/4_info_reqs.htm#draughting_annotation_arm.surface_condition_symbol
机械 / 装备制造,曲面副,Surface_pair,kinematic_structure,ap242,0,https://www.steptools.com/stds/smrl/data/modules/kinematic_structure/sys/4_info_reqs.htm#kinematic_structure_arm.surface_pair
机械 / 装备制造,曲面副带范围,Surface_pair_with_range,kinematic_structure,ap242,0,https://www.steptools.com/stds/smrl/data/modules/kinematic_structure/sys/4_info_reqs.htm#kinematic_structure_arm.surface_pair_with_range
机械 / 装备制造,曲面轮廓公差,Surface_profile_tolerance,geometric_tolerance,ap242,0,https://www.steptools.com/stds/smrl/data/modules/geometric_tolerance/sys/4_info_reqs.htm#geometric_tolerance_arm.surface_profile_tolerance
机械 / 装备制造,曲面纹理,Surface_texture,surface_conditions,ap242,0,https://www.steptools.com/stds/smrl/data/modules/surface_conditions/sys/4_info_reqs.htm#surface_conditions_arm.surface_texture
机械 / 装备制造,曲面纹理参数,Surface_texture_parameter,surface_conditions,ap242,0,https://www.steptools.com/stds/smrl/data/modules/surface_conditions/sys/4_info_reqs.htm#surface_conditions_arm.surface_texture_parameter
机械 / 装备制造,对称公差特征,Symmetrical_tolerance_characteristic,characteristic,ap242,0,https://www.steptools.com/stds/smrl/data/modules/characteristic/sys/4_info_reqs.htm#characteristic_arm.symmetrical_tolerance_characteristic
机械 / 装备制造,对称度公差,Symmetry_tolerance,geometric_tolerance,ap242,1,https://www.steptools.com/stds/smrl/data/modules/geometric_tolerance/sys/4_info_reqs.htm#geometric_tolerance_arm.symmetry_tolerance
机械 / 装备制造,触觉外观,Tactile_appearance,surface_conditions,ap242,0,https://www.steptools.com/stds/smrl/data/modules/surface_conditions/sys/4_info_reqs.htm#surface_conditions_arm.tactile_appearance
机械 / 装备制造,目标面积,Target_area,datum_and_datum_systems,ap242,0,https://www.steptools.com/stds/smrl/data/modules/datum_and_datum_systems/sys/4_info_reqs.htm#datum_and_datum_systems_arm.target_area
机械 / 装备制造,目标圆,Target_circle,datum_and_datum_systems,ap242,0,https://www.steptools.com/stds/smrl/data/modules/datum_and_datum_systems/sys/4_info_reqs.htm#datum_and_datum_systems_arm.target_circle
机械 / 装备制造,目标圆形曲线,Target_circular_curve,datum_and_datum_systems,ap242,0,https://www.steptools.com/stds/smrl/data/modules/datum_and_datum_systems/sys/4_info_reqs.htm#datum_and_datum_systems_arm.target_circular_curve
机械 / 装备制造,目标曲线,Target_curve,datum_and_datum_systems,ap242,0,https://www.steptools.com/stds/smrl/data/modules/datum_and_datum_systems/sys/4_info_reqs.htm#datum_and_datum_systems_arm.target_curve
机械 / 装备制造,目标点,Target_point,datum_and_datum_systems,ap242,0,https://www.steptools.com/stds/smrl/data/modules/datum_and_datum_systems/sys/4_info_reqs.htm#datum_and_datum_systems_arm.target_point
机械 / 装备制造,目标矩形,Target_rectangle,datum_and_datum_systems,ap242,0,https://www.steptools.com/stds/smrl/data/modules/datum_and_datum_systems/sys/4_info_reqs.htm#datum_and_datum_systems_arm.target_rectangle
机械 / 装备制造,目标直线线,Target_straight_line,datum_and_datum_systems,ap242,0,https://www.steptools.com/stds/smrl/data/modules/datum_and_datum_systems/sys/4_info_reqs.htm#datum_and_datum_systems_arm.target_straight_line
机械 / 装备制造,T形轮廓,Tee_profile,machining_features,ap242,0,https://www.steptools.com/stds/smrl/data/modules/machining_features/sys/4_info_reqs.htm#machining_features_arm.tee_profile
机械 / 装备制造,镶嵌标注,Tessellated_annotation,tessellated_geometry,ap242,1,https://www.steptools.com/stds/smrl/data/modules/tessellated_geometry/sys/4_info_reqs.htm#tessellated_geometry_arm.tessellated_annotation
机械 / 装备制造,镶嵌连接边,Tessellated_connecting_edge,tessellated_geometry,ap242,0,https://www.steptools.com/stds/smrl/data/modules/tessellated_geometry/sys/4_info_reqs.htm#tessellated_geometry_arm.tessellated_connecting_edge
机械 / 装备制造,镶嵌曲线集合,Tessellated_curve_set,tessellated_geometry,ap242,0,https://www.steptools.com/stds/smrl/data/modules/tessellated_geometry/sys/4_info_reqs.htm#tessellated_geometry_arm.tessellated_curve_set
机械 / 装备制造,镶嵌边,Tessellated_edge,tessellated_geometry,ap242,0,https://www.steptools.com/stds/smrl/data/modules/tessellated_geometry/sys/4_info_reqs.htm#tessellated_geometry_arm.tessellated_edge
机械 / 装备制造,镶嵌面,Tessellated_face,tessellated_geometry,ap242,1,https://www.steptools.com/stds/smrl/data/modules/tessellated_geometry/sys/4_info_reqs.htm#tessellated_geometry_arm.tessellated_face
机械 / 装备制造,镶嵌几何集合,Tessellated_geometric_set,tessellated_geometry,ap242,0,https://www.steptools.com/stds/smrl/data/modules/tessellated_geometry/sys/4_info_reqs.htm#tessellated_geometry_arm.tessellated_geometric_set
机械 / 装备制造,镶嵌项,Tessellated_item,tessellated_geometry,ap242,1,https://www.steptools.com/stds/smrl/data/modules/tessellated_geometry/sys/4_info_reqs.htm#tessellated_geometry_arm.tessellated_item
机械 / 装备制造,镶嵌点集合,Tessellated_point_set,tessellated_geometry,ap242,0,https://www.steptools.com/stds/smrl/data/modules/tessellated_geometry/sys/4_info_reqs.htm#tessellated_geometry_arm.tessellated_point_set
机械 / 装备制造,镶嵌形状表示,Tessellated_shape_representation,tessellated_geometry,ap242,1,https://www.steptools.com/stds/smrl/data/modules/tessellated_geometry/sys/4_info_reqs.htm#tessellated_geometry_arm.tessellated_shape_representation
机械 / 装备制造,镶嵌形状表示带精度参数,Tessellated_shape_representation_with_accuracy_parameters,tessellated_geometry,ap242,0,https://www.steptools.com/stds/smrl/data/modules/tessellated_geometry/sys/4_info_reqs.htm#tessellated_geometry_arm.tessellated_shape_representation_with_accuracy_parameters
机械 / 装备制造,镶嵌壳,Tessellated_shell,tessellated_geometry,ap242,1,https://www.steptools.com/stds/smrl/data/modules/tessellated_geometry/sys/4_info_reqs.htm#tessellated_geometry_arm.tessellated_shell
机械 / 装备制造,镶嵌实体,Tessellated_solid,tessellated_geometry,ap242,1,https://www.steptools.com/stds/smrl/data/modules/tessellated_geometry/sys/4_info_reqs.htm#tessellated_geometry_arm.tessellated_solid
机械 / 装备制造,镶嵌结构化项,Tessellated_structured_item,tessellated_geometry,ap242,0,https://www.steptools.com/stds/smrl/data/modules/tessellated_geometry/sys/4_info_reqs.htm#tessellated_geometry_arm.tessellated_structured_item
机械 / 装备制造,镶嵌曲面集合,Tessellated_surface_set,tessellated_geometry,ap242,1,https://www.steptools.com/stds/smrl/data/modules/tessellated_geometry/sys/4_info_reqs.htm#tessellated_geometry_arm.tessellated_surface_set
机械 / 装备制造,镶嵌顶点,Tessellated_vertex,tessellated_geometry,ap242,1,https://www.steptools.com/stds/smrl/data/modules/tessellated_geometry/sys/4_info_reqs.htm#tessellated_geometry_arm.tessellated_vertex
机械 / 装备制造,镶嵌线,Tessellated_wire,tessellated_geometry,ap242,0,https://www.steptools.com/stds/smrl/data/modules/tessellated_geometry/sys/4_info_reqs.htm#tessellated_geometry_arm.tessellated_wire
机械 / 装备制造,四面体,Tetrahedron,primitive_solids,ap242,0,https://www.steptools.com/stds/smrl/data/modules/primitive_solids/sys/4_info_reqs.htm#primitive_solids_arm.tetrahedron
机械 / 装备制造,厚度尺寸,Thickness_size,dimension_tolerance,ap242,1,https://www.steptools.com/stds/smrl/data/modules/dimension_tolerance/sys/4_info_reqs.htm#dimension_tolerance_arm.thickness_size
机械 / 装备制造,螺纹,Thread,machining_features,ap242,1,https://www.steptools.com/stds/smrl/data/modules/machining_features/sys/4_info_reqs.htm#machining_features_arm.thread
机械 / 装备制造,螺纹跳动,Thread_runout,machining_features,ap242,0,https://www.steptools.com/stds/smrl/data/modules/machining_features/sys/4_info_reqs.htm#machining_features_arm.thread_runout
机械 / 装备制造,通孔底部条件,Through_bottom_condition,machining_features,ap242,0,https://www.steptools.com/stds/smrl/data/modules/machining_features/sys/4_info_reqs.htm#machining_features_arm.through_bottom_condition
机械 / 装备制造,通凹槽底部条件,Through_pocket_bottom_condition,machining_features,ap242,0,https://www.steptools.com/stds/smrl/data/modules/machining_features/sys/4_info_reqs.htm#machining_features_arm.through_pocket_bottom_condition
机械 / 装备制造,通轮廓底,Through_profile_floor,machining_features,ap242,0,https://www.steptools.com/stds/smrl/data/modules/machining_features/sys/4_info_reqs.htm#machining_features_arm.through_profile_floor
机械 / 装备制造,公差特征,Tolerance_characteristic,characteristic,ap242,0,https://www.steptools.com/stds/smrl/data/modules/characteristic/sys/4_info_reqs.htm#characteristic_arm.tolerance_characteristic
机械 / 装备制造,公差范围,Tolerance_range,dimension_tolerance,ap242,0,https://www.steptools.com/stds/smrl/data/modules/dimension_tolerance/sys/4_info_reqs.htm#dimension_tolerance_arm.tolerance_range
机械 / 装备制造,公差表单元,Tolerance_table_cell,default_tolerance,ap242,0,https://www.steptools.com/stds/smrl/data/modules/default_tolerance/sys/4_info_reqs.htm#default_tolerance_arm.tolerance_table_cell
机械 / 装备制造,公差区域,Tolerance_zone,geometric_tolerance,ap242,0,https://www.steptools.com/stds/smrl/data/modules/geometric_tolerance/sys/4_info_reqs.htm#geometric_tolerance_arm.tolerance_zone
机械 / 装备制造,公差区域定义,Tolerance_zone_definition,geometric_tolerance,ap242,0,https://www.steptools.com/stds/smrl/data/modules/geometric_tolerance/sys/4_info_reqs.htm#geometric_tolerance_arm.tolerance_zone_definition
机械 / 装备制造,公差区域带基准,Tolerance_zone_with_datum,geometric_tolerance,ap242,0,https://www.steptools.com/stds/smrl/data/modules/geometric_tolerance/sys/4_info_reqs.htm#geometric_tolerance_arm.tolerance_zone_with_datum
机械 / 装备制造,刀具附件点框架,Tool_attachment_point_frame,kinematic_structure,ap242,0,https://www.steptools.com/stds/smrl/data/modules/kinematic_structure/sys/4_info_reqs.htm#kinematic_structure_arm.tool_attachment_point_frame
机械 / 装备制造,刀具中心点框架,Tool_centre_point_frame,kinematic_structure,ap242,0,https://www.steptools.com/stds/smrl/data/modules/kinematic_structure/sys/4_info_reqs.htm#kinematic_structure_arm.tool_centre_point_frame
机械 / 装备制造,圆环面,Torus,primitive_solids,ap242,0,https://www.steptools.com/stds/smrl/data/modules/primitive_solids/sys/4_info_reqs.htm#primitive_solids_arm.torus
机械 / 装备制造,总跳动公差,Total_runout_tolerance,geometric_tolerance,ap242,0,https://www.steptools.com/stds/smrl/data/modules/geometric_tolerance/sys/4_info_reqs.htm#geometric_tolerance_arm.total_runout_tolerance
机械 / 装备制造,过渡特征,Transition_feature,machining_features,ap242,2,https://www.steptools.com/stds/smrl/data/modules/machining_features/sys/4_info_reqs.htm#machining_features_arm.transition_feature
机械 / 装备制造,处理结果,Treatment_result,surface_conditions,ap242,0,https://www.steptools.com/stds/smrl/data/modules/surface_conditions/sys/4_info_reqs.htm#surface_conditions_arm.treatment_result
机械 / 装备制造,三角剖分面,Triangulated_face,tessellated_geometry,ap242,0,https://www.steptools.com/stds/smrl/data/modules/tessellated_geometry/sys/4_info_reqs.htm#tessellated_geometry_arm.triangulated_face
机械 / 装备制造,三角剖分点点云数据集,Triangulated_point_cloud_dataset,scan_data_3d_shape,ap242,0,https://www.steptools.com/stds/smrl/data/modules/scan_data_3d_shape/sys/4_info_reqs.htm#scan_data_3d_shape_arm.triangulated_point_cloud_dataset
机械 / 装备制造,三角剖分曲面集合,Triangulated_surface_set,tessellated_geometry,ap242,0,https://www.steptools.com/stds/smrl/data/modules/tessellated_geometry/sys/4_info_reqs.htm#tessellated_geometry_arm.triangulated_surface_set
机械 / 装备制造,车削滚花,Turned_knurl,machining_features,ap242,0,https://www.steptools.com/stds/smrl/data/modules/machining_features/sys/4_info_reqs.htm#machining_features_arm.turned_knurl
机械 / 装备制造,典型公差特征,Typical_tolerance_characteristic,characteristic,ap242,0,https://www.steptools.com/stds/smrl/data/modules/characteristic/sys/4_info_reqs.htm#characteristic_arm.typical_tolerance_characteristic
机械 / 装备制造,无约束副,Unconstrained_pair,kinematic_structure,ap242,0,https://www.steptools.com/stds/smrl/data/modules/kinematic_structure/sys/4_info_reqs.htm#kinematic_structure_arm.unconstrained_pair
机械 / 装备制造,无约束副值,Unconstrained_pair_value,kinematic_state,ap242,0,https://www.steptools.com/stds/smrl/data/modules/kinematic_state/sys/4_info_reqs.htm#kinematic_state_arm.unconstrained_pair_value
机械 / 装备制造,均匀资源标识符,Uniform_resource_identifier,tagged_text_representation,ap242,0,https://www.steptools.com/stds/smrl/data/modules/tagged_text_representation/sys/4_info_reqs.htm#tagged_text_representation_arm.uniform_resource_identifier
机械 / 装备制造,通用副,Universal_pair,kinematic_structure,ap242,0,https://www.steptools.com/stds/smrl/data/modules/kinematic_structure/sys/4_info_reqs.htm#kinematic_structure_arm.universal_pair
机械 / 装备制造,通用副值,Universal_pair_value,kinematic_state,ap242,0,https://www.steptools.com/stds/smrl/data/modules/kinematic_state/sys/4_info_reqs.htm#kinematic_state_arm.universal_pair_value
机械 / 装备制造,通用副带范围,Universal_pair_with_range,kinematic_structure,ap242,0,https://www.steptools.com/stds/smrl/data/modules/kinematic_structure/sys/4_info_reqs.htm#kinematic_structure_arm.universal_pair_with_range
机械 / 装备制造,上下极限,Upper_lower_limit,default_tolerance,ap242,0,https://www.steptools.com/stds/smrl/data/modules/default_tolerance/sys/4_info_reqs.htm#default_tolerance_arm.upper_lower_limit
机械 / 装备制造,上下带公差基准,Upper_lower_toleranced_datum,default_tolerance,ap242,0,https://www.steptools.com/stds/smrl/data/modules/default_tolerance/sys/4_info_reqs.htm#default_tolerance_arm.upper_lower_toleranced_datum
机械 / 装备制造,用户定义曲面纹理参数,User_defined_surface_texture_parameter,surface_conditions,ap242,0,https://www.steptools.com/stds/smrl/data/modules/surface_conditions/sys/4_info_reqs.htm#surface_conditions_arm.user_defined_surface_texture_parameter
机械 / 装备制造,值带公差,Value_with_tolerances,extended_measure_representation,ap242,0,https://www.steptools.com/stds/smrl/data/modules/extended_measure_representation/sys/4_info_reqs.htm#extended_measure_representation_arm.value_with_tolerances
机械 / 装备制造,V形轮廓,Vee_profile,machining_features,ap242,2,https://www.steptools.com/stds/smrl/data/modules/machining_features/sys/4_info_reqs.htm#machining_features_arm.vee_profile
机械 / 装备制造,视觉外观,Visual_appearance,surface_conditions,ap242,0,https://www.steptools.com/stds/smrl/data/modules/surface_conditions/sys/4_info_reqs.htm#surface_conditions_arm.visual_appearance
机械 / 装备制造,半圆槽端类型,Woodruff_slot_end_type,machining_features,ap242,0,https://www.steptools.com/stds/smrl/data/modules/machining_features/sys/4_info_reqs.htm#machining_features_arm.woodruff_slot_end_type
机械 / 装备制造,工作次序,Work_order,work_order,ap242,7,https://www.steptools.com/stds/smrl/data/modules/work_order/sys/4_info_reqs.htm#work_order_arm.work_order
机械 / 装备制造,工作次序关系,Work_order_relationship,work_order,ap242,0,https://www.steptools.com/stds/smrl/data/modules/work_order/sys/4_info_reqs.htm#work_order_arm.work_order_relationship
机械 / 装备制造,工作请求,Work_request,work_request,ap242,8,https://www.steptools.com/stds/smrl/data/modules/work_request/sys/4_info_reqs.htm#work_request_arm.work_request
机械 / 装备制造,工作请求关系,Work_request_relationship,work_request,ap242,0,https://www.steptools.com/stds/smrl/data/modules/work_request/sys/4_info_reqs.htm#work_request_arm.work_request_relationship
机械 / 装备制造,工作请求状态,Work_request_status,work_request,ap242,2,https://www.steptools.com/stds/smrl/data/modules/work_request/sys/4_info_reqs.htm#work_request_arm.work_request_status
电气 / 电子 / 物理量,吸收剂量数据元素,Absorbed_dose_data_element,value_with_unit_extension,ap242,0,https://www.steptools.com/stds/smrl/data/modules/value_with_unit_extension/sys/4_info_reqs.htm#value_with_unit_extension_arm.absorbed_dose_data_element
电气 / 电子 / 物理量,加速度数据元素,Acceleration_data_element,value_with_unit_extension,ap242,0,https://www.steptools.com/stds/smrl/data/modules/value_with_unit_extension/sys/4_info_reqs.htm#value_with_unit_extension_arm.acceleration_data_element
电气 / 电子 / 物理量,数量的物质数据元素,Amount_of_substance_data_element,value_with_unit_extension,ap242,0,https://www.steptools.com/stds/smrl/data/modules/value_with_unit_extension/sys/4_info_reqs.htm#value_with_unit_extension_arm.amount_of_substance_data_element
电气 / 电子 / 物理量,数量的物质单位,Amount_of_substance_unit,value_with_unit,ap242,0,https://www.steptools.com/stds/smrl/data/modules/value_with_unit/sys/4_info_reqs.htm#value_with_unit_arm.amount_of_substance_unit
电气 / 电子 / 物理量,角数据元素,Angle_data_element,value_with_unit_extension,ap242,29,https://www.steptools.com/stds/smrl/data/modules/value_with_unit_extension/sys/4_info_reqs.htm#value_with_unit_extension_arm.angle_data_element
电气 / 电子 / 物理量,角加减边界,Angle_plus_minus_bounds,dimension_tolerance,ap242,2,https://www.steptools.com/stds/smrl/data/modules/dimension_tolerance/sys/4_info_reqs.htm#dimension_tolerance_arm.angle_plus_minus_bounds
电气 / 电子 / 物理量,角锥度,Angle_taper,machining_features,ap242,0,https://www.steptools.com/stds/smrl/data/modules/machining_features/sys/4_info_reqs.htm#machining_features_arm.angle_taper
电气 / 电子 / 物理量,标注填充面积,Annotation_fill_area,draughting_element,ap242,0,https://www.steptools.com/stds/smrl/data/modules/draughting_element/sys/4_info_reqs.htm#draughting_element_arm.annotation_fill_area
电气 / 电子 / 物理量,面积数据元素,Area_data_element,value_with_unit_extension,ap242,0,https://www.steptools.com/stds/smrl/data/modules/value_with_unit_extension/sys/4_info_reqs.htm#value_with_unit_extension_arm.area_data_element
电气 / 电子 / 物理量,面积单位,Area_unit,value_with_unit,ap242,0,https://www.steptools.com/stds/smrl/data/modules/value_with_unit/sys/4_info_reqs.htm#value_with_unit_arm.area_unit
电气 / 电子 / 物理量,构建体积,Build_volume,additive_manufacturing_part_and_build_information,ap242,1,https://www.steptools.com/stds/smrl/data/modules/additive_manufacturing_part_and_build_information/sys/4_info_reqs.htm#additive_manufacturing_part_and_build_information_arm.build_volume
电气 / 电子 / 物理量,电容数据元素,Capacitance_data_element,value_with_unit_extension,ap242,0,https://www.steptools.com/stds/smrl/data/modules/value_with_unit_extension/sys/4_info_reqs.htm#value_with_unit_extension_arm.capacitance_data_element
电气 / 电子 / 物理量,摄氏度温度数据元素,Celsius_temperature_data_element,value_with_unit_extension,ap242,0,https://www.steptools.com/stds/smrl/data/modules/value_with_unit_extension/sys/4_info_reqs.htm#value_with_unit_extension_arm.celsius_temperature_data_element
电气 / 电子 / 物理量,倒角角,Chamfer_angle,machining_features,ap242,0,https://www.steptools.com/stds/smrl/data/modules/machining_features/sys/4_info_reqs.htm#machining_features_arm.chamfer_angle
电气 / 电子 / 物理量,圆形构建体积,Circular_build_volume,additive_manufacturing_part_and_build_information,ap242,0,https://www.steptools.com/stds/smrl/data/modules/additive_manufacturing_part_and_build_information/sys/4_info_reqs.htm#additive_manufacturing_part_and_build_information_arm.circular_build_volume
电气 / 电子 / 物理量,电导数据元素,Conductance_data_element,value_with_unit_extension,ap242,0,https://www.steptools.com/stds/smrl/data/modules/value_with_unit_extension/sys/4_info_reqs.htm#value_with_unit_extension_arm.conductance_data_element
电气 / 电子 / 物理量,配置,Configuration,specification_based_configuration,ap242,1,https://www.steptools.com/stds/smrl/data/modules/specification_based_configuration/sys/4_info_reqs.htm#specification_based_configuration_arm.configuration
电气 / 电子 / 物理量,接触比,Contact_ratio,surface_conditions,ap242,0,https://www.steptools.com/stds/smrl/data/modules/surface_conditions/sys/4_info_reqs.htm#surface_conditions_arm.contact_ratio
电气 / 电子 / 物理量,上下文相关单位,Context_dependent_unit,value_with_unit,ap242,1,https://www.steptools.com/stds/smrl/data/modules/value_with_unit/sys/4_info_reqs.htm#value_with_unit_arm.context_dependent_unit
电气 / 电子 / 物理量,转换基于单位,Conversion_based_unit,value_with_unit,ap242,1,https://www.steptools.com/stds/smrl/data/modules/value_with_unit/sys/4_info_reqs.htm#value_with_unit_arm.conversion_based_unit
电气 / 电子 / 物理量,注明日期配置,Dated_configuration,manufacturing_configuration_effectivity,ap242,0,https://www.steptools.com/stds/smrl/data/modules/manufacturing_configuration_effectivity/sys/4_info_reqs.htm#manufacturing_configuration_effectivity_arm.dated_configuration
电气 / 电子 / 物理量,默认草图角,Default_draft_angle,default_setting_association,ap242,0,https://www.steptools.com/stds/smrl/data/modules/default_setting_association/sys/4_info_reqs.htm#default_setting_association_arm.default_draft_angle
电气 / 电子 / 物理量,派生单位,Derived_unit,value_with_unit,ap242,1,https://www.steptools.com/stds/smrl/data/modules/value_with_unit/sys/4_info_reqs.htm#value_with_unit_arm.derived_unit
电气 / 电子 / 物理量,派生单位元素,Derived_unit_element,value_with_unit,ap242,0,https://www.steptools.com/stds/smrl/data/modules/value_with_unit/sys/4_info_reqs.htm#value_with_unit_arm.derived_unit_element
电气 / 电子 / 物理量,介电常量数据元素,Dielectric_constant_data_element,value_with_unit_extension,ap242,0,https://www.steptools.com/stds/smrl/data/modules/value_with_unit_extension/sys/4_info_reqs.htm#value_with_unit_extension_arm.dielectric_constant_data_element
电气 / 电子 / 物理量,剂量等效数据元素,Dose_equivalent_data_element,value_with_unit_extension,ap242,0,https://www.steptools.com/stds/smrl/data/modules/value_with_unit_extension/sys/4_info_reqs.htm#value_with_unit_extension_arm.dose_equivalent_data_element
电气 / 电子 / 物理量,持续时间,Duration,value_with_unit,ap242,11,https://www.steptools.com/stds/smrl/data/modules/value_with_unit/sys/4_info_reqs.htm#value_with_unit_arm.duration
电气 / 电子 / 物理量,电电荷数据元素,Electric_charge_data_element,value_with_unit_extension,ap242,0,https://www.steptools.com/stds/smrl/data/modules/value_with_unit_extension/sys/4_info_reqs.htm#value_with_unit_extension_arm.electric_charge_data_element
电气 / 电子 / 物理量,电电流数据元素,Electric_current_data_element,value_with_unit_extension,ap242,0,https://www.steptools.com/stds/smrl/data/modules/value_with_unit_extension/sys/4_info_reqs.htm#value_with_unit_extension_arm.electric_current_data_element
电气 / 电子 / 物理量,电电流单位,Electric_current_unit,value_with_unit,ap242,0,https://www.steptools.com/stds/smrl/data/modules/value_with_unit/sys/4_info_reqs.htm#value_with_unit_arm.electric_current_unit
电气 / 电子 / 物理量,电电位数据元素,Electric_potential_data_element,value_with_unit_extension,ap242,0,https://www.steptools.com/stds/smrl/data/modules/value_with_unit_extension/sys/4_info_reqs.htm#value_with_unit_extension_arm.electric_potential_data_element
电气 / 电子 / 物理量,能量数据元素,Energy_data_element,value_with_unit_extension,ap242,0,https://www.steptools.com/stds/smrl/data/modules/value_with_unit_extension/sys/4_info_reqs.htm#value_with_unit_extension_arm.energy_data_element
电气 / 电子 / 物理量,外部定义剖面线样式,Externally_defined_hatch_style,fill_area_style,ap242,0,https://www.steptools.com/stds/smrl/data/modules/fill_area_style/sys/4_info_reqs.htm#fill_area_style_arm.externally_defined_hatch_style
电气 / 电子 / 物理量,外部定义瓦片样式,Externally_defined_tile_style,fill_area_style,ap242,0,https://www.steptools.com/stds/smrl/data/modules/fill_area_style/sys/4_info_reqs.htm#fill_area_style_arm.externally_defined_tile_style
电气 / 电子 / 物理量,特征定义带连接面积,Feature_definition_with_connection_area,feature_and_connection_zone,ap242,0,https://www.steptools.com/stds/smrl/data/modules/feature_and_connection_zone/sys/4_info_reqs.htm#feature_and_connection_zone_arm.feature_definition_with_connection_area
电气 / 电子 / 物理量,填充面积,Fill_area,draughting_element,ap242,1,https://www.steptools.com/stds/smrl/data/modules/draughting_element/sys/4_info_reqs.htm#draughting_element_arm.fill_area
电气 / 电子 / 物理量,力数据元素,Force_data_element,value_with_unit_extension,ap242,0,https://www.steptools.com/stds/smrl/data/modules/value_with_unit_extension/sys/4_info_reqs.htm#value_with_unit_extension_arm.force_data_element
电气 / 电子 / 物理量,频率数据元素,Frequency_data_element,value_with_unit_extension,ap242,4,https://www.steptools.com/stds/smrl/data/modules/value_with_unit_extension/sys/4_info_reqs.htm#value_with_unit_extension_arm.frequency_data_element
电气 / 电子 / 物理量,通用移除体积,General_removal_volume,machining_features,ap242,0,https://www.steptools.com/stds/smrl/data/modules/machining_features/sys/4_info_reqs.htm#machining_features_arm.general_removal_volume
电气 / 电子 / 物理量,几何放置操作,Geometric_placement_operation,elemental_geometric_shape,ap242,7,https://www.steptools.com/stds/smrl/data/modules/elemental_geometric_shape/sys/4_info_reqs.htm#elemental_geometric_shape_arm.geometric_placement_operation
电气 / 电子 / 物理量,GPS过滤规范,Gps_filtration_specification,geometric_tolerance,ap242,0,https://www.steptools.com/stds/smrl/data/modules/geometric_tolerance/sys/4_info_reqs.htm#geometric_tolerance_arm.gps_filtration_specification
电气 / 电子 / 物理量,硬度,Hardness,surface_conditions,ap242,0,https://www.steptools.com/stds/smrl/data/modules/surface_conditions/sys/4_info_reqs.htm#surface_conditions_arm.hardness
电气 / 电子 / 物理量,剖面线样式,Hatch_style,fill_area_style,ap242,1,https://www.steptools.com/stds/smrl/data/modules/fill_area_style/sys/4_info_reqs.htm#fill_area_style_arm.hatch_style
电气 / 电子 / 物理量,照度数据元素,Illuminance_data_element,value_with_unit_extension,ap242,0,https://www.steptools.com/stds/smrl/data/modules/value_with_unit_extension/sys/4_info_reqs.htm#value_with_unit_extension_arm.illuminance_data_element
电气 / 电子 / 物理量,电感数据元素,Inductance_data_element,value_with_unit_extension,ap242,0,https://www.steptools.com/stds/smrl/data/modules/value_with_unit_extension/sys/4_info_reqs.htm#value_with_unit_extension_arm.inductance_data_element
电气 / 电子 / 物理量,插值配置表示,Interpolated_configuration_representation,kinematic_motion_representation,ap242,0,https://www.steptools.com/stds/smrl/data/modules/kinematic_motion_representation/sys/4_info_reqs.htm#kinematic_motion_representation_arm.interpolated_configuration_representation
电气 / 电子 / 物理量,插值配置段,Interpolated_configuration_segment,kinematic_motion_representation,ap242,0,https://www.steptools.com/stds/smrl/data/modules/kinematic_motion_representation/sys/4_info_reqs.htm#kinematic_motion_representation_arm.interpolated_configuration_segment
电气 / 电子 / 物理量,插值配置序列,Interpolated_configuration_sequence,kinematic_motion_representation,ap242,1,https://www.steptools.com/stds/smrl/data/modules/kinematic_motion_representation/sys/4_info_reqs.htm#kinematic_motion_representation_arm.interpolated_configuration_sequence
电气 / 电子 / 物理量,项设计关联,Item_design_association,configuration_item,ap242,2,https://www.steptools.com/stds/smrl/data/modules/configuration_item/sys/4_info_reqs.htm#configuration_item_arm.item_design_association
电气 / 电子 / 物理量,项用法有效性,Item_usage_effectivity,configuration_effectivity,ap242,2,https://www.steptools.com/stds/smrl/data/modules/configuration_effectivity/sys/4_info_reqs.htm#configuration_effectivity_arm.item_usage_effectivity
电气 / 电子 / 物理量,长度数据元素,Length_data_element,value_with_unit_extension,ap242,114,https://www.steptools.com/stds/smrl/data/modules/value_with_unit_extension/sys/4_info_reqs.htm#value_with_unit_extension_arm.length_data_element
电气 / 电子 / 物理量,长度函数,Length_function,numeric_function,ap242,1,https://www.steptools.com/stds/smrl/data/modules/numeric_function/sys/4_info_reqs.htm#numeric_function_arm.length_function
电气 / 电子 / 物理量,长度加减边界,Length_plus_minus_bounds,dimension_tolerance,ap242,7,https://www.steptools.com/stds/smrl/data/modules/dimension_tolerance/sys/4_info_reqs.htm#dimension_tolerance_arm.length_plus_minus_bounds
电气 / 电子 / 物理量,长度公差特征,Length_tolerance_characteristic,characteristic,ap242,0,https://www.steptools.com/stds/smrl/data/modules/characteristic/sys/4_info_reqs.htm#characteristic_arm.length_tolerance_characteristic
电气 / 电子 / 物理量,长度单位,Length_unit,value_with_unit,ap242,0,https://www.steptools.com/stds/smrl/data/modules/value_with_unit/sys/4_info_reqs.htm#value_with_unit_arm.length_unit
电气 / 电子 / 物理量,损耗相切数据元素,Loss_tangent_data_element,value_with_unit_extension,ap242,0,https://www.steptools.com/stds/smrl/data/modules/value_with_unit_extension/sys/4_info_reqs.htm#value_with_unit_extension_arm.loss_tangent_data_element
电气 / 电子 / 物理量,批次配置,Lot_configuration,manufacturing_configuration_effectivity,ap242,0,https://www.steptools.com/stds/smrl/data/modules/manufacturing_configuration_effectivity/sys/4_info_reqs.htm#manufacturing_configuration_effectivity_arm.lot_configuration
电气 / 电子 / 物理量,光通量数据元素,Luminous_flux_data_element,value_with_unit_extension,ap242,0,https://www.steptools.com/stds/smrl/data/modules/value_with_unit_extension/sys/4_info_reqs.htm#value_with_unit_extension_arm.luminous_flux_data_element
电气 / 电子 / 物理量,光强度数据元素,Luminous_intensity_data_element,value_with_unit_extension,ap242,0,https://www.steptools.com/stds/smrl/data/modules/value_with_unit_extension/sys/4_info_reqs.htm#value_with_unit_extension_arm.luminous_intensity_data_element
电气 / 电子 / 物理量,光强度单位,Luminous_intensity_unit,value_with_unit,ap242,0,https://www.steptools.com/stds/smrl/data/modules/value_with_unit/sys/4_info_reqs.htm#value_with_unit_arm.luminous_intensity_unit
电气 / 电子 / 物理量,磁通量数据元素,Magnetic_flux_data_element,value_with_unit_extension,ap242,0,https://www.steptools.com/stds/smrl/data/modules/value_with_unit_extension/sys/4_info_reqs.htm#value_with_unit_extension_arm.magnetic_flux_data_element
电气 / 电子 / 物理量,磁通量密度数据元素,Magnetic_flux_density_data_element,value_with_unit_extension,ap242,0,https://www.steptools.com/stds/smrl/data/modules/value_with_unit_extension/sys/4_info_reqs.htm#value_with_unit_extension_arm.magnetic_flux_density_data_element
电气 / 电子 / 物理量,制造配置,Manufacturing_configuration,manufacturing_configuration_effectivity,ap242,0,https://www.steptools.com/stds/smrl/data/modules/manufacturing_configuration_effectivity/sys/4_info_reqs.htm#manufacturing_configuration_effectivity_arm.manufacturing_configuration
电气 / 电子 / 物理量,质量数据元素,Mass_data_element,value_with_unit_extension,ap242,0,https://www.steptools.com/stds/smrl/data/modules/value_with_unit_extension/sys/4_info_reqs.htm#value_with_unit_extension_arm.mass_data_element
电气 / 电子 / 物理量,质量单位,Mass_unit,value_with_unit,ap242,0,https://www.steptools.com/stds/smrl/data/modules/value_with_unit/sys/4_info_reqs.htm#value_with_unit_arm.mass_unit
电气 / 电子 / 物理量,数学值带单位,Maths_value_with_unit,value_with_unit,ap242,0,https://www.steptools.com/stds/smrl/data/modules/value_with_unit/sys/4_info_reqs.htm#value_with_unit_arm.maths_value_with_unit
电气 / 电子 / 物理量,机械设计着色表示面积,Mechanical_design_shaded_presentation_area,mechanical_design_shaded_presentation,ap242,0,https://www.steptools.com/stds/smrl/data/modules/mechanical_design_shaded_presentation/sys/4_info_reqs.htm#mechanical_design_shaded_presentation_arm.mechanical_design_shaded_presentation_area
电气 / 电子 / 物理量,机械设计视图面积,Mechanical_design_view_area,mechanical_design_geometric_presentation,ap242,0,https://www.steptools.com/stds/smrl/data/modules/mechanical_design_geometric_presentation/sys/4_info_reqs.htm#mechanical_design_geometric_presentation_arm.mechanical_design_view_area
电气 / 电子 / 物理量,数值项带单位,Numerical_item_with_unit,measure_representation,ap242,124,https://www.steptools.com/stds/smrl/data/modules/measure_representation/sys/4_info_reqs.htm#measure_representation_arm.numerical_item_with_unit
电气 / 电子 / 物理量,部分面积定义,Partial_area_definition,machining_features,ap242,0,https://www.steptools.com/stds/smrl/data/modules/machining_features/sys/4_info_reqs.htm#machining_features_arm.partial_area_definition
电气 / 电子 / 物理量,平面角单位,Plane_angle_unit,value_with_unit,ap242,0,https://www.steptools.com/stds/smrl/data/modules/value_with_unit/sys/4_info_reqs.htm#value_with_unit_arm.plane_angle_unit
电气 / 电子 / 物理量,正角数据元素,Positive_angle_data_element,value_with_unit_extension,ap242,2,https://www.steptools.com/stds/smrl/data/modules/value_with_unit_extension/sys/4_info_reqs.htm#value_with_unit_extension_arm.positive_angle_data_element
电气 / 电子 / 物理量,正长度数据元素,Positive_length_data_element,value_with_unit_extension,ap242,12,https://www.steptools.com/stds/smrl/data/modules/value_with_unit_extension/sys/4_info_reqs.htm#value_with_unit_extension_arm.positive_length_data_element
电气 / 电子 / 物理量,功率数据元素,Power_data_element,value_with_unit_extension,ap242,1,https://www.steptools.com/stds/smrl/data/modules/value_with_unit_extension/sys/4_info_reqs.htm#value_with_unit_extension_arm.power_data_element
电气 / 电子 / 物理量,功率表达式,Power_expression,numeric_expression,ap242,0,https://www.steptools.com/stds/smrl/data/modules/numeric_expression/sys/4_info_reqs.htm#numeric_expression_arm.power_expression
电气 / 电子 / 物理量,压力数据元素,Pressure_data_element,value_with_unit_extension,ap242,3,https://www.steptools.com/stds/smrl/data/modules/value_with_unit_extension/sys/4_info_reqs.htm#value_with_unit_extension_arm.pressure_data_element
电气 / 电子 / 物理量,过程操作定义,Process_operation_definition,process_plan,ap242,0,https://www.steptools.com/stds/smrl/data/modules/process_plan/sys/4_info_reqs.htm#process_plan_arm.process_operation_definition
电气 / 电子 / 物理量,过程操作定义关系,Process_operation_definition_relationship,process_plan,ap242,0,https://www.steptools.com/stds/smrl/data/modules/process_plan/sys/4_info_reqs.htm#process_plan_arm.process_operation_definition_relationship
电气 / 电子 / 物理量,过程操作输入或输出,Process_operation_input_or_output,process_plan,ap242,0,https://www.steptools.com/stds/smrl/data/modules/process_plan/sys/4_info_reqs.htm#process_plan_arm.process_operation_input_or_output
电气 / 电子 / 物理量,过程操作实例,Process_operation_occurrence,process_plan,ap242,0,https://www.steptools.com/stds/smrl/data/modules/process_plan/sys/4_info_reqs.htm#process_plan_arm.process_operation_occurrence
电气 / 电子 / 物理量,过程操作实例关系,Process_operation_occurrence_relationship,process_plan,ap242,0,https://www.steptools.com/stds/smrl/data/modules/process_plan/sys/4_info_reqs.htm#process_plan_arm.process_operation_occurrence_relationship
电气 / 电子 / 物理量,过程操作资源赋值,Process_operation_resource_assignment,process_plan,ap242,0,https://www.steptools.com/stds/smrl/data/modules/process_plan/sys/4_info_reqs.htm#process_plan_arm.process_operation_resource_assignment
电气 / 电子 / 物理量,产品配置,Product_configuration,configuration_item,ap242,13,https://www.steptools.com/stds/smrl/data/modules/configuration_item/sys/4_info_reqs.htm#configuration_item_arm.product_configuration
电气 / 电子 / 物理量,产品配置层次关系,Product_configuration_hierarchical_relationship,configuration_item,ap242,0,https://www.steptools.com/stds/smrl/data/modules/configuration_item/sys/4_info_reqs.htm#configuration_item_arm.product_configuration_hierarchical_relationship
电气 / 电子 / 物理量,产品配置关系,Product_configuration_relationship,configuration_item,ap242,0,https://www.steptools.com/stds/smrl/data/modules/configuration_item/sys/4_info_reqs.htm#configuration_item_arm.product_configuration_relationship
电气 / 电子 / 物理量,产品配置修订序列,Product_configuration_revision_sequence,configuration_item,ap242,0,https://www.steptools.com/stds/smrl/data/modules/configuration_item/sys/4_info_reqs.htm#configuration_item_arm.product_configuration_revision_sequence
电气 / 电子 / 物理量,限定数值项带单位,Qualified_numerical_item_with_unit,qualified_measure,ap242,0,https://www.steptools.com/stds/smrl/data/modules/qualified_measure/sys/4_info_reqs.htm#qualified_measure_arm.qualified_numerical_item_with_unit
电气 / 电子 / 物理量,放射性数据元素,Radioactivity_data_element,value_with_unit_extension,ap242,0,https://www.steptools.com/stds/smrl/data/modules/value_with_unit_extension/sys/4_info_reqs.htm#value_with_unit_extension_arm.radioactivity_data_element
电气 / 电子 / 物理量,比数据元素,Ratio_data_element,value_with_unit_extension,ap242,9,https://www.steptools.com/stds/smrl/data/modules/value_with_unit_extension/sys/4_info_reqs.htm#value_with_unit_extension_arm.ratio_data_element
电气 / 电子 / 物理量,比单位,Ratio_unit,value_with_unit,ap242,0,https://www.steptools.com/stds/smrl/data/modules/value_with_unit/sys/4_info_reqs.htm#value_with_unit_arm.ratio_unit
电气 / 电子 / 物理量,有理B样条曲线,Rational_b_spline_curve,b_spline_geometry,ap242,0,https://www.steptools.com/stds/smrl/data/modules/b_spline_geometry/sys/4_info_reqs.htm#b_spline_geometry_arm.rational_b_spline_curve
电气 / 电子 / 物理量,有理B样条曲面,Rational_b_spline_surface,b_spline_geometry,ap242,0,https://www.steptools.com/stds/smrl/data/modules/b_spline_geometry/sys/4_info_reqs.htm#b_spline_geometry_arm.rational_b_spline_surface
电气 / 电子 / 物理量,有理表示项,Rational_representation_item,basic_data_representation,ap242,0,https://www.steptools.com/stds/smrl/data/modules/basic_data_representation/sys/4_info_reqs.htm#basic_data_representation_arm.rational_representation_item
电气 / 电子 / 物理量,矩形构建体积,Rectangular_build_volume,additive_manufacturing_part_and_build_information,ap242,0,https://www.steptools.com/stds/smrl/data/modules/additive_manufacturing_part_and_build_information/sys/4_info_reqs.htm#additive_manufacturing_part_and_build_information_arm.rectangular_build_volume
电气 / 电子 / 物理量,电阻数据元素,Resistance_data_element,value_with_unit_extension,ap242,0,https://www.steptools.com/stds/smrl/data/modules/value_with_unit_extension/sys/4_info_reqs.htm#value_with_unit_extension_arm.resistance_data_element
电气 / 电子 / 物理量,串行配置,Serial_configuration,manufacturing_configuration_effectivity,ap242,0,https://www.steptools.com/stds/smrl/data/modules/manufacturing_configuration_effectivity/sys/4_info_reqs.htm#manufacturing_configuration_effectivity_arm.serial_configuration
电气 / 电子 / 物理量,实体角数据元素,Solid_angle_data_element,value_with_unit_extension,ap242,0,https://www.steptools.com/stds/smrl/data/modules/value_with_unit_extension/sys/4_info_reqs.htm#value_with_unit_extension_arm.solid_angle_data_element
电气 / 电子 / 物理量,实体角单位,Solid_angle_unit,value_with_unit,ap242,0,https://www.steptools.com/stds/smrl/data/modules/value_with_unit/sys/4_info_reqs.htm#value_with_unit_arm.solid_angle_unit
电气 / 电子 / 物理量,实体填充面积样式,Solid_fill_area_style,fill_area_style,ap242,0,https://www.steptools.com/stds/smrl/data/modules/fill_area_style/sys/4_info_reqs.htm#fill_area_style_arm.solid_fill_area_style
电气 / 电子 / 物理量,目标面积,Target_area,datum_and_datum_systems,ap242,0,https://www.steptools.com/stds/smrl/data/modules/datum_and_datum_systems/sys/4_info_reqs.htm#datum_and_datum_systems_arm.target_area
电气 / 电子 / 物理量,目标矩形,Target_rectangle,datum_and_datum_systems,ap242,0,https://www.steptools.com/stds/smrl/data/modules/datum_and_datum_systems/sys/4_info_reqs.htm#datum_and_datum_systems_arm.target_rectangle
电气 / 电子 / 物理量,热电阻数据元素,Thermal_resistance_data_element,value_with_unit_extension,ap242,0,https://www.steptools.com/stds/smrl/data/modules/value_with_unit_extension/sys/4_info_reqs.htm#value_with_unit_extension_arm.thermal_resistance_data_element
电气 / 电子 / 物理量,热力学温度数据元素,Thermodynamic_temperature_data_element,value_with_unit_extension,ap242,0,https://www.steptools.com/stds/smrl/data/modules/value_with_unit_extension/sys/4_info_reqs.htm#value_with_unit_extension_arm.thermodynamic_temperature_data_element
电气 / 电子 / 物理量,热力学温度单位,Thermodynamic_temperature_unit,value_with_unit,ap242,0,https://www.steptools.com/stds/smrl/data/modules/value_with_unit/sys/4_info_reqs.htm#value_with_unit_arm.thermodynamic_temperature_unit
电气 / 电子 / 物理量,瓦片样式,Tile_style,fill_area_style,ap242,1,https://www.steptools.com/stds/smrl/data/modules/fill_area_style/sys/4_info_reqs.htm#fill_area_style_arm.tile_style
电气 / 电子 / 物理量,时间单位,Time_unit,value_with_unit,ap242,0,https://www.steptools.com/stds/smrl/data/modules/value_with_unit/sys/4_info_reqs.htm#value_with_unit_arm.time_unit
电气 / 电子 / 物理量,不确定度带单位,Uncertainty_with_unit,value_with_unit,ap242,3,https://www.steptools.com/stds/smrl/data/modules/value_with_unit/sys/4_info_reqs.htm#value_with_unit_arm.uncertainty_with_unit
电气 / 电子 / 物理量,单位,Unit,value_with_unit,ap242,5,https://www.steptools.com/stds/smrl/data/modules/value_with_unit/sys/4_info_reqs.htm#value_with_unit_arm.unit
电气 / 电子 / 物理量,用户定义剖面线样式,User_defined_hatch_style,fill_area_style,ap242,0,https://www.steptools.com/stds/smrl/data/modules/fill_area_style/sys/4_info_reqs.htm#fill_area_style_arm.user_defined_hatch_style
电气 / 电子 / 物理量,用户定义瓦片样式,User_defined_tile_style,fill_area_style,ap242,0,https://www.steptools.com/stds/smrl/data/modules/fill_area_style/sys/4_info_reqs.htm#fill_area_style_arm.user_defined_tile_style
电气 / 电子 / 物理量,带单位的量值,Value_with_unit,value_with_unit,ap242,19,https://www.steptools.com/stds/smrl/data/modules/value_with_unit/sys/4_info_reqs.htm#value_with_unit_arm.value_with_unit
电气 / 电子 / 物理量,速度数据元素,Velocity_data_element,value_with_unit_extension,ap242,5,https://www.steptools.com/stds/smrl/data/modules/value_with_unit_extension/sys/4_info_reqs.htm#value_with_unit_extension_arm.velocity_data_element
电气 / 电子 / 物理量,视图面积,View_area,presentation_hierarchy,ap242,0,https://www.steptools.com/stds/smrl/data/modules/presentation_hierarchy/sys/4_info_reqs.htm#presentation_hierarchy_arm.view_area
电气 / 电子 / 物理量,视图面积赋值,View_area_assignment,presentation_hierarchy,ap242,0,https://www.steptools.com/stds/smrl/data/modules/presentation_hierarchy/sys/4_info_reqs.htm#presentation_hierarchy_arm.view_area_assignment
电气 / 电子 / 物理量,视图面积关系,View_area_relationship,presentation_hierarchy,ap242,0,https://www.steptools.com/stds/smrl/data/modules/presentation_hierarchy/sys/4_info_reqs.htm#presentation_hierarchy_arm.view_area_relationship
电气 / 电子 / 物理量,视图面积复制,View_area_replication,presentation_hierarchy,ap242,1,https://www.steptools.com/stds/smrl/data/modules/presentation_hierarchy/sys/4_info_reqs.htm#presentation_hierarchy_arm.view_area_replication
电气 / 电子 / 物理量,体积数据元素,Volume_data_element,value_with_unit_extension,ap242,0,https://www.steptools.com/stds/smrl/data/modules/value_with_unit_extension/sys/4_info_reqs.htm#value_with_unit_extension_arm.volume_data_element
电气 / 电子 / 物理量,体积单位,Volume_unit,value_with_unit,ap242,0,https://www.steptools.com/stds/smrl/data/modules/value_with_unit/sys/4_info_reqs.htm#value_with_unit_arm.volume_unit
通用 / 跨行业,绝对值函数,Abs_function,elementary_function,ap242,0,https://www.steptools.com/stds/smrl/data/modules/elementary_function/sys/4_info_reqs.htm#elementary_function_arm.abs_function
通用 / 跨行业,反余弦函数,Acos_function,elementary_function,ap242,0,https://www.steptools.com/stds/smrl/data/modules/elementary_function/sys/4_info_reqs.htm#elementary_function_arm.acos_function
通用 / 跨行业,活动,Activity,activity,ap242,9,https://www.steptools.com/stds/smrl/data/modules/activity/sys/4_info_reqs.htm#activity_arm.activity
通用 / 跨行业,活动方法,Activity_method,activity_method,ap242,4,https://www.steptools.com/stds/smrl/data/modules/activity_method/sys/4_info_reqs.htm#activity_method_arm.activity_method
通用 / 跨行业,活动方法关系,Activity_method_relationship,activity_method_assignment,ap242,0,https://www.steptools.com/stds/smrl/data/modules/activity_method_assignment/sys/4_info_reqs.htm#activity_method_assignment_arm.activity_method_relationship
通用 / 跨行业,活动属性,Activity_property,process_property_assignment,ap242,3,https://www.steptools.com/stds/smrl/data/modules/process_property_assignment/sys/4_info_reqs.htm#process_property_assignment_arm.activity_property
通用 / 跨行业,活动属性表示,Activity_property_representation,process_property_assignment,ap242,1,https://www.steptools.com/stds/smrl/data/modules/process_property_assignment/sys/4_info_reqs.htm#process_property_assignment_arm.activity_property_representation
通用 / 跨行业,活动关系,Activity_relationship,activity,ap242,2,https://www.steptools.com/stds/smrl/data/modules/activity/sys/4_info_reqs.htm#activity_arm.activity_relationship
通用 / 跨行业,活动状态,Activity_status,activity,ap242,0,https://www.steptools.com/stds/smrl/data/modules/activity/sys/4_info_reqs.htm#activity_arm.activity_status
通用 / 跨行业,附加零件视图定义上下文,Additional_part_view_definition_context,part_view_definition,ap242,0,https://www.steptools.com/stds/smrl/data/modules/part_view_definition/sys/4_info_reqs.htm#part_view_definition_arm.additional_part_view_definition_context
通用 / 跨行业,附加视图定义上下文,Additional_view_definition_context,product_view_definition,ap242,1,https://www.steptools.com/stds/smrl/data/modules/product_view_definition/sys/4_info_reqs.htm#product_view_definition_arm.additional_view_definition_context
通用 / 跨行业,地址,Address,person_organization,ap242,1,https://www.steptools.com/stds/smrl/data/modules/person_organization/sys/4_info_reqs.htm#person_organization_arm.address
通用 / 跨行业,地址赋值,Address_assignment,person_organization,ap242,2,https://www.steptools.com/stds/smrl/data/modules/person_organization/sys/4_info_reqs.htm#person_organization_arm.address_assignment
通用 / 跨行业,别名标识,Alias_identification,alias_identification,ap242,1,https://www.steptools.com/stds/smrl/data/modules/alias_identification/sys/4_info_reqs.htm#alias_identification_arm.alias_identification
通用 / 跨行业,交替零件关系,Alternate_part_relationship,product_structure,ap242,1,https://www.steptools.com/stds/smrl/data/modules/product_structure/sys/4_info_reqs.htm#product_structure_arm.alternate_part_relationship
通用 / 跨行业,交替产品关系,Alternate_product_relationship,product_replacement,ap242,2,https://www.steptools.com/stds/smrl/data/modules/product_replacement/sys/4_info_reqs.htm#product_replacement_arm.alternate_product_relationship
通用 / 跨行业,备选解,Alternative_solution,alternative_solution,ap242,2,https://www.steptools.com/stds/smrl/data/modules/alternative_solution/sys/4_info_reqs.htm#alternative_solution_arm.alternative_solution
通用 / 跨行业,备选解关系,Alternative_solution_relationship,alternative_solution,ap242,0,https://www.steptools.com/stds/smrl/data/modules/alternative_solution/sys/4_info_reqs.htm#alternative_solution_arm.alternative_solution_relationship
通用 / 跨行业,与表达式,And_expression,numeric_expression,ap242,0,https://www.steptools.com/stds/smrl/data/modules/numeric_expression/sys/4_info_reqs.htm#numeric_expression_arm.and_expression
通用 / 跨行业,标注元素,Annotation_element,associative_text,ap242,3,https://www.steptools.com/stds/smrl/data/modules/associative_text/sys/4_info_reqs.htm#associative_text_arm.annotation_element
通用 / 跨行业,标注实例关联性,Annotation_occurrence_associativity,associative_draughting_elements,ap242,0,https://www.steptools.com/stds/smrl/data/modules/associative_draughting_elements/sys/4_info_reqs.htm#associative_draughting_elements_arm.annotation_occurrence_associativity
通用 / 跨行业,标注平面,Annotation_plane,draughting_element,ap242,0,https://www.steptools.com/stds/smrl/data/modules/draughting_element/sys/4_info_reqs.htm#draughting_element_arm.annotation_plane
通用 / 跨行业,标注子图,Annotation_subfigure,draughting_annotation,ap242,1,https://www.steptools.com/stds/smrl/data/modules/draughting_annotation/sys/4_info_reqs.htm#draughting_annotation_arm.annotation_subfigure
通用 / 跨行业,标注符号,Annotation_symbol,draughting_annotation,ap242,1,https://www.steptools.com/stds/smrl/data/modules/draughting_annotation/sys/4_info_reqs.htm#draughting_annotation_arm.annotation_symbol
通用 / 跨行业,标注文本,Annotation_text,associative_text,ap242,3,https://www.steptools.com/stds/smrl/data/modules/associative_text/sys/4_info_reqs.htm#associative_text_arm.annotation_text
通用 / 跨行业,标注文本实例,Annotation_text_occurrence,associative_text,ap242,2,https://www.steptools.com/stds/smrl/data/modules/associative_text/sys/4_info_reqs.htm#associative_text_arm.annotation_text_occurrence
通用 / 跨行业,顶点,Apex,derived_shape_element,ap242,0,https://www.steptools.com/stds/smrl/data/modules/derived_shape_element/sys/4_info_reqs.htm#derived_shape_element_arm.apex
通用 / 跨行业,外观赋值,Appearance_assignment,appearance_assignment,ap242,1,https://www.steptools.com/stds/smrl/data/modules/appearance_assignment/sys/4_info_reqs.htm#appearance_assignment_arm.appearance_assignment
通用 / 跨行业,应用活动赋值,Applied_activity_assignment,activity,ap242,6,https://www.steptools.com/stds/smrl/data/modules/activity/sys/4_info_reqs.htm#activity_arm.applied_activity_assignment
通用 / 跨行业,应用活动方法赋值,Applied_activity_method_assignment,activity_method_assignment,ap242,0,https://www.steptools.com/stds/smrl/data/modules/activity_method_assignment/sys/4_info_reqs.htm#activity_method_assignment_arm.applied_activity_method_assignment
通用 / 跨行业,应用独立活动属性,Applied_independent_activity_property,process_property_assignment,ap242,0,https://www.steptools.com/stds/smrl/data/modules/process_property_assignment/sys/4_info_reqs.htm#process_property_assignment_arm.applied_independent_activity_property
通用 / 跨行业,应用独立材料属性,Applied_independent_material_property,generic_material_aspects,ap242,0,https://www.steptools.com/stds/smrl/data/modules/generic_material_aspects/sys/4_info_reqs.htm#generic_material_aspects_arm.applied_independent_material_property
通用 / 跨行业,应用独立属性,Applied_independent_property,property_assignment,ap242,2,https://www.steptools.com/stds/smrl/data/modules/property_assignment/sys/4_info_reqs.htm#property_assignment_arm.applied_independent_property
通用 / 跨行业,应用独立属性关系,Applied_independent_property_relationship,property_assignment,ap242,0,https://www.steptools.com/stds/smrl/data/modules/property_assignment/sys/4_info_reqs.htm#property_assignment_arm.applied_independent_property_relationship
通用 / 跨行业,应用信息用法右,Applied_information_usage_right,information_rights,ap242,1,https://www.steptools.com/stds/smrl/data/modules/information_rights/sys/4_info_reqs.htm#information_rights_arm.applied_information_usage_right
通用 / 跨行业,批准,Approval,approval,ap242,8,https://www.steptools.com/stds/smrl/data/modules/approval/sys/4_info_reqs.htm#approval_arm.approval
通用 / 跨行业,批准赋值,Approval_assignment,approval,ap242,2,https://www.steptools.com/stds/smrl/data/modules/approval/sys/4_info_reqs.htm#approval_arm.approval_assignment
通用 / 跨行业,批准关系,Approval_relationship,approval,ap242,3,https://www.steptools.com/stds/smrl/data/modules/approval/sys/4_info_reqs.htm#approval_arm.approval_relationship
通用 / 跨行业,批准状态,Approval_status,approval,ap242,4,https://www.steptools.com/stds/smrl/data/modules/approval/sys/4_info_reqs.htm#approval_arm.approval_status
通用 / 跨行业,批准人员组织,Approving_person_organization,approval,ap242,2,https://www.steptools.com/stds/smrl/data/modules/approval/sys/4_info_reqs.htm#approval_arm.approving_person_organization
通用 / 跨行业,反正弦函数,Asin_function,elementary_function,ap242,0,https://www.steptools.com/stds/smrl/data/modules/elementary_function/sys/4_info_reqs.htm#elementary_function_arm.asin_function
通用 / 跨行业,装配零件关联,Assembled_part_association,item_definition_structure,ap242,0,https://www.steptools.com/stds/smrl/data/modules/item_definition_structure/sys/4_info_reqs.htm#item_definition_structure_arm.assembled_part_association
通用 / 跨行业,赋值文档属性,Assigned_document_property,document_properties,ap242,0,https://www.steptools.com/stds/smrl/data/modules/document_properties/sys/4_info_reqs.htm#document_properties_arm.assigned_document_property
通用 / 跨行业,赋值属性,Assigned_property,property_assignment,ap242,9,https://www.steptools.com/stds/smrl/data/modules/property_assignment/sys/4_info_reqs.htm#property_assignment_arm.assigned_property
通用 / 跨行业,赋值形状属性,Assigned_shape_property,shape_property_assignment,ap242,0,https://www.steptools.com/stds/smrl/data/modules/shape_property_assignment/sys/4_info_reqs.htm#shape_property_assignment_arm.assigned_shape_property
通用 / 跨行业,反正切函数,Atan_function,elementary_function,ap242,0,https://www.steptools.com/stds/smrl/data/modules/elementary_function/sys/4_info_reqs.htm#elementary_function_arm.atan_function
通用 / 跨行业,轴1放置,Axis1_placement,elemental_geometric_shape,ap242,0,https://www.steptools.com/stds/smrl/data/modules/elemental_geometric_shape/sys/4_info_reqs.htm#elemental_geometric_shape_arm.axis1_placement
通用 / 跨行业,轴放置,Axis_placement,elemental_geometric_shape,ap242,26,https://www.steptools.com/stds/smrl/data/modules/elemental_geometric_shape/sys/4_info_reqs.htm#elemental_geometric_shape_arm.axis_placement
通用 / 跨行业,轴放置二维,Axis_placement_2d,elemental_geometric_shape,ap242,2,https://www.steptools.com/stds/smrl/data/modules/elemental_geometric_shape/sys/4_info_reqs.htm#elemental_geometric_shape_arm.axis_placement_2d
通用 / 跨行业,三维轴系布置,Axis_placement_3d,elemental_geometric_shape,ap242,27,https://www.steptools.com/stds/smrl/data/modules/elemental_geometric_shape/sys/4_info_reqs.htm#elemental_geometric_shape_arm.axis_placement_3d
通用 / 跨行业,轴放置映射,Axis_placement_mapping,contextual_shape_positioning,ap242,0,https://www.steptools.com/stds/smrl/data/modules/contextual_shape_positioning/sys/4_info_reqs.htm#contextual_shape_positioning_arm.axis_placement_mapping
通用 / 跨行业,二进制布尔表达式,Binary_boolean_expression,numeric_expression,ap242,1,https://www.steptools.com/stds/smrl/data/modules/numeric_expression/sys/4_info_reqs.htm#numeric_expression_arm.binary_boolean_expression
通用 / 跨行业,二元函数调用,Binary_function_call,elementary_function,ap242,0,https://www.steptools.com/stds/smrl/data/modules/elementary_function/sys/4_info_reqs.htm#elementary_function_arm.binary_function_call
通用 / 跨行业,二元通用表达式,Binary_generic_expression,generic_expression,ap242,0,https://www.steptools.com/stds/smrl/data/modules/generic_expression/sys/4_info_reqs.htm#generic_expression_arm.binary_generic_expression
通用 / 跨行业,二元数值表达式,Binary_numeric_expression,numeric_expression,ap242,1,https://www.steptools.com/stds/smrl/data/modules/numeric_expression/sys/4_info_reqs.htm#numeric_expression_arm.binary_numeric_expression
通用 / 跨行业,布尔定义函数,Boolean_defined_function,numeric_expression,ap242,0,https://www.steptools.com/stds/smrl/data/modules/numeric_expression/sys/4_info_reqs.htm#numeric_expression_arm.boolean_defined_function
通用 / 跨行业,布尔表达式,Boolean_expression,numeric_expression,ap242,2,https://www.steptools.com/stds/smrl/data/modules/numeric_expression/sys/4_info_reqs.htm#numeric_expression_arm.boolean_expression
通用 / 跨行业,布尔字面量,Boolean_literal,numeric_expression,ap242,0,https://www.steptools.com/stds/smrl/data/modules/numeric_expression/sys/4_info_reqs.htm#numeric_expression_arm.boolean_literal
通用 / 跨行业,布尔表示项,Boolean_representation_item,basic_data_representation,ap242,0,https://www.steptools.com/stds/smrl/data/modules/basic_data_representation/sys/4_info_reqs.htm#basic_data_representation_arm.boolean_representation_item
通用 / 跨行业,布尔变量,Boolean_variable,numeric_expression,ap242,1,https://www.steptools.com/stds/smrl/data/modules/numeric_expression/sys/4_info_reqs.htm#numeric_expression_arm.boolean_variable
通用 / 跨行业,日历日期,Calendar_date,date_time,ap242,3,https://www.steptools.com/stds/smrl/data/modules/date_time/sys/4_info_reqs.htm#date_time_arm.calendar_date
通用 / 跨行业,相机模型D3,Camera_model_d3,camera_view_3d,ap242,1,https://www.steptools.com/stds/smrl/data/modules/camera_view_3d/sys/4_info_reqs.htm#camera_view_3d_arm.camera_model_d3
通用 / 跨行业,笛卡儿点,Cartesian_point,elemental_geometric_shape,ap242,21,https://www.steptools.com/stds/smrl/data/modules/elemental_geometric_shape/sys/4_info_reqs.htm#elemental_geometric_shape_arm.cartesian_point
通用 / 跨行业,笛卡儿变换二维,Cartesian_transformation_2d,elemental_geometric_shape,ap242,1,https://www.steptools.com/stds/smrl/data/modules/elemental_geometric_shape/sys/4_info_reqs.htm#elemental_geometric_shape_arm.cartesian_transformation_2d
通用 / 跨行业,笛卡儿变换三维,Cartesian_transformation_3d,elemental_geometric_shape,ap242,1,https://www.steptools.com/stds/smrl/data/modules/elemental_geometric_shape/sys/4_info_reqs.htm#elemental_geometric_shape_arm.cartesian_transformation_3d
通用 / 跨行业,中心轴,Centre_axis,derived_shape_element,ap242,0,https://www.steptools.com/stds/smrl/data/modules/derived_shape_element/sys/4_info_reqs.htm#derived_shape_element_arm.centre_axis
通用 / 跨行业,中心的对称度,Centre_of_symmetry,derived_shape_element,ap242,0,https://www.steptools.com/stds/smrl/data/modules/derived_shape_element/sys/4_info_reqs.htm#derived_shape_element_arm.centre_of_symmetry
通用 / 跨行业,中心平面,Centre_plane,derived_shape_element,ap242,0,https://www.steptools.com/stds/smrl/data/modules/derived_shape_element/sys/4_info_reqs.htm#derived_shape_element_arm.centre_plane
通用 / 跨行业,中心点,Centre_point,derived_shape_element,ap242,0,https://www.steptools.com/stds/smrl/data/modules/derived_shape_element/sys/4_info_reqs.htm#derived_shape_element_arm.centre_point
通用 / 跨行业,认证,Certification,certification,ap242,5,https://www.steptools.com/stds/smrl/data/modules/certification/sys/4_info_reqs.htm#certification_arm.certification
通用 / 跨行业,认证赋值,Certification_assignment,certification,ap242,2,https://www.steptools.com/stds/smrl/data/modules/certification/sys/4_info_reqs.htm#certification_arm.certification_assignment
通用 / 跨行业,特征数据列头,Characteristic_data_column_header,characteristic,ap242,0,https://www.steptools.com/stds/smrl/data/modules/characteristic/sys/4_info_reqs.htm#characteristic_arm.characteristic_data_column_header
通用 / 跨行业,特征数据表,Characteristic_data_table,characteristic,ap242,0,https://www.steptools.com/stds/smrl/data/modules/characteristic/sys/4_info_reqs.htm#characteristic_arm.characteristic_data_table
通用 / 跨行业,特征数据表头,Characteristic_data_table_header,characteristic,ap242,0,https://www.steptools.com/stds/smrl/data/modules/characteristic/sys/4_info_reqs.htm#characteristic_arm.characteristic_data_table_header
通用 / 跨行业,特征数据表头分解,Characteristic_data_table_header_decomposition,characteristic,ap242,2,https://www.steptools.com/stds/smrl/data/modules/characteristic/sys/4_info_reqs.htm#characteristic_arm.characteristic_data_table_header_decomposition
通用 / 跨行业,特征数据表头用法,Characteristic_data_table_header_usage,characteristic,ap242,1,https://www.steptools.com/stds/smrl/data/modules/characteristic/sys/4_info_reqs.htm#characteristic_arm.characteristic_data_table_header_usage
通用 / 跨行业,特征数据表表示,Characteristic_data_table_representation,characteristic,ap242,0,https://www.steptools.com/stds/smrl/data/modules/characteristic/sys/4_info_reqs.htm#characteristic_arm.characteristic_data_table_representation
通用 / 跨行业,特征数据表行,Characteristic_data_table_row,characteristic,ap242,0,https://www.steptools.com/stds/smrl/data/modules/characteristic/sys/4_info_reqs.htm#characteristic_arm.characteristic_data_table_row
通用 / 跨行业,可特征化对象,Characterizable_object,characterizable_object,ap242,8,https://www.steptools.com/stds/smrl/data/modules/characterizable_object/sys/4_info_reqs.htm#characterizable_object_arm.characterizable_object
通用 / 跨行业,特征化链基于项之内表示,Characterized_chain_based_item_within_representation,characterized_representation,ap242,0,https://www.steptools.com/stds/smrl/data/modules/characterized_representation/sys/4_info_reqs.htm#characterized_representation_arm.characterized_chain_based_item_within_representation
通用 / 跨行业,特征化项之内表示,Characterized_item_within_representation,characterized_representation,ap242,1,https://www.steptools.com/stds/smrl/data/modules/characterized_representation/sys/4_info_reqs.htm#characterized_representation_arm.characterized_item_within_representation
通用 / 跨行业,特征化表示,Characterized_representation,characterized_representation,ap242,2,https://www.steptools.com/stds/smrl/data/modules/characterized_representation/sys/4_info_reqs.htm#characterized_representation_arm.characterized_representation
通用 / 跨行业,圆,Circle,basic_geometry,ap242,0,https://www.steptools.com/stds/smrl/data/modules/basic_geometry/sys/4_info_reqs.htm#basic_geometry_arm.circle
通用 / 跨行业,类,Class,class,ap242,1,https://www.steptools.com/stds/smrl/data/modules/class/sys/4_info_reqs.htm#class_arm.class
通用 / 跨行业,类按扩展,Class_by_extension,class,ap242,0,https://www.steptools.com/stds/smrl/data/modules/class/sys/4_info_reqs.htm#class_arm.class_by_extension
通用 / 跨行业,类按内涵,Class_by_intension,class,ap242,0,https://www.steptools.com/stds/smrl/data/modules/class/sys/4_info_reqs.htm#class_arm.class_by_intension
通用 / 跨行业,类类别关联,Class_category_association,product_class,ap242,0,https://www.steptools.com/stds/smrl/data/modules/product_class/sys/4_info_reqs.htm#product_class_arm.class_category_association
通用 / 跨行业,类条件关联,Class_condition_association,product_class,ap242,0,https://www.steptools.com/stds/smrl/data/modules/product_class/sys/4_info_reqs.htm#product_class_arm.class_condition_association
通用 / 跨行业,类包含关联,Class_inclusion_association,product_class,ap242,0,https://www.steptools.com/stds/smrl/data/modules/product_class/sys/4_info_reqs.htm#product_class_arm.class_inclusion_association
通用 / 跨行业,类规范关联,Class_specification_association,product_class,ap242,0,https://www.steptools.com/stds/smrl/data/modules/product_class/sys/4_info_reqs.htm#product_class_arm.class_specification_association
通用 / 跨行业,分类赋值,Classification_assignment,classification_assignment,ap242,1,https://www.steptools.com/stds/smrl/data/modules/classification_assignment/sys/4_info_reqs.htm#classification_assignment_arm.classification_assignment
通用 / 跨行业,分类赋值关系,Classification_assignment_relationship,classification_assignment,ap242,0,https://www.steptools.com/stds/smrl/data/modules/classification_assignment/sys/4_info_reqs.htm#classification_assignment_arm.classification_assignment_relationship
通用 / 跨行业,裁剪运算符,Clipping_operator,camera_view_3d,ap242,1,https://www.steptools.com/stds/smrl/data/modules/camera_view_3d/sys/4_info_reqs.htm#camera_view_3d_arm.clipping_operator
通用 / 跨行业,收集项关联,Collected_item_association,part_collection,ap242,1,https://www.steptools.com/stds/smrl/data/modules/part_collection/sys/4_info_reqs.htm#part_collection_arm.collected_item_association
通用 / 跨行业,集合定义,Collection_definition,part_collection,ap242,0,https://www.steptools.com/stds/smrl/data/modules/part_collection/sys/4_info_reqs.htm#part_collection_arm.collection_definition
通用 / 跨行业,颜色,Colour,colour,ap242,3,https://www.steptools.com/stds/smrl/data/modules/colour/sys/4_info_reqs.htm#colour_arm.colour
通用 / 跨行业,比较相等,Comparison_equal,numeric_expression,ap242,0,https://www.steptools.com/stds/smrl/data/modules/numeric_expression/sys/4_info_reqs.htm#numeric_expression_arm.comparison_equal
通用 / 跨行业,比较表达式,Comparison_expression,numeric_expression,ap242,1,https://www.steptools.com/stds/smrl/data/modules/numeric_expression/sys/4_info_reqs.htm#numeric_expression_arm.comparison_expression
通用 / 跨行业,比较大于,Comparison_greater,numeric_expression,ap242,0,https://www.steptools.com/stds/smrl/data/modules/numeric_expression/sys/4_info_reqs.htm#numeric_expression_arm.comparison_greater
通用 / 跨行业,比较大于相等,Comparison_greater_equal,numeric_expression,ap242,0,https://www.steptools.com/stds/smrl/data/modules/numeric_expression/sys/4_info_reqs.htm#numeric_expression_arm.comparison_greater_equal
通用 / 跨行业,比较小于,Comparison_less,numeric_expression,ap242,0,https://www.steptools.com/stds/smrl/data/modules/numeric_expression/sys/4_info_reqs.htm#numeric_expression_arm.comparison_less
通用 / 跨行业,比较小于相等,Comparison_less_equal,numeric_expression,ap242,0,https://www.steptools.com/stds/smrl/data/modules/numeric_expression/sys/4_info_reqs.htm#numeric_expression_arm.comparison_less_equal
通用 / 跨行业,比较非相等,Comparison_not_equal,numeric_expression,ap242,0,https://www.steptools.com/stds/smrl/data/modules/numeric_expression/sys/4_info_reqs.htm#numeric_expression_arm.comparison_not_equal
通用 / 跨行业,复合节点关系,Complex_node_relationship,specification_control,ap242,0,https://www.steptools.com/stds/smrl/data/modules/specification_control/sys/4_info_reqs.htm#specification_control_arm.complex_node_relationship
通用 / 跨行业,复合表示项,Compound_representation_item,basic_data_representation,ap242,0,https://www.steptools.com/stds/smrl/data/modules/basic_data_representation/sys/4_info_reqs.htm#basic_data_representation_arm.compound_representation_item
通用 / 跨行业,复合形状表示,Compound_shape_representation,compound_shape_representation,ap242,0,https://www.steptools.com/stds/smrl/data/modules/compound_shape_representation/sys/4_info_reqs.htm#compound_shape_representation_arm.compound_shape_representation
通用 / 跨行业,连接表达式,Concat_expression,expression,ap242,1,https://www.steptools.com/stds/smrl/data/modules/expression/sys/4_info_reqs.htm#expression_arm.concat_expression
通用 / 跨行业,二次曲线,Conic,basic_geometry,ap242,0,https://www.steptools.com/stds/smrl/data/modules/basic_geometry/sys/4_info_reqs.htm#basic_geometry_arm.conic
通用 / 跨行业,连接边集合,Connected_edge_set,elemental_topology,ap242,1,https://www.steptools.com/stds/smrl/data/modules/elemental_topology/sys/4_info_reqs.htm#elemental_topology_arm.connected_edge_set
通用 / 跨行业,连接边子集合,Connected_edge_sub_set,elemental_topology,ap242,0,https://www.steptools.com/stds/smrl/data/modules/elemental_topology/sys/4_info_reqs.htm#elemental_topology_arm.connected_edge_sub_set
通用 / 跨行业,构造几何,Constructive_geometry,construction_geometry,ap242,3,https://www.steptools.com/stds/smrl/data/modules/construction_geometry/sys/4_info_reqs.htm#construction_geometry_arm.constructive_geometry
通用 / 跨行业,构造几何关联,Constructive_geometry_association,construction_geometry,ap242,0,https://www.steptools.com/stds/smrl/data/modules/construction_geometry/sys/4_info_reqs.htm#construction_geometry_arm.constructive_geometry_association
通用 / 跨行业,上下文相关外观赋值,Context_dependent_appearance_assignment,appearance_assignment,ap242,0,https://www.steptools.com/stds/smrl/data/modules/appearance_assignment/sys/4_info_reqs.htm#appearance_assignment_arm.context_dependent_appearance_assignment
通用 / 跨行业,上下文相关覆盖啮合带样式元素,Context_dependent_over_riding_styled_element,appearance_assignment,ap242,0,https://www.steptools.com/stds/smrl/data/modules/appearance_assignment/sys/4_info_reqs.htm#appearance_assignment_arm.context_dependent_over_riding_styled_element
通用 / 跨行业,上下文形状表示,Contextual_shape_representation,contextual_shape_positioning,ap242,0,https://www.steptools.com/stds/smrl/data/modules/contextual_shape_positioning/sys/4_info_reqs.htm#contextual_shape_positioning_arm.contextual_shape_representation
通用 / 跨行业,合同,Contract,contract,ap242,8,https://www.steptools.com/stds/smrl/data/modules/contract/sys/4_info_reqs.htm#contract_arm.contract
通用 / 跨行业,合同赋值,Contract_assignment,contract,ap242,1,https://www.steptools.com/stds/smrl/data/modules/contract/sys/4_info_reqs.htm#contract_arm.contract_assignment
通用 / 跨行业,合同关系,Contract_relationship,contract,ap242,0,https://www.steptools.com/stds/smrl/data/modules/contract/sys/4_info_reqs.htm#contract_arm.contract_relationship
通用 / 跨行业,相关属性,Correlated_property,characteristic,ap242,0,https://www.steptools.com/stds/smrl/data/modules/characteristic/sys/4_info_reqs.htm#characteristic_arm.correlated_property
通用 / 跨行业,余弦函数,Cos_function,elementary_function,ap242,0,https://www.steptools.com/stds/smrl/data/modules/elementary_function/sys/4_info_reqs.htm#elementary_function_arm.cos_function
通用 / 跨行业,圆柱点,Cylindrical_point,basic_geometry,ap242,0,https://www.steptools.com/stds/smrl/data/modules/basic_geometry/sys/4_info_reqs.htm#basic_geometry_arm.cylindrical_point
通用 / 跨行业,数据环境,Data_environment,generic_material_aspects,ap242,0,https://www.steptools.com/stds/smrl/data/modules/generic_material_aspects/sys/4_info_reqs.htm#generic_material_aspects_arm.data_environment
通用 / 跨行业,日期,Date,extended_date,ap242,1,https://www.steptools.com/stds/smrl/data/modules/extended_date/sys/4_info_reqs.htm#extended_date_arm.date
通用 / 跨行业,日期或日期时间赋值,Date_or_date_time_assignment,date_time_assignment,ap242,9,https://www.steptools.com/stds/smrl/data/modules/date_time_assignment/sys/4_info_reqs.htm#date_time_assignment_arm.date_or_date_time_assignment
通用 / 跨行业,日期时间,Date_time,date_time,ap242,6,https://www.steptools.com/stds/smrl/data/modules/date_time/sys/4_info_reqs.htm#date_time_arm.date_time
通用 / 跨行业,日期时间表示项,Date_time_representation_item,basic_data_representation,ap242,0,https://www.steptools.com/stds/smrl/data/modules/basic_data_representation/sys/4_info_reqs.htm#basic_data_representation_arm.date_time_representation_item
通用 / 跨行业,注明日期有效性,Dated_effectivity,effectivity,ap242,0,https://www.steptools.com/stds/smrl/data/modules/effectivity/sys/4_info_reqs.htm#effectivity_arm.dated_effectivity
通用 / 跨行业,默认模型几何视图,Default_model_geometric_view,mechanical_design_presentation_representation_with_draughting,ap242,1,https://www.steptools.com/stds/smrl/data/modules/mechanical_design_presentation_representation_with_draughting/sys/4_info_reqs.htm#mechanical_design_presentation_representation_with_draughting_arm.default_model_geometric_view
通用 / 跨行业,默认形状属性,Default_shape_property,default_setting_association,ap242,0,https://www.steptools.com/stds/smrl/data/modules/default_setting_association/sys/4_info_reqs.htm#default_setting_association_arm.default_shape_property
通用 / 跨行业,默认厚度,Default_thickness,default_setting_association,ap242,0,https://www.steptools.com/stds/smrl/data/modules/default_setting_association/sys/4_info_reqs.htm#default_setting_association_arm.default_thickness
通用 / 跨行业,定义字符字形,Defined_character_glyph,text_appearance,ap242,3,https://www.steptools.com/stds/smrl/data/modules/text_appearance/sys/4_info_reqs.htm#text_appearance_arm.defined_character_glyph
通用 / 跨行业,定义函数,Defined_function,numeric_expression,ap242,0,https://www.steptools.com/stds/smrl/data/modules/numeric_expression/sys/4_info_reqs.htm#numeric_expression_arm.defined_function
通用 / 跨行业,定义基于产品实例,Definition_based_product_occurrence,product_occurrence,ap242,0,https://www.steptools.com/stds/smrl/data/modules/product_occurrence/sys/4_info_reqs.htm#product_occurrence_arm.definition_based_product_occurrence
通用 / 跨行业,定义性零件视图用法,Definitional_part_view_usage,part_definition_relationship,ap242,0,https://www.steptools.com/stds/smrl/data/modules/part_definition_relationship/sys/4_info_reqs.htm#part_definition_relationship_arm.definitional_part_view_usage
通用 / 跨行业,定义性表示,Definitional_representation,parametric_representation,ap242,1,https://www.steptools.com/stds/smrl/data/modules/parametric_representation/sys/4_info_reqs.htm#parametric_representation_arm.definitional_representation
通用 / 跨行业,定义性表示关系,Definitional_representation_relationship,geometric_model_relationship,ap242,0,https://www.steptools.com/stds/smrl/data/modules/geometric_model_relationship/sys/4_info_reqs.htm#geometric_model_relationship_arm.definitional_representation_relationship
通用 / 跨行业,派生形状元素,Derived_shape_element,derived_shape_element,ap242,0,https://www.steptools.com/stds/smrl/data/modules/derived_shape_element/sys/4_info_reqs.htm#derived_shape_element_arm.derived_shape_element
通用 / 跨行业,描述文档属性,Descriptive_document_property,document_properties,ap242,1,https://www.steptools.com/stds/smrl/data/modules/document_properties/sys/4_info_reqs.htm#document_properties_arm.descriptive_document_property
通用 / 跨行业,设计约束关联,Design_constraint_association,specification_control,ap242,0,https://www.steptools.com/stds/smrl/data/modules/specification_control/sys/4_info_reqs.htm#specification_control_arm.design_constraint_association
通用 / 跨行业,设计约束上下文关联,Design_constraint_context_association,specification_control,ap242,0,https://www.steptools.com/stds/smrl/data/modules/specification_control/sys/4_info_reqs.htm#specification_control_arm.design_constraint_context_association
通用 / 跨行业,设计约束定义,Design_constraint_definition,specification_control,ap242,2,https://www.steptools.com/stds/smrl/data/modules/specification_control/sys/4_info_reqs.htm#specification_control_arm.design_constraint_definition
通用 / 跨行业,设计规范,Design_specification,specification_document,ap242,0,https://www.steptools.com/stds/smrl/data/modules/specification_document/sys/4_info_reqs.htm#specification_document_arm.design_specification
通用 / 跨行业,详细几何模型元素,Detailed_geometric_model_element,elemental_geometric_shape,ap242,5,https://www.steptools.com/stds/smrl/data/modules/elemental_geometric_shape/sys/4_info_reqs.htm#elemental_geometric_shape_arm.detailed_geometric_model_element
通用 / 跨行业,详细几何模型元素关系,Detailed_geometric_model_element_relationship,extended_basic_geometry,ap242,0,https://www.steptools.com/stds/smrl/data/modules/extended_basic_geometry/sys/4_info_reqs.htm#extended_basic_geometry_arm.detailed_geometric_model_element_relationship
通用 / 跨行业,详细拓扑模型元素,Detailed_topological_model_element,elemental_topology,ap242,3,https://www.steptools.com/stds/smrl/data/modules/elemental_topology/sys/4_info_reqs.htm#elemental_topology_arm.detailed_topological_model_element
通用 / 跨行业,数字文档定义,Digital_document_definition,document_definition,ap242,7,https://www.steptools.com/stds/smrl/data/modules/document_definition/sys/4_info_reqs.htm#document_definition_arm.digital_document_definition
通用 / 跨行业,数字文件,Digital_file,file_identification,ap242,8,https://www.steptools.com/stds/smrl/data/modules/file_identification/sys/4_info_reqs.htm#file_identification_arm.digital_file
通用 / 跨行业,方向,Direction,elemental_geometric_shape,ap242,38,https://www.steptools.com/stds/smrl/data/modules/elemental_geometric_shape/sys/4_info_reqs.htm#elemental_geometric_shape_arm.direction
通用 / 跨行业,整除表达式,Div_expression,numeric_expression,ap242,0,https://www.steptools.com/stds/smrl/data/modules/numeric_expression/sys/4_info_reqs.htm#numeric_expression_arm.div_expression
通用 / 跨行业,文档,Document,document_and_version_identification,ap242,6,https://www.steptools.com/stds/smrl/data/modules/document_and_version_identification/sys/4_info_reqs.htm#document_and_version_identification_arm.document
通用 / 跨行业,文档赋值,Document_assignment,document_assignment,ap242,3,https://www.steptools.com/stds/smrl/data/modules/document_assignment/sys/4_info_reqs.htm#document_assignment_arm.document_assignment
通用 / 跨行业,文档定义,Document_definition,document_definition,ap242,7,https://www.steptools.com/stds/smrl/data/modules/document_definition/sys/4_info_reqs.htm#document_definition_arm.document_definition
通用 / 跨行业,文档定义关系,Document_definition_relationship,document_structure,ap242,4,https://www.steptools.com/stds/smrl/data/modules/document_structure/sys/4_info_reqs.htm#document_structure_arm.document_definition_relationship
通用 / 跨行业,文档位置标识,Document_location_identification,document_definition,ap242,0,https://www.steptools.com/stds/smrl/data/modules/document_definition/sys/4_info_reqs.htm#document_definition_arm.document_location_identification
通用 / 跨行业,文档属性表示,Document_property_representation,document_properties,ap242,2,https://www.steptools.com/stds/smrl/data/modules/document_properties/sys/4_info_reqs.htm#document_properties_arm.document_property_representation
通用 / 跨行业,文档类型,Document_type,file_identification,ap242,3,https://www.steptools.com/stds/smrl/data/modules/file_identification/sys/4_info_reqs.htm#file_identification_arm.document_type
通用 / 跨行业,文档版本,Document_version,document_and_version_identification,ap242,9,https://www.steptools.com/stds/smrl/data/modules/document_and_version_identification/sys/4_info_reqs.htm#document_and_version_identification_arm.document_version
通用 / 跨行业,文档带附加类别,Document_with_additional_categories,design_product_data_management,ap242,0,https://www.steptools.com/stds/smrl/data/modules/design_product_data_management/sys/4_info_reqs.htm#design_product_data_management_arm.document_with_additional_categories
通用 / 跨行业,制图注记,Draughting_callout,draughting_element,ap242,5,https://www.steptools.com/stds/smrl/data/modules/draughting_element/sys/4_info_reqs.htm#draughting_element_arm.draughting_callout
通用 / 跨行业,制图元素,Draughting_element,draughting_element_specialisations,ap242,0,https://www.steptools.com/stds/smrl/data/modules/draughting_element_specialisations/sys/4_info_reqs.htm#draughting_element_specialisations_arm.draughting_element
通用 / 跨行业,制图模型,Draughting_model,associative_draughting_elements,ap242,2,https://www.steptools.com/stds/smrl/data/modules/associative_draughting_elements/sys/4_info_reqs.htm#associative_draughting_elements_arm.draughting_model
通用 / 跨行业,制图模型项关联,Draughting_model_item_association,associative_draughting_elements,ap242,0,https://www.steptools.com/stds/smrl/data/modules/associative_draughting_elements/sys/4_info_reqs.htm#associative_draughting_elements_arm.draughting_model_item_association
通用 / 跨行业,制图预定义文本字体,Draughting_pre_defined_text_font,text_appearance,ap242,0,https://www.steptools.com/stds/smrl/data/modules/text_appearance/sys/4_info_reqs.htm#text_appearance_arm.draughting_pre_defined_text_font
通用 / 跨行业,边,Edge,elemental_topology,ap242,1,https://www.steptools.com/stds/smrl/data/modules/elemental_topology/sys/4_info_reqs.htm#elemental_topology_arm.edge
通用 / 跨行业,边基于线框形状表示,Edge_based_wireframe_shape_representation,edge_based_wireframe,ap242,1,https://www.steptools.com/stds/smrl/data/modules/edge_based_wireframe/sys/4_info_reqs.htm#edge_based_wireframe_arm.edge_based_wireframe_shape_representation
通用 / 跨行业,边环,Edge_loop,elemental_topology,ap242,1,https://www.steptools.com/stds/smrl/data/modules/elemental_topology/sys/4_info_reqs.htm#elemental_topology_arm.edge_loop
通用 / 跨行业,有效性,Effectivity,effectivity,ap242,3,https://www.steptools.com/stds/smrl/data/modules/effectivity/sys/4_info_reqs.htm#effectivity_arm.effectivity
通用 / 跨行业,有效性赋值,Effectivity_assignment,effectivity_application,ap242,1,https://www.steptools.com/stds/smrl/data/modules/effectivity_application/sys/4_info_reqs.htm#effectivity_application_arm.effectivity_assignment
通用 / 跨行业,有效性关系,Effectivity_relationship,effectivity,ap242,0,https://www.steptools.com/stds/smrl/data/modules/effectivity/sys/4_info_reqs.htm#effectivity_arm.effectivity_relationship
通用 / 跨行业,椭圆,Ellipse,basic_geometry,ap242,0,https://www.steptools.com/stds/smrl/data/modules/basic_geometry/sys/4_info_reqs.htm#basic_geometry_arm.ellipse
通用 / 跨行业,环境,Environment,generic_expression,ap242,0,https://www.steptools.com/stds/smrl/data/modules/generic_expression/sys/4_info_reqs.htm#generic_expression_arm.environment
通用 / 跨行业,等于表达式,Equals_expression,numeric_expression,ap242,0,https://www.steptools.com/stds/smrl/data/modules/numeric_expression/sys/4_info_reqs.htm#numeric_expression_arm.equals_expression
通用 / 跨行业,事件,Event,event,ap242,3,https://www.steptools.com/stds/smrl/data/modules/event/sys/4_info_reqs.htm#event_arm.event
通用 / 跨行业,事件赋值,Event_assignment,event_assignment,ap242,2,https://www.steptools.com/stds/smrl/data/modules/event_assignment/sys/4_info_reqs.htm#event_assignment_arm.event_assignment
通用 / 跨行业,事件关系,Event_relationship,event,ap242,1,https://www.steptools.com/stds/smrl/data/modules/event/sys/4_info_reqs.htm#event_arm.event_relationship
通用 / 跨行业,指数函数,Exp_function,elementary_function,ap242,0,https://www.steptools.com/stds/smrl/data/modules/elementary_function/sys/4_info_reqs.htm#elementary_function_arm.exp_function
通用 / 跨行业,展开不确定度,Expanded_uncertainty,qualified_measure,ap242,0,https://www.steptools.com/stds/smrl/data/modules/qualified_measure/sys/4_info_reqs.htm#qualified_measure_arm.expanded_uncertainty
通用 / 跨行业,表达式,Expression,numeric_expression,ap242,0,https://www.steptools.com/stds/smrl/data/modules/numeric_expression/sys/4_info_reqs.htm#numeric_expression_arm.expression
通用 / 跨行业,扩展,Extension,derived_shape_element,ap242,0,https://www.steptools.com/stds/smrl/data/modules/derived_shape_element/sys/4_info_reqs.htm#derived_shape_element_arm.extension
通用 / 跨行业,外部类,External_class,external_class,ap242,1,https://www.steptools.com/stds/smrl/data/modules/external_class/sys/4_info_reqs.htm#external_class_arm.external_class
通用 / 跨行业,外部类库,External_class_library,external_class,ap242,2,https://www.steptools.com/stds/smrl/data/modules/external_class/sys/4_info_reqs.htm#external_class_arm.external_class_library
通用 / 跨行业,外部几何模型,External_geometric_model,external_model,ap242,1,https://www.steptools.com/stds/smrl/data/modules/external_model/sys/4_info_reqs.htm#external_model_arm.external_geometric_model
通用 / 跨行业,外部项标识,External_item_identification,external_item_identification_assignment,ap242,5,https://www.steptools.com/stds/smrl/data/modules/external_item_identification_assignment/sys/4_info_reqs.htm#external_item_identification_assignment_arm.external_item_identification
通用 / 跨行业,外部项标识关系,External_item_identification_relationship,external_item_identification_assignment,ap242,0,https://www.steptools.com/stds/smrl/data/modules/external_item_identification_assignment/sys/4_info_reqs.htm#external_item_identification_assignment_arm.external_item_identification_relationship
通用 / 跨行业,外部库属性,External_library_property,external_properties,ap242,0,https://www.steptools.com/stds/smrl/data/modules/external_properties/sys/4_info_reqs.htm#external_properties_arm.external_library_property
通用 / 跨行业,外部表示项,External_representation_item,external_representation_item,ap242,0,https://www.steptools.com/stds/smrl/data/modules/external_representation_item/sys/4_info_reqs.htm#external_representation_item_arm.external_representation_item
通用 / 跨行业,外部源,External_source,external_source,ap242,4,https://www.steptools.com/stds/smrl/data/modules/external_source/sys/4_info_reqs.htm#external_source_arm.external_source
通用 / 跨行业,外部源标识,External_source_identification,external_item_identification_assignment,ap242,13,https://www.steptools.com/stds/smrl/data/modules/external_item_identification_assignment/sys/4_info_reqs.htm#external_item_identification_assignment_arm.external_source_identification
通用 / 跨行业,外部字符串表示项,External_string_representation_item,external_representation_item,ap242,0,https://www.steptools.com/stds/smrl/data/modules/external_representation_item/sys/4_info_reqs.htm#external_representation_item_arm.external_string_representation_item
通用 / 跨行业,外部定义活动关系,Externally_defined_activity_relationship,pre_defined_product_data_management_specializations,ap242,1,https://www.steptools.com/stds/smrl/data/modules/pre_defined_product_data_management_specializations/sys/4_info_reqs.htm#pre_defined_product_data_management_specializations_arm.externally_defined_activity_relationship
通用 / 跨行业,外部定义地址赋值,Externally_defined_address_assignment,pre_defined_product_data_management_specializations,ap242,1,https://www.steptools.com/stds/smrl/data/modules/pre_defined_product_data_management_specializations/sys/4_info_reqs.htm#pre_defined_product_data_management_specializations_arm.externally_defined_address_assignment
通用 / 跨行业,外部定义批准,Externally_defined_approval,pre_defined_product_data_management_specializations,ap242,1,https://www.steptools.com/stds/smrl/data/modules/pre_defined_product_data_management_specializations/sys/4_info_reqs.htm#pre_defined_product_data_management_specializations_arm.externally_defined_approval
通用 / 跨行业,外部定义批准状态,Externally_defined_approval_status,pre_defined_product_data_management_specializations,ap242,1,https://www.steptools.com/stds/smrl/data/modules/pre_defined_product_data_management_specializations/sys/4_info_reqs.htm#pre_defined_product_data_management_specializations_arm.externally_defined_approval_status
通用 / 跨行业,外部定义颜色,Externally_defined_colour,colour,ap242,0,https://www.steptools.com/stds/smrl/data/modules/colour/sys/4_info_reqs.htm#colour_arm.externally_defined_colour
通用 / 跨行业,外部定义日期或日期时间赋值,Externally_defined_date_or_date_time_assignment,pre_defined_product_data_management_specializations,ap242,1,https://www.steptools.com/stds/smrl/data/modules/pre_defined_product_data_management_specializations/sys/4_info_reqs.htm#pre_defined_product_data_management_specializations_arm.externally_defined_date_or_date_time_assignment
通用 / 跨行业,外部定义组织或人员在组织赋值,Externally_defined_organization_or_person_in_organization_assignment,pre_defined_product_data_management_specializations,ap242,1,https://www.steptools.com/stds/smrl/data/modules/pre_defined_product_data_management_specializations/sys/4_info_reqs.htm#pre_defined_product_data_management_specializations_arm.externally_defined_organization_or_person_in_organization_assignment
通用 / 跨行业,外部定义表示,Externally_defined_representation,external_representation_item,ap242,1,https://www.steptools.com/stds/smrl/data/modules/external_representation_item/sys/4_info_reqs.htm#external_representation_item_arm.externally_defined_representation
通用 / 跨行业,外部定义安全分类,Externally_defined_security_classification,pre_defined_product_data_management_specializations,ap242,1,https://www.steptools.com/stds/smrl/data/modules/pre_defined_product_data_management_specializations/sys/4_info_reqs.htm#pre_defined_product_data_management_specializations_arm.externally_defined_security_classification
通用 / 跨行业,外部定义文本字体,Externally_defined_text_font,text_appearance,ap242,0,https://www.steptools.com/stds/smrl/data/modules/text_appearance/sys/4_info_reqs.htm#text_appearance_arm.externally_defined_text_font
通用 / 跨行业,外部定义类型限定符,Externally_defined_type_qualifier,characteristic,ap242,0,https://www.steptools.com/stds/smrl/data/modules/characteristic/sys/4_info_reqs.htm#characteristic_arm.externally_defined_type_qualifier
通用 / 跨行业,面,Face,elemental_topology,ap242,1,https://www.steptools.com/stds/smrl/data/modules/elemental_topology/sys/4_info_reqs.htm#elemental_topology_arm.face
通用 / 跨行业,面界,Face_bound,elemental_topology,ap242,0,https://www.steptools.com/stds/smrl/data/modules/elemental_topology/sys/4_info_reqs.htm#elemental_topology_arm.face_bound
通用 / 跨行业,面外界,Face_outer_bound,elemental_topology,ap242,0,https://www.steptools.com/stds/smrl/data/modules/elemental_topology/sys/4_info_reqs.htm#elemental_topology_arm.face_outer_bound
通用 / 跨行业,文件,File,file_identification,ap242,5,https://www.steptools.com/stds/smrl/data/modules/file_identification/sys/4_info_reqs.htm#file_identification_arm.file
通用 / 跨行业,文件位置标识,File_location_identification,file_identification,ap242,0,https://www.steptools.com/stds/smrl/data/modules/file_identification/sys/4_info_reqs.htm#file_identification_arm.file_location_identification
通用 / 跨行业,文件关系,File_relationship,document_structure,ap242,3,https://www.steptools.com/stds/smrl/data/modules/document_structure/sys/4_info_reqs.htm#document_structure_arm.file_relationship
通用 / 跨行业,最终解,Final_solution,alternative_solution,ap242,0,https://www.steptools.com/stds/smrl/data/modules/alternative_solution/sys/4_info_reqs.htm#alternative_solution_arm.final_solution
通用 / 跨行业,格式函数,Format_function,expression,ap242,1,https://www.steptools.com/stds/smrl/data/modules/expression/sys/4_info_reqs.htm#expression_arm.format_function
通用 / 跨行业,函数参数值,Function_parameter_value,numeric_function,ap242,1,https://www.steptools.com/stds/smrl/data/modules/numeric_function/sys/4_info_reqs.htm#numeric_function_arm.function_parameter_value
通用 / 跨行业,通用材料属性,General_material_property,generic_material_aspects,ap242,0,https://www.steptools.com/stds/smrl/data/modules/generic_material_aspects/sys/4_info_reqs.htm#generic_material_aspects_arm.general_material_property
通用 / 跨行业,通用符号,General_symbol,draughting_annotation,ap242,1,https://www.steptools.com/stds/smrl/data/modules/draughting_annotation/sys/4_info_reqs.htm#draughting_annotation_arm.general_symbol
通用 / 跨行业,通用表达式,Generic_expression,generic_expression,ap242,4,https://www.steptools.com/stds/smrl/data/modules/generic_expression/sys/4_info_reqs.htm#generic_expression_arm.generic_expression
通用 / 跨行业,通用字面量,Generic_literal,generic_expression,ap242,0,https://www.steptools.com/stds/smrl/data/modules/generic_expression/sys/4_info_reqs.htm#generic_expression_arm.generic_literal
通用 / 跨行业,通用产品视图定义引用,Generic_product_view_definition_reference,product_view_definition_reference,ap242,3,https://www.steptools.com/stds/smrl/data/modules/product_view_definition_reference/sys/4_info_reqs.htm#product_view_definition_reference_arm.generic_product_view_definition_reference
通用 / 跨行业,通用变量,Generic_variable,generic_expression,ap242,0,https://www.steptools.com/stds/smrl/data/modules/generic_expression/sys/4_info_reqs.htm#generic_expression_arm.generic_variable
通用 / 跨行业,几何对齐,Geometric_alignment,derived_shape_element,ap242,0,https://www.steptools.com/stds/smrl/data/modules/derived_shape_element/sys/4_info_reqs.htm#derived_shape_element_arm.geometric_alignment
通用 / 跨行业,几何组成带运算符变换,Geometric_composition_with_operator_transformation,contextual_shape_positioning,ap242,1,https://www.steptools.com/stds/smrl/data/modules/contextual_shape_positioning/sys/4_info_reqs.htm#contextual_shape_positioning_arm.geometric_composition_with_operator_transformation
通用 / 跨行业,几何组成带放置变换,Geometric_composition_with_placement_transformation,contextual_shape_positioning,ap242,1,https://www.steptools.com/stds/smrl/data/modules/contextual_shape_positioning/sys/4_info_reqs.htm#contextual_shape_positioning_arm.geometric_composition_with_placement_transformation
通用 / 跨行业,几何接触,Geometric_contact,derived_shape_element,ap242,0,https://www.steptools.com/stds/smrl/data/modules/derived_shape_element/sys/4_info_reqs.htm#derived_shape_element_arm.geometric_contact
通用 / 跨行业,几何坐标空间,Geometric_coordinate_space,elemental_geometric_shape,ap242,4,https://www.steptools.com/stds/smrl/data/modules/elemental_geometric_shape/sys/4_info_reqs.htm#elemental_geometric_shape_arm.geometric_coordinate_space
通用 / 跨行业,几何相交,Geometric_intersection,derived_shape_element,ap242,0,https://www.steptools.com/stds/smrl/data/modules/derived_shape_element/sys/4_info_reqs.htm#derived_shape_element_arm.geometric_intersection
通用 / 跨行业,几何模型,Geometric_model,elemental_geometric_shape,ap242,18,https://www.steptools.com/stds/smrl/data/modules/elemental_geometric_shape/sys/4_info_reqs.htm#elemental_geometric_shape_arm.geometric_model
通用 / 跨行业,几何模型元素关系,Geometric_model_element_relationship,extended_basic_geometry,ap242,1,https://www.steptools.com/stds/smrl/data/modules/extended_basic_geometry/sys/4_info_reqs.htm#extended_basic_geometry_arm.geometric_model_element_relationship
通用 / 跨行业,几何模型关系,Geometric_model_relationship,geometric_model_relationship,ap242,4,https://www.steptools.com/stds/smrl/data/modules/geometric_model_relationship/sys/4_info_reqs.htm#geometric_model_relationship_arm.geometric_model_relationship
通用 / 跨行业,几何模型关系带变换,Geometric_model_relationship_with_transformation,contextual_shape_positioning,ap242,2,https://www.steptools.com/stds/smrl/data/modules/contextual_shape_positioning/sys/4_info_reqs.htm#contextual_shape_positioning_arm.geometric_model_relationship_with_transformation
通用 / 跨行业,几何运算符变换,Geometric_operator_transformation,elemental_geometric_shape,ap242,0,https://www.steptools.com/stds/smrl/data/modules/elemental_geometric_shape/sys/4_info_reqs.htm#elemental_geometric_shape_arm.geometric_operator_transformation
通用 / 跨行业,几何放置,Geometric_placement,elemental_geometric_shape,ap242,0,https://www.steptools.com/stds/smrl/data/modules/elemental_geometric_shape/sys/4_info_reqs.htm#elemental_geometric_shape_arm.geometric_placement
通用 / 跨行业,几何放置模型,Geometric_placement_model,contextual_shape_positioning,ap242,0,https://www.steptools.com/stds/smrl/data/modules/contextual_shape_positioning/sys/4_info_reqs.htm#contextual_shape_positioning_arm.geometric_placement_model
通用 / 跨行业,几何关系带运算符变换,Geometric_relationship_with_operator_transformation,contextual_shape_positioning,ap242,0,https://www.steptools.com/stds/smrl/data/modules/contextual_shape_positioning/sys/4_info_reqs.htm#contextual_shape_positioning_arm.geometric_relationship_with_operator_transformation
通用 / 跨行业,几何关系带放置变换,Geometric_relationship_with_placement_transformation,contextual_shape_positioning,ap242,2,https://www.steptools.com/stds/smrl/data/modules/contextual_shape_positioning/sys/4_info_reqs.htm#contextual_shape_positioning_arm.geometric_relationship_with_placement_transformation
通用 / 跨行业,几何验证属性,Geometric_validation_property,geometric_validation_property_representation,ap242,0,https://www.steptools.com/stds/smrl/data/modules/geometric_validation_property_representation/sys/4_info_reqs.htm#geometric_validation_property_representation_arm.geometric_validation_property
通用 / 跨行业,几何关系,Geometrical_relationship,item_definition_structure,ap242,1,https://www.steptools.com/stds/smrl/data/modules/item_definition_structure/sys/4_info_reqs.htm#item_definition_structure_arm.geometrical_relationship
通用 / 跨行业,几何有界线框形状表示,Geometrically_bounded_wireframe_shape_representation,geometrically_bounded_wireframe,ap242,1,https://www.steptools.com/stds/smrl/data/modules/geometrically_bounded_wireframe/sys/4_info_reqs.htm#geometrically_bounded_wireframe_arm.geometrically_bounded_wireframe_shape_representation
通用 / 跨行业,组,Group,group,ap242,8,https://www.steptools.com/stds/smrl/data/modules/group/sys/4_info_reqs.htm#group_arm.group
通用 / 跨行业,组关系,Group_relationship,group,ap242,4,https://www.steptools.com/stds/smrl/data/modules/group/sys/4_info_reqs.htm#group_arm.group_relationship
通用 / 跨行业,硬拷贝,Hardcopy,file_identification,ap242,5,https://www.steptools.com/stds/smrl/data/modules/file_identification/sys/4_info_reqs.htm#file_identification_arm.hardcopy
通用 / 跨行业,双曲线,Hyperbola,basic_geometry,ap242,0,https://www.steptools.com/stds/smrl/data/modules/basic_geometry/sys/4_info_reqs.htm#basic_geometry_arm.hyperbola
通用 / 跨行业,标识赋值,Identification_assignment,identification_assignment,ap242,5,https://www.steptools.com/stds/smrl/data/modules/identification_assignment/sys/4_info_reqs.htm#identification_assignment_arm.identification_assignment
通用 / 跨行业,包含文本块,Included_text_block,tagged_text_representation,ap242,1,https://www.steptools.com/stds/smrl/data/modules/tagged_text_representation/sys/4_info_reqs.htm#tagged_text_representation_arm.included_text_block
通用 / 跨行业,独立属性,Independent_property,independent_property,ap242,7,https://www.steptools.com/stds/smrl/data/modules/independent_property/sys/4_info_reqs.htm#independent_property_arm.independent_property
通用 / 跨行业,独立属性关系,Independent_property_relationship,independent_property,ap242,3,https://www.steptools.com/stds/smrl/data/modules/independent_property/sys/4_info_reqs.htm#independent_property_arm.independent_property_relationship
通用 / 跨行业,独立属性表示,Independent_property_representation,independent_property_representation,ap242,2,https://www.steptools.com/stds/smrl/data/modules/independent_property_representation/sys/4_info_reqs.htm#independent_property_representation_arm.independent_property_representation
通用 / 跨行业,索引表达式,Index_expression,expression,ap242,1,https://www.steptools.com/stds/smrl/data/modules/expression/sys/4_info_reqs.htm#expression_arm.index_expression
通用 / 跨行业,无效性赋值,Ineffectivity_assignment,effectivity_application,ap242,0,https://www.steptools.com/stds/smrl/data/modules/effectivity_application/sys/4_info_reqs.htm#effectivity_application_arm.ineffectivity_assignment
通用 / 跨行业,信息右,Information_right,information_rights,ap242,5,https://www.steptools.com/stds/smrl/data/modules/information_rights/sys/4_info_reqs.htm#information_rights_arm.information_right
通用 / 跨行业,信息用法右,Information_usage_right,information_rights,ap242,9,https://www.steptools.com/stds/smrl/data/modules/information_rights/sys/4_info_reqs.htm#information_rights_arm.information_usage_right
通用 / 跨行业,信息用法右关系,Information_usage_right_relationship,information_rights,ap242,5,https://www.steptools.com/stds/smrl/data/modules/information_rights/sys/4_info_reqs.htm#information_rights_arm.information_usage_right_relationship
通用 / 跨行业,初始零件视图定义上下文,Initial_part_view_definition_context,part_view_definition,ap242,0,https://www.steptools.com/stds/smrl/data/modules/part_view_definition/sys/4_info_reqs.htm#part_view_definition_arm.initial_part_view_definition_context
通用 / 跨行业,初始视图定义上下文,Initial_view_definition_context,product_view_definition,ap242,1,https://www.steptools.com/stds/smrl/data/modules/product_view_definition/sys/4_info_reqs.htm#product_view_definition_arm.initial_view_definition_context
通用 / 跨行业,整数字面量,Int_literal,numeric_expression,ap242,0,https://www.steptools.com/stds/smrl/data/modules/numeric_expression/sys/4_info_reqs.htm#numeric_expression_arm.int_literal
通用 / 跨行业,整数数值变量,Int_numeric_variable,numeric_expression,ap242,0,https://www.steptools.com/stds/smrl/data/modules/numeric_expression/sys/4_info_reqs.htm#numeric_expression_arm.int_numeric_variable
通用 / 跨行业,整数值函数,Int_value_function,numeric_function,ap242,0,https://www.steptools.com/stds/smrl/data/modules/numeric_function/sys/4_info_reqs.htm#numeric_function_arm.int_value_function
通用 / 跨行业,整数定义函数,Integer_defined_function,elementary_function,ap242,0,https://www.steptools.com/stds/smrl/data/modules/elementary_function/sys/4_info_reqs.htm#elementary_function_arm.integer_defined_function
通用 / 跨行业,整数表示项,Integer_representation_item,basic_data_representation,ap242,0,https://www.steptools.com/stds/smrl/data/modules/basic_data_representation/sys/4_info_reqs.htm#basic_data_representation_arm.integer_representation_item
通用 / 跨行业,接口规范文档定义,Interface_specification_document_definition,specification_document,ap242,0,https://www.steptools.com/stds/smrl/data/modules/specification_document/sys/4_info_reqs.htm#specification_document_arm.interface_specification_document_definition
通用 / 跨行业,区间表达式,Interval_expression,numeric_expression,ap242,1,https://www.steptools.com/stds/smrl/data/modules/numeric_expression/sys/4_info_reqs.htm#numeric_expression_arm.interval_expression
通用 / 跨行业,ISO 159264RDL,Iso15926_4_rdl,external_library,ap242,0,https://www.steptools.com/stds/smrl/data/modules/external_library/sys/4_info_reqs.htm#external_library_arm.iso15926_4_rdl
通用 / 跨行业,项被标识表示用法,Item_identified_representation_usage,shape_property_assignment,ap242,0,https://www.steptools.com/stds/smrl/data/modules/shape_property_assignment/sys/4_info_reqs.htm#shape_property_assignment_arm.item_identified_representation_usage
通用 / 跨行业,已知源,Known_source,external_library,ap242,0,https://www.steptools.com/stds/smrl/data/modules/external_library/sys/4_info_reqs.htm#external_library_arm.known_source
通用 / 跨行业,语言,Language,multi_linguism,ap242,2,https://www.steptools.com/stds/smrl/data/modules/multi_linguism/sys/4_info_reqs.htm#multi_linguism_arm.language
通用 / 跨行业,语言指示,Language_indication,multi_linguism,ap242,0,https://www.steptools.com/stds/smrl/data/modules/multi_linguism/sys/4_info_reqs.htm#multi_linguism_arm.language_indication
通用 / 跨行业,语言引用手动,Language_reference_manual,specification_document,ap242,0,https://www.steptools.com/stds/smrl/data/modules/specification_document/sys/4_info_reqs.htm#specification_document_arm.language_reference_manual
通用 / 跨行业,层,Layer,layer_assignment,ap242,1,https://www.steptools.com/stds/smrl/data/modules/layer_assignment/sys/4_info_reqs.htm#layer_assignment_arm.layer
通用 / 跨行业,指引线,Leader,draughting_element,ap242,2,https://www.steptools.com/stds/smrl/data/modules/draughting_element/sys/4_info_reqs.htm#draughting_element_arm.leader
通用 / 跨行业,指引线有向注记,Leader_directed_callout,draughting_element,ap242,0,https://www.steptools.com/stds/smrl/data/modules/draughting_element/sys/4_info_reqs.htm#draughting_element_arm.leader_directed_callout
通用 / 跨行业,光源源,Light_source,camera_view_3d,ap242,1,https://www.steptools.com/stds/smrl/data/modules/camera_view_3d/sys/4_info_reqs.htm#camera_view_3d_arm.light_source
通用 / 跨行业,类似表达式,Like_expression,expression,ap242,0,https://www.steptools.com/stds/smrl/data/modules/expression/sys/4_info_reqs.htm#expression_arm.like_expression
通用 / 跨行业,线,Line,basic_geometry,ap242,0,https://www.steptools.com/stds/smrl/data/modules/basic_geometry/sys/4_info_reqs.htm#basic_geometry_arm.line
通用 / 跨行业,字面量编号,Literal_number,numeric_expression,ap242,0,https://www.steptools.com/stds/smrl/data/modules/numeric_expression/sys/4_info_reqs.htm#numeric_expression_arm.literal_number
通用 / 跨行业,局部时间,Local_time,date_time,ap242,0,https://www.steptools.com/stds/smrl/data/modules/date_time/sys/4_info_reqs.htm#date_time_arm.local_time
通用 / 跨行业,常用对数函数,Log10_function,elementary_function,ap242,0,https://www.steptools.com/stds/smrl/data/modules/elementary_function/sys/4_info_reqs.htm#elementary_function_arm.log10_function
通用 / 跨行业,底2对数函数,Log2_function,elementary_function,ap242,0,https://www.steptools.com/stds/smrl/data/modules/elementary_function/sys/4_info_reqs.htm#elementary_function_arm.log2_function
通用 / 跨行业,对数函数,Log_function,elementary_function,ap242,0,https://www.steptools.com/stds/smrl/data/modules/elementary_function/sys/4_info_reqs.htm#elementary_function_arm.log_function
通用 / 跨行业,逻辑表示项,Logical_representation_item,basic_data_representation,ap242,0,https://www.steptools.com/stds/smrl/data/modules/basic_data_representation/sys/4_info_reqs.htm#basic_data_representation_arm.logical_representation_item
通用 / 跨行业,环,Loop,elemental_topology,ap242,0,https://www.steptools.com/stds/smrl/data/modules/elemental_topology/sys/4_info_reqs.htm#elemental_topology_arm.loop
通用 / 跨行业,批次有效性,Lot_effectivity,effectivity,ap242,0,https://www.steptools.com/stds/smrl/data/modules/effectivity/sys/4_info_reqs.htm#effectivity_arm.lot_effectivity
通用 / 跨行业,制作来自关系,Make_from_relationship,part_definition_relationship,ap242,0,https://www.steptools.com/stds/smrl/data/modules/part_definition_relationship/sys/4_info_reqs.htm#part_definition_relationship_arm.make_from_relationship
通用 / 跨行业,市场,Market,product_concept_identification,ap242,1,https://www.steptools.com/stds/smrl/data/modules/product_concept_identification/sys/4_info_reqs.htm#product_concept_identification_arm.market
通用 / 跨行业,材料标识,Material_identification,generic_material_aspects,ap242,7,https://www.steptools.com/stds/smrl/data/modules/generic_material_aspects/sys/4_info_reqs.htm#generic_material_aspects_arm.material_identification
通用 / 跨行业,材料属性,Material_property,generic_material_aspects,ap242,1,https://www.steptools.com/stds/smrl/data/modules/generic_material_aspects/sys/4_info_reqs.htm#generic_material_aspects_arm.material_property
通用 / 跨行业,材料属性关联,Material_property_association,generic_material_aspects,ap242,0,https://www.steptools.com/stds/smrl/data/modules/generic_material_aspects/sys/4_info_reqs.htm#generic_material_aspects_arm.material_property_association
通用 / 跨行业,材料属性值表示,Material_property_value_representation,generic_material_aspects,ap242,1,https://www.steptools.com/stds/smrl/data/modules/generic_material_aspects/sys/4_info_reqs.htm#generic_material_aspects_arm.material_property_value_representation
通用 / 跨行业,材料规范,Material_specification,specification_document,ap242,0,https://www.steptools.com/stds/smrl/data/modules/specification_document/sys/4_info_reqs.htm#specification_document_arm.material_specification
通用 / 跨行业,数学值精度限定符,Maths_value_precision_qualifier,qualified_measure,ap242,0,https://www.steptools.com/stds/smrl/data/modules/qualified_measure/sys/4_info_reqs.htm#qualified_measure_arm.maths_value_precision_qualifier
通用 / 跨行业,数学值资格,Maths_value_qualification,qualified_measure,ap242,0,https://www.steptools.com/stds/smrl/data/modules/qualified_measure/sys/4_info_reqs.htm#qualified_measure_arm.maths_value_qualification
通用 / 跨行业,最大函数,Maximum_function,elementary_function,ap242,0,https://www.steptools.com/stds/smrl/data/modules/elementary_function/sys/4_info_reqs.htm#elementary_function_arm.maximum_function
通用 / 跨行业,量项,Measure_item,measure_representation,ap242,9,https://www.steptools.com/stds/smrl/data/modules/measure_representation/sys/4_info_reqs.htm#measure_representation_arm.measure_item
通用 / 跨行业,量项带精度,Measure_item_with_precision,extended_measure_representation,ap242,0,https://www.steptools.com/stds/smrl/data/modules/extended_measure_representation/sys/4_info_reqs.htm#extended_measure_representation_arm.measure_item_with_precision
通用 / 跨行业,量资格,Measure_qualification,qualified_measure,ap242,0,https://www.steptools.com/stds/smrl/data/modules/qualified_measure/sys/4_info_reqs.htm#qualified_measure_arm.measure_qualification
通用 / 跨行业,机械设计与制图关系,Mechanical_design_and_draughting_relationship,mechanical_design_presentation_representation_with_draughting,ap242,0,https://www.steptools.com/stds/smrl/data/modules/mechanical_design_presentation_representation_with_draughting/sys/4_info_reqs.htm#mechanical_design_presentation_representation_with_draughting_arm.mechanical_design_and_draughting_relationship
通用 / 跨行业,机械设计表示表示带制图,Mechanical_design_presentation_representation_with_draughting,mechanical_design_presentation_representation_with_draughting,ap242,1,https://www.steptools.com/stds/smrl/data/modules/mechanical_design_presentation_representation_with_draughting/sys/4_info_reqs.htm#mechanical_design_presentation_representation_with_draughting_arm.mechanical_design_presentation_representation_with_draughting
通用 / 跨行业,机械设计着色带样式模型,Mechanical_design_shaded_styled_model,mechanical_design_shaded_presentation,ap242,1,https://www.steptools.com/stds/smrl/data/modules/mechanical_design_shaded_presentation/sys/4_info_reqs.htm#mechanical_design_shaded_presentation_arm.mechanical_design_shaded_styled_model
通用 / 跨行业,机械表示带样式模型,Mechanical_representation_styled_model,mechanical_design_geometric_presentation,ap242,1,https://www.steptools.com/stds/smrl/data/modules/mechanical_design_geometric_presentation/sys/4_info_reqs.htm#mechanical_design_geometric_presentation_arm.mechanical_representation_styled_model
通用 / 跨行业,最小函数,Minimum_function,elementary_function,ap242,0,https://www.steptools.com/stds/smrl/data/modules/elementary_function/sys/4_info_reqs.htm#elementary_function_arm.minimum_function
通用 / 跨行业,减表达式,Minus_expression,numeric_expression,ap242,0,https://www.steptools.com/stds/smrl/data/modules/numeric_expression/sys/4_info_reqs.htm#numeric_expression_arm.minus_expression
通用 / 跨行业,减法函数,Minus_function,elementary_function,ap242,0,https://www.steptools.com/stds/smrl/data/modules/elementary_function/sys/4_info_reqs.htm#elementary_function_arm.minus_function
通用 / 跨行业,取模表达式,Mod_expression,numeric_expression,ap242,0,https://www.steptools.com/stds/smrl/data/modules/numeric_expression/sys/4_info_reqs.htm#numeric_expression_arm.mod_expression
通用 / 跨行业,模型几何视图,Model_geometric_view,mechanical_design_presentation_representation_with_draughting,ap242,0,https://www.steptools.com/stds/smrl/data/modules/mechanical_design_presentation_representation_with_draughting/sys/4_info_reqs.htm#mechanical_design_presentation_representation_with_draughting_arm.model_geometric_view
通用 / 跨行业,模型图像三维,Model_image_3d,camera_view_3d,ap242,2,https://www.steptools.com/stds/smrl/data/modules/camera_view_3d/sys/4_info_reqs.htm#camera_view_3d_arm.model_image_3d
通用 / 跨行业,乘表达式,Mult_expression,numeric_expression,ap242,0,https://www.steptools.com/stds/smrl/data/modules/numeric_expression/sys/4_info_reqs.htm#numeric_expression_arm.mult_expression
通用 / 跨行业,多个元数布尔表达式,Multiple_arity_boolean_expression,numeric_expression,ap242,1,https://www.steptools.com/stds/smrl/data/modules/numeric_expression/sys/4_info_reqs.htm#numeric_expression_arm.multiple_arity_boolean_expression
通用 / 跨行业,多元函数调用,Multiple_arity_function_call,numeric_expression,ap242,0,https://www.steptools.com/stds/smrl/data/modules/numeric_expression/sys/4_info_reqs.htm#numeric_expression_arm.multiple_arity_function_call
通用 / 跨行业,多元通用表达式,Multiple_arity_generic_expression,generic_expression,ap242,0,https://www.steptools.com/stds/smrl/data/modules/generic_expression/sys/4_info_reqs.htm#generic_expression_arm.multiple_arity_generic_expression
通用 / 跨行业,多元数值表达式,Multiple_arity_numeric_expression,numeric_expression,ap242,1,https://www.steptools.com/stds/smrl/data/modules/numeric_expression/sys/4_info_reqs.htm#numeric_expression_arm.multiple_arity_numeric_expression
通用 / 跨行业,名称赋值,Name_assignment,name_assignment,ap242,0,https://www.steptools.com/stds/smrl/data/modules/name_assignment/sys/4_info_reqs.htm#name_assignment_arm.name_assignment
通用 / 跨行业,非表达式,Not_expression,numeric_expression,ap242,0,https://www.steptools.com/stds/smrl/data/modules/numeric_expression/sys/4_info_reqs.htm#numeric_expression_arm.not_expression
通用 / 跨行业,空表示项,Null_representation_item,characteristic,ap242,1,https://www.steptools.com/stds/smrl/data/modules/characteristic/sys/4_info_reqs.htm#characteristic_arm.null_representation_item
通用 / 跨行业,数值定义函数,Numeric_defined_function,elementary_function,ap242,0,https://www.steptools.com/stds/smrl/data/modules/elementary_function/sys/4_info_reqs.htm#elementary_function_arm.numeric_defined_function
通用 / 跨行业,数值表达式,Numeric_expression,numeric_expression,ap242,0,https://www.steptools.com/stds/smrl/data/modules/numeric_expression/sys/4_info_reqs.htm#numeric_expression_arm.numeric_expression
通用 / 跨行业,数值变量,Numeric_variable,numeric_expression,ap242,1,https://www.steptools.com/stds/smrl/data/modules/numeric_expression/sys/4_info_reqs.htm#numeric_expression_arm.numeric_variable
通用 / 跨行业,数值文档属性,Numerical_document_property,document_properties,ap242,0,https://www.steptools.com/stds/smrl/data/modules/document_properties/sys/4_info_reqs.htm#document_properties_arm.numerical_document_property
通用 / 跨行业,数值项带全局单位,Numerical_item_with_global_unit,measure_representation,ap242,1,https://www.steptools.com/stds/smrl/data/modules/measure_representation/sys/4_info_reqs.htm#measure_representation_arm.numerical_item_with_global_unit
通用 / 跨行业,数值表示上下文,Numerical_representation_context,foundation_representation,ap242,0,https://www.steptools.com/stds/smrl/data/modules/foundation_representation/sys/4_info_reqs.htm#foundation_representation_arm.numerical_representation_context
通用 / 跨行业,实例放置,Occurrence_placement,product_placement,ap242,0,https://www.steptools.com/stds/smrl/data/modules/product_placement/sys/4_info_reqs.htm#product_placement_arm.occurrence_placement
通用 / 跨行业,奇数函数,Odd_function,numeric_function,ap242,0,https://www.steptools.com/stds/smrl/data/modules/numeric_function/sys/4_info_reqs.htm#numeric_function_arm.odd_function
通用 / 跨行业,偏置形状元素,Offset_shape_element,derived_shape_element,ap242,0,https://www.steptools.com/stds/smrl/data/modules/derived_shape_element/sys/4_info_reqs.htm#derived_shape_element_arm.offset_shape_element
通用 / 跨行业,或表达式,Or_expression,numeric_expression,ap242,0,https://www.steptools.com/stds/smrl/data/modules/numeric_expression/sys/4_info_reqs.htm#numeric_expression_arm.or_expression
通用 / 跨行业,序数日期,Ordinal_date,extended_date,ap242,1,https://www.steptools.com/stds/smrl/data/modules/extended_date/sys/4_info_reqs.htm#extended_date_arm.ordinal_date
通用 / 跨行业,组织,Organization,person_organization,ap242,7,https://www.steptools.com/stds/smrl/data/modules/person_organization/sys/4_info_reqs.htm#person_organization_arm.organization
通用 / 跨行业,组织或人员在组织赋值,Organization_or_person_in_organization_assignment,person_organization_assignment,ap242,9,https://www.steptools.com/stds/smrl/data/modules/person_organization_assignment/sys/4_info_reqs.htm#person_organization_assignment_arm.organization_or_person_in_organization_assignment
通用 / 跨行业,组织关系,Organization_relationship,person_organization,ap242,3,https://www.steptools.com/stds/smrl/data/modules/person_organization/sys/4_info_reqs.htm#person_organization_arm.organization_relationship
通用 / 跨行业,有向边,Oriented_edge,elemental_topology,ap242,0,https://www.steptools.com/stds/smrl/data/modules/elemental_topology/sys/4_info_reqs.htm#elemental_topology_arm.oriented_edge
通用 / 跨行业,OTD目录,Otd_catalogue,external_library,ap242,0,https://www.steptools.com/stds/smrl/data/modules/external_library/sys/4_info_reqs.htm#external_library_arm.otd_catalogue
通用 / 跨行业,OTD字典,Otd_dictionary,external_library,ap242,0,https://www.steptools.com/stds/smrl/data/modules/external_library/sys/4_info_reqs.htm#external_library_arm.otd_dictionary
通用 / 跨行业,覆盖啮合带样式元素,Over_riding_styled_element,appearance_assignment,ap242,0,https://www.steptools.com/stds/smrl/data/modules/appearance_assignment/sys/4_info_reqs.htm#appearance_assignment_arm.over_riding_styled_element
通用 / 跨行业,抛物线,Parabola,basic_geometry,ap242,0,https://www.steptools.com/stds/smrl/data/modules/basic_geometry/sys/4_info_reqs.htm#basic_geometry_arm.parabola
通用 / 跨行业,平行偏置,Parallel_offset,derived_shape_element,ap242,0,https://www.steptools.com/stds/smrl/data/modules/derived_shape_element/sys/4_info_reqs.htm#derived_shape_element_arm.parallel_offset
通用 / 跨行业,参数化表示上下文,Parametric_representation_context,parametric_representation,ap242,0,https://www.steptools.com/stds/smrl/data/modules/parametric_representation/sys/4_info_reqs.htm#parametric_representation_arm.parametric_representation_context
通用 / 跨行业,零件,Part,part_and_version_identification,ap242,2,https://www.steptools.com/stds/smrl/data/modules/part_and_version_identification/sys/4_info_reqs.htm#part_and_version_identification_arm.part
通用 / 跨行业,零件定义关系,Part_definition_relationship,item_definition_structure,ap242,1,https://www.steptools.com/stds/smrl/data/modules/item_definition_structure/sys/4_info_reqs.htm#item_definition_structure_arm.part_definition_relationship
通用 / 跨行业,零件函数关联,Part_function_association,specification_control,ap242,0,https://www.steptools.com/stds/smrl/data/modules/specification_control/sys/4_info_reqs.htm#specification_control_arm.part_function_association
通用 / 跨行业,零件实例放置,Part_occurrence_placement,product_placement,ap242,0,https://www.steptools.com/stds/smrl/data/modules/product_placement/sys/4_info_reqs.htm#product_placement_arm.part_occurrence_placement
通用 / 跨行业,零件实例关系,Part_occurrence_relationship,specification_control,ap242,0,https://www.steptools.com/stds/smrl/data/modules/specification_control/sys/4_info_reqs.htm#specification_control_arm.part_occurrence_relationship
通用 / 跨行业,零件形状元素,Part_shape_element,part_shape,ap242,1,https://www.steptools.com/stds/smrl/data/modules/part_shape/sys/4_info_reqs.htm#part_shape_arm.part_shape_element
通用 / 跨行业,零件形状元素关系,Part_shape_element_relationship,part_shape,ap242,0,https://www.steptools.com/stds/smrl/data/modules/part_shape/sys/4_info_reqs.htm#part_shape_arm.part_shape_element_relationship
通用 / 跨行业,零件版本,Part_version,part_and_version_identification,ap242,3,https://www.steptools.com/stds/smrl/data/modules/part_and_version_identification/sys/4_info_reqs.htm#part_and_version_identification_arm.part_version
通用 / 跨行业,零件视图定义,Part_view_definition,part_view_definition,ap242,12,https://www.steptools.com/stds/smrl/data/modules/part_view_definition/sys/4_info_reqs.htm#part_view_definition_arm.part_view_definition
通用 / 跨行业,零件带附加类别,Part_with_additional_categories,design_product_data_management,ap242,0,https://www.steptools.com/stds/smrl/data/modules/design_product_data_management/sys/4_info_reqs.htm#design_product_data_management_arm.part_with_additional_categories
通用 / 跨行业,部分文档赋值,Partial_document_assignment,document_assignment,ap242,0,https://www.steptools.com/stds/smrl/data/modules/document_assignment/sys/4_info_reqs.htm#document_assignment_arm.partial_document_assignment
通用 / 跨行业,部分文档带结构化文本表示赋值,Partial_document_with_structured_text_representation_assignment,specification_document,ap242,0,https://www.steptools.com/stds/smrl/data/modules/specification_document/sys/4_info_reqs.htm#specification_document_arm.partial_document_with_structured_text_representation_assignment
通用 / 跨行业,路径,Path,elemental_topology,ap242,1,https://www.steptools.com/stds/smrl/data/modules/elemental_topology/sys/4_info_reqs.htm#elemental_topology_arm.path
通用 / 跨行业,垂直到,Perpendicular_to,derived_shape_element,ap242,0,https://www.steptools.com/stds/smrl/data/modules/derived_shape_element/sys/4_info_reqs.htm#derived_shape_element_arm.perpendicular_to
通用 / 跨行业,人员,Person,person_organization,ap242,2,https://www.steptools.com/stds/smrl/data/modules/person_organization/sys/4_info_reqs.htm#person_organization_arm.person
通用 / 跨行业,人员在组织,Person_in_organization,person_organization,ap242,4,https://www.steptools.com/stds/smrl/data/modules/person_organization/sys/4_info_reqs.htm#person_organization_arm.person_in_organization
通用 / 跨行业,物理文档定义,Physical_document_definition,document_definition,ap242,6,https://www.steptools.com/stds/smrl/data/modules/document_definition/sys/4_info_reqs.htm#document_definition_arm.physical_document_definition
通用 / 跨行业,平面盒,Planar_box,appearance_assignment,ap242,4,https://www.steptools.com/stds/smrl/data/modules/appearance_assignment/sys/4_info_reqs.htm#appearance_assignment_arm.planar_box
通用 / 跨行业,平面,Plane,basic_geometry,ap242,2,https://www.steptools.com/stds/smrl/data/modules/basic_geometry/sys/4_info_reqs.htm#basic_geometry_arm.plane
通用 / 跨行业,PLIB类引用,Plib_class_reference,plib_class_reference,ap242,1,https://www.steptools.com/stds/smrl/data/modules/plib_class_reference/sys/4_info_reqs.htm#plib_class_reference_arm.plib_class_reference
通用 / 跨行业,PLIB字典,Plib_dictionary,external_library,ap242,0,https://www.steptools.com/stds/smrl/data/modules/external_library/sys/4_info_reqs.htm#external_library_arm.plib_dictionary
通用 / 跨行业,PLIB库,Plib_library,external_library,ap242,0,https://www.steptools.com/stds/smrl/data/modules/external_library/sys/4_info_reqs.htm#external_library_arm.plib_library
通用 / 跨行业,PLIB属性引用,Plib_property_reference,external_properties,ap242,0,https://www.steptools.com/stds/smrl/data/modules/external_properties/sys/4_info_reqs.htm#external_properties_arm.plib_property_reference
通用 / 跨行业,加表达式,Plus_expression,numeric_expression,ap242,0,https://www.steptools.com/stds/smrl/data/modules/numeric_expression/sys/4_info_reqs.htm#numeric_expression_arm.plus_expression
通用 / 跨行业,点,Point,elemental_geometric_shape,ap242,4,https://www.steptools.com/stds/smrl/data/modules/elemental_geometric_shape/sys/4_info_reqs.htm#elemental_geometric_shape_arm.point
通用 / 跨行业,极坐标点,Polar_point,basic_geometry,ap242,0,https://www.steptools.com/stds/smrl/data/modules/basic_geometry/sys/4_info_reqs.htm#basic_geometry_arm.polar_point
通用 / 跨行业,多环,Poly_loop,basic_geometric_topology,ap242,1,https://www.steptools.com/stds/smrl/data/modules/basic_geometric_topology/sys/4_info_reqs.htm#basic_geometric_topology_arm.poly_loop
通用 / 跨行业,预定义活动关系,Pre_defined_activity_relationship,pre_defined_product_data_management_specializations,ap242,0,https://www.steptools.com/stds/smrl/data/modules/pre_defined_product_data_management_specializations/sys/4_info_reqs.htm#pre_defined_product_data_management_specializations_arm.pre_defined_activity_relationship
通用 / 跨行业,预定义地址赋值,Pre_defined_address_assignment,pre_defined_product_data_management_specializations,ap242,0,https://www.steptools.com/stds/smrl/data/modules/pre_defined_product_data_management_specializations/sys/4_info_reqs.htm#pre_defined_product_data_management_specializations_arm.pre_defined_address_assignment
通用 / 跨行业,预定义批准,Pre_defined_approval,pre_defined_product_data_management_specializations,ap242,0,https://www.steptools.com/stds/smrl/data/modules/pre_defined_product_data_management_specializations/sys/4_info_reqs.htm#pre_defined_product_data_management_specializations_arm.pre_defined_approval
通用 / 跨行业,预定义批准状态,Pre_defined_approval_status,pre_defined_product_data_management_specializations,ap242,0,https://www.steptools.com/stds/smrl/data/modules/pre_defined_product_data_management_specializations/sys/4_info_reqs.htm#pre_defined_product_data_management_specializations_arm.pre_defined_approval_status
通用 / 跨行业,预定义颜色,Pre_defined_colour,colour,ap242,0,https://www.steptools.com/stds/smrl/data/modules/colour/sys/4_info_reqs.htm#colour_arm.pre_defined_colour
通用 / 跨行业,预定义日期或日期时间赋值,Pre_defined_date_or_date_time_assignment,pre_defined_product_data_management_specializations,ap242,0,https://www.steptools.com/stds/smrl/data/modules/pre_defined_product_data_management_specializations/sys/4_info_reqs.htm#pre_defined_product_data_management_specializations_arm.pre_defined_date_or_date_time_assignment
通用 / 跨行业,预定义安全分类,Pre_defined_security_classification,pre_defined_product_data_management_specializations,ap242,0,https://www.steptools.com/stds/smrl/data/modules/pre_defined_product_data_management_specializations/sys/4_info_reqs.htm#pre_defined_product_data_management_specializations_arm.pre_defined_security_classification
通用 / 跨行业,预定义类型限定符,Pre_defined_type_qualifier,qualified_measure,ap242,0,https://www.steptools.com/stds/smrl/data/modules/qualified_measure/sys/4_info_reqs.htm#qualified_measure_arm.pre_defined_type_qualifier
通用 / 跨行业,精度限定符,Precision_qualifier,qualified_measure,ap242,0,https://www.steptools.com/stds/smrl/data/modules/qualified_measure/sys/4_info_reqs.htm#qualified_measure_arm.precision_qualifier
通用 / 跨行业,表示集合,Presentation_set,presentation_hierarchy,ap242,0,https://www.steptools.com/stds/smrl/data/modules/presentation_hierarchy/sys/4_info_reqs.htm#presentation_hierarchy_arm.presentation_set
通用 / 跨行业,表示集合赋值,Presentation_set_assignment,presentation_hierarchy,ap242,0,https://www.steptools.com/stds/smrl/data/modules/presentation_hierarchy/sys/4_info_reqs.htm#presentation_hierarchy_arm.presentation_set_assignment
通用 / 跨行业,过程规范,Process_specification,specification_document,ap242,0,https://www.steptools.com/stds/smrl/data/modules/specification_document/sys/4_info_reqs.htm#specification_document_arm.process_specification
通用 / 跨行业,产品,Product,product_identification,ap242,14,https://www.steptools.com/stds/smrl/data/modules/product_identification/sys/4_info_reqs.htm#product_identification_arm.product
通用 / 跨行业,产品作为单个,Product_as_individual,product_as_individual,ap242,1,https://www.steptools.com/stds/smrl/data/modules/product_as_individual/sys/4_info_reqs.htm#product_as_individual_arm.product_as_individual
通用 / 跨行业,产品作为单个版本,Product_as_individual_version,product_as_individual,ap242,1,https://www.steptools.com/stds/smrl/data/modules/product_as_individual/sys/4_info_reqs.htm#product_as_individual_arm.product_as_individual_version
通用 / 跨行业,产品作为单个视图,Product_as_individual_view,product_as_individual,ap242,1,https://www.steptools.com/stds/smrl/data/modules/product_as_individual/sys/4_info_reqs.htm#product_as_individual_arm.product_as_individual_view
通用 / 跨行业,产品作为计划,Product_as_planned,product_as_individual,ap242,0,https://www.steptools.com/stds/smrl/data/modules/product_as_individual/sys/4_info_reqs.htm#product_as_individual_arm.product_as_planned
通用 / 跨行业,产品作为已实现,Product_as_realized,product_as_individual,ap242,0,https://www.steptools.com/stds/smrl/data/modules/product_as_individual/sys/4_info_reqs.htm#product_as_individual_arm.product_as_realized
通用 / 跨行业,产品类别,Product_category,product_categorization,ap242,0,https://www.steptools.com/stds/smrl/data/modules/product_categorization/sys/4_info_reqs.htm#product_categorization_arm.product_category
通用 / 跨行业,产品类别赋值,Product_category_assignment,product_categorization,ap242,0,https://www.steptools.com/stds/smrl/data/modules/product_categorization/sys/4_info_reqs.htm#product_categorization_arm.product_category_assignment
通用 / 跨行业,产品类别层次,Product_category_hierarchy,product_categorization,ap242,0,https://www.steptools.com/stds/smrl/data/modules/product_categorization/sys/4_info_reqs.htm#product_categorization_arm.product_category_hierarchy
通用 / 跨行业,产品类,Product_class,product_class,ap242,4,https://www.steptools.com/stds/smrl/data/modules/product_class/sys/4_info_reqs.htm#product_class_arm.product_class
通用 / 跨行业,产品类关系,Product_class_relationship,product_class,ap242,0,https://www.steptools.com/stds/smrl/data/modules/product_class/sys/4_info_reqs.htm#product_class_arm.product_class_relationship
通用 / 跨行业,产品概念,Product_concept,product_concept_identification,ap242,6,https://www.steptools.com/stds/smrl/data/modules/product_concept_identification/sys/4_info_reqs.htm#product_concept_identification_arm.product_concept
通用 / 跨行业,产品定义交换上下文,Product_definition_exchange_context,product_view_definition,ap242,0,https://www.steptools.com/stds/smrl/data/modules/product_view_definition/sys/4_info_reqs.htm#product_view_definition_arm.product_definition_exchange_context
通用 / 跨行业,产品设计到单个,Product_design_to_individual,product_as_individual,ap242,0,https://www.steptools.com/stds/smrl/data/modules/product_as_individual/sys/4_info_reqs.htm#product_as_individual_arm.product_design_to_individual
通用 / 跨行业,产品设计版本到单个,Product_design_version_to_individual,product_as_individual,ap242,0,https://www.steptools.com/stds/smrl/data/modules/product_as_individual/sys/4_info_reqs.htm#product_as_individual_arm.product_design_version_to_individual
通用 / 跨行业,产品设计视图到单个,Product_design_view_to_individual,product_as_individual,ap242,0,https://www.steptools.com/stds/smrl/data/modules/product_as_individual/sys/4_info_reqs.htm#product_as_individual_arm.product_design_view_to_individual
通用 / 跨行业,产品实例,Product_occurrence,product_occurrence,ap242,3,https://www.steptools.com/stds/smrl/data/modules/product_occurrence/sys/4_info_reqs.htm#product_occurrence_arm.product_occurrence
通用 / 跨行业,产品实例带数量,Product_occurrence_with_quantity,product_occurrence,ap242,0,https://www.steptools.com/stds/smrl/data/modules/product_occurrence/sys/4_info_reqs.htm#product_occurrence_arm.product_occurrence_with_quantity
通用 / 跨行业,产品计划到已实现,Product_planned_to_realized,product_as_individual,ap242,0,https://www.steptools.com/stds/smrl/data/modules/product_as_individual/sys/4_info_reqs.htm#product_as_individual_arm.product_planned_to_realized
通用 / 跨行业,产品规范,Product_specification,specified_product,ap242,1,https://www.steptools.com/stds/smrl/data/modules/specified_product/sys/4_info_reqs.htm#specified_product_arm.product_specification
通用 / 跨行业,产品版本,Product_version,product_version,ap242,21,https://www.steptools.com/stds/smrl/data/modules/product_version/sys/4_info_reqs.htm#product_version_arm.product_version
通用 / 跨行业,产品版本关系,Product_version_relationship,product_version_relationship,ap242,5,https://www.steptools.com/stds/smrl/data/modules/product_version_relationship/sys/4_info_reqs.htm#product_version_relationship_arm.product_version_relationship
通用 / 跨行业,产品视图定义,Product_view_definition,product_view_definition,ap242,41,https://www.steptools.com/stds/smrl/data/modules/product_view_definition/sys/4_info_reqs.htm#product_view_definition_arm.product_view_definition
通用 / 跨行业,产品视图定义引用,Product_view_definition_reference,product_view_definition_reference,ap242,0,https://www.steptools.com/stds/smrl/data/modules/product_view_definition_reference/sys/4_info_reqs.htm#product_view_definition_reference_arm.product_view_definition_reference
通用 / 跨行业,产品视图定义引用带局部表示,Product_view_definition_reference_with_local_representation,product_view_definition_reference,ap242,1,https://www.steptools.com/stds/smrl/data/modules/product_view_definition_reference/sys/4_info_reqs.htm#product_view_definition_reference_arm.product_view_definition_reference_with_local_representation
通用 / 跨行业,项目,Project,project,ap242,4,https://www.steptools.com/stds/smrl/data/modules/project/sys/4_info_reqs.htm#project_arm.project
通用 / 跨行业,项目赋值,Project_assignment,project,ap242,3,https://www.steptools.com/stds/smrl/data/modules/project/sys/4_info_reqs.htm#project_arm.project_assignment
通用 / 跨行业,项目关系,Project_relationship,project,ap242,3,https://www.steptools.com/stds/smrl/data/modules/project/sys/4_info_reqs.htm#project_arm.project_relationship
通用 / 跨行业,投影有向注记,Projection_directed_callout,draughting_element,ap242,0,https://www.steptools.com/stds/smrl/data/modules/draughting_element/sys/4_info_reqs.htm#draughting_element_arm.projection_directed_callout
通用 / 跨行业,属性定义关系,Property_definition_relationship,property_assignment,ap242,1,https://www.steptools.com/stds/smrl/data/modules/property_assignment/sys/4_info_reqs.htm#property_assignment_arm.property_definition_relationship
通用 / 跨行业,属性定义表示,Property_definition_representation,property_assignment,ap242,1,https://www.steptools.com/stds/smrl/data/modules/property_assignment/sys/4_info_reqs.htm#property_assignment_arm.property_definition_representation
通用 / 跨行业,属性表示,Property_representation,property_assignment,ap242,1,https://www.steptools.com/stds/smrl/data/modules/property_assignment/sys/4_info_reqs.htm#property_assignment_arm.property_representation
通用 / 跨行业,属性值表示,Property_value_representation,measure_representation,ap242,2,https://www.steptools.com/stds/smrl/data/modules/measure_representation/sys/4_info_reqs.htm#measure_representation_arm.property_value_representation
通用 / 跨行业,限定表示项,Qualified_representation_item,qualified_measure,ap242,1,https://www.steptools.com/stds/smrl/data/modules/qualified_measure/sys/4_info_reqs.htm#qualified_measure_arm.qualified_representation_item
通用 / 跨行业,定性不确定度,Qualitative_uncertainty,qualified_measure,ap242,0,https://www.steptools.com/stds/smrl/data/modules/qualified_measure/sys/4_info_reqs.htm#qualified_measure_arm.qualitative_uncertainty
通用 / 跨行业,量化实例,Quantified_instance,product_occurrence,ap242,0,https://www.steptools.com/stds/smrl/data/modules/product_occurrence/sys/4_info_reqs.htm#product_occurrence_arm.quantified_instance
通用 / 跨行业,范围特征,Range_characteristic,characteristic,ap242,0,https://www.steptools.com/stds/smrl/data/modules/characteristic/sys/4_info_reqs.htm#characteristic_arm.range_characteristic
通用 / 跨行业,实数定义函数,Real_defined_function,elementary_function,ap242,0,https://www.steptools.com/stds/smrl/data/modules/elementary_function/sys/4_info_reqs.htm#elementary_function_arm.real_defined_function
通用 / 跨行业,实数字面量,Real_literal,numeric_expression,ap242,0,https://www.steptools.com/stds/smrl/data/modules/numeric_expression/sys/4_info_reqs.htm#numeric_expression_arm.real_literal
通用 / 跨行业,实数数值变量,Real_numeric_variable,numeric_expression,ap242,0,https://www.steptools.com/stds/smrl/data/modules/numeric_expression/sys/4_info_reqs.htm#numeric_expression_arm.real_numeric_variable
通用 / 跨行业,实数表示项,Real_representation_item,basic_data_representation,ap242,0,https://www.steptools.com/stds/smrl/data/modules/basic_data_representation/sys/4_info_reqs.htm#basic_data_representation_arm.real_representation_item
通用 / 跨行业,相对事件,Relative_event,event,ap242,0,https://www.steptools.com/stds/smrl/data/modules/event/sys/4_info_reqs.htm#event_arm.relative_event
通用 / 跨行业,替换用法关系,Replaced_usage_relationship,specification_control,ap242,1,https://www.steptools.com/stds/smrl/data/modules/specification_control/sys/4_info_reqs.htm#specification_control_arm.replaced_usage_relationship
通用 / 跨行业,表示,Representation,foundation_representation,ap242,12,https://www.steptools.com/stds/smrl/data/modules/foundation_representation/sys/4_info_reqs.htm#foundation_representation_arm.representation
通用 / 跨行业,表示上下文,Representation_context,foundation_representation,ap242,3,https://www.steptools.com/stds/smrl/data/modules/foundation_representation/sys/4_info_reqs.htm#foundation_representation_arm.representation_context
通用 / 跨行业,表示上下文引用,Representation_context_reference,foundation_representation,ap242,0,https://www.steptools.com/stds/smrl/data/modules/foundation_representation/sys/4_info_reqs.htm#foundation_representation_arm.representation_context_reference
通用 / 跨行业,表示项,Representation_item,foundation_representation,ap242,10,https://www.steptools.com/stds/smrl/data/modules/foundation_representation/sys/4_info_reqs.htm#foundation_representation_arm.representation_item
通用 / 跨行业,表示项关系,Representation_item_relationship,foundation_representation,ap242,0,https://www.steptools.com/stds/smrl/data/modules/foundation_representation/sys/4_info_reqs.htm#foundation_representation_arm.representation_item_relationship
通用 / 跨行业,表示引用,Representation_reference,foundation_representation,ap242,0,https://www.steptools.com/stds/smrl/data/modules/foundation_representation/sys/4_info_reqs.htm#foundation_representation_arm.representation_reference
通用 / 跨行业,表示关系,Representation_relationship,foundation_representation,ap242,1,https://www.steptools.com/stds/smrl/data/modules/foundation_representation/sys/4_info_reqs.htm#foundation_representation_arm.representation_relationship
通用 / 跨行业,表示带不确定度,Representation_with_uncertainty,representation_with_uncertainty,ap242,0,https://www.steptools.com/stds/smrl/data/modules/representation_with_uncertainty/sys/4_info_reqs.htm#representation_with_uncertainty_arm.representation_with_uncertainty
通用 / 跨行业,要求,Requirement,requirement_identification_and_version,ap242,1,https://www.steptools.com/stds/smrl/data/modules/requirement_identification_and_version/sys/4_info_reqs.htm#requirement_identification_and_version_arm.requirement
通用 / 跨行业,要求赋值,Requirement_assignment,requirement_assignment,ap242,1,https://www.steptools.com/stds/smrl/data/modules/requirement_assignment/sys/4_info_reqs.htm#requirement_assignment_arm.requirement_assignment
通用 / 跨行业,要求集合关系,Requirement_collection_relationship,requirement_view_definition_relationship,ap242,0,https://www.steptools.com/stds/smrl/data/modules/requirement_view_definition_relationship/sys/4_info_reqs.htm#requirement_view_definition_relationship_arm.requirement_collection_relationship
通用 / 跨行业,要求优先级关系,Requirement_precedence_relationship,requirement_view_definition_relationship,ap242,0,https://www.steptools.com/stds/smrl/data/modules/requirement_view_definition_relationship/sys/4_info_reqs.htm#requirement_view_definition_relationship_arm.requirement_precedence_relationship
通用 / 跨行业,要求被满足按,Requirement_satisfied_by,requirement_assignment,ap242,0,https://www.steptools.com/stds/smrl/data/modules/requirement_assignment/sys/4_info_reqs.htm#requirement_assignment_arm.requirement_satisfied_by
通用 / 跨行业,要求源,Requirement_source,requirement_assignment,ap242,0,https://www.steptools.com/stds/smrl/data/modules/requirement_assignment/sys/4_info_reqs.htm#requirement_assignment_arm.requirement_source
通用 / 跨行业,要求版本,Requirement_version,requirement_identification_and_version,ap242,1,https://www.steptools.com/stds/smrl/data/modules/requirement_identification_and_version/sys/4_info_reqs.htm#requirement_identification_and_version_arm.requirement_version
通用 / 跨行业,要求版本关系,Requirement_version_relationship,requirement_identification_and_version,ap242,0,https://www.steptools.com/stds/smrl/data/modules/requirement_identification_and_version/sys/4_info_reqs.htm#requirement_identification_and_version_arm.requirement_version_relationship
通用 / 跨行业,要求视图定义,Requirement_view_definition,requirement_view_definition,ap242,4,https://www.steptools.com/stds/smrl/data/modules/requirement_view_definition/sys/4_info_reqs.htm#requirement_view_definition_arm.requirement_view_definition
通用 / 跨行业,要求视图定义关系,Requirement_view_definition_relationship,requirement_view_definition_relationship,ap242,0,https://www.steptools.com/stds/smrl/data/modules/requirement_view_definition_relationship/sys/4_info_reqs.htm#requirement_view_definition_relationship_arm.requirement_view_definition_relationship
通用 / 跨行业,保持周期,Retention_period,retention_period,ap242,0,https://www.steptools.com/stds/smrl/data/modules/retention_period/sys/4_info_reqs.htm#retention_period_arm.retention_period
通用 / 跨行业,安全分类,Security_classification,security_classification,ap242,6,https://www.steptools.com/stds/smrl/data/modules/security_classification/sys/4_info_reqs.htm#security_classification_arm.security_classification
通用 / 跨行业,安全分类赋值,Security_classification_assignment,security_classification,ap242,3,https://www.steptools.com/stds/smrl/data/modules/security_classification/sys/4_info_reqs.htm#security_classification_arm.security_classification_assignment
通用 / 跨行业,选定实例,Selected_instance,product_occurrence,ap242,0,https://www.steptools.com/stds/smrl/data/modules/product_occurrence/sys/4_info_reqs.htm#product_occurrence_arm.selected_instance
通用 / 跨行业,序列表示项,Sequence_representation_item,basic_data_representation,ap242,0,https://www.steptools.com/stds/smrl/data/modules/basic_data_representation/sys/4_info_reqs.htm#basic_data_representation_arm.sequence_representation_item
通用 / 跨行业,串行有效性,Serial_effectivity,effectivity,ap242,0,https://www.steptools.com/stds/smrl/data/modules/effectivity/sys/4_info_reqs.htm#effectivity_arm.serial_effectivity
通用 / 跨行业,集合表示项,Set_representation_item,basic_data_representation,ap242,0,https://www.steptools.com/stds/smrl/data/modules/basic_data_representation/sys/4_info_reqs.htm#basic_data_representation_arm.set_representation_item
通用 / 跨行业,形状相关属性表示,Shape_dependent_property_representation,shape_property_assignment,ap242,0,https://www.steptools.com/stds/smrl/data/modules/shape_property_assignment/sys/4_info_reqs.htm#shape_property_assignment_arm.shape_dependent_property_representation
通用 / 跨行业,形状描述关联,Shape_description_association,shape_property_assignment,ap242,0,https://www.steptools.com/stds/smrl/data/modules/shape_property_assignment/sys/4_info_reqs.htm#shape_property_assignment_arm.shape_description_association
通用 / 跨行业,形状元素,Shape_element,shape_property_assignment,ap242,28,https://www.steptools.com/stds/smrl/data/modules/shape_property_assignment/sys/4_info_reqs.htm#shape_property_assignment_arm.shape_element
通用 / 跨行业,形状元素描述关联,Shape_element_description_association,shape_property_assignment,ap242,0,https://www.steptools.com/stds/smrl/data/modules/shape_property_assignment/sys/4_info_reqs.htm#shape_property_assignment_arm.shape_element_description_association
通用 / 跨行业,形状元素关系,Shape_element_relationship,shape_property_assignment,ap242,9,https://www.steptools.com/stds/smrl/data/modules/shape_property_assignment/sys/4_info_reqs.htm#shape_property_assignment_arm.shape_element_relationship
通用 / 跨行业,简单布尔表达式,Simple_boolean_expression,numeric_expression,ap242,1,https://www.steptools.com/stds/smrl/data/modules/numeric_expression/sys/4_info_reqs.htm#numeric_expression_arm.simple_boolean_expression
通用 / 跨行业,简单通用表达式,Simple_generic_expression,generic_expression,ap242,0,https://www.steptools.com/stds/smrl/data/modules/generic_expression/sys/4_info_reqs.htm#generic_expression_arm.simple_generic_expression
通用 / 跨行业,简单数值表达式,Simple_numeric_expression,numeric_expression,ap242,1,https://www.steptools.com/stds/smrl/data/modules/numeric_expression/sys/4_info_reqs.htm#numeric_expression_arm.simple_numeric_expression
通用 / 跨行业,简单字符串表达式,Simple_string_expression,expression,ap242,1,https://www.steptools.com/stds/smrl/data/modules/expression/sys/4_info_reqs.htm#expression_arm.simple_string_expression
通用 / 跨行业,正弦函数,Sin_function,elementary_function,ap242,0,https://www.steptools.com/stds/smrl/data/modules/elementary_function/sys/4_info_reqs.htm#elementary_function_arm.sin_function
通用 / 跨行业,单个实例,Single_instance,product_occurrence,ap242,1,https://www.steptools.com/stds/smrl/data/modules/product_occurrence/sys/4_info_reqs.htm#product_occurrence_arm.single_instance
通用 / 跨行业,单个属性是定义,Single_property_is_definition,property_as_definition,ap242,1,https://www.steptools.com/stds/smrl/data/modules/property_as_definition/sys/4_info_reqs.htm#property_as_definition_arm.single_property_is_definition
通用 / 跨行业,单个要求视图定义,Single_requirement_view_definition,requirement_view_definition,ap242,0,https://www.steptools.com/stds/smrl/data/modules/requirement_view_definition/sys/4_info_reqs.htm#requirement_view_definition_arm.single_requirement_view_definition
通用 / 跨行业,斜线表达式,Slash_expression,numeric_expression,ap242,0,https://www.steptools.com/stds/smrl/data/modules/numeric_expression/sys/4_info_reqs.htm#numeric_expression_arm.slash_expression
通用 / 跨行业,解元素,Solution_element,alternative_solution,ap242,0,https://www.steptools.com/stds/smrl/data/modules/alternative_solution/sys/4_info_reqs.htm#alternative_solution_arm.solution_element
通用 / 跨行业,规范,Specification,product_class,ap242,4,https://www.steptools.com/stds/smrl/data/modules/product_class/sys/4_info_reqs.htm#product_class_arm.specification
通用 / 跨行业,规范分配,Specification_allocation,specification_document,ap242,0,https://www.steptools.com/stds/smrl/data/modules/specification_document/sys/4_info_reqs.htm#specification_document_arm.specification_allocation
通用 / 跨行业,规范基于零件版本,Specification_based_part_version,product_occurrence,ap242,0,https://www.steptools.com/stds/smrl/data/modules/product_occurrence/sys/4_info_reqs.htm#product_occurrence_arm.specification_based_part_version
通用 / 跨行业,规范基于产品实例,Specification_based_product_occurrence,product_occurrence,ap242,0,https://www.steptools.com/stds/smrl/data/modules/product_occurrence/sys/4_info_reqs.htm#product_occurrence_arm.specification_based_product_occurrence
通用 / 跨行业,规范基于产品版本,Specification_based_product_version,specified_product,ap242,0,https://www.steptools.com/stds/smrl/data/modules/specified_product/sys/4_info_reqs.htm#specified_product_arm.specification_based_product_version
通用 / 跨行业,规范类别,Specification_category,product_class,ap242,2,https://www.steptools.com/stds/smrl/data/modules/product_class/sys/4_info_reqs.htm#product_class_arm.specification_category
通用 / 跨行业,规范类别层次,Specification_category_hierarchy,product_class,ap242,0,https://www.steptools.com/stds/smrl/data/modules/product_class/sys/4_info_reqs.htm#product_class_arm.specification_category_hierarchy
通用 / 跨行业,规范定义,Specification_definition,specification_document,ap242,5,https://www.steptools.com/stds/smrl/data/modules/specification_document/sys/4_info_reqs.htm#specification_document_arm.specification_definition
通用 / 跨行业,规范表达式,Specification_expression,product_class,ap242,1,https://www.steptools.com/stds/smrl/data/modules/product_class/sys/4_info_reqs.htm#product_class_arm.specification_expression
通用 / 跨行业,规范包含,Specification_inclusion,product_class,ap242,0,https://www.steptools.com/stds/smrl/data/modules/product_class/sys/4_info_reqs.htm#product_class_arm.specification_inclusion
通用 / 跨行业,指定实例,Specified_occurrence,product_occurrence,ap242,1,https://www.steptools.com/stds/smrl/data/modules/product_occurrence/sys/4_info_reqs.htm#product_occurrence_arm.specified_occurrence
通用 / 跨行业,球形点,Spherical_point,basic_geometry,ap242,0,https://www.steptools.com/stds/smrl/data/modules/basic_geometry/sys/4_info_reqs.htm#basic_geometry_arm.spherical_point
通用 / 跨行业,SQL可映射定义函数,Sql_mappable_defined_function,expression,ap242,0,https://www.steptools.com/stds/smrl/data/modules/expression/sys/4_info_reqs.htm#expression_arm.sql_mappable_defined_function
通用 / 跨行业,方形根函数,Square_root_function,elementary_function,ap242,0,https://www.steptools.com/stds/smrl/data/modules/elementary_function/sys/4_info_reqs.htm#elementary_function_arm.square_root_function
通用 / 跨行业,标准不确定度,Standard_uncertainty,qualified_measure,ap242,0,https://www.steptools.com/stds/smrl/data/modules/qualified_measure/sys/4_info_reqs.htm#qualified_measure_arm.standard_uncertainty
通用 / 跨行业,字符串定义函数,String_defined_function,expression,ap242,0,https://www.steptools.com/stds/smrl/data/modules/expression/sys/4_info_reqs.htm#expression_arm.string_defined_function
通用 / 跨行业,字符串表达式,String_expression,expression,ap242,0,https://www.steptools.com/stds/smrl/data/modules/expression/sys/4_info_reqs.htm#expression_arm.string_expression
通用 / 跨行业,字符串字面量,String_literal,expression,ap242,0,https://www.steptools.com/stds/smrl/data/modules/expression/sys/4_info_reqs.htm#expression_arm.string_literal
通用 / 跨行业,字符串表示项,String_representation_item,foundation_representation,ap242,4,https://www.steptools.com/stds/smrl/data/modules/foundation_representation/sys/4_info_reqs.htm#foundation_representation_arm.string_representation_item
通用 / 跨行业,字符串变量,String_variable,expression,ap242,1,https://www.steptools.com/stds/smrl/data/modules/expression/sys/4_info_reqs.htm#expression_arm.string_variable
通用 / 跨行业,结构化文本组成,Structured_text_composition,tagged_text_representation,ap242,1,https://www.steptools.com/stds/smrl/data/modules/tagged_text_representation/sys/4_info_reqs.htm#tagged_text_representation_arm.structured_text_composition
通用 / 跨行业,结构化文本表示,Structured_text_representation,tagged_text_representation,ap242,1,https://www.steptools.com/stds/smrl/data/modules/tagged_text_representation/sys/4_info_reqs.htm#tagged_text_representation_arm.structured_text_representation
通用 / 跨行业,结构化方法层次,Structuring_method_hierarchy,layer_assignment,ap242,0,https://www.steptools.com/stds/smrl/data/modules/layer_assignment/sys/4_info_reqs.htm#layer_assignment_arm.structuring_method_hierarchy
通用 / 跨行业,带样式元素,Styled_element,appearance_assignment,ap242,4,https://www.steptools.com/stds/smrl/data/modules/appearance_assignment/sys/4_info_reqs.htm#appearance_assignment_arm.styled_element
通用 / 跨行业,带样式模型,Styled_model,appearance_assignment,ap242,3,https://www.steptools.com/stds/smrl/data/modules/appearance_assignment/sys/4_info_reqs.htm#appearance_assignment_arm.styled_model
通用 / 跨行业,带样式模型复制,Styled_model_replication,appearance_assignment,ap242,3,https://www.steptools.com/stds/smrl/data/modules/appearance_assignment/sys/4_info_reqs.htm#appearance_assignment_arm.styled_model_replication
通用 / 跨行业,子边,Subedge,elemental_topology,ap242,0,https://www.steptools.com/stds/smrl/data/modules/elemental_topology/sys/4_info_reqs.htm#elemental_topology_arm.subedge
通用 / 跨行业,子路径,Subpath,elemental_topology,ap242,0,https://www.steptools.com/stds/smrl/data/modules/elemental_topology/sys/4_info_reqs.htm#elemental_topology_arm.subpath
通用 / 跨行业,子串表达式,Substring_expression,expression,ap242,1,https://www.steptools.com/stds/smrl/data/modules/expression/sys/4_info_reqs.htm#expression_arm.substring_expression
通用 / 跨行业,供应零件关系,Supplied_part_relationship,product_version_relationship,ap242,2,https://www.steptools.com/stds/smrl/data/modules/product_version_relationship/sys/4_info_reqs.htm#product_version_relationship_arm.supplied_part_relationship
通用 / 跨行业,供应商解,Supplier_solution,alternative_solution,ap242,0,https://www.steptools.com/stds/smrl/data/modules/alternative_solution/sys/4_info_reqs.htm#alternative_solution_arm.supplier_solution
通用 / 跨行业,带标记文本格式,Tagged_text_format,tagged_text_representation,ap242,0,https://www.steptools.com/stds/smrl/data/modules/tagged_text_representation/sys/4_info_reqs.htm#tagged_text_representation_arm.tagged_text_format
通用 / 跨行业,带标记文本项,Tagged_text_item,tagged_text_representation,ap242,0,https://www.steptools.com/stds/smrl/data/modules/tagged_text_representation/sys/4_info_reqs.htm#tagged_text_representation_arm.tagged_text_item
通用 / 跨行业,正切函数,Tan_function,elementary_function,ap242,0,https://www.steptools.com/stds/smrl/data/modules/elementary_function/sys/4_info_reqs.htm#elementary_function_arm.tan_function
通用 / 跨行业,相切,Tangent,derived_shape_element,ap242,0,https://www.steptools.com/stds/smrl/data/modules/derived_shape_element/sys/4_info_reqs.htm#derived_shape_element_arm.tangent
通用 / 跨行业,相切平面,Tangent_plane,derived_shape_element,ap242,0,https://www.steptools.com/stds/smrl/data/modules/derived_shape_element/sys/4_info_reqs.htm#derived_shape_element_arm.tangent_plane
通用 / 跨行业,技术解,Technical_solution,alternative_solution,ap242,0,https://www.steptools.com/stds/smrl/data/modules/alternative_solution/sys/4_info_reqs.htm#alternative_solution_arm.technical_solution
通用 / 跨行业,终止符符号,Terminator_symbol,draughting_annotation,ap242,0,https://www.steptools.com/stds/smrl/data/modules/draughting_annotation/sys/4_info_reqs.htm#draughting_annotation_arm.terminator_symbol
通用 / 跨行业,测试选择类型产品,Test_select_product,test_select_product,ap242,0,https://www.steptools.com/stds/smrl/data/modules/test_select_product/sys/4_info_reqs.htm#test_select_product_arm.test_select_product
通用 / 跨行业,测试规范,Test_specification,specification_document,ap242,0,https://www.steptools.com/stds/smrl/data/modules/specification_document/sys/4_info_reqs.htm#specification_document_arm.test_specification
通用 / 跨行业,文本字面量,Text_literal,text_appearance,ap242,3,https://www.steptools.com/stds/smrl/data/modules/text_appearance/sys/4_info_reqs.htm#text_appearance_arm.text_literal
通用 / 跨行业,文本字面量带冲裁盒,Text_literal_with_blanking_box,text_appearance,ap242,0,https://www.steptools.com/stds/smrl/data/modules/text_appearance/sys/4_info_reqs.htm#text_appearance_arm.text_literal_with_blanking_box
通用 / 跨行业,文本字面量带轮廓线,Text_literal_with_delineation,text_appearance,ap242,0,https://www.steptools.com/stds/smrl/data/modules/text_appearance/sys/4_info_reqs.htm#text_appearance_arm.text_literal_with_delineation
通用 / 跨行业,文本字面量带范围,Text_literal_with_extent,text_appearance,ap242,0,https://www.steptools.com/stds/smrl/data/modules/text_appearance/sys/4_info_reqs.htm#text_appearance_arm.text_literal_with_extent
通用 / 跨行业,文本表示项,Text_representation_item,characteristic,ap242,0,https://www.steptools.com/stds/smrl/data/modules/characteristic/sys/4_info_reqs.htm#characteristic_arm.text_representation_item
通用 / 跨行业,文本字符串表示,Text_string_representation,associative_text,ap242,1,https://www.steptools.com/stds/smrl/data/modules/associative_text/sys/4_info_reqs.htm#associative_text_arm.text_string_representation
通用 / 跨行业,文本样式,Text_style,associative_text,ap242,0,https://www.steptools.com/stds/smrl/data/modules/associative_text/sys/4_info_reqs.htm#associative_text_arm.text_style
通用 / 跨行业,时间区间,Time_interval,time_interval,ap242,1,https://www.steptools.com/stds/smrl/data/modules/time_interval/sys/4_info_reqs.htm#time_interval_arm.time_interval
通用 / 跨行业,时间区间赋值,Time_interval_assignment,time_interval_assignment,ap242,0,https://www.steptools.com/stds/smrl/data/modules/time_interval_assignment/sys/4_info_reqs.htm#time_interval_assignment_arm.time_interval_assignment
通用 / 跨行业,时间区间有效性,Time_interval_effectivity,effectivity,ap242,0,https://www.steptools.com/stds/smrl/data/modules/effectivity/sys/4_info_reqs.htm#effectivity_arm.time_interval_effectivity
通用 / 跨行业,时间区间关系,Time_interval_relationship,time_interval,ap242,1,https://www.steptools.com/stds/smrl/data/modules/time_interval/sys/4_info_reqs.htm#time_interval_arm.time_interval_relationship
通用 / 跨行业,时间区间角色,Time_interval_role,time_interval_assignment,ap242,0,https://www.steptools.com/stds/smrl/data/modules/time_interval_assignment/sys/4_info_reqs.htm#time_interval_assignment_arm.time_interval_role
通用 / 跨行业,时间区间带边界,Time_interval_with_bounds,time_interval,ap242,1,https://www.steptools.com/stds/smrl/data/modules/time_interval/sys/4_info_reqs.htm#time_interval_arm.time_interval_with_bounds
通用 / 跨行业,时间偏置,Time_offset,date_time,ap242,0,https://www.steptools.com/stds/smrl/data/modules/date_time/sys/4_info_reqs.htm#date_time_arm.time_offset
通用 / 跨行业,追踪关系,Tracing_relationship,requirement_view_definition_relationship,ap242,0,https://www.steptools.com/stds/smrl/data/modules/requirement_view_definition_relationship/sys/4_info_reqs.htm#requirement_view_definition_relationship_arm.tracing_relationship
通用 / 跨行业,类型限定符,Type_qualifier,qualified_measure,ap242,0,https://www.steptools.com/stds/smrl/data/modules/qualified_measure/sys/4_info_reqs.htm#qualified_measure_arm.type_qualifier
通用 / 跨行业,一元布尔表达式,Unary_boolean_expression,numeric_expression,ap242,1,https://www.steptools.com/stds/smrl/data/modules/numeric_expression/sys/4_info_reqs.htm#numeric_expression_arm.unary_boolean_expression
通用 / 跨行业,一元函数调用,Unary_function_call,elementary_function,ap242,0,https://www.steptools.com/stds/smrl/data/modules/elementary_function/sys/4_info_reqs.htm#elementary_function_arm.unary_function_call
通用 / 跨行业,一元通用表达式,Unary_generic_expression,generic_expression,ap242,0,https://www.steptools.com/stds/smrl/data/modules/generic_expression/sys/4_info_reqs.htm#generic_expression_arm.unary_generic_expression
通用 / 跨行业,一元数值表达式,Unary_numeric_expression,numeric_expression,ap242,1,https://www.steptools.com/stds/smrl/data/modules/numeric_expression/sys/4_info_reqs.htm#numeric_expression_arm.unary_numeric_expression
通用 / 跨行业,不确定度限定符,Uncertainty_qualifier,qualified_measure,ap242,0,https://www.steptools.com/stds/smrl/data/modules/qualified_measure/sys/4_info_reqs.htm#qualified_measure_arm.uncertainty_qualifier
通用 / 跨行业,用户定义颜色,User_defined_colour,colour,ap242,0,https://www.steptools.com/stds/smrl/data/modules/colour/sys/4_info_reqs.htm#colour_arm.user_defined_colour
通用 / 跨行业,用户定义库或字典,User_defined_library_or_dictionary,external_library,ap242,0,https://www.steptools.com/stds/smrl/data/modules/external_library/sys/4_info_reqs.htm#external_library_arm.user_defined_library_or_dictionary
通用 / 跨行业,值格式类型限定符,Value_format_type_qualifier,qualified_measure,ap242,0,https://www.steptools.com/stds/smrl/data/modules/qualified_measure/sys/4_info_reqs.htm#qualified_measure_arm.value_format_type_qualifier
通用 / 跨行业,值极限,Value_limit,extended_measure_representation,ap242,2,https://www.steptools.com/stds/smrl/data/modules/extended_measure_representation/sys/4_info_reqs.htm#extended_measure_representation_arm.value_limit
通用 / 跨行业,值列表,Value_list,extended_measure_representation,ap242,2,https://www.steptools.com/stds/smrl/data/modules/extended_measure_representation/sys/4_info_reqs.htm#extended_measure_representation_arm.value_list
通用 / 跨行业,值范围,Value_range,extended_measure_representation,ap242,2,https://www.steptools.com/stds/smrl/data/modules/extended_measure_representation/sys/4_info_reqs.htm#extended_measure_representation_arm.value_range
通用 / 跨行业,值范围带全局单位,Value_range_with_global_unit,extended_measure_representation,ap242,0,https://www.steptools.com/stds/smrl/data/modules/extended_measure_representation/sys/4_info_reqs.htm#extended_measure_representation_arm.value_range_with_global_unit
通用 / 跨行业,值集合,Value_set,extended_measure_representation,ap242,2,https://www.steptools.com/stds/smrl/data/modules/extended_measure_representation/sys/4_info_reqs.htm#extended_measure_representation_arm.value_set
通用 / 跨行业,变量,Variable,generic_expression,ap242,0,https://www.steptools.com/stds/smrl/data/modules/generic_expression/sys/4_info_reqs.htm#generic_expression_arm.variable
通用 / 跨行业,变量语义,Variable_semantics,generic_expression,ap242,0,https://www.steptools.com/stds/smrl/data/modules/generic_expression/sys/4_info_reqs.htm#generic_expression_arm.variable_semantics
通用 / 跨行业,向量,Vector,extended_basic_geometry,ap242,3,https://www.steptools.com/stds/smrl/data/modules/extended_basic_geometry/sys/4_info_reqs.htm#extended_basic_geometry_arm.vector
通用 / 跨行业,顶点,Vertex,elemental_topology,ap242,0,https://www.steptools.com/stds/smrl/data/modules/elemental_topology/sys/4_info_reqs.htm#elemental_topology_arm.vertex
通用 / 跨行业,顶点环,Vertex_loop,elemental_topology,ap242,0,https://www.steptools.com/stds/smrl/data/modules/elemental_topology/sys/4_info_reqs.htm#elemental_topology_arm.vertex_loop
通用 / 跨行业,顶点点,Vertex_point,basic_geometric_topology,ap242,3,https://www.steptools.com/stds/smrl/data/modules/basic_geometric_topology/sys/4_info_reqs.htm#basic_geometric_topology_arm.vertex_point
通用 / 跨行业,视图,View,presentation_hierarchy,ap242,0,https://www.steptools.com/stds/smrl/data/modules/presentation_hierarchy/sys/4_info_reqs.htm#presentation_hierarchy_arm.view
通用 / 跨行业,视图定义上下文,View_definition_context,product_view_definition,ap242,3,https://www.steptools.com/stds/smrl/data/modules/product_view_definition/sys/4_info_reqs.htm#product_view_definition_arm.view_definition_context
通用 / 跨行业,视图定义关系,View_definition_relationship,product_view_definition_relationship,ap242,16,https://www.steptools.com/stds/smrl/data/modules/product_view_definition_relationship/sys/4_info_reqs.htm#product_view_definition_relationship_arm.view_definition_relationship
通用 / 跨行业,视图定义用法,View_definition_usage,product_view_definition_relationship,ap242,2,https://www.steptools.com/stds/smrl/data/modules/product_view_definition_relationship/sys/4_info_reqs.htm#product_view_definition_relationship_arm.view_definition_usage
通用 / 跨行业,视图关系,View_relationship,presentation_hierarchy,ap242,0,https://www.steptools.com/stds/smrl/data/modules/presentation_hierarchy/sys/4_info_reqs.htm#presentation_hierarchy_arm.view_relationship
通用 / 跨行业,周的年与日日期,Week_of_year_and_day_date,extended_date,ap242,0,https://www.steptools.com/stds/smrl/data/modules/extended_date/sys/4_info_reqs.htm#extended_date_arm.week_of_year_and_day_date
通用 / 跨行业,异或表达式,Xor_expression,numeric_expression,ap242,0,https://www.steptools.com/stds/smrl/data/modules/numeric_expression/sys/4_info_reqs.htm#numeric_expression_arm.xor_expression
通用 / 跨行业,年月,Year_month,extended_date,ap242,1,https://www.steptools.com/stds/smrl/data/modules/extended_date/sys/4_info_reqs.htm#extended_date_arm.year_month
